MaterialID,WeekEnd,OpeningStock,Received,Consumed,ClosingStock
M01,2022-01-30,116.7,0.0,5.2,111.5
M01,2022-02-06,111.5,0.0,8.7,102.7
M01,2022-02-13,102.7,0.0,8.8,93.9
M01,2022-02-20,93.9,0.0,13.9,80.0
M01,2022-02-27,80.0,0.0,12.2,67.9
M01,2022-03-06,67.9,60.0,14.1,113.8
M01,2022-03-13,113.8,0.0,10.2,103.6
M01,2022-03-20,103.6,0.0,12.4,91.3
M01,2022-03-27,91.3,0.0,13.6,77.7
M01,2022-04-03,77.7,0.0,9.5,68.2
M01,2022-04-10,68.2,60.0,13.7,114.5
M01,2022-04-17,114.5,0.0,8.6,105.9
M01,2022-04-24,105.9,0.0,13.4,92.5
M01,2022-05-01,92.5,0.0,14.6,77.9
M01,2022-05-08,77.9,60.0,10.8,127.0
M01,2022-05-15,127.0,0.0,25.1,102.0
M01,2022-05-22,102.0,60.0,32.0,129.9
M01,2022-05-29,129.9,0.0,26.2,103.7
M01,2022-06-05,103.7,0.0,23.1,80.6
M01,2022-06-12,80.6,70.0,22.2,128.4
M01,2022-06-19,128.4,0.0,22.1,106.3
M01,2022-06-26,106.3,60.0,34.7,131.6
M01,2022-07-03,131.6,0.0,27.9,103.7
M01,2022-07-10,103.7,0.0,21.1,82.6
M01,2022-07-17,82.6,80.0,31.4,131.1
M01,2022-07-24,131.1,0.0,30.2,100.9
M01,2022-07-31,100.9,0.0,22.2,78.7
M01,2022-08-07,78.7,80.0,29.4,129.3
M01,2022-08-14,129.3,0.0,29.9,99.4
M01,2022-08-21,99.4,60.0,25.7,133.7
M01,2022-08-28,133.7,0.0,31.2,102.5
M01,2022-09-04,102.5,60.0,23.1,139.4
M01,2022-09-11,139.4,0.0,33.9,105.5
M01,2022-09-18,105.5,0.0,20.0,85.5
M01,2022-09-25,85.5,60.0,16.7,128.8
M01,2022-10-02,128.8,0.0,22.4,106.4
M01,2022-10-09,106.4,0.0,20.0,86.4
M01,2022-10-16,86.4,0.0,11.9,74.5
M01,2022-10-23,74.5,0.0,7.9,66.6
M01,2022-10-30,66.6,60.0,9.1,117.5
M01,2022-11-06,117.5,0.0,11.5,106.0
M01,2022-11-13,106.0,0.0,12.0,94.0
M01,2022-11-20,94.0,0.0,7.8,86.2
M01,2022-11-27,86.2,0.0,9.9,76.3
M01,2022-12-04,76.3,0.0,10.9,65.4
M01,2022-12-11,65.4,60.0,7.7,117.7
M01,2022-12-18,117.7,0.0,11.1,106.6
M01,2022-12-25,106.6,0.0,7.3,99.3
M01,2023-01-01,99.3,0.0,13.7,85.6
M01,2023-01-08,85.6,0.0,7.6,78.0
M01,2023-01-15,78.0,0.0,7.3,70.7
M01,2023-01-22,70.7,0.0,13.7,57.0
M01,2023-01-29,57.0,60.0,6.8,110.2
M01,2023-02-05,110.2,0.0,6.1,104.1
M01,2023-02-12,104.1,0.0,11.1,93.0
M01,2023-02-19,93.0,0.0,16.0,77.0
M01,2023-02-26,77.0,50.0,14.0,113.1
M01,2023-03-05,113.1,0.0,15.6,97.5
M01,2023-03-12,97.5,0.0,18.3,79.1
M01,2023-03-19,79.1,0.0,15.6,63.6
M01,2023-03-26,63.6,70.0,12.9,120.6
M01,2023-04-02,120.6,0.0,20.7,99.9
M01,2023-04-09,99.9,0.0,13.5,86.4
M01,2023-04-16,86.4,0.0,13.9,72.6
M01,2023-04-23,72.6,60.0,16.0,116.6
M01,2023-04-30,116.6,0.0,15.7,100.9
M01,2023-05-07,100.9,0.0,15.6,85.4
M01,2023-05-14,85.4,70.0,20.0,135.4
M01,2023-05-21,135.4,0.0,33.2,102.3
M01,2023-05-28,102.3,70.0,34.2,138.1
M01,2023-06-04,138.1,0.0,33.9,104.1
M01,2023-06-11,104.1,60.0,28.3,135.8
M01,2023-06-18,135.8,0.0,32.1,103.7
M01,2023-06-25,103.7,60.0,23.7,140.1
M01,2023-07-02,140.1,0.0,39.7,100.4
M01,2023-07-09,100.4,70.0,35.5,134.8
M01,2023-07-16,134.8,0.0,30.3,104.5
M01,2023-07-23,104.5,60.0,36.1,128.4
M01,2023-07-30,128.4,0.0,29.0,99.4
M01,2023-08-06,99.4,60.0,30.2,129.2
M01,2023-08-13,129.2,0.0,26.7,102.5
M01,2023-08-20,102.5,0.0,40.9,61.6
M01,2023-08-27,61.6,70.0,33.8,97.8
M01,2023-09-03,97.8,70.0,37.0,130.8
M01,2023-09-10,130.8,0.0,25.9,104.9
M01,2023-09-17,104.9,0.0,17.1,87.8
M01,2023-09-24,87.8,0.0,13.6,74.2
M01,2023-10-01,74.2,0.0,21.3,52.9
M01,2023-10-08,52.9,60.0,10.6,102.3
M01,2023-10-15,102.3,0.0,11.3,91.0
M01,2023-10-22,91.0,0.0,9.4,81.6
M01,2023-10-29,81.6,0.0,12.7,68.8
M01,2023-11-05,68.8,0.0,10.0,58.9
M01,2023-11-12,58.9,60.0,6.0,112.9
M01,2023-11-19,112.9,0.0,12.5,100.3
M01,2023-11-26,100.3,0.0,10.0,90.4
M01,2023-12-03,90.4,0.0,7.9,82.5
M01,2023-12-10,82.5,0.0,10.9,71.6
M01,2023-12-17,71.6,0.0,6.6,64.9
M01,2023-12-24,64.9,60.0,14.8,110.1
M01,2023-12-31,110.1,0.0,9.8,100.3
M01,2024-01-07,100.3,0.0,9.1,91.2
M01,2024-01-14,91.2,0.0,9.7,81.5
M01,2024-01-21,81.5,0.0,9.7,71.8
M01,2024-01-28,71.8,0.0,9.1,62.7
M01,2024-02-04,62.7,60.0,8.1,114.6
M01,2024-02-11,114.6,0.0,9.5,105.1
M01,2024-02-18,105.1,0.0,25.1,80.0
M01,2024-02-25,80.0,0.0,15.9,64.2
M01,2024-03-03,64.2,70.0,13.8,120.4
M01,2024-03-10,120.4,0.0,15.1,105.3
M01,2024-03-17,105.3,0.0,18.2,87.0
M01,2024-03-24,87.0,0.0,21.8,65.2
M01,2024-03-31,65.2,70.0,15.6,119.6
M01,2024-04-07,119.6,0.0,20.4,99.2
M01,2024-04-14,99.2,0.0,16.4,82.8
M01,2024-04-21,82.8,50.0,19.3,113.5
M01,2024-04-28,113.5,0.0,15.5,98.0
M01,2024-05-05,98.0,0.0,13.6,84.4
M01,2024-05-12,84.4,70.0,20.6,133.8
M01,2024-05-19,133.8,0.0,34.4,99.4
M01,2024-05-26,99.4,80.0,43.4,136.0
M01,2024-06-02,136.0,0.0,33.7,102.3
M01,2024-06-09,102.3,80.0,26.0,156.2
M01,2024-06-16,156.2,0.0,50.0,106.3
M01,2024-06-23,106.3,50.0,29.1,127.2
M01,2024-06-30,127.2,0.0,29.3,97.9
M01,2024-07-07,97.9,70.0,26.7,141.2
M01,2024-07-14,141.2,0.0,34.6,106.7
M01,2024-07-21,106.7,60.0,31.6,135.0
M01,2024-07-28,135.0,0.0,37.3,97.7
M01,2024-08-04,97.7,90.0,39.4,148.3
M01,2024-08-11,148.3,0.0,46.4,101.9
M01,2024-08-18,101.9,60.0,21.1,140.8
M01,2024-08-25,140.8,0.0,43.0,97.8
M01,2024-09-01,97.8,90.0,41.8,146.0
M01,2024-09-08,146.0,0.0,40.4,105.6
M01,2024-09-15,105.6,0.0,24.9,80.7
M01,2024-09-22,80.7,0.0,18.0,62.7
M01,2024-09-29,62.7,0.0,12.6,50.0
M01,2024-10-06,50.0,80.0,23.5,106.6
M01,2024-10-13,106.6,0.0,16.2,90.3
M01,2024-10-20,90.3,0.0,11.9,78.4
M01,2024-10-27,78.4,0.0,10.2,68.3
M01,2024-11-03,68.3,50.0,7.9,110.4
M01,2024-11-10,110.4,0.0,12.3,98.1
M01,2024-11-17,98.1,0.0,10.8,87.3
M01,2024-11-24,87.3,0.0,9.3,78.0
M01,2024-12-01,78.0,0.0,16.0,62.0
M01,2024-12-08,62.0,60.0,11.4,110.6
M01,2024-12-15,110.6,0.0,3.5,107.1
M01,2024-12-22,107.1,0.0,13.6,93.5
M01,2024-12-29,93.5,0.0,11.4,82.1
M01,2025-01-05,82.1,0.0,31.4,50.8
M02,2022-02-06,114.5,0.0,5.7,108.8
M02,2022-02-13,108.8,0.0,6.7,102.1
M02,2022-02-20,102.1,0.0,13.8,88.3
M02,2022-02-27,88.3,0.0,12.5,75.7
M02,2022-03-06,75.7,0.0,10.8,64.9
M02,2022-03-13,64.9,60.0,11.4,113.5
M02,2022-03-20,113.5,0.0,16.2,97.3
M02,2022-03-27,97.3,0.0,14.5,82.7
M02,2022-04-03,82.7,0.0,9.8,72.9
M02,2022-04-10,72.9,0.0,13.9,59.1
M02,2022-04-17,59.1,60.0,10.6,108.4
M02,2022-04-24,108.4,0.0,12.4,96.0
M02,2022-05-01,96.0,0.0,12.2,83.8
M02,2022-05-08,83.8,0.0,12.6,71.2
M02,2022-05-15,71.2,70.0,23.5,117.7
M02,2022-05-22,117.7,0.0,22.1,95.6
M02,2022-05-29,95.6,70.0,25.3,140.3
M02,2022-06-05,140.3,0.0,37.2,103.1
M02,2022-06-12,103.1,50.0,27.3,125.8
M02,2022-06-19,125.8,0.0,29.7,96.1
M02,2022-06-26,96.1,60.0,25.8,130.2
M02,2022-07-03,130.2,0.0,27.4,102.9
M02,2022-07-10,102.9,60.0,33.1,129.8
M02,2022-07-17,129.8,0.0,28.5,101.3
M02,2022-07-24,101.3,50.0,30.1,121.2
M02,2022-07-31,121.2,0.0,25.1,96.1
M02,2022-08-07,96.1,70.0,28.4,137.7
M02,2022-08-14,137.7,0.0,32.7,105.0
M02,2022-08-21,105.0,0.0,21.1,84.0
M02,2022-08-28,84.0,60.0,18.9,125.0
M02,2022-09-04,125.0,0.0,20.6,104.4
M02,2022-09-11,104.4,0.0,23.6,80.9
M02,2022-09-18,80.9,50.0,17.7,113.2
M02,2022-09-25,113.2,0.0,15.6,97.6
M02,2022-10-02,97.6,0.0,20.1,77.5
M02,2022-10-09,77.5,0.0,9.1,68.4
M02,2022-10-16,68.4,0.0,6.6,61.7
M02,2022-10-23,61.7,60.0,12.1,109.6
M02,2022-10-30,109.6,0.0,9.0,100.6
M02,2022-11-06,100.6,0.0,8.0,92.6
M02,2022-11-13,92.6,0.0,9.1,83.5
M02,2022-11-20,83.5,0.0,7.7,75.8
M02,2022-11-27,75.8,0.0,10.9,64.9
M02,2022-12-04,64.9,0.0,6.6,58.3
M02,2022-12-11,58.3,60.0,7.1,111.1
M02,2022-12-18,111.1,0.0,10.4,100.8
M02,2022-12-25,100.8,0.0,6.5,94.3
M02,2023-01-01,94.3,0.0,9.7,84.6
M02,2023-01-08,84.6,0.0,8.2,76.5
M02,2023-01-15,76.5,0.0,9.2,67.2
M02,2023-01-22,67.2,0.0,7.5,59.7
M02,2023-01-29,59.7,60.0,8.9,110.8
M02,2023-02-05,110.8,0.0,6.8,104.0
M02,2023-02-12,104.0,0.0,8.8,95.1
M02,2023-02-19,95.1,0.0,8.6,86.5
M02,2023-02-26,86.5,0.0,12.4,74.0
M02,2023-03-05,74.0,60.0,16.1,118.0
M02,2023-03-12,118.0,0.0,15.1,102.9
M02,2023-03-19,102.9,0.0,13.2,89.7
M02,2023-03-26,89.7,0.0,13.4,76.3
M02,2023-04-02,76.3,60.0,17.3,119.0
M02,2023-04-09,119.0,0.0,15.4,103.6
M02,2023-04-16,103.6,0.0,12.4,91.2
M02,2023-04-23,91.2,0.0,14.6,76.6
M02,2023-04-30,76.6,60.0,17.1,119.5
M02,2023-05-07,119.5,0.0,17.0,102.5
M02,2023-05-14,102.5,0.0,30.1,72.4
M02,2023-05-21,72.4,80.0,21.8,130.6
M02,2023-05-28,130.6,0.0,32.7,98.0
M02,2023-06-04,98.0,70.0,34.9,133.1
M02,2023-06-11,133.1,0.0,32.2,100.9
M02,2023-06-18,100.9,70.0,33.7,137.2
M02,2023-06-25,137.2,0.0,39.1,98.0
M02,2023-07-02,98.0,60.0,26.8,131.2
M02,2023-07-09,131.2,0.0,34.8,96.5
M02,2023-07-16,96.5,70.0,25.6,140.8
M02,2023-07-23,140.8,0.0,41.5,99.3
M02,2023-07-30,99.3,60.0,29.7,129.6
M02,2023-08-06,129.6,0.0,24.2,105.3
M02,2023-08-13,105.3,60.0,32.0,133.3
M02,2023-08-20,133.3,0.0,29.4,103.9
M02,2023-08-27,103.9,70.0,42.5,131.4
M02,2023-09-03,131.4,0.0,30.1,101.3
M02,2023-09-10,101.3,0.0,35.8,65.5
M02,2023-09-17,65.5,60.0,10.1,115.4
M02,2023-09-24,115.4,0.0,10.8,104.6
M02,2023-10-01,104.6,0.0,21.6,83.0
M02,2023-10-08,83.0,0.0,15.9,67.2
M02,2023-10-15,67.2,60.0,13.8,113.4
M02,2023-10-22,113.4,0.0,8.4,105.0
M02,2023-10-29,105.0,0.0,6.9,98.1
M02,2023-11-05,98.1,0.0,12.4,85.6
M02,2023-11-12,85.6,0.0,8.4,77.3
M02,2023-11-19,77.3,0.0,6.9,70.3
M02,2023-11-26,70.3,0.0,4.7,65.7
M02,2023-12-03,65.7,60.0,10.6,115.0
M02,2023-12-10,115.0,0.0,10.9,104.1
M02,2023-12-17,104.1,0.0,7.6,96.5
M02,2023-12-24,96.5,0.0,7.2,89.3
M02,2023-12-31,89.3,0.0,8.5,80.8
M02,2024-01-07,80.8,0.0,12.1,68.8
M02,2024-01-14,68.8,0.0,2.8,66.0
M02,2024-01-21,66.0,0.0,6.0,60.0
M02,2024-01-28,60.0,60.0,11.1,108.9
M02,2024-02-04,108.9,0.0,8.4,100.6
M02,2024-02-11,100.6,0.0,8.2,92.4
M02,2024-02-18,92.4,0.0,19.1,73.3
M02,2024-02-25,73.3,70.0,15.0,128.3
M02,2024-03-03,128.3,0.0,23.1,105.2
M02,2024-03-10,105.2,0.0,20.3,84.9
M02,2024-03-17,84.9,0.0,14.8,70.1
M02,2024-03-24,70.1,60.0,13.4,116.7
M02,2024-03-31,116.7,0.0,15.9,100.8
M02,2024-04-07,100.8,0.0,18.0,82.8
M02,2024-04-14,82.8,0.0,16.2,66.6
M02,2024-04-21,66.6,60.0,12.7,113.9
M02,2024-04-28,113.9,0.0,13.4,100.5
M02,2024-05-05,100.5,0.0,16.7,83.8
M02,2024-05-12,83.8,80.0,18.7,145.0
M02,2024-05-19,145.0,0.0,44.6,100.5
M02,2024-05-26,100.5,70.0,39.0,131.5
M02,2024-06-02,131.5,0.0,34.5,97.0
M02,2024-06-09,97.0,80.0,36.9,140.2
M02,2024-06-16,140.2,0.0,43.6,96.6
M02,2024-06-23,96.6,80.0,41.1,135.4
M02,2024-06-30,135.4,0.0,37.3,98.1
M02,2024-07-07,98.1,80.0,39.8,138.3
M02,2024-07-14,138.3,0.0,34.6,103.7
M02,2024-07-21,103.7,80.0,31.2,152.6
M02,2024-07-28,152.6,0.0,48.4,104.1
M02,2024-08-04,104.1,60.0,23.9,140.2
M02,2024-08-11,140.2,0.0,42.7,97.5
M02,2024-08-18,97.5,80.0,33.2,144.3
M02,2024-08-25,144.3,0.0,40.6,103.7
M02,2024-09-01,103.7,80.0,42.1,141.6
M02,2024-09-08,141.6,0.0,37.0,104.6
M02,2024-09-15,104.6,0.0,25.5,79.1
M02,2024-09-22,79.1,60.0,20.6,118.5
M02,2024-09-29,118.5,0.0,14.3,104.2
M02,2024-10-06,104.2,0.0,20.6,83.5
M02,2024-10-13,83.5,0.0,13.1,70.4
M02,2024-10-20,70.4,50.0,14.4,106.0
M02,2024-10-27,106.0,0.0,9.7,96.3
M02,2024-11-03,96.3,0.0,11.9,84.4
M02,2024-11-10,84.4,0.0,6.3,78.2
M02,2024-11-17,78.2,0.0,9.5,68.7
M02,2024-11-24,68.7,0.0,11.9,56.8
M02,2024-12-01,56.8,60.0,6.0,110.8
M02,2024-12-08,110.8,0.0,9.5,101.3
M02,2024-12-15,101.3,0.0,4.2,97.1
M02,2024-12-22,97.1,0.0,9.8,87.3
M02,2024-12-29,87.3,60.0,13.7,133.6
M02,2025-01-05,133.6,0.0,30.0,103.6
M03,2022-01-02,213.8,0.0,35.6,178.2
M03,2022-01-09,178.2,0.0,26.2,152.0
M03,2022-01-16,152.0,0.0,23.1,128.9
M03,2022-01-23,128.9,0.0,21.9,106.9
M03,2022-01-30,106.9,0.0,13.1,93.8
M03,2022-02-06,93.8,0.0,29.3,64.6
M03,2022-02-13,64.6,0.0,11.8,52.8
M03,2022-02-20,52.8,0.0,5.6,47.2
M03,2022-02-27,47.2,50.0,10.0,87.2
M03,2022-03-06,87.2,0.0,9.8,77.4
M03,2022-03-13,77.4,0.0,5.7,71.7
M03,2022-03-20,71.7,0.0,9.9,61.8
M03,2022-03-27,61.8,0.0,8.7,53.1
M03,2022-04-03,53.1,50.0,9.6,93.5
M03,2022-04-10,93.5,0.0,7.8,85.7
M03,2022-04-17,85.7,0.0,8.1,77.6
M03,2022-04-24,77.6,0.0,9.6,68.0
M03,2022-05-01,68.0,0.0,7.8,60.2
M03,2022-05-08,60.2,0.0,7.4,52.8
M03,2022-05-15,52.8,50.0,8.4,94.5
M03,2022-05-22,94.5,0.0,7.8,86.7
M03,2022-05-29,86.7,0.0,11.9,74.8
M03,2022-06-05,74.8,0.0,10.4,64.5
M03,2022-06-12,64.5,0.0,11.8,52.7
M03,2022-06-19,52.7,60.0,9.3,103.4
M03,2022-06-26,103.4,0.0,11.3,92.1
M03,2022-07-03,92.1,0.0,6.7,85.3
M03,2022-07-10,85.3,0.0,14.3,71.0
M03,2022-07-17,71.0,0.0,7.4,63.6
M03,2022-07-24,63.6,50.0,9.8,103.8
M03,2022-07-31,103.8,0.0,12.6,91.1
M03,2022-08-07,91.1,0.0,12.2,79.0
M03,2022-08-14,79.0,0.0,3.7,75.3
M03,2022-08-21,75.3,0.0,14.5,60.7
M03,2022-08-28,60.7,0.0,9.2,51.5
M03,2022-09-04,51.5,60.0,8.9,102.6
M03,2022-09-11,102.6,0.0,11.0,91.6
M03,2022-09-18,91.6,0.0,12.8,78.7
M03,2022-09-25,78.7,0.0,13.0,65.7
M03,2022-10-02,65.7,60.0,20.6,105.1
M03,2022-10-09,105.1,0.0,14.2,91.0
M03,2022-10-16,91.0,0.0,20.5,70.4
M03,2022-10-23,70.4,70.0,25.3,115.2
M03,2022-10-30,115.2,0.0,21.5,93.7
M03,2022-11-06,93.7,60.0,33.9,119.8
M03,2022-11-13,119.8,0.0,31.8,88.0
M03,2022-11-20,88.0,60.0,24.5,123.5
M03,2022-11-27,123.5,0.0,31.4,92.0
M03,2022-12-04,92.0,50.0,22.9,119.1
M03,2022-12-11,119.1,0.0,27.8,91.3
M03,2022-12-18,91.3,50.0,22.3,119.0
M03,2022-12-25,119.0,0.0,31.3,87.7
M03,2023-01-01,87.7,60.0,28.0,119.7
M03,2023-01-08,119.7,0.0,25.4,94.3
M03,2023-01-15,94.3,0.0,25.6,68.8
M03,2023-01-22,68.8,70.0,19.1,119.7
M03,2023-01-29,119.7,0.0,33.0,86.7
M03,2023-02-05,86.7,0.0,31.0,55.7
M03,2023-02-12,55.7,60.0,10.8,104.9
M03,2023-02-19,104.9,0.0,12.4,92.4
M03,2023-02-26,92.4,0.0,8.2,84.3
M03,2023-03-05,84.3,0.0,10.9,73.4
M03,2023-03-12,73.4,0.0,11.2,62.1
M03,2023-03-19,62.1,0.0,9.0,53.1
M03,2023-03-26,53.1,60.0,8.5,104.7
M03,2023-04-02,104.7,0.0,11.3,93.4
M03,2023-04-09,93.4,0.0,8.7,84.6
M03,2023-04-16,84.6,0.0,8.2,76.4
M03,2023-04-23,76.4,0.0,9.2,67.2
M03,2023-04-30,67.2,0.0,8.1,59.2
M03,2023-05-07,59.2,50.0,8.7,100.4
M03,2023-05-14,100.4,0.0,9.4,91.0
M03,2023-05-21,91.0,0.0,12.5,78.5
M03,2023-05-28,78.5,0.0,8.8,69.6
M03,2023-06-04,69.6,0.0,10.6,59.0
M03,2023-06-11,59.0,60.0,12.2,106.8
M03,2023-06-18,106.8,0.0,13.5,93.3
M03,2023-06-25,93.3,0.0,8.3,85.1
M03,2023-07-02,85.1,0.0,11.3,73.8
M03,2023-07-09,73.8,0.0,11.5,62.3
M03,2023-07-16,62.3,50.0,9.3,103.0
M03,2023-07-23,103.0,0.0,11.4,91.6
M03,2023-07-30,91.6,0.0,13.2,78.4
M03,2023-08-06,78.4,0.0,8.3,70.1
M03,2023-08-13,70.1,0.0,8.1,62.0
M03,2023-08-20,62.0,50.0,9.2,102.8
M03,2023-08-27,102.8,0.0,10.6,92.2
M03,2023-09-03,92.2,0.0,12.0,80.2
M03,2023-09-10,80.2,0.0,9.8,70.4
M03,2023-09-17,70.4,50.0,15.7,104.7
M03,2023-09-24,104.7,0.0,12.9,91.8
M03,2023-10-01,91.8,0.0,16.3,75.5
M03,2023-10-08,75.5,50.0,9.2,116.3
M03,2023-10-15,116.3,0.0,27.7,88.5
M03,2023-10-22,88.5,70.0,33.9,124.6
M03,2023-10-29,124.6,0.0,36.5,88.1
M03,2023-11-05,88.1,60.0,32.7,115.5
M03,2023-11-12,115.5,0.0,25.1,90.4
M03,2023-11-19,90.4,50.0,31.4,109.0
M03,2023-11-26,109.0,0.0,19.3,89.7
M03,2023-12-03,89.7,0.0,25.2,64.6
M03,2023-12-10,64.6,60.0,34.7,89.9
M03,2023-12-17,89.9,0.0,21.6,68.3
M03,2023-12-24,68.3,90.0,25.7,132.6
M03,2023-12-31,132.6,0.0,45.5,87.1
M03,2024-01-07,87.1,60.0,27.2,119.9
M03,2024-01-14,119.9,0.0,33.8,86.1
M03,2024-01-21,86.1,60.0,24.1,122.0
M03,2024-01-28,122.0,0.0,28.4,93.5
M03,2024-02-04,93.5,0.0,19.9,73.7
M03,2024-02-11,73.7,0.0,17.3,56.4
M03,2024-02-18,56.4,50.0,8.0,98.4
M03,2024-02-25,98.4,0.0,11.1,87.3
M03,2024-03-03,87.3,0.0,12.2,75.1
M03,2024-03-10,75.1,0.0,8.0,67.2
M03,2024-03-17,67.2,0.0,14.8,52.3
M03,2024-03-24,52.3,60.0,9.8,102.6
M03,2024-03-31,102.6,0.0,8.0,94.6
M03,2024-04-07,94.6,0.0,11.5,83.1
M03,2024-04-14,83.1,0.0,11.6,71.5
M03,2024-04-21,71.5,0.0,13.9,57.6
M03,2024-04-28,57.6,60.0,15.2,102.4
M03,2024-05-05,102.4,0.0,10.9,91.5
M03,2024-05-12,91.5,0.0,10.9,80.6
M03,2024-05-19,80.6,0.0,16.8,63.8
M03,2024-05-26,63.8,50.0,14.4,99.3
M03,2024-06-02,99.3,0.0,9.1,90.2
M03,2024-06-09,90.2,0.0,15.0,75.2
M03,2024-06-16,75.2,0.0,11.4,63.8
M03,2024-06-23,63.8,60.0,14.7,109.1
M03,2024-06-30,109.1,0.0,15.8,93.3
M03,2024-07-07,93.3,0.0,11.6,81.7
M03,2024-07-14,81.7,0.0,16.2,65.6
M03,2024-07-21,65.6,50.0,12.6,102.9
M03,2024-07-28,102.9,0.0,13.8,89.1
M03,2024-08-04,89.1,0.0,10.0,79.2
M03,2024-08-11,79.2,0.0,19.0,60.2
M03,2024-08-18,60.2,60.0,14.0,106.2
M03,2024-08-25,106.2,0.0,11.8,94.4
M03,2024-09-01,94.4,0.0,10.5,83.9
M03,2024-09-08,83.9,50.0,12.1,121.8
M03,2024-09-15,121.8,0.0,30.0,91.8
M03,2024-09-22,91.8,0.0,25.7,66.1
M03,2024-09-29,66.1,70.0,14.2,121.8
M03,2024-10-06,121.8,0.0,28.4,93.4
M03,2024-10-13,93.4,60.0,21.3,132.1
M03,2024-10-20,132.1,0.0,46.2,85.9
M03,2024-10-27,85.9,70.0,28.5,127.4
M03,2024-11-03,127.4,0.0,32.9,94.6
M03,2024-11-10,94.6,70.0,39.0,125.6
M03,2024-11-17,125.6,0.0,37.7,87.9
M03,2024-11-24,87.9,70.0,36.5,121.4
M03,2024-12-01,121.4,0.0,31.3,90.2
M03,2024-12-08,90.2,0.0,31.5,58.6
M03,2024-12-15,58.6,60.0,12.3,106.4
M03,2024-12-22,106.4,0.0,21.5,84.9
M03,2024-12-29,84.9,0.0,2.5,82.4
M03,2025-01-05,82.4,0.0,26.8,55.7
M04,2022-01-02,98.8,0.0,3.9,94.9
M04,2022-01-09,94.9,0.0,15.0,79.8
M04,2022-01-16,79.8,0.0,11.8,68.0
M04,2022-01-23,68.0,0.0,12.2,55.8
M04,2022-01-30,55.8,0.0,8.7,47.1
M04,2022-02-06,47.1,0.0,16.5,30.6
M04,2022-02-13,30.6,30.0,5.5,55.1
M04,2022-02-20,55.1,0.0,5.2,49.9
M04,2022-02-27,49.9,0.0,2.8,47.1
M04,2022-03-06,47.1,0.0,4.8,42.2
M04,2022-03-13,42.2,0.0,5.2,37.0
M04,2022-03-20,37.0,0.0,3.1,33.9
M04,2022-03-27,33.9,0.0,5.2,28.6
M04,2022-04-03,28.6,0.0,2.9,25.7
M04,2022-04-10,25.7,30.0,4.8,51.0
M04,2022-04-17,51.0,0.0,5.3,45.7
M04,2022-04-24,45.7,0.0,2.4,43.4
M04,2022-05-01,43.4,0.0,4.1,39.3
M04,2022-05-08,39.3,0.0,3.1,36.2
M04,2022-05-15,36.2,0.0,3.5,32.7
M04,2022-05-22,32.7,0.0,5.0,27.7
M04,2022-05-29,27.7,30.0,3.9,53.8
M04,2022-06-05,53.8,0.0,3.8,50.0
M04,2022-06-12,50.0,0.0,5.3,44.8
M04,2022-06-19,44.8,0.0,5.2,39.6
M04,2022-06-26,39.6,0.0,5.1,34.5
M04,2022-07-03,34.5,0.0,5.9,28.6
M04,2022-07-10,28.6,30.0,7.0,51.6
M04,2022-07-17,51.6,0.0,4.0,47.6
M04,2022-07-24,47.6,0.0,6.1,41.5
M04,2022-07-31,41.5,0.0,5.4,36.1
M04,2022-08-07,36.1,0.0,3.5,32.6
M04,2022-08-14,32.6,30.0,4.9,57.7
M04,2022-08-21,57.7,0.0,6.9,50.8
M04,2022-08-28,50.8,0.0,5.4,45.3
M04,2022-09-04,45.3,0.0,4.2,41.2
M04,2022-09-11,41.2,0.0,6.7,34.5
M04,2022-09-18,34.5,0.0,8.9,25.6
M04,2022-09-25,25.6,30.0,9.7,45.8
M04,2022-10-02,45.8,0.0,6.4,39.4
M04,2022-10-09,39.4,30.0,8.7,60.6
M04,2022-10-16,60.6,0.0,15.9,44.8
M04,2022-10-23,44.8,30.0,10.3,64.4
M04,2022-10-30,64.4,0.0,14.8,49.6
M04,2022-11-06,49.6,0.0,12.3,37.3
M04,2022-11-13,37.3,40.0,12.2,65.1
M04,2022-11-20,65.1,0.0,13.9,51.2
M04,2022-11-27,51.2,0.0,10.5,40.7
M04,2022-12-04,40.7,30.0,12.8,57.9
M04,2022-12-11,57.9,0.0,11.6,46.3
M04,2022-12-18,46.3,0.0,10.7,35.6
M04,2022-12-25,35.6,40.0,10.8,64.9
M04,2023-01-01,64.9,0.0,14.4,50.5
M04,2023-01-08,50.5,0.0,9.3,41.2
M04,2023-01-15,41.2,30.0,10.2,61.0
M04,2023-01-22,61.0,0.0,15.2,45.8
M04,2023-01-29,45.8,30.0,12.7,63.1
M04,2023-02-05,63.1,0.0,17.1,46.0
M04,2023-02-12,46.0,0.0,7.4,38.6
M04,2023-02-19,38.6,0.0,6.5,32.1
M04,2023-02-26,32.1,0.0,4.5,27.6
M04,2023-03-05,27.6,30.0,4.8,52.8
M04,2023-03-12,52.8,0.0,4.4,48.4
M04,2023-03-19,48.4,0.0,3.8,44.6
M04,2023-03-26,44.6,0.0,4.8,39.8
M04,2023-04-02,39.8,0.0,4.6,35.3
M04,2023-04-09,35.3,0.0,4.8,30.5
M04,2023-04-16,30.5,30.0,5.3,55.2
M04,2023-04-23,55.2,0.0,4.9,50.3
M04,2023-04-30,50.3,0.0,7.3,42.9
M04,2023-05-07,42.9,0.0,4.3,38.6
M04,2023-05-14,38.6,0.0,9.9,28.7
M04,2023-05-21,28.7,30.0,3.5,55.2
M04,2023-05-28,55.2,0.0,5.5,49.7
M04,2023-06-04,49.7,0.0,5.3,44.4
M04,2023-06-11,44.4,0.0,5.4,39.1
M04,2023-06-18,39.1,0.0,5.1,33.9
M04,2023-06-25,33.9,0.0,5.3,28.7
M04,2023-07-02,28.7,30.0,3.9,54.8
M04,2023-07-09,54.8,0.0,9.1,45.6
M04,2023-07-16,45.6,0.0,6.5,39.1
M04,2023-07-23,39.1,0.0,4.1,35.0
M04,2023-07-30,35.0,0.0,5.4,29.7
M04,2023-08-06,29.7,30.0,4.4,55.3
M04,2023-08-13,55.3,0.0,6.1,49.2
M04,2023-08-20,49.2,0.0,4.7,44.5
M04,2023-08-27,44.5,0.0,6.4,38.1
M04,2023-09-03,38.1,0.0,5.2,32.9
M04,2023-09-10,32.9,30.0,8.7,54.1
M04,2023-09-17,54.1,0.0,7.7,46.4
M04,2023-09-24,46.4,0.0,9.6,36.8
M04,2023-10-01,36.8,30.0,13.0,53.8
M04,2023-10-08,53.8,0.0,6.0,47.8
M04,2023-10-15,47.8,30.0,15.2,62.5
M04,2023-10-22,62.5,0.0,18.7,43.9
M04,2023-10-29,43.9,30.0,16.8,57.1
M04,2023-11-05,57.1,0.0,10.1,46.9
M04,2023-11-12,46.9,30.0,17.1,59.9
M04,2023-11-19,59.9,0.0,12.6,47.3
M04,2023-11-26,47.3,30.0,20.1,57.2
M04,2023-12-03,57.2,0.0,13.4,43.8
M04,2023-12-10,43.8,30.0,12.7,61.1
M04,2023-12-17,61.1,0.0,15.0,46.1
M04,2023-12-24,46.1,30.0,15.8,60.3
M04,2023-12-31,60.3,0.0,11.3,49.0
M04,2024-01-07,49.0,30.0,14.1,64.8
M04,2024-01-14,64.8,0.0,15.5,49.3
M04,2024-01-21,49.3,0.0,13.3,36.0
M04,2024-01-28,36.0,40.0,13.4,62.6
M04,2024-02-04,62.6,0.0,19.4,43.2
M04,2024-02-11,43.2,0.0,13.5,29.6
M04,2024-02-18,29.6,30.0,7.0,52.6
M04,2024-02-25,52.6,0.0,6.8,45.9
M04,2024-03-03,45.9,0.0,4.6,41.2
M04,2024-03-10,41.2,0.0,5.1,36.1
M04,2024-03-17,36.1,0.0,4.6,31.5
M04,2024-03-24,31.5,30.0,5.4,56.1
M04,2024-03-31,56.1,0.0,5.8,50.4
M04,2024-04-07,50.4,0.0,5.7,44.7
M04,2024-04-14,44.7,0.0,4.0,40.6
M04,2024-04-21,40.6,0.0,8.2,32.4
M04,2024-04-28,32.4,0.0,7.3,25.1
M04,2024-05-05,25.1,30.0,6.7,48.4
M04,2024-05-12,48.4,0.0,6.0,42.5
M04,2024-05-19,42.5,0.0,6.5,36.0
M04,2024-05-26,36.0,0.0,5.4,30.6
M04,2024-06-02,30.6,30.0,7.7,52.9
M04,2024-06-09,52.9,0.0,4.5,48.4
M04,2024-06-16,48.4,0.0,7.1,41.4
M04,2024-06-23,41.4,0.0,7.2,34.1
M04,2024-06-30,34.1,30.0,6.8,57.4
M04,2024-07-07,57.4,0.0,8.1,49.3
M04,2024-07-14,49.3,0.0,6.5,42.8
M04,2024-07-21,42.8,0.0,4.8,37.9
M04,2024-07-28,37.9,0.0,5.0,32.9
M04,2024-08-04,32.9,30.0,5.7,57.2
M04,2024-08-11,57.2,0.0,11.1,46.0
M04,2024-08-18,46.0,0.0,8.9,37.1
M04,2024-08-25,37.1,0.0,7.2,30.0
M04,2024-09-01,30.0,30.0,7.6,52.3
M04,2024-09-08,52.3,0.0,6.7,45.7
M04,2024-09-15,45.7,30.0,13.8,61.8
M04,2024-09-22,61.8,0.0,12.0,49.8
M04,2024-09-29,49.8,0.0,9.5,40.3
M04,2024-10-06,40.3,40.0,17.6,62.7
M04,2024-10-13,62.7,0.0,14.5,48.2
M04,2024-10-20,48.2,30.0,16.0,62.2
M04,2024-10-27,62.2,0.0,13.9,48.3
M04,2024-11-03,48.3,30.0,16.1,62.2
M04,2024-11-10,62.2,0.0,16.9,45.2
M04,2024-11-17,45.2,40.0,16.3,69.0
M04,2024-11-24,69.0,0.0,17.6,51.4
M04,2024-12-01,51.4,30.0,18.8,62.6
M04,2024-12-08,62.6,0.0,15.4,47.2
M04,2024-12-15,47.2,0.0,3.5,43.8
M04,2024-12-22,43.8,0.0,9.1,34.7
M04,2024-12-29,34.7,30.0,0.6,64.0
M04,2025-01-05,64.0,0.0,15.8,48.2
M05,2022-01-02,95.0,0.0,15.8,79.2
M05,2022-01-09,79.2,0.0,10.8,68.4
M05,2022-01-16,68.4,0.0,5.2,63.1
M05,2022-01-23,63.1,0.0,13.3,49.8
M05,2022-01-30,49.8,0.0,6.7,43.1
M05,2022-02-06,43.1,30.0,15.6,57.5
M05,2022-02-13,57.5,0.0,5.2,52.3
M05,2022-02-20,52.3,0.0,3.6,48.7
M05,2022-02-27,48.7,0.0,5.6,43.1
M05,2022-03-06,43.1,0.0,5.0,38.1
M05,2022-03-13,38.1,0.0,4.5,33.6
M05,2022-03-20,33.6,0.0,4.9,28.8
M05,2022-03-27,28.8,30.0,4.9,53.8
M05,2022-04-03,53.8,0.0,4.5,49.3
M05,2022-04-10,49.3,0.0,4.9,44.5
M05,2022-04-17,44.5,0.0,4.9,39.6
M05,2022-04-24,39.6,0.0,3.1,36.4
M05,2022-05-01,36.4,0.0,4.9,31.6
M05,2022-05-08,31.6,30.0,5.2,56.4
M05,2022-05-15,56.4,0.0,6.3,50.1
M05,2022-05-22,50.1,0.0,5.6,44.5
M05,2022-05-29,44.5,0.0,4.3,40.2
M05,2022-06-05,40.2,0.0,6.0,34.2
M05,2022-06-12,34.2,0.0,4.0,30.3
M05,2022-06-19,30.3,30.0,4.7,55.5
M05,2022-06-26,55.5,0.0,5.5,50.0
M05,2022-07-03,50.0,0.0,3.7,46.3
M05,2022-07-10,46.3,0.0,5.2,41.1
M05,2022-07-17,41.1,0.0,7.1,34.0
M05,2022-07-24,34.0,30.0,7.6,56.4
M05,2022-07-31,56.4,0.0,6.3,50.1
M05,2022-08-07,50.1,0.0,7.7,42.3
M05,2022-08-14,42.3,0.0,7.8,34.5
M05,2022-08-21,34.5,30.0,5.9,58.6
M05,2022-08-28,58.6,0.0,5.3,53.2
M05,2022-09-04,53.2,0.0,6.8,46.4
M05,2022-09-11,46.4,0.0,7.9,38.5
M05,2022-09-18,38.5,40.0,10.4,68.1
M05,2022-09-25,68.1,0.0,11.5,56.6
M05,2022-10-02,56.6,0.0,9.1,47.5
M05,2022-10-09,47.5,0.0,7.5,40.0
M05,2022-10-16,40.0,40.0,13.3,66.7
M05,2022-10-23,66.7,0.0,13.9,52.8
M05,2022-10-30,52.8,0.0,15.1,37.7
M05,2022-11-06,37.7,40.0,13.1,64.6
M05,2022-11-13,64.6,0.0,12.9,51.7
M05,2022-11-20,51.7,30.0,13.5,68.2
M05,2022-11-27,68.2,0.0,18.8,49.4
M05,2022-12-04,49.4,40.0,17.3,72.1
M05,2022-12-11,72.1,0.0,15.2,56.9
M05,2022-12-18,56.9,0.0,15.5,41.3
M05,2022-12-25,41.3,40.0,16.3,65.1
M05,2023-01-01,65.1,0.0,16.8,48.3
M05,2023-01-08,48.3,0.0,10.4,37.9
M05,2023-01-15,37.9,40.0,14.0,63.9
M05,2023-01-22,63.9,0.0,16.3,47.6
M05,2023-01-29,47.6,40.0,19.3,68.3
M05,2023-02-05,68.3,0.0,16.9,51.4
M05,2023-02-12,51.4,0.0,5.5,46.0
M05,2023-02-19,46.0,0.0,7.1,38.9
M05,2023-02-26,38.9,0.0,4.7,34.2
M05,2023-03-05,34.2,0.0,3.6,30.6
M05,2023-03-12,30.6,30.0,5.9,54.7
M05,2023-03-19,54.7,0.0,7.0,47.7
M05,2023-03-26,47.7,0.0,5.8,41.9
M05,2023-04-02,41.9,0.0,4.8,37.1
M05,2023-04-09,37.1,0.0,3.8,33.3
M05,2023-04-16,33.3,30.0,6.4,56.9
M05,2023-04-23,56.9,0.0,5.9,51.0
M05,2023-04-30,51.0,0.0,4.2,46.8
M05,2023-05-07,46.8,0.0,5.6,41.2
M05,2023-05-14,41.2,0.0,4.6,36.6
M05,2023-05-21,36.6,0.0,4.0,32.6
M05,2023-05-28,32.6,30.0,5.6,57.0
M05,2023-06-04,57.0,0.0,7.1,49.9
M05,2023-06-11,49.9,0.0,6.1,43.8
M05,2023-06-18,43.8,0.0,6.4,37.4
M05,2023-06-25,37.4,0.0,6.0,31.4
M05,2023-07-02,31.4,40.0,6.5,65.0
M05,2023-07-09,65.0,0.0,7.9,57.1
M05,2023-07-16,57.1,0.0,4.1,53.0
M05,2023-07-23,53.0,0.0,6.2,46.8
M05,2023-07-30,46.8,0.0,5.5,41.3
M05,2023-08-06,41.3,0.0,4.9,36.3
M05,2023-08-13,36.3,30.0,9.0,57.3
M05,2023-08-20,57.3,0.0,4.1,53.2
M05,2023-08-27,53.2,0.0,8.5,44.7
M05,2023-09-03,44.7,0.0,6.8,38.0
M05,2023-09-10,38.0,30.0,7.6,60.3
M05,2023-09-17,60.3,0.0,7.0,53.4
M05,2023-09-24,53.4,0.0,8.0,45.4
M05,2023-10-01,45.4,30.0,12.7,62.7
M05,2023-10-08,62.7,0.0,11.2,51.5
M05,2023-10-15,51.5,40.0,16.9,74.6
M05,2023-10-22,74.6,0.0,23.5,51.1
M05,2023-10-29,51.1,30.0,17.0,64.1
M05,2023-11-05,64.1,0.0,12.5,51.6
M05,2023-11-12,51.6,30.0,13.7,67.9
M05,2023-11-19,67.9,0.0,15.2,52.7
M05,2023-11-26,52.7,30.0,10.3,72.4
M05,2023-12-03,72.4,0.0,19.1,53.3
M05,2023-12-10,53.3,0.0,9.5,43.8
M05,2023-12-17,43.8,40.0,16.6,67.2
M05,2023-12-24,67.2,0.0,12.5,54.7
M05,2023-12-31,54.7,40.0,17.3,77.4
M05,2024-01-07,77.4,0.0,23.3,54.1
M05,2024-01-14,54.1,30.0,15.1,69.0
M05,2024-01-21,69.0,0.0,19.4,49.7
M05,2024-01-28,49.7,30.0,13.9,65.7
M05,2024-02-04,65.7,0.0,13.6,52.1
M05,2024-02-11,52.1,0.0,6.6,45.5
M05,2024-02-18,45.5,0.0,9.2,36.3
M05,2024-02-25,36.3,0.0,4.6,31.7
M05,2024-03-03,31.7,30.0,7.1,54.6
M05,2024-03-10,54.6,0.0,6.7,47.9
M05,2024-03-17,47.9,0.0,8.8,39.1
M05,2024-03-24,39.1,0.0,9.5,29.6
M05,2024-03-31,29.6,0.0,4.5,25.1
M05,2024-04-07,25.1,30.0,5.6,49.4
M05,2024-04-14,49.4,0.0,5.6,43.8
M05,2024-04-21,43.8,0.0,6.0,37.8
M05,2024-04-28,37.8,0.0,7.1,30.8
M05,2024-05-05,30.8,30.0,5.9,54.8
M05,2024-05-12,54.8,0.0,3.3,51.5
M05,2024-05-19,51.5,0.0,8.9,42.6
M05,2024-05-26,42.6,0.0,8.6,34.1
M05,2024-06-02,34.1,30.0,6.8,57.2
M05,2024-06-09,57.2,0.0,8.6,48.6
M05,2024-06-16,48.6,0.0,6.8,41.8
M05,2024-06-23,41.8,0.0,9.2,32.6
M05,2024-06-30,32.6,30.0,5.6,57.0
M05,2024-07-07,57.0,0.0,6.3,50.7
M05,2024-07-14,50.7,0.0,4.4,46.3
M05,2024-07-21,46.3,0.0,8.4,37.9
M05,2024-07-28,37.9,30.0,7.7,60.2
M05,2024-08-04,60.2,0.0,7.0,53.3
M05,2024-08-11,53.3,0.0,10.1,43.1
M05,2024-08-18,43.1,0.0,6.4,36.8
M05,2024-08-25,36.8,30.0,9.9,56.9
M05,2024-09-01,56.9,0.0,6.2,50.6
M05,2024-09-08,50.6,0.0,10.8,39.8
M05,2024-09-15,39.8,30.0,9.7,60.2
M05,2024-09-22,60.2,0.0,12.5,47.6
M05,2024-09-29,47.6,30.0,13.1,64.5
M05,2024-10-06,64.5,0.0,13.0,51.5
M05,2024-10-13,51.5,50.0,16.9,84.6
M05,2024-10-20,84.6,0.0,27.8,56.8
M05,2024-10-27,56.8,30.0,15.8,70.9
M05,2024-11-03,70.9,0.0,17.9,53.0
M05,2024-11-10,53.0,40.0,21.4,71.6
M05,2024-11-17,71.6,0.0,15.2,56.4
M05,2024-11-24,56.4,0.0,16.9,39.5
M05,2024-12-01,39.5,50.0,15.2,74.3
M05,2024-12-08,74.3,0.0,17.9,56.4
M05,2024-12-15,56.4,0.0,8.6,47.8
M05,2024-12-22,47.8,0.0,13.1,34.7
M05,2024-12-29,34.7,30.0,3.8,61.0
M05,2025-01-05,61.0,0.0,11.5,49.5
M06,2022-01-23,67.2,0.0,2.9,64.3
M06,2022-01-30,64.3,0.0,5.0,59.3
M06,2022-02-06,59.3,0.0,5.3,53.9
M06,2022-02-13,53.9,0.0,6.1,47.8
M06,2022-02-20,47.8,0.0,5.3,42.5
M06,2022-02-27,42.5,0.0,5.7,36.8
M06,2022-03-06,36.8,40.0,7.7,69.0
M06,2022-03-13,69.0,0.0,7.9,61.2
M06,2022-03-20,61.2,0.0,9.5,51.7
M06,2022-03-27,51.7,0.0,6.4,45.3
M06,2022-04-03,45.3,0.0,8.6,36.8
M06,2022-04-10,36.8,40.0,5.1,71.7
M06,2022-04-17,71.7,0.0,6.3,65.4
M06,2022-04-24,65.4,0.0,10.2,55.2
M06,2022-05-01,55.2,0.0,7.2,48.0
M06,2022-05-08,48.0,0.0,5.7,42.3
M06,2022-05-15,42.3,40.0,17.7,64.6
M06,2022-05-22,64.6,0.0,16.7,47.9
M06,2022-05-29,47.9,50.0,17.6,80.3
M06,2022-06-05,80.3,0.0,17.0,63.3
M06,2022-06-12,63.3,0.0,11.6,51.7
M06,2022-06-19,51.7,50.0,21.0,80.7
M06,2022-06-26,80.7,0.0,16.3,64.4
M06,2022-07-03,64.4,0.0,15.6,48.8
M06,2022-07-10,48.8,50.0,15.7,83.0
M06,2022-07-17,83.0,0.0,18.2,64.9
M06,2022-07-24,64.9,0.0,17.5,47.3
M06,2022-07-31,47.3,50.0,17.9,79.4
M06,2022-08-07,79.4,0.0,19.9,59.5
M06,2022-08-14,59.5,40.0,18.2,81.3
M06,2022-08-21,81.3,0.0,19.3,62.0
M06,2022-08-28,62.0,40.0,20.5,81.5
M06,2022-09-04,81.5,0.0,15.8,65.7
M06,2022-09-11,65.7,0.0,23.7,42.0
M06,2022-09-18,42.0,30.0,6.5,65.4
M06,2022-09-25,65.4,0.0,7.5,57.9
M06,2022-10-02,57.9,0.0,9.3,48.6
M06,2022-10-09,48.6,0.0,6.1,42.6
M06,2022-10-16,42.6,0.0,7.4,35.1
M06,2022-10-23,35.1,30.0,3.5,61.7
M06,2022-10-30,61.7,0.0,5.5,56.1
M06,2022-11-06,56.1,0.0,7.4,48.7
M06,2022-11-13,48.7,0.0,3.5,45.2
M06,2022-11-20,45.2,0.0,5.5,39.7
M06,2022-11-27,39.7,30.0,7.6,62.1
M06,2022-12-04,62.1,0.0,6.1,56.1
M06,2022-12-11,56.1,0.0,6.7,49.4
M06,2022-12-18,49.4,0.0,3.8,45.6
M06,2022-12-25,45.6,0.0,5.9,39.6
M06,2023-01-01,39.6,0.0,6.7,33.0
M06,2023-01-08,33.0,0.0,1.9,31.1
M06,2023-01-15,31.1,40.0,3.1,68.0
M06,2023-01-22,68.0,0.0,3.7,64.3
M06,2023-01-29,64.3,0.0,4.8,59.5
M06,2023-02-05,59.5,0.0,5.2,54.4
M06,2023-02-12,54.4,0.0,4.9,49.5
M06,2023-02-19,49.5,0.0,9.2,40.2
M06,2023-02-26,40.2,40.0,6.2,74.0
M06,2023-03-05,74.0,0.0,8.3,65.8
M06,2023-03-12,65.8,0.0,8.7,57.1
M06,2023-03-19,57.1,0.0,8.0,49.0
M06,2023-03-26,49.0,0.0,8.0,41.0
M06,2023-04-02,41.0,40.0,8.5,72.6
M06,2023-04-09,72.6,0.0,9.4,63.2
M06,2023-04-16,63.2,0.0,10.9,52.3
M06,2023-04-23,52.3,0.0,7.9,44.4
M06,2023-04-30,44.4,0.0,8.0,36.4
M06,2023-05-07,36.4,40.0,6.5,69.9
M06,2023-05-14,69.9,0.0,13.0,57.0
M06,2023-05-21,57.0,40.0,16.9,80.1
M06,2023-05-28,80.1,0.0,18.2,61.9
M06,2023-06-04,61.9,0.0,18.1,43.8
M06,2023-06-11,43.8,40.0,12.0,71.8
M06,2023-06-18,71.8,0.0,15.2,56.6
M06,2023-06-25,56.6,40.0,15.5,81.1
M06,2023-07-02,81.1,0.0,20.9,60.2
M06,2023-07-09,60.2,40.0,20.2,80.0
M06,2023-07-16,80.0,0.0,15.4,64.7
M06,2023-07-23,64.7,0.0,17.0,47.7
M06,2023-07-30,47.7,50.0,16.2,81.5
M06,2023-08-06,81.5,0.0,25.3,56.2
M06,2023-08-13,56.2,40.0,16.0,80.2
M06,2023-08-20,80.2,0.0,21.1,59.1
M06,2023-08-27,59.1,0.0,17.0,42.1
M06,2023-09-03,42.1,50.0,11.8,80.4
M06,2023-09-10,80.4,0.0,18.0,62.4
M06,2023-09-17,62.4,0.0,8.2,54.2
M06,2023-09-24,54.2,0.0,8.9,45.3
M06,2023-10-01,45.3,0.0,9.4,35.9
M06,2023-10-08,35.9,40.0,5.9,70.0
M06,2023-10-15,70.0,0.0,10.0,60.0
M06,2023-10-22,60.0,0.0,8.0,52.0
M06,2023-10-29,52.0,0.0,4.4,47.5
M06,2023-11-05,47.5,0.0,4.1,43.4
M06,2023-11-12,43.4,0.0,7.9,35.5
M06,2023-11-19,35.5,30.0,4.4,61.1
M06,2023-11-26,61.1,0.0,3.3,57.8
M06,2023-12-03,57.8,0.0,6.2,51.6
M06,2023-12-10,51.6,0.0,3.1,48.5
M06,2023-12-17,48.5,0.0,4.9,43.6
M06,2023-12-24,43.6,0.0,4.7,38.9
M06,2023-12-31,38.9,0.0,6.2,32.8
M06,2024-01-07,32.8,40.0,3.8,69.0
M06,2024-01-14,69.0,0.0,5.0,64.0
M06,2024-01-21,64.0,0.0,4.9,59.1
M06,2024-01-28,59.1,0.0,6.4,52.7
M06,2024-02-04,52.7,0.0,4.6,48.2
M06,2024-02-11,48.2,0.0,5.6,42.5
M06,2024-02-18,42.5,40.0,8.6,73.9
M06,2024-02-25,73.9,0.0,9.3,64.6
M06,2024-03-03,64.6,0.0,10.0,54.6
M06,2024-03-10,54.6,0.0,5.8,48.8
M06,2024-03-17,48.8,30.0,9.4,69.4
M06,2024-03-24,69.4,0.0,12.8,56.7
M06,2024-03-31,56.7,0.0,10.0,46.7
M06,2024-04-07,46.7,40.0,13.9,72.8
M06,2024-04-14,72.8,0.0,7.3,65.5
M06,2024-04-21,65.5,0.0,8.6,56.9
M06,2024-04-28,56.9,0.0,12.4,44.5
M06,2024-05-05,44.5,40.0,13.6,71.0
M06,2024-05-12,71.0,0.0,10.6,60.3
M06,2024-05-19,60.3,50.0,20.0,90.4
M06,2024-05-26,90.4,0.0,25.4,65.0
M06,2024-06-02,65.0,50.0,23.0,91.9
M06,2024-06-09,91.9,0.0,29.8,62.2
M06,2024-06-16,62.2,50.0,25.7,86.4
M06,2024-06-23,86.4,0.0,21.8,64.7
M06,2024-06-30,64.7,40.0,25.0,79.6
M06,2024-07-07,79.6,0.0,15.1,64.5
M06,2024-07-14,64.5,40.0,18.6,85.9
M06,2024-07-21,85.9,0.0,24.8,61.1
M06,2024-07-28,61.1,50.0,23.8,87.4
M06,2024-08-04,87.4,0.0,24.3,63.1
M06,2024-08-11,63.1,40.0,23.8,79.3
M06,2024-08-18,79.3,0.0,17.9,61.4
M06,2024-08-25,61.4,40.0,20.3,81.0
M06,2024-09-01,81.0,0.0,23.8,57.3
M06,2024-09-08,57.3,40.0,25.3,72.0
M06,2024-09-15,72.0,0.0,9.3,62.7
M06,2024-09-22,62.7,0.0,13.1,49.6
M06,2024-09-29,49.6,0.0,8.0,41.6
M06,2024-10-06,41.6,40.0,12.9,68.7
M06,2024-10-13,68.7,0.0,4.4,64.3
M06,2024-10-20,64.3,0.0,6.8,57.5
M06,2024-10-27,57.5,0.0,5.7,51.8
M06,2024-11-03,51.8,0.0,6.4,45.5
M06,2024-11-10,45.5,0.0,6.2,39.3
M06,2024-11-17,39.3,0.0,5.5,33.8
M06,2024-11-24,33.8,0.0,4.8,29.0
M06,2024-12-01,29.0,40.0,6.6,62.4
M06,2024-12-08,62.4,0.0,7.4,55.0
M06,2024-12-15,55.0,0.0,2.1,52.9
M06,2024-12-22,52.9,0.0,7.0,45.9
M06,2024-12-29,45.9,40.0,7.4,78.6
M06,2025-01-05,78.6,0.0,17.3,61.2
M07,2022-01-02,500.0,0.0,83.3,416.7
M07,2022-01-09,416.7,0.0,61.9,354.7
M07,2022-01-16,354.7,0.0,55.8,298.9
M07,2022-01-23,298.9,0.0,81.6,217.3
M07,2022-01-30,217.3,0.0,48.5,168.8
M07,2022-02-06,168.8,110.0,45.9,232.9
M07,2022-02-13,232.9,0.0,27.8,205.1
M07,2022-02-20,205.1,0.0,19.5,185.7
M07,2022-02-27,185.7,0.0,23.5,162.2
M07,2022-03-06,162.2,0.0,16.2,145.9
M07,2022-03-13,145.9,0.0,19.6,126.4
M07,2022-03-20,126.4,110.0,17.3,219.1
M07,2022-03-27,219.1,0.0,18.9,200.2
M07,2022-04-03,200.2,0.0,21.1,179.1
M07,2022-04-10,179.1,0.0,17.5,161.6
M07,2022-04-17,161.6,0.0,22.4,139.2
M07,2022-04-24,139.2,0.0,17.5,121.7
M07,2022-05-01,121.7,120.0,19.0,222.6
M07,2022-05-08,222.6,0.0,20.6,202.0
M07,2022-05-15,202.0,0.0,17.6,184.5
M07,2022-05-22,184.5,0.0,23.1,161.3
M07,2022-05-29,161.3,0.0,24.4,136.9
M07,2022-06-05,136.9,110.0,23.4,223.5
M07,2022-06-12,223.5,0.0,24.9,198.5
M07,2022-06-19,198.5,0.0,21.1,177.4
M07,2022-06-26,177.4,0.0,24.0,153.4
M07,2022-07-03,153.4,0.0,18.5,134.8
M07,2022-07-10,134.8,110.0,21.5,223.3
M07,2022-07-17,223.3,0.0,20.3,203.0
M07,2022-07-24,203.0,0.0,19.2,183.8
M07,2022-07-31,183.8,0.0,20.7,163.1
M07,2022-08-07,163.1,0.0,25.0,138.1
M07,2022-08-14,138.1,110.0,25.8,222.3
M07,2022-08-21,222.3,0.0,25.1,197.2
M07,2022-08-28,197.2,0.0,21.7,175.5
M07,2022-09-04,175.5,0.0,23.1,152.4
M07,2022-09-11,152.4,130.0,36.3,246.1
M07,2022-09-18,246.1,0.0,41.8,204.3
M07,2022-09-25,204.3,0.0,31.3,173.0
M07,2022-10-02,173.0,110.0,37.6,245.5
M07,2022-10-09,245.5,0.0,44.6,200.8
M07,2022-10-16,200.8,110.0,48.7,262.1
M07,2022-10-23,262.1,0.0,58.1,204.0
M07,2022-10-30,204.0,0.0,45.3,158.7
M07,2022-11-06,158.7,150.0,58.0,250.7
M07,2022-11-13,250.7,0.0,48.0,202.7
M07,2022-11-20,202.7,120.0,51.4,271.3
M07,2022-11-27,271.3,0.0,74.2,197.0
M07,2022-12-04,197.0,170.0,85.5,281.5
M07,2022-12-11,281.5,0.0,82.3,199.3
M07,2022-12-18,199.3,120.0,56.7,262.6
M07,2022-12-25,262.6,0.0,60.0,202.6
M07,2023-01-01,202.6,120.0,59.6,263.1
M07,2023-01-08,263.1,0.0,58.4,204.7
M07,2023-01-15,204.7,110.0,59.4,255.3
M07,2023-01-22,255.3,0.0,55.4,199.9
M07,2023-01-29,199.9,0.0,42.2,157.7
M07,2023-02-05,157.7,120.0,55.7,222.0
M07,2023-02-12,222.0,0.0,20.9,201.1
M07,2023-02-19,201.1,0.0,30.5,170.7
M07,2023-02-26,170.7,0.0,24.8,145.9
M07,2023-03-05,145.9,0.0,18.3,127.6
M07,2023-03-12,127.6,120.0,18.0,229.6
M07,2023-03-19,229.6,0.0,24.8,204.8
M07,2023-03-26,204.8,0.0,18.8,186.0
M07,2023-04-02,186.0,0.0,22.1,163.9
M07,2023-04-09,163.9,0.0,21.3,142.6
M07,2023-04-16,142.6,100.0,22.5,220.1
M07,2023-04-23,220.1,0.0,22.1,198.0
M07,2023-04-30,198.0,0.0,18.8,179.2
M07,2023-05-07,179.2,0.0,22.3,156.9
M07,2023-05-14,156.9,0.0,25.1,131.7
M07,2023-05-21,131.7,110.0,24.8,217.0
M07,2023-05-28,217.0,0.0,14.2,202.7
M07,2023-06-04,202.7,0.0,26.0,176.7
M07,2023-06-11,176.7,0.0,26.4,150.3
M07,2023-06-18,150.3,0.0,25.8,124.6
M07,2023-06-25,124.6,130.0,21.1,233.5
M07,2023-07-02,233.5,0.0,29.0,204.5
M07,2023-07-09,204.5,0.0,27.9,176.5
M07,2023-07-16,176.5,0.0,26.4,150.1
M07,2023-07-23,150.1,110.0,27.0,233.2
M07,2023-07-30,233.2,0.0,30.7,202.5
M07,2023-08-06,202.5,0.0,30.9,171.6
M07,2023-08-13,171.6,0.0,32.7,138.9
M07,2023-08-20,138.9,110.0,21.2,227.7
M07,2023-08-27,227.7,0.0,24.2,203.5
M07,2023-09-03,203.5,0.0,18.8,184.7
M07,2023-09-10,184.7,0.0,26.8,158.0
M07,2023-09-17,158.0,120.0,40.7,237.2
M07,2023-09-24,237.2,0.0,38.0,199.2
M07,2023-10-01,199.2,0.0,44.5,154.7
M07,2023-10-08,154.7,0.0,30.1,124.6
M07,2023-10-15,124.6,140.0,60.8,203.8
M07,2023-10-22,203.8,140.0,81.5,262.4
M07,2023-10-29,262.4,0.0,65.4,197.0
M07,2023-11-05,197.0,150.0,74.4,272.6
M07,2023-11-12,272.6,0.0,70.0,202.6
M07,2023-11-19,202.6,120.0,63.4,259.2
M07,2023-11-26,259.2,0.0,58.0,201.2
M07,2023-12-03,201.2,140.0,63.3,277.9
M07,2023-12-10,277.9,0.0,72.6,205.3
M07,2023-12-17,205.3,120.0,55.5,269.7
M07,2023-12-24,269.7,0.0,70.5,199.2
M07,2023-12-31,199.2,110.0,68.7,240.6
M07,2024-01-07,240.6,0.0,41.1,199.5
M07,2024-01-14,199.5,160.0,71.8,287.6
M07,2024-01-21,287.6,0.0,87.9,199.8
M07,2024-01-28,199.8,160.0,77.7,282.0
M07,2024-02-04,282.0,0.0,81.5,200.5
M07,2024-02-11,200.5,0.0,54.3,146.3
M07,2024-02-18,146.3,110.0,28.0,228.3
M07,2024-02-25,228.3,0.0,24.8,203.6
M07,2024-03-03,203.6,0.0,27.0,176.6
M07,2024-03-10,176.6,0.0,19.9,156.6
M07,2024-03-17,156.6,0.0,24.0,132.6
M07,2024-03-24,132.6,0.0,31.1,101.5
M07,2024-03-31,101.5,120.0,21.1,200.4
M07,2024-04-07,200.4,0.0,27.9,172.5
M07,2024-04-14,172.5,0.0,23.7,148.8
M07,2024-04-21,148.8,0.0,31.0,117.8
M07,2024-04-28,117.8,130.0,19.3,228.5
M07,2024-05-05,228.5,0.0,28.3,200.2
M07,2024-05-12,200.2,0.0,18.5,181.8
M07,2024-05-19,181.8,0.0,23.0,158.8
M07,2024-05-26,158.8,0.0,28.9,129.9
M07,2024-06-02,129.9,110.0,39.5,200.4
M07,2024-06-09,200.4,0.0,32.8,167.6
M07,2024-06-16,167.6,0.0,28.5,139.1
M07,2024-06-23,139.1,130.0,25.7,243.4
M07,2024-06-30,243.4,0.0,42.5,200.9
M07,2024-07-07,200.9,0.0,32.6,168.3
M07,2024-07-14,168.3,0.0,35.1,133.2
M07,2024-07-21,133.2,130.0,23.1,240.0
M07,2024-07-28,240.0,0.0,36.9,203.1
M07,2024-08-04,203.1,0.0,29.8,173.4
M07,2024-08-11,173.4,0.0,27.8,145.6
M07,2024-08-18,145.6,110.0,26.7,228.9
M07,2024-08-25,228.9,0.0,25.9,203.0
M07,2024-09-01,203.0,0.0,39.6,163.4
M07,2024-09-08,163.4,110.0,25.9,247.5
M07,2024-09-15,247.5,0.0,45.1,202.4
M07,2024-09-22,202.4,0.0,60.8,141.6
M07,2024-09-29,141.6,150.0,41.0,250.7
M07,2024-10-06,250.7,0.0,52.4,198.3
M07,2024-10-13,198.3,160.0,60.0,298.3
M07,2024-10-20,298.3,0.0,93.5,204.8
M07,2024-10-27,204.8,160.0,76.3,288.5
M07,2024-11-03,288.5,0.0,90.9,197.6
M07,2024-11-10,197.6,140.0,68.6,269.1
M07,2024-11-17,269.1,0.0,68.0,201.1
M07,2024-11-24,201.1,180.0,85.8,295.3
M07,2024-12-01,295.3,0.0,94.7,200.6
M07,2024-12-08,200.6,0.0,60.6,140.0
M07,2024-12-15,140.0,120.0,18.8,241.2
M07,2024-12-22,241.2,0.0,38.4,202.9
M07,2024-12-29,202.9,0.0,8.6,194.3
M07,2025-01-05,194.3,0.0,69.9,124.3
M08,2022-01-16,58.6,0.0,2.3,56.3
M08,2022-01-23,56.3,0.0,6.6,49.7
M08,2022-01-30,49.7,0.0,5.9,43.7
M08,2022-02-06,43.7,0.0,6.6,37.1
M08,2022-02-13,37.1,30.0,9.3,57.8
M08,2022-02-20,57.8,0.0,8.7,49.1
M08,2022-02-27,49.1,0.0,10.3,38.8
M08,2022-03-06,38.8,0.0,6.7,32.1
M08,2022-03-13,32.1,40.0,7.6,64.5
M08,2022-03-20,64.5,0.0,7.1,57.3
M08,2022-03-27,57.3,0.0,8.2,49.2
M08,2022-04-03,49.2,0.0,8.2,40.9
M08,2022-04-10,40.9,0.0,8.2,32.8
M08,2022-04-17,32.8,40.0,6.7,66.1
M08,2022-04-24,66.1,0.0,8.2,58.0
M08,2022-05-01,58.0,0.0,12.1,45.9
M08,2022-05-08,45.9,0.0,9.5,36.4
M08,2022-05-15,36.4,30.0,9.1,57.2
M08,2022-05-22,57.2,0.0,6.5,50.8
M08,2022-05-29,50.8,0.0,4.9,45.8
M08,2022-06-05,45.8,0.0,6.7,39.2
M08,2022-06-12,39.2,30.0,7.9,61.3
M08,2022-06-19,61.3,0.0,9.4,51.9
M08,2022-06-26,51.9,0.0,10.3,41.6
M08,2022-07-03,41.6,30.0,10.6,61.1
M08,2022-07-10,61.1,0.0,7.6,53.5
M08,2022-07-17,53.5,0.0,9.3,44.2
M08,2022-07-24,44.2,0.0,6.9,37.3
M08,2022-07-31,37.3,30.0,7.5,59.8
M08,2022-08-07,59.8,0.0,7.5,52.3
M08,2022-08-14,52.3,0.0,6.2,46.1
M08,2022-08-21,46.1,0.0,8.8,37.4
M08,2022-08-28,37.4,40.0,11.5,65.9
M08,2022-09-04,65.9,0.0,8.4,57.5
M08,2022-09-11,57.5,0.0,14.8,42.7
M08,2022-09-18,42.7,40.0,14.7,68.0
M08,2022-09-25,68.0,0.0,16.9,51.1
M08,2022-10-02,51.1,30.0,15.1,66.1
M08,2022-10-09,66.1,0.0,16.0,50.1
M08,2022-10-16,50.1,0.0,9.1,41.0
M08,2022-10-23,41.0,30.0,8.8,62.2
M08,2022-10-30,62.2,0.0,10.7,51.5
M08,2022-11-06,51.5,0.0,9.9,41.6
M08,2022-11-13,41.6,30.0,8.7,62.9
M08,2022-11-20,62.9,0.0,9.6,53.3
M08,2022-11-27,53.3,0.0,6.9,46.4
M08,2022-12-04,46.4,0.0,7.2,39.2
M08,2022-12-11,39.2,40.0,12.8,66.4
M08,2022-12-18,66.4,0.0,8.2,58.3
M08,2022-12-25,58.3,0.0,7.0,51.2
M08,2023-01-01,51.2,0.0,8.9,42.4
M08,2023-01-08,42.4,0.0,9.4,33.0
M08,2023-01-15,33.0,40.0,6.8,66.2
M08,2023-01-22,66.2,0.0,11.3,54.9
M08,2023-01-29,54.9,0.0,8.7,46.2
M08,2023-02-05,46.2,0.0,6.4,39.9
M08,2023-02-12,39.9,40.0,10.7,69.2
M08,2023-02-19,69.2,0.0,10.7,58.5
M08,2023-02-26,58.5,0.0,7.9,50.5
M08,2023-03-05,50.5,0.0,9.5,41.0
M08,2023-03-12,41.0,0.0,9.4,31.6
M08,2023-03-19,31.6,40.0,6.8,64.7
M08,2023-03-26,64.7,0.0,8.0,56.8
M08,2023-04-02,56.8,0.0,12.7,44.1
M08,2023-04-09,44.1,0.0,9.4,34.7
M08,2023-04-16,34.7,40.0,9.5,65.1
M08,2023-04-23,65.1,0.0,11.8,53.4
M08,2023-04-30,53.4,0.0,11.5,41.9
M08,2023-05-07,41.9,30.0,9.1,62.8
M08,2023-05-14,62.8,0.0,12.3,50.5
M08,2023-05-21,50.5,0.0,11.6,38.9
M08,2023-05-28,38.9,30.0,6.2,62.7
M08,2023-06-04,62.7,0.0,9.4,53.4
M08,2023-06-11,53.4,0.0,8.8,44.6
M08,2023-06-18,44.6,0.0,7.1,37.5
M08,2023-06-25,37.5,30.0,7.6,59.9
M08,2023-07-02,59.9,0.0,9.6,50.3
M08,2023-07-09,50.3,0.0,8.0,42.2
M08,2023-07-16,42.2,0.0,6.8,35.4
M08,2023-07-23,35.4,30.0,4.0,61.4
M08,2023-07-30,61.4,0.0,9.7,51.7
M08,2023-08-06,51.7,0.0,9.9,41.8
M08,2023-08-13,41.8,0.0,8.6,33.2
M08,2023-08-20,33.2,40.0,5.4,67.8
M08,2023-08-27,67.8,0.0,9.4,58.3
M08,2023-09-03,58.3,0.0,10.6,47.7
M08,2023-09-10,47.7,0.0,7.0,40.8
M08,2023-09-17,40.8,40.0,13.1,67.6
M08,2023-09-24,67.6,0.0,10.8,56.8
M08,2023-10-01,56.8,30.0,17.3,69.5
M08,2023-10-08,69.5,0.0,15.4,54.1
M08,2023-10-15,54.1,0.0,13.4,40.7
M08,2023-10-22,40.7,40.0,15.1,65.6
M08,2023-10-29,65.6,0.0,11.0,54.6
M08,2023-11-05,54.6,0.0,10.2,44.4
M08,2023-11-12,44.4,0.0,5.1,39.3
M08,2023-11-19,39.3,30.0,8.3,61.0
M08,2023-11-26,61.0,0.0,10.1,50.9
M08,2023-12-03,50.9,0.0,8.5,42.4
M08,2023-12-10,42.4,0.0,6.5,35.9
M08,2023-12-17,35.9,40.0,9.6,66.3
M08,2023-12-24,66.3,0.0,8.0,58.3
M08,2023-12-31,58.3,0.0,5.9,52.3
M08,2024-01-07,52.3,0.0,11.5,40.8
M08,2024-01-14,40.8,0.0,7.5,33.3
M08,2024-01-21,33.3,40.0,7.9,65.5
M08,2024-01-28,65.5,0.0,12.7,52.8
M08,2024-02-04,52.8,0.0,7.9,44.9
M08,2024-02-11,44.9,0.0,7.6,37.3
M08,2024-02-18,37.3,40.0,11.0,66.3
M08,2024-02-25,66.3,0.0,13.9,52.5
M08,2024-03-03,52.5,0.0,13.6,38.9
M08,2024-03-10,38.9,40.0,10.6,68.4
M08,2024-03-17,68.4,0.0,10.3,58.1
M08,2024-03-24,58.1,0.0,8.5,49.6
M08,2024-03-31,49.6,0.0,8.4,41.2
M08,2024-04-07,41.2,0.0,13.0,28.3
M08,2024-04-14,28.3,30.0,8.2,50.1
M08,2024-04-21,50.1,0.0,12.6,37.5
M08,2024-04-28,37.5,40.0,12.9,64.6
M08,2024-05-05,64.6,0.0,12.8,51.8
M08,2024-05-12,51.8,0.0,10.6,41.2
M08,2024-05-19,41.2,40.0,11.5,69.7
M08,2024-05-26,69.7,0.0,12.5,57.2
M08,2024-06-02,57.2,0.0,8.0,49.1
M08,2024-06-09,49.1,0.0,8.2,40.9
M08,2024-06-16,40.9,0.0,12.7,28.2
M08,2024-06-23,28.2,40.0,10.4,57.8
M08,2024-06-30,57.8,0.0,12.2,45.6
M08,2024-07-07,45.6,0.0,10.4,35.2
M08,2024-07-14,35.2,40.0,10.4,64.9
M08,2024-07-21,64.9,0.0,7.9,56.9
M08,2024-07-28,56.9,0.0,9.7,47.2
M08,2024-08-04,47.2,0.0,9.3,37.9
M08,2024-08-11,37.9,40.0,11.3,66.6
M08,2024-08-18,66.6,0.0,10.5,56.1
M08,2024-08-25,56.1,0.0,9.4,46.8
M08,2024-09-01,46.8,0.0,11.8,35.0
M08,2024-09-08,35.0,40.0,9.0,66.0
M08,2024-09-15,66.0,0.0,17.0,49.0
M08,2024-09-22,49.0,40.0,23.2,65.8
M08,2024-09-29,65.8,0.0,16.1,49.6
M08,2024-10-06,49.6,30.0,17.2,62.5
M08,2024-10-13,62.5,0.0,12.2,50.3
M08,2024-10-20,50.3,0.0,13.0,37.3
M08,2024-10-27,37.3,40.0,12.6,64.7
M08,2024-11-03,64.7,0.0,6.4,58.2
M08,2024-11-10,58.2,0.0,4.4,53.8
M08,2024-11-17,53.8,0.0,10.0,43.8
M08,2024-11-24,43.8,30.0,13.9,59.9
M08,2024-12-01,59.9,0.0,10.9,49.0
M08,2024-12-08,49.0,0.0,11.8,37.2
M08,2024-12-15,37.2,0.0,3.6,33.6
M08,2024-12-22,33.6,30.0,7.6,56.0
M08,2024-12-29,56.0,0.0,3.5,52.5
M08,2025-01-05,52.5,0.0,17.6,34.9
M09,2022-01-02,789.4,0.0,131.6,657.8
M09,2022-01-09,657.8,0.0,103.8,554.0
M09,2022-01-16,554.0,0.0,125.4,428.6
M09,2022-01-23,428.6,0.0,103.0,325.6
M09,2022-01-30,325.6,170.0,104.7,390.9
M09,2022-02-06,390.9,0.0,55.9,335.0
M09,2022-02-13,335.0,0.0,38.7,296.3
M09,2022-02-20,296.3,0.0,28.6,267.7
M09,2022-02-27,267.7,0.0,33.0,234.7
M09,2022-03-06,234.7,0.0,38.3,196.4
M09,2022-03-13,196.4,180.0,28.6,347.8
M09,2022-03-20,347.8,0.0,8.4,339.5
M09,2022-03-27,339.5,0.0,35.6,303.8
M09,2022-04-03,303.8,0.0,32.6,271.3
M09,2022-04-10,271.3,0.0,30.8,240.5
M09,2022-04-17,240.5,0.0,36.1,204.4
M09,2022-04-24,204.4,190.0,30.4,364.0
M09,2022-05-01,364.0,0.0,30.4,333.7
M09,2022-05-08,333.7,0.0,20.2,313.4
M09,2022-05-15,313.4,0.0,41.4,272.1
M09,2022-05-22,272.1,0.0,24.6,247.4
M09,2022-05-29,247.4,0.0,31.2,216.2
M09,2022-06-05,216.2,170.0,26.4,359.8
M09,2022-06-12,359.8,0.0,24.6,335.2
M09,2022-06-19,335.2,0.0,31.2,303.9
M09,2022-06-26,303.9,0.0,31.2,272.7
M09,2022-07-03,272.7,0.0,32.1,240.6
M09,2022-07-10,240.6,0.0,27.3,213.3
M09,2022-07-17,213.3,200.0,34.3,379.0
M09,2022-07-24,379.0,0.0,37.8,341.1
M09,2022-07-31,341.1,0.0,27.7,313.4
M09,2022-08-07,313.4,0.0,34.3,279.1
M09,2022-08-14,279.1,0.0,39.6,239.5
M09,2022-08-21,239.5,0.0,30.4,209.1
M09,2022-08-28,209.1,200.0,32.6,376.6
M09,2022-09-04,376.6,0.0,43.6,333.0
M09,2022-09-11,333.0,0.0,64.2,268.8
M09,2022-09-18,268.8,180.0,65.1,383.6
M09,2022-09-25,383.6,0.0,44.0,339.6
M09,2022-10-02,339.6,0.0,71.3,268.4
M09,2022-10-09,268.4,210.0,50.6,427.8
M09,2022-10-16,427.8,0.0,86.2,341.5
M09,2022-10-23,341.5,230.0,125.4,446.1
M09,2022-10-30,446.1,0.0,109.1,337.0
M09,2022-11-06,337.0,190.0,103.8,423.2
M09,2022-11-13,423.2,0.0,86.7,336.5
M09,2022-11-20,336.5,210.0,88.9,457.6
M09,2022-11-27,457.6,0.0,120.1,337.5
M09,2022-12-04,337.5,220.0,101.2,456.3
M09,2022-12-11,456.3,0.0,114.4,341.9
M09,2022-12-18,341.9,170.0,83.2,428.7
M09,2022-12-25,428.7,0.0,96.4,332.4
M09,2023-01-01,332.4,210.0,120.6,421.8
M09,2023-01-08,421.8,0.0,86.2,335.6
M09,2023-01-15,335.6,200.0,99.4,436.1
M09,2023-01-22,436.1,0.0,94.2,342.0
M09,2023-01-29,342.0,180.0,84.0,437.9
M09,2023-02-05,437.9,0.0,98.6,339.4
M09,2023-02-12,339.4,0.0,47.5,291.8
M09,2023-02-19,291.8,0.0,43.6,248.3
M09,2023-02-26,248.3,0.0,19.8,228.5
M09,2023-03-05,228.5,190.0,36.5,382.0
M09,2023-03-12,382.0,0.0,43.6,338.4
M09,2023-03-19,338.4,0.0,36.5,301.9
M09,2023-03-26,301.9,0.0,42.2,259.6
M09,2023-04-02,259.6,0.0,41.4,218.3
M09,2023-04-09,218.3,200.0,46.6,371.6
M09,2023-04-16,371.6,0.0,37.4,334.2
M09,2023-04-23,334.2,0.0,47.1,287.2
M09,2023-04-30,287.2,0.0,49.3,237.9
M09,2023-05-07,237.9,200.0,44.0,393.9
M09,2023-05-14,393.9,0.0,53.2,340.6
M09,2023-05-21,340.6,0.0,41.4,299.3
M09,2023-05-28,299.3,0.0,37.8,261.4
M09,2023-06-04,261.4,0.0,27.3,234.2
M09,2023-06-11,234.2,180.0,40.0,374.1
M09,2023-06-18,374.1,0.0,32.6,341.6
M09,2023-06-25,341.6,0.0,40.5,301.1
M09,2023-07-02,301.1,0.0,37.8,263.2
M09,2023-07-09,263.2,170.0,54.1,379.1
M09,2023-07-16,379.1,0.0,46.2,332.9
M09,2023-07-23,332.9,0.0,57.6,275.3
M09,2023-07-30,275.3,0.0,26.4,248.9
M09,2023-08-06,248.9,0.0,19.4,229.5
M09,2023-08-13,229.5,190.0,54.1,365.4
M09,2023-08-20,365.4,0.0,26.0,339.4
M09,2023-08-27,339.4,0.0,20.2,319.2
M09,2023-09-03,319.2,0.0,55.0,264.2
M09,2023-09-10,264.2,0.0,39.6,224.6
M09,2023-09-17,224.6,190.0,74.8,339.8
M09,2023-09-24,339.8,0.0,73.5,266.3
M09,2023-10-01,266.3,190.0,70.4,385.9
M09,2023-10-08,385.9,0.0,50.6,335.3
M09,2023-10-15,335.3,300.0,158.8,476.5
M09,2023-10-22,476.5,170.0,142.1,504.4
M09,2023-10-29,504.4,0.0,170.3,334.1
M09,2023-11-05,334.1,270.0,160.2,443.9
M09,2023-11-12,443.9,0.0,108.7,335.2
M09,2023-11-19,335.2,190.0,110.0,415.2
M09,2023-11-26,415.2,0.0,76.1,339.1
M09,2023-12-03,339.1,0.0,70.8,268.3
M09,2023-12-10,268.3,280.0,92.0,456.3
M09,2023-12-17,456.3,0.0,121.4,334.9
M09,2023-12-24,334.9,250.0,145.2,439.7
M09,2023-12-31,439.7,0.0,101.6,338.0
M09,2024-01-07,338.0,240.0,104.7,473.3
M09,2024-01-14,473.3,0.0,131.6,341.8
M09,2024-01-21,341.8,240.0,113.5,468.2
M09,2024-01-28,468.2,0.0,132.9,335.4
M09,2024-02-04,335.4,190.0,112.6,412.7
M09,2024-02-11,412.7,0.0,70.8,341.9
M09,2024-02-18,341.9,0.0,35.6,306.2
M09,2024-02-25,306.2,0.0,40.0,266.2
M09,2024-03-03,266.2,0.0,40.9,225.3
M09,2024-03-10,225.3,210.0,45.3,390.0
M09,2024-03-17,390.0,0.0,51.0,338.9
M09,2024-03-24,338.9,0.0,47.5,291.4
M09,2024-03-31,291.4,0.0,42.2,249.2
M09,2024-04-07,249.2,190.0,65.1,374.0
M09,2024-04-14,374.0,0.0,39.6,334.4
M09,2024-04-21,334.4,0.0,50.2,284.3
M09,2024-04-28,284.3,0.0,48.8,235.4
M09,2024-05-05,235.4,200.0,55.0,380.4
M09,2024-05-12,380.4,0.0,41.4,339.1
M09,2024-05-19,339.1,0.0,46.6,292.4
M09,2024-05-26,292.4,0.0,59.4,233.0
M09,2024-06-02,233.0,220.0,48.8,404.2
M09,2024-06-09,404.2,0.0,62.9,341.3
M09,2024-06-16,341.3,0.0,44.9,296.4
M09,2024-06-23,296.4,0.0,27.3,269.1
M09,2024-06-30,269.1,0.0,48.0,221.2
M09,2024-07-07,221.2,240.0,48.8,412.3
M09,2024-07-14,412.3,0.0,80.1,332.2
M09,2024-07-21,332.2,0.0,37.0,295.3
M09,2024-07-28,295.3,0.0,70.4,224.9
M09,2024-08-04,224.9,230.0,58.5,396.4
M09,2024-08-11,396.4,0.0,59.0,337.4
M09,2024-08-18,337.4,0.0,45.8,291.6
M09,2024-08-25,291.6,0.0,55.9,235.8
M09,2024-09-01,235.8,210.0,56.3,389.4
M09,2024-09-08,389.4,0.0,48.0,341.5
M09,2024-09-15,341.5,0.0,77.4,264.0
M09,2024-09-22,264.0,220.0,66.9,417.2
M09,2024-09-29,417.2,0.0,84.0,333.1
M09,2024-10-06,333.1,230.0,104.7,458.4
M09,2024-10-13,458.4,170.0,119.2,509.2
M09,2024-10-20,509.2,180.0,174.2,514.9
M09,2024-10-27,514.9,0.0,176.0,338.9
M09,2024-11-03,338.9,260.0,136.4,462.5
M09,2024-11-10,462.5,0.0,125.0,337.6
M09,2024-11-17,337.6,270.0,158.4,449.2
M09,2024-11-24,449.2,0.0,116.6,332.6
M09,2024-12-01,332.6,230.0,121.9,440.7
M09,2024-12-08,440.7,0.0,104.3,336.4
M09,2024-12-15,336.4,0.0,33.9,302.5
M09,2024-12-22,302.5,0.0,67.8,234.8
M09,2024-12-29,234.8,230.0,0.4,464.3
M09,2025-01-05,464.3,0.0,129.4,335.0
M10,2022-01-09,387.0,0.0,18.9,368.1
M10,2022-01-16,368.1,0.0,31.7,336.4
M10,2022-01-23,336.4,0.0,40.0,296.4
M10,2022-01-30,296.4,0.0,30.4,266.0
M10,2022-02-06,266.0,0.0,30.8,235.2
M10,2022-02-13,235.2,220.0,60.7,394.5
M10,2022-02-20,394.5,0.0,62.5,332.0
M10,2022-02-27,332.0,0.0,37.0,295.0
M10,2022-03-06,295.0,0.0,60.7,234.3
M10,2022-03-13,234.3,200.0,58.1,376.2
M10,2022-03-20,376.2,0.0,49.7,326.5
M10,2022-03-27,326.5,0.0,64.2,262.3
M10,2022-04-03,262.3,200.0,67.3,395.0
M10,2022-04-10,395.0,0.0,68.2,326.8
M10,2022-04-17,326.8,0.0,54.1,272.6
M10,2022-04-24,272.6,0.0,50.6,222.0
M10,2022-05-01,222.0,190.0,37.0,375.1
M10,2022-05-08,375.1,0.0,44.4,330.6
M10,2022-05-15,330.6,0.0,80.1,250.6
M10,2022-05-22,250.6,190.0,46.2,394.4
M10,2022-05-29,394.4,0.0,64.7,329.7
M10,2022-06-05,329.7,0.0,62.5,267.2
M10,2022-06-12,267.2,170.0,49.7,387.5
M10,2022-06-19,387.5,0.0,57.2,330.3
M10,2022-06-26,330.3,0.0,53.2,277.0
M10,2022-07-03,277.0,0.0,40.0,237.0
M10,2022-07-10,237.0,190.0,62.5,364.5
M10,2022-07-17,364.5,0.0,34.3,330.2
M10,2022-07-24,330.2,0.0,47.5,282.7
M10,2022-07-31,282.7,0.0,43.1,239.6
M10,2022-08-07,239.6,200.0,55.4,384.1
M10,2022-08-14,384.1,0.0,58.5,325.6
M10,2022-08-21,325.6,0.0,40.5,285.1
M10,2022-08-28,285.1,0.0,41.4,243.8
M10,2022-09-04,243.8,210.0,40.9,412.8
M10,2022-09-11,412.8,0.0,88.9,324.0
M10,2022-09-18,324.0,210.0,96.4,437.6
M10,2022-09-25,437.6,0.0,108.2,329.4
M10,2022-10-02,329.4,230.0,110.9,448.5
M10,2022-10-09,448.5,0.0,116.6,331.9
M10,2022-10-16,331.9,0.0,55.4,276.4
M10,2022-10-23,276.4,180.0,67.8,388.7
M10,2022-10-30,388.7,0.0,59.0,329.7
M10,2022-11-06,329.7,0.0,56.8,273.0
M10,2022-11-13,273.0,180.0,62.9,390.0
M10,2022-11-20,390.0,0.0,65.1,324.9
M10,2022-11-27,324.9,0.0,74.4,250.6
M10,2022-12-04,250.6,170.0,48.4,372.2
M10,2022-12-11,372.2,0.0,42.7,329.5
M10,2022-12-18,329.5,0.0,61.6,267.9
M10,2022-12-25,267.9,0.0,45.8,222.1
M10,2023-01-01,222.1,190.0,85.4,326.8
M10,2023-01-08,326.8,0.0,59.8,266.9
M10,2023-01-15,266.9,0.0,35.6,231.3
M10,2023-01-22,231.3,190.0,49.7,371.6
M10,2023-01-29,371.6,0.0,46.6,324.9
M10,2023-02-05,324.9,0.0,68.6,256.3
M10,2023-02-12,256.3,220.0,61.6,414.7
M10,2023-02-19,414.7,0.0,84.9,329.8
M10,2023-02-26,329.8,0.0,58.5,271.2
M10,2023-03-05,271.2,170.0,48.8,392.4
M10,2023-03-12,392.4,0.0,67.3,325.1
M10,2023-03-19,325.1,0.0,67.8,257.3
M10,2023-03-26,257.3,220.0,66.4,410.9
M10,2023-04-02,410.9,0.0,83.2,327.7
M10,2023-04-09,327.7,0.0,73.5,254.2
M10,2023-04-16,254.2,180.0,46.6,387.6
M10,2023-04-23,387.6,0.0,56.3,331.3
M10,2023-04-30,331.3,0.0,57.2,274.1
M10,2023-05-07,274.1,0.0,48.0,226.1
M10,2023-05-14,226.1,210.0,55.9,380.2
M10,2023-05-21,380.2,0.0,50.2,330.1
M10,2023-05-28,330.1,0.0,44.9,285.2
M10,2023-06-04,285.2,170.0,57.2,398.0
M10,2023-06-11,398.0,0.0,70.4,327.6
M10,2023-06-18,327.6,0.0,74.4,253.2
M10,2023-06-25,253.2,210.0,54.1,409.1
M10,2023-07-02,409.1,0.0,80.5,328.6
M10,2023-07-09,328.6,0.0,40.5,288.1
M10,2023-07-16,288.1,0.0,45.3,242.8
M10,2023-07-23,242.8,200.0,51.5,391.3
M10,2023-07-30,391.3,0.0,59.0,332.4
M10,2023-08-06,332.4,0.0,67.3,265.0
M10,2023-08-13,265.0,0.0,36.1,229.0
M10,2023-08-20,229.0,190.0,49.3,369.7
M10,2023-08-27,369.7,0.0,41.4,328.3
M10,2023-09-03,328.3,0.0,66.4,261.9
M10,2023-09-10,261.9,240.0,59.0,442.9
M10,2023-09-17,442.9,0.0,114.8,328.1
M10,2023-09-24,328.1,240.0,65.6,502.5
M10,2023-10-01,502.5,0.0,176.9,325.6
M10,2023-10-08,325.6,170.0,94.6,401.0
M10,2023-10-15,401.0,0.0,71.3,329.8
M10,2023-10-22,329.8,0.0,86.2,243.5
M10,2023-10-29,243.5,200.0,51.0,392.5
M10,2023-11-05,392.5,0.0,61.2,331.3
M10,2023-11-12,331.3,0.0,67.3,264.0
M10,2023-11-19,264.0,180.0,66.9,377.1
M10,2023-11-26,377.1,0.0,50.2,327.0
M10,2023-12-03,327.0,0.0,70.4,256.6
M10,2023-12-10,256.6,170.0,54.1,372.4
M10,2023-12-17,372.4,0.0,49.7,322.7
M10,2023-12-24,322.7,0.0,69.1,253.6
M10,2023-12-31,253.6,180.0,42.2,391.4
M10,2024-01-07,391.4,0.0,66.4,325.0
M10,2024-01-14,325.0,0.0,39.6,285.4
M10,2024-01-21,285.4,0.0,40.0,245.3
M10,2024-01-28,245.3,190.0,56.3,379.0
M10,2024-02-04,379.0,0.0,55.4,323.6
M10,2024-02-11,323.6,170.0,69.5,424.0
M10,2024-02-18,424.0,0.0,93.3,330.8
M10,2024-02-25,330.8,190.0,96.4,424.4
M10,2024-03-03,424.4,0.0,101.2,323.2
M10,2024-03-10,323.2,0.0,72.2,251.0
M10,2024-03-17,251.0,220.0,74.8,396.2
M10,2024-03-24,396.2,0.0,64.7,331.6
M10,2024-03-31,331.6,0.0,64.7,266.9
M10,2024-04-07,266.9,190.0,85.4,371.5
M10,2024-04-14,371.5,0.0,43.1,328.4
M10,2024-04-21,328.4,0.0,83.6,244.8
M10,2024-04-28,244.8,180.0,94.6,330.2
M10,2024-05-05,330.2,180.0,86.2,424.0
M10,2024-05-12,424.0,0.0,96.4,327.6
M10,2024-05-19,327.6,0.0,54.1,273.5
M10,2024-05-26,273.5,230.0,84.9,418.6
M10,2024-06-02,418.6,0.0,88.4,330.1
M10,2024-06-09,330.1,0.0,61.6,268.5
M10,2024-06-16,268.5,230.0,72.6,425.9
M10,2024-06-23,425.9,0.0,101.2,324.7
M10,2024-06-30,324.7,0.0,74.4,250.4
M10,2024-07-07,250.4,170.0,32.6,387.8
M10,2024-07-14,387.8,0.0,62.9,324.9
M10,2024-07-21,324.9,0.0,48.4,276.5
M10,2024-07-28,276.5,200.0,85.4,391.1
M10,2024-08-04,391.1,0.0,64.2,326.9
M10,2024-08-11,326.9,0.0,64.2,262.6
M10,2024-08-18,262.6,230.0,82.7,409.9
M10,2024-08-25,409.9,0.0,80.1,329.8
M10,2024-09-01,329.8,0.0,64.7,265.2
M10,2024-09-08,265.2,240.0,87.6,417.6
M10,2024-09-15,417.6,0.0,95.0,322.6
M10,2024-09-22,322.6,220.0,120.6,422.0
M10,2024-09-29,422.0,0.0,94.2,327.8
M10,2024-10-06,327.8,250.0,109.6,468.3
M10,2024-10-13,468.3,0.0,142.6,325.7
M10,2024-10-20,325.7,0.0,93.7,232.0
M10,2024-10-27,232.0,190.0,47.5,374.5
M10,2024-11-03,374.5,0.0,46.6,327.8
M10,2024-11-10,327.8,0.0,73.9,253.9
M10,2024-11-17,253.9,170.0,51.0,372.9
M10,2024-11-24,372.9,0.0,48.4,324.5
M10,2024-12-01,324.5,0.0,51.9,272.6
M10,2024-12-08,272.6,0.0,70.0,202.6
M10,2024-12-15,202.6,210.0,32.6,380.0
M10,2024-12-22,380.0,0.0,50.6,329.4
M10,2024-12-29,329.4,0.0,13.6,315.8
M10,2025-01-05,315.8,0.0,125.8,190.0
M11,2022-01-30,460.2,0.0,0.4,459.8
M11,2022-02-06,459.8,0.0,42.7,417.1
M11,2022-02-13,417.1,0.0,24.2,392.9
M11,2022-02-20,392.9,0.0,22.4,370.4
M11,2022-02-27,370.4,0.0,33.9,336.6
M11,2022-03-06,336.6,0.0,63.8,272.8
M11,2022-03-13,272.8,230.0,62.9,439.8
M11,2022-03-20,439.8,0.0,53.7,386.2
M11,2022-03-27,386.2,0.0,55.9,330.3
M11,2022-04-03,330.3,0.0,44.9,285.4
M11,2022-04-10,285.4,0.0,43.6,241.8
M11,2022-04-17,241.8,240.0,43.6,438.3
M11,2022-04-24,438.3,0.0,54.6,383.7
M11,2022-05-01,383.7,0.0,49.3,334.4
M11,2022-05-08,334.4,0.0,43.6,290.9
M11,2022-05-15,290.9,310.0,99.0,501.9
M11,2022-05-22,501.9,0.0,113.5,388.4
M11,2022-05-29,388.4,250.0,111.3,527.0
M11,2022-06-05,527.0,0.0,137.3,389.8
M11,2022-06-12,389.8,0.0,125.8,263.9
M11,2022-06-19,263.9,240.0,115.3,388.6
M11,2022-06-26,388.6,200.0,100.3,488.3
M11,2022-07-03,488.3,0.0,101.6,386.7
M11,2022-07-10,386.7,240.0,114.8,511.8
M11,2022-07-17,511.8,0.0,123.6,388.2
M11,2022-07-24,388.2,250.0,131.6,506.6
M11,2022-07-31,506.6,0.0,119.2,387.4
M11,2022-08-07,387.4,0.0,106.9,280.5
M11,2022-08-14,280.5,230.0,121.9,388.6
M11,2022-08-21,388.6,250.0,97.7,540.9
M11,2022-08-28,540.9,0.0,150.5,390.4
M11,2022-09-04,390.4,240.0,118.4,512.1
M11,2022-09-11,512.1,0.0,121.0,391.1
M11,2022-09-18,391.1,0.0,46.6,344.4
M11,2022-09-25,344.4,0.0,39.2,305.3
M11,2022-10-02,305.3,260.0,73.0,492.2
M11,2022-10-09,492.2,0.0,99.4,392.8
M11,2022-10-16,392.8,0.0,31.7,361.1
M11,2022-10-23,361.1,0.0,48.4,312.7
M11,2022-10-30,312.7,0.0,33.4,279.3
M11,2022-11-06,279.3,0.0,32.6,246.7
M11,2022-11-13,246.7,220.0,46.2,420.5
M11,2022-11-20,420.5,0.0,33.0,387.5
M11,2022-11-27,387.5,0.0,34.8,352.8
M11,2022-12-04,352.8,0.0,27.3,325.5
M11,2022-12-11,325.5,0.0,51.9,273.6
M11,2022-12-18,273.6,0.0,41.8,231.8
M11,2022-12-25,231.8,230.0,31.7,430.1
M11,2023-01-01,430.1,0.0,38.7,391.4
M11,2023-01-08,391.4,0.0,41.8,349.6
M11,2023-01-15,349.6,0.0,31.7,317.9
M11,2023-01-22,317.9,0.0,35.2,282.7
M11,2023-01-29,282.7,0.0,38.3,244.4
M11,2023-02-05,244.4,200.0,21.1,423.3
M11,2023-02-12,423.3,0.0,35.2,388.1
M11,2023-02-19,388.1,0.0,78.3,309.8
M11,2023-02-26,309.8,0.0,47.5,262.2
M11,2023-03-05,262.2,260.0,58.1,464.2
M11,2023-03-12,464.2,0.0,80.5,383.6
M11,2023-03-19,383.6,0.0,56.3,327.3
M11,2023-03-26,327.3,0.0,59.8,267.5
M11,2023-04-02,267.5,0.0,41.8,225.7
M11,2023-04-09,225.7,220.0,53.7,392.0
M11,2023-04-16,392.0,0.0,57.2,334.8
M11,2023-04-23,334.8,0.0,64.2,270.6
M11,2023-04-30,270.6,240.0,67.3,443.2
M11,2023-05-07,443.2,0.0,54.6,388.7
M11,2023-05-14,388.7,0.0,124.5,264.2
M11,2023-05-21,264.2,260.0,135.5,388.6
M11,2023-05-28,388.6,220.0,109.6,499.1
M11,2023-06-04,499.1,0.0,108.2,390.8
M11,2023-06-11,390.8,0.0,77.0,313.8
M11,2023-06-18,313.8,280.0,96.8,497.0
M11,2023-06-25,497.0,0.0,110.4,386.6
M11,2023-07-02,386.6,280.0,147.0,519.6
M11,2023-07-09,519.6,0.0,130.2,389.4
M11,2023-07-16,389.4,0.0,82.7,306.7
M11,2023-07-23,306.7,300.0,103.4,503.3
M11,2023-07-30,503.3,0.0,118.4,384.9
M11,2023-08-06,384.9,260.0,141.7,503.2
M11,2023-08-13,503.2,0.0,117.9,385.3
M11,2023-08-20,385.3,220.0,98.1,507.2
M11,2023-08-27,507.2,0.0,123.2,384.0
M11,2023-09-03,384.0,210.0,106.9,487.1
M11,2023-09-10,487.1,0.0,103.4,383.7
M11,2023-09-17,383.7,0.0,59.8,323.8
M11,2023-09-24,323.8,240.0,90.2,473.6
M11,2023-10-01,473.6,0.0,83.6,390.0
M11,2023-10-08,390.0,0.0,48.4,341.6
M11,2023-10-15,341.6,0.0,53.7,288.0
M11,2023-10-22,288.0,0.0,27.7,260.2
M11,2023-10-29,260.2,240.0,55.0,445.2
M11,2023-11-05,445.2,0.0,52.4,392.9
M11,2023-11-12,392.9,0.0,20.2,372.6
M11,2023-11-19,372.6,0.0,39.6,333.0
M11,2023-11-26,333.0,0.0,52.4,280.7
M11,2023-12-03,280.7,0.0,26.0,254.7
M11,2023-12-10,254.7,240.0,36.5,458.2
M11,2023-12-17,458.2,0.0,70.8,387.4
M11,2023-12-24,387.4,0.0,29.5,357.9
M11,2023-12-31,357.9,0.0,38.7,319.2
M11,2024-01-07,319.2,0.0,44.4,274.7
M11,2024-01-14,274.7,0.0,33.9,240.8
M11,2024-01-21,240.8,210.0,35.2,415.6
M11,2024-01-28,415.6,0.0,32.1,383.5
M11,2024-02-04,383.5,0.0,44.9,338.6
M11,2024-02-11,338.6,0.0,43.1,295.5
M11,2024-02-18,295.5,0.0,45.3,250.2
M11,2024-02-25,250.2,270.0,54.1,466.1
M11,2024-03-03,466.1,0.0,76.6,389.5
M11,2024-03-10,389.5,0.0,64.7,324.8
M11,2024-03-17,324.8,0.0,61.6,263.2
M11,2024-03-24,263.2,200.0,77.4,385.8
M11,2024-03-31,385.8,0.0,73.9,311.9
M11,2024-04-07,311.9,0.0,54.1,257.8
M11,2024-04-14,257.8,270.0,59.4,468.4
M11,2024-04-21,468.4,0.0,82.7,385.6
M11,2024-04-28,385.6,0.0,48.0,337.7
M11,2024-05-05,337.7,200.0,59.4,478.3
M11,2024-05-12,478.3,0.0,94.2,384.1
M11,2024-05-19,384.1,320.0,156.6,547.5
M11,2024-05-26,547.5,0.0,154.0,393.5
M11,2024-06-02,393.5,280.0,132.9,540.6
M11,2024-06-09,540.6,0.0,153.1,387.5
M11,2024-06-16,387.5,290.0,150.5,527.0
M11,2024-06-23,527.0,0.0,139.0,388.0
M11,2024-06-30,388.0,300.0,174.2,513.7
M11,2024-07-07,513.7,0.0,127.6,386.1
M11,2024-07-14,386.1,300.0,130.7,555.4
M11,2024-07-21,555.4,0.0,168.1,387.4
M11,2024-07-28,387.4,310.0,191.8,505.5
M11,2024-08-04,505.5,0.0,120.1,385.4
M11,2024-08-11,385.4,300.0,159.3,526.1
M11,2024-08-18,526.1,0.0,135.5,390.6
M11,2024-08-25,390.6,280.0,106.0,564.6
M11,2024-09-01,564.6,0.0,179.5,385.0
M11,2024-09-08,385.0,240.0,131.6,493.5
M11,2024-09-15,493.5,0.0,107.8,385.7
M11,2024-09-22,385.7,0.0,72.6,313.1
M11,2024-09-29,313.1,260.0,85.8,487.3
M11,2024-10-06,487.3,0.0,101.2,386.1
M11,2024-10-13,386.1,0.0,62.9,323.2
M11,2024-10-20,323.2,0.0,44.0,279.2
M11,2024-10-27,279.2,0.0,30.4,248.8
M11,2024-11-03,248.8,230.0,43.1,435.7
M11,2024-11-10,435.7,0.0,45.8,389.9
M11,2024-11-17,389.9,0.0,57.6,332.3
M11,2024-11-24,332.3,0.0,45.8,286.5
M11,2024-12-01,286.5,0.0,54.1,232.4
M11,2024-12-08,232.4,210.0,33.0,409.4
M11,2024-12-15,409.4,0.0,25.5,383.9
M11,2024-12-22,383.9,0.0,53.7,330.2
M11,2024-12-29,330.2,210.0,33.0,507.2
M11,2025-01-05,507.2,0.0,118.4,388.8
M13,2022-01-02,355.7,0.0,59.3,296.4
M13,2022-01-09,296.4,0.0,56.6,239.9
M13,2022-01-16,239.9,0.0,37.1,202.8
M13,2022-01-23,202.8,0.0,50.5,152.3
M13,2022-01-30,152.3,0.0,39.0,113.3
M13,2022-02-06,113.3,110.0,36.5,186.8
M13,2022-02-13,186.8,0.0,26.5,160.3
M13,2022-02-20,160.3,0.0,13.1,147.3
M13,2022-02-27,147.3,0.0,9.8,137.5
M13,2022-03-06,137.5,0.0,22.4,115.1
M13,2022-03-13,115.1,0.0,12.9,102.2
M13,2022-03-20,102.2,80.0,13.1,169.2
M13,2022-03-27,169.2,0.0,17.9,151.2
M13,2022-04-03,151.2,0.0,14.8,136.4
M13,2022-04-10,136.4,0.0,17.6,118.8
M13,2022-04-17,118.8,0.0,25.5,93.3
M13,2022-04-24,93.3,90.0,17.6,165.7
M13,2022-05-01,165.7,0.0,14.0,151.7
M13,2022-05-08,151.7,0.0,13.8,137.9
M13,2022-05-15,137.9,0.0,17.2,120.7
M13,2022-05-22,120.7,0.0,14.6,106.1
M13,2022-05-29,106.1,0.0,9.2,96.9
M13,2022-06-05,96.9,0.0,17.6,79.4
M13,2022-06-12,79.4,100.0,21.4,157.9
M13,2022-06-19,157.9,0.0,15.2,142.7
M13,2022-06-26,142.7,0.0,19.7,123.0
M13,2022-07-03,123.0,0.0,18.3,104.7
M13,2022-07-10,104.7,100.0,23.4,181.3
M13,2022-07-17,181.3,0.0,24.4,156.9
M13,2022-07-24,156.9,0.0,17.4,139.5
M13,2022-07-31,139.5,0.0,14.4,125.1
M13,2022-08-07,125.1,0.0,25.2,100.0
M13,2022-08-14,100.0,90.0,18.9,171.0
M13,2022-08-21,171.0,0.0,13.8,157.2
M13,2022-08-28,157.2,0.0,22.6,134.6
M13,2022-09-04,134.6,0.0,8.8,125.8
M13,2022-09-11,125.8,90.0,27.1,188.7
M13,2022-09-18,188.7,0.0,32.8,155.9
M13,2022-09-25,155.9,0.0,20.3,135.7
M13,2022-10-02,135.7,0.0,20.9,114.8
M13,2022-10-09,114.8,130.0,23.0,221.8
M13,2022-10-16,221.8,0.0,64.4,157.4
M13,2022-10-23,157.4,80.0,23.4,214.0
M13,2022-10-30,214.0,0.0,63.0,151.1
M13,2022-11-06,151.1,90.0,26.5,214.5
M13,2022-11-13,214.5,0.0,62.8,151.7
M13,2022-11-20,151.7,80.0,27.7,204.1
M13,2022-11-27,204.1,0.0,49.9,154.1
M13,2022-12-04,154.1,90.0,39.8,204.4
M13,2022-12-11,204.4,0.0,50.3,154.0
M13,2022-12-18,154.0,100.0,40.2,213.9
M13,2022-12-25,213.9,0.0,55.4,158.5
M13,2023-01-01,158.5,90.0,48.6,199.9
M13,2023-01-08,199.9,0.0,48.0,152.0
M13,2023-01-15,152.0,110.0,54.4,207.6
M13,2023-01-22,207.6,0.0,54.6,153.0
M13,2023-01-29,153.0,90.0,38.6,204.4
M13,2023-02-05,204.4,0.0,45.4,158.9
M13,2023-02-12,158.9,0.0,20.7,138.2
M13,2023-02-19,138.2,0.0,12.5,125.8
M13,2023-02-26,125.8,0.0,16.8,109.0
M13,2023-03-05,109.0,0.0,16.0,93.0
M13,2023-03-12,93.0,100.0,14.6,178.4
M13,2023-03-19,178.4,0.0,24.2,154.2
M13,2023-03-26,154.2,0.0,13.8,140.4
M13,2023-04-02,140.4,0.0,18.5,121.8
M13,2023-04-09,121.8,0.0,17.2,104.7
M13,2023-04-16,104.7,0.0,11.1,93.6
M13,2023-04-23,93.6,100.0,17.0,176.6
M13,2023-04-30,176.6,0.0,17.2,159.4
M13,2023-05-07,159.4,0.0,11.3,148.1
M13,2023-05-14,148.1,0.0,22.0,126.1
M13,2023-05-21,126.1,0.0,12.3,113.8
M13,2023-05-28,113.8,0.0,17.9,95.9
M13,2023-06-04,95.9,100.0,15.0,180.8
M13,2023-06-11,180.8,0.0,24.0,156.9
M13,2023-06-18,156.9,0.0,28.1,128.8
M13,2023-06-25,128.8,0.0,14.2,114.5
M13,2023-07-02,114.5,0.0,30.0,84.5
M13,2023-07-09,84.5,90.0,22.0,152.5
M13,2023-07-16,152.5,0.0,25.5,126.9
M13,2023-07-23,126.9,0.0,23.8,103.1
M13,2023-07-30,103.1,90.0,11.5,181.6
M13,2023-08-06,181.6,0.0,21.4,160.2
M13,2023-08-13,160.2,0.0,27.3,132.9
M13,2023-08-20,132.9,0.0,15.6,117.3
M13,2023-08-27,117.3,0.0,20.7,96.6
M13,2023-09-03,96.6,100.0,17.0,179.7
M13,2023-09-10,179.7,0.0,19.1,160.5
M13,2023-09-17,160.5,0.0,18.3,142.2
M13,2023-09-24,142.2,0.0,29.2,113.0
M13,2023-10-01,113.0,100.0,32.2,180.8
M13,2023-10-08,180.8,0.0,24.2,156.6
M13,2023-10-15,156.6,100.0,52.3,204.4
M13,2023-10-22,204.4,0.0,53.4,150.9
M13,2023-10-29,150.9,130.0,57.9,223.0
M13,2023-11-05,223.0,0.0,66.3,156.7
M13,2023-11-12,156.7,130.0,58.3,228.4
M13,2023-11-19,228.4,0.0,68.2,160.2
M13,2023-11-26,160.2,90.0,41.7,208.4
M13,2023-12-03,208.4,0.0,48.2,160.3
M13,2023-12-10,160.3,90.0,48.4,201.9
M13,2023-12-17,201.9,0.0,46.6,155.3
M13,2023-12-24,155.3,100.0,68.1,187.2
M13,2023-12-31,187.2,0.0,34.3,152.9
M13,2024-01-07,152.9,0.0,29.2,123.7
M13,2024-01-14,123.7,130.0,40.2,213.5
M13,2024-01-21,213.5,0.0,59.7,153.8
M13,2024-01-28,153.8,100.0,51.1,202.7
M13,2024-02-04,202.7,0.0,45.8,156.9
M13,2024-02-11,156.9,0.0,29.4,127.5
M13,2024-02-18,127.5,0.0,26.3,101.1
M13,2024-02-25,101.1,100.0,23.6,177.5
M13,2024-03-03,177.5,0.0,17.9,159.6
M13,2024-03-10,159.6,0.0,19.5,140.1
M13,2024-03-17,140.1,0.0,25.0,115.1
M13,2024-03-24,115.1,0.0,13.8,101.3
M13,2024-03-31,101.3,90.0,19.7,171.6
M13,2024-04-07,171.6,0.0,19.9,151.7
M13,2024-04-14,151.7,0.0,15.0,136.7
M13,2024-04-21,136.7,0.0,17.7,119.0
M13,2024-04-28,119.0,0.0,16.4,102.6
M13,2024-05-05,102.6,90.0,17.4,175.2
M13,2024-05-12,175.2,0.0,17.9,157.3
M13,2024-05-19,157.3,0.0,22.4,134.9
M13,2024-05-26,134.9,0.0,17.9,116.9
M13,2024-06-02,116.9,0.0,17.4,99.6
M13,2024-06-09,99.6,100.0,24.0,175.6
M13,2024-06-16,175.6,0.0,22.2,153.3
M13,2024-06-23,153.3,0.0,24.8,128.6
M13,2024-06-30,128.6,0.0,21.4,107.1
M13,2024-07-07,107.1,100.0,21.6,185.5
M13,2024-07-14,185.5,0.0,30.6,154.9
M13,2024-07-21,154.9,0.0,19.5,135.4
M13,2024-07-28,135.4,0.0,16.6,118.8
M13,2024-08-04,118.8,0.0,30.2,88.6
M13,2024-08-11,88.6,90.0,26.3,152.2
M13,2024-08-18,152.2,0.0,18.7,133.5
M13,2024-08-25,133.5,0.0,24.8,108.8
M13,2024-09-01,108.8,100.0,27.9,180.9
M13,2024-09-08,180.9,0.0,23.2,157.7
M13,2024-09-15,157.7,0.0,31.6,126.1
M13,2024-09-22,126.1,100.0,43.7,182.4
M13,2024-09-29,182.4,0.0,25.4,157.1
M13,2024-10-06,157.1,120.0,59.5,217.6
M13,2024-10-13,217.6,0.0,65.9,151.7
M13,2024-10-20,151.7,130.0,72.5,209.1
M13,2024-10-27,209.1,0.0,50.3,158.8
M13,2024-11-03,158.8,150.0,48.6,260.3
M13,2024-11-10,260.3,0.0,105.7,154.6
M13,2024-11-17,154.6,100.0,41.5,213.0
M13,2024-11-24,213.0,0.0,60.3,152.8
M13,2024-12-01,152.8,0.0,60.4,92.3
M13,2024-12-08,92.3,120.0,52.3,160.1
M13,2024-12-15,160.1,0.0,13.3,146.8
M13,2024-12-22,146.8,0.0,32.0,114.8
M13,2024-12-29,114.8,100.0,0.8,214.1
M13,2025-01-05,214.1,0.0,56.6,157.5
M14,2022-01-30,201.8,0.0,9.4,192.4
M14,2022-02-06,192.4,0.0,12.5,180.0
M14,2022-02-13,180.0,0.0,19.3,160.7
M14,2022-02-20,160.7,0.0,13.1,147.6
M14,2022-02-27,147.6,0.0,14.8,132.8
M14,2022-03-06,132.8,0.0,24.6,108.2
M14,2022-03-13,108.2,90.0,16.0,182.2
M14,2022-03-20,182.2,0.0,13.8,168.4
M14,2022-03-27,168.4,0.0,19.5,148.9
M14,2022-04-03,148.9,0.0,24.8,124.1
M14,2022-04-10,124.1,0.0,18.5,105.6
M14,2022-04-17,105.6,120.0,12.7,212.9
M14,2022-04-24,212.9,0.0,38.4,174.5
M14,2022-05-01,174.5,0.0,21.8,152.6
M14,2022-05-08,152.6,90.0,31.6,211.1
M14,2022-05-15,211.1,0.0,42.3,168.7
M14,2022-05-22,168.7,110.0,64.9,213.8
M14,2022-05-29,213.8,0.0,37.8,176.0
M14,2022-06-05,176.0,100.0,53.6,222.4
M14,2022-06-12,222.4,0.0,51.3,171.1
M14,2022-06-19,171.1,100.0,55.0,216.1
M14,2022-06-26,216.1,0.0,42.1,174.0
M14,2022-07-03,174.0,0.0,40.4,133.6
M14,2022-07-10,133.6,140.0,35.3,238.3
M14,2022-07-17,238.3,0.0,61.0,177.3
M14,2022-07-24,177.3,100.0,45.8,231.4
M14,2022-07-31,231.4,0.0,53.4,178.0
M14,2022-08-07,178.0,110.0,55.0,233.0
M14,2022-08-14,233.0,0.0,55.6,177.4
M14,2022-08-21,177.4,90.0,40.0,227.5
M14,2022-08-28,227.5,0.0,53.4,174.0
M14,2022-09-04,174.0,120.0,49.1,244.9
M14,2022-09-11,244.9,0.0,67.7,177.2
M14,2022-09-18,177.2,0.0,25.9,151.3
M14,2022-09-25,151.3,0.0,24.4,126.9
M14,2022-10-02,126.9,100.0,21.3,205.7
M14,2022-10-09,205.7,0.0,28.9,176.8
M14,2022-10-16,176.8,0.0,20.7,156.1
M14,2022-10-23,156.1,0.0,7.8,148.3
M14,2022-10-30,148.3,0.0,20.9,127.5
M14,2022-11-06,127.5,0.0,20.5,107.0
M14,2022-11-13,107.0,100.0,13.3,193.7
M14,2022-11-20,193.7,0.0,16.2,177.5
M14,2022-11-27,177.5,0.0,12.3,165.3
M14,2022-12-04,165.3,0.0,20.5,144.8
M14,2022-12-11,144.8,0.0,16.4,128.4
M14,2022-12-18,128.4,0.0,12.3,116.1
M14,2022-12-25,116.1,0.0,13.6,102.5
M14,2023-01-01,102.5,100.0,12.9,189.6
M14,2023-01-08,189.6,0.0,11.7,177.9
M14,2023-01-15,177.9,0.0,23.2,154.7
M14,2023-01-22,154.7,0.0,10.9,143.8
M14,2023-01-29,143.8,0.0,12.7,131.1
M14,2023-02-05,131.1,0.0,21.3,109.8
M14,2023-02-12,109.8,90.0,11.9,188.0
M14,2023-02-19,188.0,0.0,18.9,169.0
M14,2023-02-26,169.0,0.0,24.6,144.5
M14,2023-03-05,144.5,90.0,29.8,204.6
M14,2023-03-12,204.6,0.0,32.0,172.7
M14,2023-03-19,172.7,0.0,23.4,149.3
M14,2023-03-26,149.3,0.0,24.2,125.1
M14,2023-04-02,125.1,100.0,23.6,201.5
M14,2023-04-09,201.5,0.0,25.5,175.9
M14,2023-04-16,175.9,0.0,20.5,155.5
M14,2023-04-23,155.5,0.0,25.5,129.9
M14,2023-04-30,129.9,0.0,20.7,109.2
M14,2023-05-07,109.2,130.0,20.5,218.8
M14,2023-05-14,218.8,0.0,43.3,175.5
M14,2023-05-21,175.5,100.0,49.7,225.8
M14,2023-05-28,225.8,0.0,49.5,176.2
M14,2023-06-04,176.2,100.0,54.2,222.0
M14,2023-06-11,222.0,0.0,52.5,169.6
M14,2023-06-18,169.6,110.0,51.1,228.5
M14,2023-06-25,228.5,0.0,57.3,171.1
M14,2023-07-02,171.1,130.0,67.1,234.1
M14,2023-07-09,234.1,0.0,63.8,170.3
M14,2023-07-16,170.3,110.0,44.7,235.6
M14,2023-07-23,235.6,0.0,62.4,173.2
M14,2023-07-30,173.2,100.0,42.7,230.5
M14,2023-08-06,230.5,0.0,53.8,176.7
M14,2023-08-13,176.7,100.0,49.3,227.4
M14,2023-08-20,227.4,0.0,52.8,174.5
M14,2023-08-27,174.5,120.0,69.0,225.5
M14,2023-09-03,225.5,0.0,53.8,171.7
M14,2023-09-10,171.7,90.0,61.8,199.9
M14,2023-09-17,199.9,0.0,30.6,169.3
M14,2023-09-24,169.3,0.0,19.9,149.4
M14,2023-10-01,149.4,0.0,33.7,115.6
M14,2023-10-08,115.6,0.0,11.9,103.7
M14,2023-10-15,103.7,110.0,12.3,201.4
M14,2023-10-22,201.4,0.0,25.0,176.5
M14,2023-10-29,176.5,0.0,11.9,164.6
M14,2023-11-05,164.6,0.0,12.3,152.3
M14,2023-11-12,152.3,0.0,15.8,136.5
M14,2023-11-19,136.5,0.0,20.7,115.8
M14,2023-11-26,115.8,0.0,13.1,102.8
M14,2023-12-03,102.8,110.0,15.0,197.8
M14,2023-12-10,197.8,0.0,21.1,176.7
M14,2023-12-17,176.7,0.0,13.1,163.6
M14,2023-12-24,163.6,0.0,25.0,138.7
M14,2023-12-31,138.7,0.0,19.1,119.6
M14,2024-01-07,119.6,100.0,21.8,197.7
M14,2024-01-14,197.7,0.0,23.0,174.7
M14,2024-01-21,174.7,0.0,23.8,150.9
M14,2024-01-28,150.9,0.0,13.6,137.3
M14,2024-02-04,137.3,0.0,16.6,120.7
M14,2024-02-11,120.7,110.0,18.9,211.8
M14,2024-02-18,211.8,0.0,37.2,174.5
M14,2024-02-25,174.5,0.0,17.9,156.6
M14,2024-03-03,156.6,0.0,33.2,123.5
M14,2024-03-10,123.5,100.0,21.6,201.8
M14,2024-03-17,201.8,0.0,28.5,173.3
M14,2024-03-24,173.3,0.0,24.8,148.6
M14,2024-03-31,148.6,0.0,26.3,122.2
M14,2024-04-07,122.2,120.0,35.5,206.8
M14,2024-04-14,206.8,0.0,31.2,175.6
M14,2024-04-21,175.6,0.0,33.9,141.6
M14,2024-04-28,141.6,90.0,23.6,208.0
M14,2024-05-05,208.0,0.0,34.3,173.7
M14,2024-05-12,173.7,90.0,43.9,219.8
M14,2024-05-19,219.8,0.0,50.1,169.7
M14,2024-05-26,169.7,110.0,39.0,240.7
M14,2024-06-02,240.7,0.0,63.6,177.2
M14,2024-06-09,177.2,130.0,72.0,235.2
M14,2024-06-16,235.2,0.0,58.5,176.7
M14,2024-06-23,176.7,140.0,62.4,254.3
M14,2024-06-30,254.3,0.0,78.2,176.1
M14,2024-07-07,176.1,140.0,69.6,246.5
M14,2024-07-14,246.5,0.0,73.1,173.4
M14,2024-07-21,173.4,160.0,70.0,263.4
M14,2024-07-28,263.4,0.0,85.2,178.1
M14,2024-08-04,178.1,130.0,62.0,246.1
M14,2024-08-11,246.1,0.0,75.1,171.1
M14,2024-08-18,171.1,130.0,64.2,236.9
M14,2024-08-25,236.9,0.0,62.6,174.3
M14,2024-09-01,174.3,120.0,47.2,247.1
M14,2024-09-08,247.1,0.0,71.6,175.6
M14,2024-09-15,175.6,0.0,36.3,139.3
M14,2024-09-22,139.3,0.0,33.2,106.1
M14,2024-09-29,106.1,90.0,25.4,170.8
M14,2024-10-06,170.8,0.0,40.0,130.8
M14,2024-10-13,130.8,90.0,21.1,199.8
M14,2024-10-20,199.8,0.0,29.6,170.1
M14,2024-10-27,170.1,0.0,12.1,158.0
M14,2024-11-03,158.0,0.0,19.1,138.9
M14,2024-11-10,138.9,0.0,18.1,120.8
M14,2024-11-17,120.8,100.0,23.6,197.2
M14,2024-11-24,197.2,0.0,23.6,173.6
M14,2024-12-01,173.6,0.0,28.9,144.7
M14,2024-12-08,144.7,0.0,10.7,134.0
M14,2024-12-15,134.0,0.0,9.8,124.3
M14,2024-12-22,124.3,0.0,28.7,95.6
M14,2024-12-29,95.6,140.0,10.7,224.9
M14,2025-01-05,224.9,0.0,52.6,172.2
M15,2022-01-02,122.5,0.0,7.5,115.0
M15,2022-01-09,115.0,0.0,20.9,94.1
M15,2022-01-16,94.1,0.0,24.5,69.6
M15,2022-01-23,69.6,0.0,20.0,49.6
M15,2022-01-30,49.6,0.0,7.7,41.8
M15,2022-02-06,41.8,40.0,16.8,65.1
M15,2022-02-13,65.1,0.0,8.6,56.5
M15,2022-02-20,56.5,0.0,4.6,51.9
M15,2022-02-27,51.9,0.0,6.4,45.5
M15,2022-03-06,45.5,0.0,7.4,38.0
M15,2022-03-13,38.0,0.0,4.6,33.4
M15,2022-03-20,33.4,30.0,6.4,57.1
M15,2022-03-27,57.1,0.0,5.3,51.8
M15,2022-04-03,51.8,0.0,3.8,47.9
M15,2022-04-10,47.9,0.0,4.7,43.2
M15,2022-04-17,43.2,0.0,8.0,35.2
M15,2022-04-24,35.2,30.0,7.4,57.8
M15,2022-05-01,57.8,0.0,5.5,52.3
M15,2022-05-08,52.3,0.0,5.6,46.7
M15,2022-05-15,46.7,0.0,7.4,39.3
M15,2022-05-22,39.3,0.0,5.7,33.7
M15,2022-05-29,33.7,30.0,6.5,57.2
M15,2022-06-05,57.2,0.0,6.1,51.1
M15,2022-06-12,51.1,0.0,5.8,45.3
M15,2022-06-19,45.3,0.0,8.4,36.9
M15,2022-06-26,36.9,30.0,6.3,60.6
M15,2022-07-03,60.6,0.0,6.9,53.8
M15,2022-07-10,53.8,0.0,5.3,48.5
M15,2022-07-17,48.5,0.0,6.2,42.3
M15,2022-07-24,42.3,0.0,7.4,35.0
M15,2022-07-31,35.0,30.0,6.6,58.4
M15,2022-08-07,58.4,0.0,4.3,54.1
M15,2022-08-14,54.1,0.0,7.5,46.5
M15,2022-08-21,46.5,0.0,6.6,40.0
M15,2022-08-28,40.0,0.0,4.0,35.9
M15,2022-09-04,35.9,40.0,7.6,68.3
M15,2022-09-11,68.3,0.0,10.2,58.1
M15,2022-09-18,58.1,0.0,13.8,44.3
M15,2022-09-25,44.3,30.0,12.8,61.5
M15,2022-10-02,61.5,0.0,11.6,49.9
M15,2022-10-09,49.9,0.0,13.2,36.7
M15,2022-10-16,36.7,50.0,10.5,76.2
M15,2022-10-23,76.2,0.0,20.8,55.4
M15,2022-10-30,55.4,30.0,14.4,71.0
M15,2022-11-06,71.0,0.0,19.7,51.3
M15,2022-11-13,51.3,50.0,22.0,79.2
M15,2022-11-20,79.2,0.0,22.0,57.3
M15,2022-11-27,57.3,40.0,19.2,78.1
M15,2022-12-04,78.1,0.0,25.2,52.9
M15,2022-12-11,52.9,30.0,14.2,68.7
M15,2022-12-18,68.7,0.0,15.0,53.7
M15,2022-12-25,53.7,50.0,24.5,79.2
M15,2023-01-01,79.2,0.0,23.7,55.5
M15,2023-01-08,55.5,40.0,20.3,75.2
M15,2023-01-15,75.2,0.0,22.6,52.6
M15,2023-01-22,52.6,40.0,17.3,75.2
M15,2023-01-29,75.2,0.0,18.5,56.7
M15,2023-02-05,56.7,0.0,18.2,38.5
M15,2023-02-12,38.5,40.0,12.6,65.8
M15,2023-02-19,65.8,0.0,7.7,58.1
M15,2023-02-26,58.1,0.0,8.5,49.5
M15,2023-03-05,49.5,0.0,8.3,41.2
M15,2023-03-12,41.2,0.0,6.4,34.8
M15,2023-03-19,34.8,30.0,7.5,57.3
M15,2023-03-26,57.3,0.0,6.9,50.4
M15,2023-04-02,50.4,0.0,5.3,45.1
M15,2023-04-09,45.1,0.0,6.3,38.9
M15,2023-04-16,38.9,0.0,6.8,32.1
M15,2023-04-23,32.1,30.0,5.3,56.8
M15,2023-04-30,56.8,0.0,5.8,51.0
M15,2023-05-07,51.0,0.0,4.2,46.8
M15,2023-05-14,46.8,0.0,6.1,40.7
M15,2023-05-21,40.7,0.0,8.0,32.7
M15,2023-05-28,32.7,30.0,7.4,55.4
M15,2023-06-04,55.4,0.0,3.9,51.4
M15,2023-06-11,51.4,0.0,8.1,43.3
M15,2023-06-18,43.3,0.0,8.4,34.9
M15,2023-06-25,34.9,30.0,5.3,59.6
M15,2023-07-02,59.6,0.0,5.6,54.0
M15,2023-07-09,54.0,0.0,7.5,46.5
M15,2023-07-16,46.5,0.0,9.9,36.6
M15,2023-07-23,36.6,0.0,5.1,31.5
M15,2023-07-30,31.5,40.0,5.5,66.0
M15,2023-08-06,66.0,0.0,9.1,56.9
M15,2023-08-13,56.9,0.0,6.3,50.6
M15,2023-08-20,50.6,0.0,5.4,45.2
M15,2023-08-27,45.2,0.0,6.8,38.4
M15,2023-09-03,38.4,30.0,7.4,61.1
M15,2023-09-10,61.1,0.0,7.5,53.5
M15,2023-09-17,53.5,0.0,10.8,42.8
M15,2023-09-24,42.8,30.0,9.3,63.5
M15,2023-10-01,63.5,0.0,11.6,51.9
M15,2023-10-08,51.9,0.0,10.5,41.4
M15,2023-10-15,41.4,50.0,13.6,77.8
M15,2023-10-22,77.8,0.0,25.5,52.3
M15,2023-10-29,52.3,40.0,19.2,73.1
M15,2023-11-05,73.1,0.0,20.6,52.5
M15,2023-11-12,52.5,50.0,17.2,85.3
M15,2023-11-19,85.3,0.0,28.1,57.1
M15,2023-11-26,57.1,30.0,17.2,70.0
M15,2023-12-03,70.0,0.0,17.2,52.7
M15,2023-12-10,52.7,60.0,27.0,85.8
M15,2023-12-17,85.8,0.0,30.6,55.2
M15,2023-12-24,55.2,40.0,16.4,78.8
M15,2023-12-31,78.8,0.0,27.4,51.4
M15,2024-01-07,51.4,50.0,19.6,81.8
M15,2024-01-14,81.8,0.0,23.3,58.5
M15,2024-01-21,58.5,50.0,22.1,86.3
M15,2024-01-28,86.3,0.0,29.4,56.9
M15,2024-02-04,56.9,40.0,24.8,72.1
M15,2024-02-11,72.1,0.0,17.5,54.6
M15,2024-02-18,54.6,0.0,10.7,43.9
M15,2024-02-25,43.9,0.0,8.7,35.2
M15,2024-03-03,35.2,40.0,4.4,70.8
M15,2024-03-10,70.8,0.0,12.2,58.6
M15,2024-03-17,58.6,0.0,10.3,48.3
M15,2024-03-24,48.3,0.0,9.1,39.2
M15,2024-03-31,39.2,0.0,4.9,34.3
M15,2024-04-07,34.3,40.0,6.9,67.5
M15,2024-04-14,67.5,0.0,10.3,57.2
M15,2024-04-21,57.2,0.0,11.0,46.2
M15,2024-04-28,46.2,0.0,12.3,33.9
M15,2024-05-05,33.9,30.0,6.2,57.7
M15,2024-05-12,57.7,0.0,4.9,52.8
M15,2024-05-19,52.8,0.0,12.2,40.5
M15,2024-05-26,40.5,0.0,6.2,34.4
M15,2024-06-02,34.4,30.0,5.9,58.5
M15,2024-06-09,58.5,0.0,8.2,50.2
M15,2024-06-16,50.2,0.0,9.3,40.9
M15,2024-06-23,40.9,0.0,7.5,33.4
M15,2024-06-30,33.4,30.0,9.9,53.5
M15,2024-07-07,53.5,0.0,8.5,45.0
M15,2024-07-14,45.0,0.0,7.1,37.9
M15,2024-07-21,37.9,40.0,11.6,66.3
M15,2024-07-28,66.3,0.0,11.3,55.1
M15,2024-08-04,55.1,0.0,7.4,47.6
M15,2024-08-11,47.6,0.0,10.6,37.0
M15,2024-08-18,37.0,40.0,12.2,64.9
M15,2024-08-25,64.9,0.0,11.4,53.5
M15,2024-09-01,53.5,0.0,13.1,40.4
M15,2024-09-08,40.4,40.0,12.2,68.1
M15,2024-09-15,68.1,0.0,11.4,56.8
M15,2024-09-22,56.8,40.0,20.1,76.7
M15,2024-09-29,76.7,0.0,20.6,56.1
M15,2024-10-06,56.1,50.0,19.2,86.9
M15,2024-10-13,86.9,0.0,31.3,55.6
M15,2024-10-20,55.6,50.0,30.9,74.8
M15,2024-10-27,74.8,0.0,17.2,57.6
M15,2024-11-03,57.6,40.0,24.3,73.3
M15,2024-11-10,73.3,0.0,22.3,51.0
M15,2024-11-17,51.0,40.0,14.8,76.2
M15,2024-11-24,76.2,30.0,24.0,82.2
M15,2024-12-01,82.2,0.0,29.6,52.6
M15,2024-12-08,52.6,30.0,22.3,60.2
M15,2024-12-15,60.2,0.0,9.2,51.0
M15,2024-12-22,51.0,0.0,15.5,35.5
M15,2024-12-29,35.5,40.0,2.4,73.1
M15,2025-01-05,73.1,0.0,18.6,54.5
M16,2022-01-09,73.8,0.0,7.0,66.8
M16,2022-01-16,66.8,0.0,4.5,62.3
M16,2022-01-23,62.3,0.0,8.0,54.3
M16,2022-01-30,54.3,0.0,9.6,44.7
M16,2022-02-06,44.7,40.0,6.6,78.1
M16,2022-02-13,78.1,0.0,10.5,67.6
M16,2022-02-20,67.6,0.0,10.1,57.5
M16,2022-02-27,57.5,0.0,11.0,46.6
M16,2022-03-06,46.6,50.0,14.0,82.6
M16,2022-03-13,82.6,0.0,12.6,69.9
M16,2022-03-20,69.9,0.0,12.8,57.1
M16,2022-03-27,57.1,0.0,11.0,46.1
M16,2022-04-03,46.1,40.0,11.1,75.0
M16,2022-04-10,75.0,0.0,13.1,61.9
M16,2022-04-17,61.9,0.0,8.6,53.3
M16,2022-04-24,53.3,40.0,7.9,85.3
M16,2022-05-01,85.3,0.0,14.6,70.7
M16,2022-05-08,70.7,0.0,13.6,57.1
M16,2022-05-15,57.1,0.0,14.0,43.1
M16,2022-05-22,43.1,40.0,11.5,71.6
M16,2022-05-29,71.6,0.0,9.8,61.8
M16,2022-06-05,61.8,0.0,10.8,51.0
M16,2022-06-12,51.0,0.0,6.8,44.3
M16,2022-06-19,44.3,40.0,6.5,77.8
M16,2022-06-26,77.8,0.0,8.9,68.9
M16,2022-07-03,68.9,0.0,6.0,62.9
M16,2022-07-10,62.9,0.0,7.3,55.7
M16,2022-07-17,55.7,0.0,8.1,47.5
M16,2022-07-24,47.5,40.0,5.5,82.0
M16,2022-07-31,82.0,0.0,14.0,68.0
M16,2022-08-07,68.0,0.0,11.5,56.6
M16,2022-08-14,56.6,0.0,15.0,41.6
M16,2022-08-21,41.6,50.0,10.1,81.5
M16,2022-08-28,81.5,0.0,11.3,70.2
M16,2022-09-04,70.2,0.0,12.4,57.8
M16,2022-09-11,57.8,0.0,6.6,51.2
M16,2022-09-18,51.2,50.0,13.6,87.6
M16,2022-09-25,87.6,0.0,22.6,64.9
M16,2022-10-02,64.9,0.0,24.3,40.6
M16,2022-10-09,40.6,50.0,20.4,70.3
M16,2022-10-16,70.3,0.0,13.8,56.4
M16,2022-10-23,56.4,0.0,8.2,48.2
M16,2022-10-30,48.2,0.0,10.1,38.1
M16,2022-11-06,38.1,0.0,7.0,31.1
M16,2022-11-13,31.1,50.0,12.9,68.2
M16,2022-11-20,68.2,0.0,14.3,53.9
M16,2022-11-27,53.9,40.0,12.5,81.4
M16,2022-12-04,81.4,0.0,11.0,70.4
M16,2022-12-11,70.4,0.0,9.2,61.2
M16,2022-12-18,61.2,0.0,9.1,52.1
M16,2022-12-25,52.1,0.0,12.6,39.4
M16,2023-01-01,39.4,0.0,7.8,31.6
M16,2023-01-08,31.6,40.0,7.4,64.1
M16,2023-01-15,64.1,0.0,8.7,55.4
M16,2023-01-22,55.4,40.0,16.3,79.1
M16,2023-01-29,79.1,0.0,13.3,65.8
M16,2023-02-05,65.8,0.0,7.3,58.6
M16,2023-02-12,58.6,0.0,8.6,49.9
M16,2023-02-19,49.9,40.0,8.2,81.7
M16,2023-02-26,81.7,0.0,15.1,66.6
M16,2023-03-05,66.6,0.0,12.9,53.7
M16,2023-03-12,53.7,40.0,11.3,82.4
M16,2023-03-19,82.4,0.0,12.5,69.9
M16,2023-03-26,69.9,0.0,14.3,55.6
M16,2023-04-02,55.6,0.0,10.0,45.6
M16,2023-04-09,45.6,40.0,6.8,78.8
M16,2023-04-16,78.8,0.0,13.3,65.5
M16,2023-04-23,65.5,0.0,12.2,53.2
M16,2023-04-30,53.2,40.0,11.4,81.8
M16,2023-05-07,81.8,0.0,11.5,70.4
M16,2023-05-14,70.4,0.0,12.2,58.2
M16,2023-05-21,58.2,0.0,13.0,45.2
M16,2023-05-28,45.2,40.0,5.3,79.9
M16,2023-06-04,79.9,0.0,13.0,66.9
M16,2023-06-11,66.9,0.0,10.6,56.3
M16,2023-06-18,56.3,0.0,11.2,45.1
M16,2023-06-25,45.1,50.0,11.6,83.6
M16,2023-07-02,83.6,0.0,12.2,71.4
M16,2023-07-09,71.4,0.0,11.2,60.2
M16,2023-07-16,60.2,0.0,13.2,47.0
M16,2023-07-23,47.0,40.0,8.5,78.5
M16,2023-07-30,78.5,0.0,14.1,64.4
M16,2023-08-06,64.4,0.0,9.3,55.0
M16,2023-08-13,55.0,40.0,15.9,79.2
M16,2023-08-20,79.2,0.0,11.8,67.4
M16,2023-08-27,67.4,0.0,14.7,52.7
M16,2023-09-03,52.7,0.0,7.1,45.7
M16,2023-09-10,45.7,40.0,8.2,77.4
M16,2023-09-17,77.4,0.0,10.7,66.7
M16,2023-09-24,66.7,40.0,17.7,89.0
M16,2023-10-01,89.0,0.0,23.2,65.8
M16,2023-10-08,65.8,0.0,13.7,52.1
M16,2023-10-15,52.1,40.0,12.7,79.3
M16,2023-10-22,79.3,0.0,13.4,65.9
M16,2023-10-29,65.9,0.0,9.7,56.2
M16,2023-11-05,56.2,0.0,9.0,47.2
M16,2023-11-12,47.2,40.0,7.7,79.4
M16,2023-11-19,79.4,0.0,16.2,63.3
M16,2023-11-26,63.3,0.0,17.7,45.5
M16,2023-12-03,45.5,50.0,13.5,82.0
M16,2023-12-10,82.0,0.0,12.3,69.7
M16,2023-12-17,69.7,0.0,13.3,56.3
M16,2023-12-24,56.3,0.0,8.6,47.7
M16,2023-12-31,47.7,0.0,7.8,39.9
M16,2024-01-07,39.9,50.0,8.5,81.3
M16,2024-01-14,81.3,0.0,15.7,65.7
M16,2024-01-21,65.7,0.0,17.5,48.1
M16,2024-01-28,48.1,50.0,14.8,83.3
M16,2024-02-04,83.3,0.0,15.4,67.9
M16,2024-02-11,67.9,0.0,9.6,58.3
M16,2024-02-18,58.3,40.0,15.3,83.0
M16,2024-02-25,83.0,0.0,15.2,67.8
M16,2024-03-03,67.8,0.0,18.3,49.5
M16,2024-03-10,49.5,50.0,9.6,89.9
M16,2024-03-17,89.9,0.0,19.1,70.8
M16,2024-03-24,70.8,0.0,19.4,51.4
M16,2024-03-31,51.4,40.0,9.4,82.0
M16,2024-04-07,82.0,0.0,12.7,69.3
M16,2024-04-14,69.3,0.0,10.4,58.9
M16,2024-04-21,58.9,40.0,17.0,81.9
M16,2024-04-28,81.9,0.0,11.9,70.1
M16,2024-05-05,70.1,0.0,17.9,52.1
M16,2024-05-12,52.1,50.0,19.9,82.2
M16,2024-05-19,82.2,0.0,15.8,66.4
M16,2024-05-26,66.4,0.0,15.3,51.2
M16,2024-06-02,51.2,0.0,12.2,38.9
M16,2024-06-09,38.9,50.0,7.9,81.0
M16,2024-06-16,81.0,0.0,11.0,70.0
M16,2024-06-23,70.0,0.0,6.9,63.1
M16,2024-06-30,63.1,0.0,18.1,45.0
M16,2024-07-07,45.0,50.0,10.6,84.4
M16,2024-07-14,84.4,0.0,16.8,67.7
M16,2024-07-21,67.7,0.0,8.7,58.9
M16,2024-07-28,58.9,0.0,15.1,43.9
M16,2024-08-04,43.9,50.0,8.2,85.6
M16,2024-08-11,85.6,0.0,17.2,68.4
M16,2024-08-18,68.4,0.0,8.9,59.5
M16,2024-08-25,59.5,40.0,14.6,84.9
M16,2024-09-01,84.9,0.0,16.4,68.5
M16,2024-09-08,68.5,40.0,13.2,95.3
M16,2024-09-15,95.3,0.0,31.0,64.3
M16,2024-09-22,64.3,40.0,26.4,77.9
M16,2024-09-29,77.9,0.0,14.6,63.3
M16,2024-10-06,63.3,50.0,29.8,83.5
M16,2024-10-13,83.5,0.0,15.5,68.0
M16,2024-10-20,68.0,0.0,12.4,55.6
M16,2024-10-27,55.6,0.0,8.1,47.5
M16,2024-11-03,47.5,40.0,16.0,71.5
M16,2024-11-10,71.5,0.0,8.8,62.7
M16,2024-11-17,62.7,0.0,10.1,52.6
M16,2024-11-24,52.6,50.0,13.1,89.4
M16,2024-12-01,89.4,0.0,18.4,71.0
M16,2024-12-08,71.0,0.0,11.0,60.0
M16,2024-12-15,60.0,0.0,1.0,59.1
M16,2024-12-22,59.1,0.0,6.8,52.3
M16,2024-12-29,52.3,40.0,10.7,81.6
M16,2025-01-05,81.6,0.0,19.0,62.6
M17,2022-01-02,117.6,0.0,15.0,102.6
M17,2022-01-09,102.6,0.0,19.6,83.0
M17,2022-01-16,83.0,0.0,14.9,68.1
M17,2022-01-23,68.1,0.0,14.6,53.5
M17,2022-01-30,53.5,40.0,17.6,75.9
M17,2022-02-06,75.9,0.0,11.7,64.2
M17,2022-02-13,64.2,0.0,10.6,53.6
M17,2022-02-20,53.6,0.0,4.5,49.1
M17,2022-02-27,49.1,0.0,4.4,44.7
M17,2022-03-06,44.7,0.0,9.2,35.5
M17,2022-03-13,35.5,40.0,4.5,71.0
M17,2022-03-20,71.0,0.0,4.4,66.6
M17,2022-03-27,66.6,0.0,6.4,60.2
M17,2022-04-03,60.2,0.0,7.7,52.5
M17,2022-04-10,52.5,0.0,7.4,45.1
M17,2022-04-17,45.1,0.0,5.6,39.5
M17,2022-04-24,39.5,40.0,5.3,74.2
M17,2022-05-01,74.2,0.0,7.3,67.0
M17,2022-05-08,67.0,0.0,5.8,61.2
M17,2022-05-15,61.2,0.0,8.8,52.4
M17,2022-05-22,52.4,0.0,8.2,44.1
M17,2022-05-29,44.1,0.0,4.8,39.3
M17,2022-06-05,39.3,40.0,5.2,74.2
M17,2022-06-12,74.2,0.0,8.1,66.0
M17,2022-06-19,66.0,0.0,4.8,61.2
M17,2022-06-26,61.2,0.0,2.8,58.4
M17,2022-07-03,58.4,0.0,4.3,54.1
M17,2022-07-10,54.1,0.0,8.3,45.7
M17,2022-07-17,45.7,0.0,6.0,39.8
M17,2022-07-24,39.8,40.0,5.2,74.6
M17,2022-07-31,74.6,0.0,7.0,67.6
M17,2022-08-07,67.6,0.0,5.9,61.7
M17,2022-08-14,61.7,0.0,7.0,54.8
M17,2022-08-21,54.8,0.0,8.1,46.6
M17,2022-08-28,46.6,0.0,10.1,36.5
M17,2022-09-04,36.5,50.0,6.0,80.6
M17,2022-09-11,80.6,0.0,10.3,70.3
M17,2022-09-18,70.3,0.0,10.7,59.6
M17,2022-09-25,59.6,0.0,15.8,43.8
M17,2022-10-02,43.8,40.0,13.3,70.5
M17,2022-10-09,70.5,0.0,5.4,65.1
M17,2022-10-16,65.1,0.0,16.9,48.2
M17,2022-10-23,48.2,60.0,17.2,91.1
M17,2022-10-30,91.1,0.0,24.6,66.5
M17,2022-11-06,66.5,50.0,18.5,98.0
M17,2022-11-13,98.0,0.0,29.8,68.2
M17,2022-11-20,68.2,40.0,25.3,82.9
M17,2022-11-27,82.9,0.0,16.4,66.5
M17,2022-12-04,66.5,50.0,29.1,87.4
M17,2022-12-11,87.4,0.0,21.2,66.2
M17,2022-12-18,66.2,0.0,21.5,44.8
M17,2022-12-25,44.8,40.0,14.9,69.9
M17,2023-01-01,69.9,0.0,15.4,54.5
M17,2023-01-08,54.5,60.0,21.8,92.7
M17,2023-01-15,92.7,0.0,23.1,69.6
M17,2023-01-22,69.6,0.0,23.6,46.0
M17,2023-01-29,46.0,60.0,14.3,91.7
M17,2023-02-05,91.7,0.0,22.3,69.3
M17,2023-02-12,69.3,0.0,6.8,62.6
M17,2023-02-19,62.6,0.0,8.1,54.5
M17,2023-02-26,54.5,0.0,6.3,48.2
M17,2023-03-05,48.2,0.0,7.4,40.8
M17,2023-03-12,40.8,40.0,7.6,73.2
M17,2023-03-19,73.2,0.0,6.5,66.7
M17,2023-03-26,66.7,0.0,7.7,59.0
M17,2023-04-02,59.0,0.0,7.0,52.0
M17,2023-04-09,52.0,0.0,8.5,43.5
M17,2023-04-16,43.5,0.0,5.7,37.8
M17,2023-04-23,37.8,0.0,6.5,31.3
M17,2023-04-30,31.3,40.0,8.2,63.1
M17,2023-05-07,63.1,0.0,3.4,59.7
M17,2023-05-14,59.7,0.0,8.4,51.3
M17,2023-05-21,51.3,0.0,7.7,43.5
M17,2023-05-28,43.5,0.0,6.0,37.5
M17,2023-06-04,37.5,40.0,5.0,72.5
M17,2023-06-11,72.5,0.0,7.2,65.4
M17,2023-06-18,65.4,0.0,9.8,55.6
M17,2023-06-25,55.6,0.0,5.5,50.1
M17,2023-07-02,50.1,0.0,9.2,40.9
M17,2023-07-09,40.9,40.0,3.5,77.4
M17,2023-07-16,77.4,0.0,8.6,68.7
M17,2023-07-23,68.7,0.0,6.1,62.7
M17,2023-07-30,62.7,0.0,5.1,57.6
M17,2023-08-06,57.6,0.0,9.9,47.7
M17,2023-08-13,47.7,0.0,6.2,41.5
M17,2023-08-20,41.5,40.0,7.0,74.5
M17,2023-08-27,74.5,0.0,8.6,65.9
M17,2023-09-03,65.9,0.0,11.4,54.5
M17,2023-09-10,54.5,0.0,10.1,44.4
M17,2023-09-17,44.4,0.0,5.7,38.8
M17,2023-09-24,38.8,50.0,6.5,82.3
M17,2023-10-01,82.3,0.0,18.7,63.6
M17,2023-10-08,63.6,0.0,15.3,48.3
M17,2023-10-15,48.3,50.0,16.9,81.4
M17,2023-10-22,81.4,0.0,20.0,61.4
M17,2023-10-29,61.4,50.0,31.0,80.5
M17,2023-11-05,80.5,0.0,20.1,60.4
M17,2023-11-12,60.4,60.0,27.5,92.8
M17,2023-11-19,92.8,0.0,22.6,70.2
M17,2023-11-26,70.2,0.0,11.8,58.4
M17,2023-12-03,58.4,50.0,24.1,84.3
M17,2023-12-10,84.3,0.0,18.4,65.9
M17,2023-12-17,65.9,50.0,21.4,94.5
M17,2023-12-24,94.5,0.0,30.0,64.6
M17,2023-12-31,64.6,0.0,15.6,49.0
M17,2024-01-07,49.0,50.0,18.7,80.3
M17,2024-01-14,80.3,0.0,11.8,68.5
M17,2024-01-21,68.5,40.0,22.7,85.8
M17,2024-01-28,85.8,0.0,21.5,64.3
M17,2024-02-04,64.3,0.0,17.2,47.1
M17,2024-02-11,47.1,40.0,12.7,74.4
M17,2024-02-18,74.4,0.0,7.8,66.6
M17,2024-02-25,66.6,0.0,9.6,57.0
M17,2024-03-03,57.0,0.0,10.7,46.3
M17,2024-03-10,46.3,0.0,6.9,39.4
M17,2024-03-17,39.4,40.0,6.2,73.2
M17,2024-03-24,73.2,0.0,9.0,64.2
M17,2024-03-31,64.2,0.0,6.9,57.4
M17,2024-04-07,57.4,0.0,10.8,46.6
M17,2024-04-14,46.6,40.0,10.8,75.8
M17,2024-04-21,75.8,0.0,5.9,69.9
M17,2024-04-28,69.9,0.0,6.9,63.1
M17,2024-05-05,63.1,0.0,5.9,57.2
M17,2024-05-12,57.2,0.0,10.6,46.6
M17,2024-05-19,46.6,40.0,15.9,70.7
M17,2024-05-26,70.7,0.0,10.2,60.5
M17,2024-06-02,60.5,0.0,9.6,50.9
M17,2024-06-09,50.9,0.0,6.6,44.4
M17,2024-06-16,44.4,40.0,9.5,74.9
M17,2024-06-23,74.9,0.0,9.3,65.6
M17,2024-06-30,65.6,0.0,9.7,55.9
M17,2024-07-07,55.9,0.0,11.5,44.4
M17,2024-07-14,44.4,40.0,10.7,73.7
M17,2024-07-21,73.7,0.0,8.1,65.6
M17,2024-07-28,65.6,0.0,9.6,56.0
M17,2024-08-04,56.0,0.0,8.0,47.9
M17,2024-08-11,47.9,0.0,8.5,39.4
M17,2024-08-18,39.4,40.0,7.2,72.2
M17,2024-08-25,72.2,0.0,9.2,63.0
M17,2024-09-01,63.0,0.0,3.4,59.6
M17,2024-09-08,59.6,0.0,9.3,50.3
M17,2024-09-15,50.3,40.0,12.1,78.2
M17,2024-09-22,78.2,0.0,17.4,60.8
M17,2024-09-29,60.8,0.0,9.3,51.5
M17,2024-10-06,51.5,50.0,17.2,84.2
M17,2024-10-13,84.2,0.0,18.8,65.4
M17,2024-10-20,65.4,50.0,28.4,87.0
M17,2024-10-27,87.0,0.0,21.7,65.3
M17,2024-11-03,65.3,50.0,27.7,87.6
M17,2024-11-10,87.6,0.0,18.0,69.6
M17,2024-11-17,69.6,40.0,25.0,84.6
M17,2024-11-24,84.6,0.0,20.3,64.3
M17,2024-12-01,64.3,50.0,28.7,85.6
M17,2024-12-08,85.6,0.0,19.6,66.0
M17,2024-12-15,66.0,0.0,8.8,57.2
M17,2024-12-22,57.2,0.0,13.9,43.3
M17,2024-12-29,43.3,40.0,3.4,79.8
M17,2025-01-05,79.8,0.0,18.7,61.1
M18,2022-01-02,86.0,0.0,9.6,76.4
M18,2022-01-09,76.4,0.0,9.1,67.3
M18,2022-01-16,67.3,0.0,5.5,61.8
M18,2022-01-23,61.8,0.0,14.3,47.5
M18,2022-01-30,47.5,0.0,11.1,36.4
M18,2022-02-06,36.4,0.0,10.3,26.1
M18,2022-02-13,26.1,30.0,5.7,50.3
M18,2022-02-20,50.3,0.0,3.4,46.9
M18,2022-02-27,46.9,0.0,4.2,42.7
M18,2022-03-06,42.7,0.0,4.2,38.5
M18,2022-03-13,38.5,0.0,3.4,35.1
M18,2022-03-20,35.1,0.0,4.2,31.0
M18,2022-03-27,31.0,0.0,5.0,25.9
M18,2022-04-03,25.9,30.0,4.9,51.0
M18,2022-04-10,51.0,0.0,6.6,44.4
M18,2022-04-17,44.4,0.0,5.9,38.5
M18,2022-04-24,38.5,0.0,4.9,33.6
M18,2022-05-01,33.6,0.0,3.9,29.7
M18,2022-05-08,29.7,0.0,4.4,25.3
M18,2022-05-15,25.3,30.0,5.2,50.1
M18,2022-05-22,50.1,0.0,4.4,45.8
M18,2022-05-29,45.8,0.0,4.4,41.4
M18,2022-06-05,41.4,0.0,4.4,37.0
M18,2022-06-12,37.0,0.0,4.1,32.9
M18,2022-06-19,32.9,0.0,3.4,29.5
M18,2022-06-26,29.5,30.0,6.6,52.9
M18,2022-07-03,52.9,0.0,4.3,48.6
M18,2022-07-10,48.6,0.0,4.7,43.9
M18,2022-07-17,43.9,0.0,3.8,40.1
M18,2022-07-24,40.1,0.0,5.2,34.9
M18,2022-07-31,34.9,0.0,6.0,28.9
M18,2022-08-07,28.9,30.0,3.9,54.9
M18,2022-08-14,54.9,0.0,5.3,49.6
M18,2022-08-21,49.6,0.0,5.8,43.8
M18,2022-08-28,43.8,0.0,3.5,40.3
M18,2022-09-04,40.3,0.0,5.2,35.1
M18,2022-09-11,35.1,0.0,7.2,27.9
M18,2022-09-18,27.9,30.0,4.2,53.7
M18,2022-09-25,53.7,0.0,6.7,46.9
M18,2022-10-02,46.9,0.0,8.6,38.3
M18,2022-10-09,38.3,0.0,8.2,30.1
M18,2022-10-16,30.1,30.0,11.9,48.2
M18,2022-10-23,48.2,0.0,10.8,37.4
M18,2022-10-30,37.4,30.0,13.2,54.2
M18,2022-11-06,54.2,0.0,13.3,40.9
M18,2022-11-13,40.9,40.0,18.4,62.5
M18,2022-11-20,62.5,0.0,15.8,46.7
M18,2022-11-27,46.7,30.0,21.5,55.2
M18,2022-12-04,55.2,0.0,13.2,42.0
M18,2022-12-11,42.0,30.0,16.6,55.4
M18,2022-12-18,55.4,0.0,9.5,45.9
M18,2022-12-25,45.9,0.0,11.7,34.2
M18,2023-01-01,34.2,30.0,8.4,55.7
M18,2023-01-08,55.7,0.0,9.7,46.0
M18,2023-01-15,46.0,0.0,12.5,33.5
M18,2023-01-22,33.5,30.0,11.8,51.7
M18,2023-01-29,51.7,0.0,8.4,43.3
M18,2023-02-05,43.3,0.0,14.1,29.2
M18,2023-02-12,29.2,30.0,6.7,52.6
M18,2023-02-19,52.6,0.0,3.5,49.0
M18,2023-02-26,49.0,0.0,5.4,43.6
M18,2023-03-05,43.6,0.0,3.1,40.6
M18,2023-03-12,40.6,0.0,8.6,31.9
M18,2023-03-19,31.9,0.0,4.1,27.8
M18,2023-03-26,27.8,30.0,5.2,52.6
M18,2023-04-02,52.6,0.0,7.7,44.9
M18,2023-04-09,44.9,0.0,4.0,40.9
M18,2023-04-16,40.9,0.0,3.8,37.2
M18,2023-04-23,37.2,0.0,4.1,33.0
M18,2023-04-30,33.0,0.0,3.9,29.2
M18,2023-05-07,29.2,0.0,5.5,23.7
M18,2023-05-14,23.7,30.0,3.7,49.9
M18,2023-05-21,49.9,0.0,4.6,45.4
M18,2023-05-28,45.4,0.0,5.1,40.3
M18,2023-06-04,40.3,0.0,2.2,38.0
M18,2023-06-11,38.0,0.0,4.6,33.5
M18,2023-06-18,33.5,20.0,8.1,45.3
M18,2023-06-25,45.3,0.0,5.5,39.8
M18,2023-07-02,39.8,0.0,4.9,34.9
M18,2023-07-09,34.9,0.0,3.7,31.2
M18,2023-07-16,31.2,30.0,6.1,55.0
M18,2023-07-23,55.0,0.0,6.3,48.8
M18,2023-07-30,48.8,0.0,3.6,45.2
M18,2023-08-06,45.2,0.0,4.2,41.0
M18,2023-08-13,41.0,0.0,5.0,35.9
M18,2023-08-20,35.9,0.0,5.2,30.7
M18,2023-08-27,30.7,0.0,5.5,25.2
M18,2023-09-03,25.2,30.0,4.5,50.7
M18,2023-09-10,50.7,0.0,5.6,45.1
M18,2023-09-17,45.1,0.0,7.4,37.8
M18,2023-09-24,37.8,30.0,8.1,59.7
M18,2023-10-01,59.7,0.0,10.7,49.0
M18,2023-10-08,49.0,0.0,6.1,42.8
M18,2023-10-15,42.8,30.0,14.3,58.6
M18,2023-10-22,58.6,0.0,9.0,49.6
M18,2023-10-29,49.6,30.0,15.0,64.6
M18,2023-11-05,64.6,0.0,17.2,47.4
M18,2023-11-12,47.4,30.0,9.8,67.6
M18,2023-11-19,67.6,0.0,19.9,47.8
M18,2023-11-26,47.8,0.0,11.8,36.0
M18,2023-12-03,36.0,40.0,14.3,61.7
M18,2023-12-10,61.7,0.0,12.8,48.8
M18,2023-12-17,48.8,0.0,13.2,35.7
M18,2023-12-24,35.7,30.0,9.3,56.3
M18,2023-12-31,56.3,0.0,11.9,44.4
M18,2024-01-07,44.4,30.0,12.5,61.9
M18,2024-01-14,61.9,0.0,13.2,48.7
M18,2024-01-21,48.7,0.0,14.5,34.2
M18,2024-01-28,34.2,0.0,12.9,21.3
M18,2024-02-04,21.3,40.0,15.9,45.4
M18,2024-02-11,45.4,0.0,13.4,32.0
M18,2024-02-18,32.0,0.0,3.3,28.7
M18,2024-02-25,28.7,30.0,6.1,52.6
M18,2024-03-03,52.6,0.0,4.4,48.2
M18,2024-03-10,48.2,0.0,3.9,44.2
M18,2024-03-17,44.2,0.0,6.5,37.7
M18,2024-03-24,37.7,0.0,3.7,34.1
M18,2024-03-31,34.1,0.0,4.9,29.1
M18,2024-04-07,29.1,30.0,7.4,51.8
M18,2024-04-14,51.8,0.0,4.2,47.5
M18,2024-04-21,47.5,0.0,4.9,42.6
M18,2024-04-28,42.6,0.0,3.3,39.3
M18,2024-05-05,39.3,0.0,4.2,35.1
M18,2024-05-12,35.1,0.0,5.5,29.7
M18,2024-05-19,29.7,30.0,6.5,53.2
M18,2024-05-26,53.2,0.0,4.6,48.6
M18,2024-06-02,48.6,0.0,3.9,44.6
M18,2024-06-09,44.6,0.0,6.0,38.7
M18,2024-06-16,38.7,0.0,6.0,32.7
M18,2024-06-23,32.7,30.0,7.2,55.5
M18,2024-06-30,55.5,0.0,6.6,49.0
M18,2024-07-07,49.0,0.0,4.6,44.3
M18,2024-07-14,44.3,0.0,9.0,35.3
M18,2024-07-21,35.3,0.0,6.6,28.7
M18,2024-07-28,28.7,30.0,6.0,52.7
M18,2024-08-04,52.7,0.0,6.0,46.7
M18,2024-08-11,46.7,0.0,7.2,39.5
M18,2024-08-18,39.5,0.0,6.2,33.3
M18,2024-08-25,33.3,0.0,3.4,29.9
M18,2024-09-01,29.9,30.0,9.5,50.4
M18,2024-09-08,50.4,0.0,5.5,44.9
M18,2024-09-15,44.9,0.0,12.2,32.7
M18,2024-09-22,32.7,30.0,11.7,51.0
M18,2024-09-29,51.0,0.0,8.2,42.8
M18,2024-10-06,42.8,30.0,12.7,60.1
M18,2024-10-13,60.1,0.0,12.0,48.1
M18,2024-10-20,48.1,0.0,15.1,33.0
M18,2024-10-27,33.0,40.0,11.8,61.2
M18,2024-11-03,61.2,0.0,15.7,45.5
M18,2024-11-10,45.5,30.0,16.0,59.5
M18,2024-11-17,59.5,0.0,12.3,47.2
M18,2024-11-24,47.2,0.0,9.7,37.5
M18,2024-12-01,37.5,40.0,15.1,62.4
M18,2024-12-08,62.4,0.0,18.1,44.3
M18,2024-12-15,44.3,0.0,3.9,40.4
M18,2024-12-22,40.4,0.0,10.8,29.6
M18,2024-12-29,29.6,30.0,0.0,59.6
M18,2025-01-05,59.6,0.0,12.8,46.9
M19,2022-01-09,55.6,0.0,3.8,51.8
M19,2022-01-16,51.8,0.0,4.5,47.3
M19,2022-01-23,47.3,0.0,5.2,42.1
M19,2022-01-30,42.1,0.0,3.9,38.2
M19,2022-02-06,38.2,0.0,4.8,33.4
M19,2022-02-13,33.4,30.0,4.1,59.3
M19,2022-02-20,59.3,0.0,7.5,51.7
M19,2022-02-27,51.7,0.0,8.2,43.6
M19,2022-03-06,43.6,0.0,5.0,38.5
M19,2022-03-13,38.5,0.0,5.7,32.8
M19,2022-03-20,32.8,0.0,7.6,25.2
M19,2022-03-27,25.2,30.0,5.6,49.6
M19,2022-04-03,49.6,0.0,5.2,44.4
M19,2022-04-10,44.4,0.0,9.5,35.0
M19,2022-04-17,35.0,30.0,7.2,57.7
M19,2022-04-24,57.7,0.0,10.0,47.7
M19,2022-05-01,47.7,0.0,5.2,42.5
M19,2022-05-08,42.5,0.0,7.9,34.6
M19,2022-05-15,34.6,0.0,3.5,31.1
M19,2022-05-22,31.1,0.0,6.1,25.0
M19,2022-05-29,25.0,30.0,6.0,48.9
M19,2022-06-05,48.9,0.0,8.1,40.8
M19,2022-06-12,40.8,0.0,7.0,33.8
M19,2022-06-19,33.8,0.0,6.7,27.1
M19,2022-06-26,27.1,30.0,7.7,49.4
M19,2022-07-03,49.4,0.0,7.9,41.5
M19,2022-07-10,41.5,0.0,6.8,34.7
M19,2022-07-17,34.7,30.0,7.4,57.4
M19,2022-07-24,57.4,0.0,9.5,47.9
M19,2022-07-31,47.9,0.0,3.7,44.2
M19,2022-08-07,44.2,0.0,4.1,40.1
M19,2022-08-14,40.1,0.0,7.3,32.8
M19,2022-08-21,32.8,30.0,3.9,58.9
M19,2022-08-28,58.9,0.0,8.0,50.9
M19,2022-09-04,50.9,0.0,5.9,45.0
M19,2022-09-11,45.0,0.0,8.2,36.7
M19,2022-09-18,36.7,30.0,14.4,52.3
M19,2022-09-25,52.3,0.0,10.3,42.0
M19,2022-10-02,42.0,40.0,11.1,70.9
M19,2022-10-09,70.9,0.0,14.4,56.6
M19,2022-10-16,56.6,0.0,8.3,48.3
M19,2022-10-23,48.3,0.0,7.8,40.4
M19,2022-10-30,40.4,0.0,6.1,34.3
M19,2022-11-06,34.3,30.0,9.0,55.4
M19,2022-11-13,55.4,0.0,7.4,47.9
M19,2022-11-20,47.9,0.0,8.7,39.2
M19,2022-11-27,39.2,0.0,7.7,31.5
M19,2022-12-04,31.5,30.0,5.9,55.6
M19,2022-12-11,55.6,0.0,6.5,49.1
M19,2022-12-18,49.1,0.0,7.0,42.1
M19,2022-12-25,42.1,0.0,4.9,37.3
M19,2023-01-01,37.3,0.0,6.4,30.8
M19,2023-01-08,30.8,30.0,8.5,52.3
M19,2023-01-15,52.3,0.0,8.5,43.8
M19,2023-01-22,43.8,0.0,5.7,38.2
M19,2023-01-29,38.2,0.0,5.7,32.4
M19,2023-02-05,32.4,40.0,6.1,66.3
M19,2023-02-12,66.3,0.0,9.1,57.2
M19,2023-02-19,57.2,0.0,9.5,47.7
M19,2023-02-26,47.7,0.0,7.5,40.2
M19,2023-03-05,40.2,30.0,8.9,61.2
M19,2023-03-12,61.2,0.0,7.5,53.8
M19,2023-03-19,53.8,0.0,8.8,44.9
M19,2023-03-26,44.9,0.0,7.8,37.1
M19,2023-04-02,37.1,30.0,10.6,56.6
M19,2023-04-09,56.6,0.0,6.6,50.0
M19,2023-04-16,50.0,0.0,9.6,40.4
M19,2023-04-23,40.4,0.0,9.9,30.5
M19,2023-04-30,30.5,30.0,6.1,54.4
M19,2023-05-07,54.4,0.0,6.7,47.7
M19,2023-05-14,47.7,0.0,7.8,39.9
M19,2023-05-21,39.9,0.0,7.3,32.6
M19,2023-05-28,32.6,0.0,4.2,28.4
M19,2023-06-04,28.4,40.0,4.3,64.1
M19,2023-06-11,64.1,0.0,8.4,55.7
M19,2023-06-18,55.7,0.0,7.0,48.7
M19,2023-06-25,48.7,0.0,1.6,47.1
M19,2023-07-02,47.1,0.0,6.8,40.3
M19,2023-07-09,40.3,0.0,9.5,30.9
M19,2023-07-16,30.9,40.0,4.7,66.2
M19,2023-07-23,66.2,0.0,8.8,57.4
M19,2023-07-30,57.4,0.0,6.8,50.6
M19,2023-08-06,50.6,0.0,6.7,43.9
M19,2023-08-13,43.9,0.0,7.1,36.7
M19,2023-08-20,36.7,30.0,5.6,61.2
M19,2023-08-27,61.2,0.0,9.2,52.0
M19,2023-09-03,52.0,0.0,7.1,44.9
M19,2023-09-10,44.9,0.0,7.7,37.3
M19,2023-09-17,37.3,40.0,7.6,69.7
M19,2023-09-24,69.7,0.0,13.4,56.3
M19,2023-10-01,56.3,0.0,18.9,37.4
M19,2023-10-08,37.4,30.0,8.8,58.6
M19,2023-10-15,58.6,0.0,9.8,48.8
M19,2023-10-22,48.8,0.0,7.2,41.6
M19,2023-10-29,41.6,0.0,8.9,32.8
M19,2023-11-05,32.8,30.0,7.4,55.3
M19,2023-11-12,55.3,0.0,5.6,49.7
M19,2023-11-19,49.7,0.0,9.5,40.2
M19,2023-11-26,40.2,0.0,6.7,33.5
M19,2023-12-03,33.5,30.0,5.3,58.2
M19,2023-12-10,58.2,0.0,7.7,50.5
M19,2023-12-17,50.5,0.0,9.4,41.1
M19,2023-12-24,41.1,0.0,7.1,34.0
M19,2023-12-31,34.0,30.0,5.6,58.4
M19,2024-01-07,58.4,0.0,9.5,48.9
M19,2024-01-14,48.9,0.0,12.5,36.4
M19,2024-01-21,36.4,40.0,6.3,70.1
M19,2024-01-28,70.1,0.0,12.6,57.4
M19,2024-02-04,57.4,0.0,7.5,49.9
M19,2024-02-11,49.9,0.0,4.8,45.2
M19,2024-02-18,45.2,0.0,9.5,35.7
M19,2024-02-25,35.7,30.0,7.0,58.7
M19,2024-03-03,58.7,0.0,8.4,50.4
M19,2024-03-10,50.4,0.0,10.0,40.4
M19,2024-03-17,40.4,30.0,8.8,61.6
M19,2024-03-24,61.6,0.0,11.1,50.6
M19,2024-03-31,50.6,0.0,8.3,42.3
M19,2024-04-07,42.3,0.0,11.0,31.2
M19,2024-04-14,31.2,30.0,4.5,56.8
M19,2024-04-21,56.8,0.0,7.0,49.8
M19,2024-04-28,49.8,0.0,10.2,39.6
M19,2024-05-05,39.6,30.0,12.5,57.1
M19,2024-05-12,57.1,0.0,8.0,49.1
M19,2024-05-19,49.1,0.0,8.2,40.9
M19,2024-05-26,40.9,30.0,10.8,60.0
M19,2024-06-02,60.0,0.0,8.3,51.8
M19,2024-06-09,51.8,0.0,8.8,43.0
M19,2024-06-16,43.0,0.0,7.2,35.7
M19,2024-06-23,35.7,30.0,8.1,57.7
M19,2024-06-30,57.7,0.0,8.7,49.0
M19,2024-07-07,49.0,0.0,6.6,42.4
M19,2024-07-14,42.4,0.0,7.4,35.1
M19,2024-07-21,35.1,30.0,5.7,59.3
M19,2024-07-28,59.3,0.0,9.6,49.8
M19,2024-08-04,49.8,0.0,8.6,41.1
M19,2024-08-11,41.1,0.0,9.6,31.5
M19,2024-08-18,31.5,40.0,6.6,64.9
M19,2024-08-25,64.9,0.0,10.3,54.6
M19,2024-09-01,54.6,0.0,7.4,47.2
M19,2024-09-08,47.2,0.0,9.0,38.1
M19,2024-09-15,38.1,40.0,13.0,65.1
M19,2024-09-22,65.1,0.0,14.8,50.3
M19,2024-09-29,50.3,40.0,11.3,79.0
M19,2024-10-06,79.0,0.0,22.9,56.1
M19,2024-10-13,56.1,0.0,16.7,39.4
M19,2024-10-20,39.4,30.0,8.1,61.3
M19,2024-10-27,61.3,0.0,8.2,53.1
M19,2024-11-03,53.1,0.0,9.6,43.6
M19,2024-11-10,43.6,0.0,5.8,37.8
M19,2024-11-17,37.8,30.0,9.6,58.1
M19,2024-11-24,58.1,0.0,7.1,51.0
M19,2024-12-01,51.0,0.0,7.2,43.8
M19,2024-12-08,43.8,0.0,9.6,34.2
M19,2024-12-15,34.2,0.0,1.5,32.8
M19,2024-12-22,32.8,30.0,5.3,57.4
M19,2024-12-29,57.4,0.0,5.1,52.3
M19,2025-01-05,52.3,0.0,13.0,39.4
M20,2022-01-16,63.0,0.0,3.9,59.1
M20,2022-01-23,59.1,0.0,6.3,52.8
M20,2022-01-30,52.8,0.0,5.9,46.9
M20,2022-02-06,46.9,0.0,10.5,36.4
M20,2022-02-13,36.4,0.0,6.0,30.4
M20,2022-02-20,30.4,30.0,3.9,56.5
M20,2022-02-27,56.5,0.0,6.6,49.9
M20,2022-03-06,49.9,0.0,6.1,43.8
M20,2022-03-13,43.8,0.0,3.9,39.8
M20,2022-03-20,39.8,0.0,4.7,35.1
M20,2022-03-27,35.1,0.0,8.2,26.9
M20,2022-04-03,26.9,30.0,4.6,52.3
M20,2022-04-10,52.3,0.0,5.6,46.7
M20,2022-04-17,46.7,0.0,7.8,38.9
M20,2022-04-24,38.9,0.0,10.8,28.1
M20,2022-05-01,28.1,30.0,6.0,52.1
M20,2022-05-08,52.1,0.0,9.2,42.9
M20,2022-05-15,42.9,0.0,6.1,36.8
M20,2022-05-22,36.8,0.0,3.9,32.8
M20,2022-05-29,32.8,0.0,4.9,28.0
M20,2022-06-05,28.0,0.0,4.9,23.0
M20,2022-06-12,23.0,30.0,2.6,50.4
M20,2022-06-19,50.4,0.0,10.0,40.4
M20,2022-06-26,40.4,0.0,7.4,33.0
M20,2022-07-03,33.0,30.0,8.6,54.4
M20,2022-07-10,54.4,0.0,6.1,48.2
M20,2022-07-17,48.2,0.0,2.7,45.5
M20,2022-07-24,45.5,0.0,3.1,42.4
M20,2022-07-31,42.4,0.0,6.0,36.4
M20,2022-08-07,36.4,0.0,3.3,33.1
M20,2022-08-14,33.1,0.0,5.8,27.3
M20,2022-08-21,27.3,30.0,7.2,50.0
M20,2022-08-28,50.0,0.0,7.3,42.7
M20,2022-09-04,42.7,0.0,6.0,36.7
M20,2022-09-11,36.7,30.0,9.5,57.2
M20,2022-09-18,57.2,0.0,10.3,46.9
M20,2022-09-25,46.9,0.0,12.4,34.5
M20,2022-10-02,34.5,30.0,10.6,53.9
M20,2022-10-09,53.9,0.0,13.2,40.7
M20,2022-10-16,40.7,0.0,5.3,35.4
M20,2022-10-23,35.4,0.0,6.5,28.9
M20,2022-10-30,28.9,30.0,5.3,53.7
M20,2022-11-06,53.7,0.0,4.3,49.4
M20,2022-11-13,49.4,0.0,7.5,41.9
M20,2022-11-20,41.9,0.0,9.5,32.4
M20,2022-11-27,32.4,30.0,6.6,55.8
M20,2022-12-04,55.8,0.0,8.5,47.3
M20,2022-12-11,47.3,0.0,3.7,43.6
M20,2022-12-18,43.6,0.0,8.9,34.7
M20,2022-12-25,34.7,0.0,4.2,30.5
M20,2023-01-01,30.5,30.0,9.3,51.2
M20,2023-01-08,51.2,0.0,9.4,41.8
M20,2023-01-15,41.8,0.0,7.3,34.5
M20,2023-01-22,34.5,30.0,5.2,59.3
M20,2023-01-29,59.3,0.0,10.4,49.0
M20,2023-02-05,49.0,0.0,11.9,37.1
M20,2023-02-12,37.1,30.0,7.5,59.5
M20,2023-02-19,59.5,0.0,10.8,48.7
M20,2023-02-26,48.7,0.0,8.3,40.4
M20,2023-03-05,40.4,0.0,10.5,29.9
M20,2023-03-12,29.9,30.0,6.8,53.2
M20,2023-03-19,53.2,0.0,9.5,43.6
M20,2023-03-26,43.6,0.0,8.7,34.9
M20,2023-04-02,34.9,30.0,11.9,53.1
M20,2023-04-09,53.1,0.0,9.5,43.6
M20,2023-04-16,43.6,0.0,7.3,36.3
M20,2023-04-23,36.3,30.0,11.2,55.1
M20,2023-04-30,55.1,0.0,7.9,47.2
M20,2023-05-07,47.2,0.0,9.3,37.9
M20,2023-05-14,37.9,0.0,6.0,31.9
M20,2023-05-21,31.9,30.0,8.1,53.8
M20,2023-05-28,53.8,0.0,7.0,46.8
M20,2023-06-04,46.8,0.0,7.0,39.7
M20,2023-06-11,39.7,0.0,6.0,33.7
M20,2023-06-18,33.7,0.0,4.6,29.1
M20,2023-06-25,29.1,30.0,8.3,50.8
M20,2023-07-02,50.8,0.0,4.3,46.5
M20,2023-07-09,46.5,0.0,8.8,37.7
M20,2023-07-16,37.7,0.0,8.1,29.7
M20,2023-07-23,29.7,30.0,6.5,53.2
M20,2023-07-30,53.2,0.0,11.0,42.2
M20,2023-08-06,42.2,0.0,5.0,37.2
M20,2023-08-13,37.2,0.0,6.3,30.8
M20,2023-08-20,30.8,30.0,5.3,55.5
M20,2023-08-27,55.5,0.0,6.4,49.1
M20,2023-09-03,49.1,0.0,7.7,41.5
M20,2023-09-10,41.5,0.0,6.8,34.6
M20,2023-09-17,34.6,30.0,9.7,54.9
M20,2023-09-24,54.9,0.0,9.1,45.8
M20,2023-10-01,45.8,0.0,13.7,32.1
M20,2023-10-08,32.1,30.0,11.5,50.6
M20,2023-10-15,50.6,0.0,9.9,40.7
M20,2023-10-22,40.7,0.0,6.3,34.4
M20,2023-10-29,34.4,30.0,9.0,55.4
M20,2023-11-05,55.4,0.0,9.7,45.7
M20,2023-11-12,45.7,0.0,7.4,38.3
M20,2023-11-19,38.3,0.0,7.2,31.1
M20,2023-11-26,31.1,0.0,3.2,27.9
M20,2023-12-03,27.9,30.0,6.7,51.2
M20,2023-12-10,51.2,0.0,7.2,44.0
M20,2023-12-17,44.0,0.0,6.6,37.4
M20,2023-12-24,37.4,0.0,6.6,30.7
M20,2023-12-31,30.7,30.0,5.4,55.3
M20,2024-01-07,55.3,0.0,7.1,48.3
M20,2024-01-14,48.3,0.0,6.1,42.1
M20,2024-01-21,42.1,0.0,7.8,34.3
M20,2024-01-28,34.3,30.0,4.8,59.5
M20,2024-02-04,59.5,0.0,9.8,49.7
M20,2024-02-11,49.7,0.0,7.2,42.5
M20,2024-02-18,42.5,0.0,9.4,33.1
M20,2024-02-25,33.1,30.0,11.1,52.1
M20,2024-03-03,52.1,0.0,11.1,41.0
M20,2024-03-10,41.0,0.0,9.6,31.4
M20,2024-03-17,31.4,40.0,10.5,60.9
M20,2024-03-24,60.9,0.0,13.3,47.5
M20,2024-03-31,47.5,0.0,6.9,40.6
M20,2024-04-07,40.6,0.0,10.3,30.3
M20,2024-04-14,30.3,30.0,7.7,52.6
M20,2024-04-21,52.6,0.0,11.7,40.9
M20,2024-04-28,40.9,0.0,9.1,31.8
M20,2024-05-05,31.8,30.0,8.6,53.1
M20,2024-05-12,53.1,0.0,7.4,45.7
M20,2024-05-19,45.7,0.0,9.9,35.8
M20,2024-05-26,35.8,30.0,8.7,57.1
M20,2024-06-02,57.1,0.0,10.2,46.9
M20,2024-06-09,46.9,0.0,7.1,39.9
M20,2024-06-16,39.9,0.0,7.4,32.4
M20,2024-06-23,32.4,30.0,6.8,55.6
M20,2024-06-30,55.6,0.0,7.5,48.2
M20,2024-07-07,48.2,0.0,5.6,42.6
M20,2024-07-14,42.6,0.0,9.5,33.1
M20,2024-07-21,33.1,30.0,7.6,55.5
M20,2024-07-28,55.5,0.0,9.2,46.4
M20,2024-08-04,46.4,0.0,10.0,36.4
M20,2024-08-11,36.4,30.0,9.7,56.7
M20,2024-08-18,56.7,0.0,8.1,48.6
M20,2024-08-25,48.6,0.0,8.8,39.8
M20,2024-09-01,39.8,0.0,7.8,32.0
M20,2024-09-08,32.0,0.0,7.0,25.0
M20,2024-09-15,25.0,40.0,16.6,48.3
M20,2024-09-22,48.3,40.0,28.0,60.4
M20,2024-09-29,60.4,0.0,11.0,49.4
M20,2024-10-06,49.4,0.0,16.4,33.1
M20,2024-10-13,33.1,30.0,11.2,51.9
M20,2024-10-20,51.9,0.0,9.5,42.4
M20,2024-10-27,42.4,0.0,12.6,29.8
M20,2024-11-03,29.8,30.0,8.8,51.0
M20,2024-11-10,51.0,0.0,9.4,41.6
M20,2024-11-17,41.6,0.0,7.5,34.1
M20,2024-11-24,34.1,0.0,7.2,26.9
M20,2024-12-01,26.9,30.0,6.8,50.0
M20,2024-12-08,50.0,0.0,7.7,42.4
M20,2024-12-15,42.4,0.0,2.8,39.6
M20,2024-12-22,39.6,0.0,5.1,34.5
M20,2024-12-29,34.5,30.0,4.1,60.4
M20,2025-01-05,60.4,0.0,14.3,46.2
M21,2022-01-02,1670.4,0.0,249.6,1420.8
M21,2022-01-09,1420.8,0.0,242.4,1178.4
M21,2022-01-16,1178.4,0.0,209.8,968.6
M21,2022-01-23,968.6,0.0,278.4,690.2
M21,2022-01-30,690.2,520.0,209.8,1000.5
M21,2022-02-06,1000.5,0.0,211.2,789.3
M21,2022-02-13,789.3,0.0,101.3,688.0
M21,2022-02-20,688.0,0.0,74.9,613.1
M21,2022-02-27,613.1,0.0,86.9,526.2
M21,2022-03-06,526.2,430.0,81.1,875.1
M21,2022-03-13,875.1,0.0,78.7,796.4
M21,2022-03-20,796.4,0.0,88.8,707.6
M21,2022-03-27,707.6,0.0,92.2,615.4
M21,2022-04-03,615.4,0.0,69.6,545.8
M21,2022-04-10,545.8,430.0,94.6,881.3
M21,2022-04-17,881.3,0.0,84.0,797.3
M21,2022-04-24,797.3,0.0,67.7,729.6
M21,2022-05-01,729.6,0.0,66.7,662.9
M21,2022-05-08,662.9,0.0,92.2,570.7
M21,2022-05-15,570.7,0.0,78.2,492.5
M21,2022-05-22,492.5,450.0,61.9,880.6
M21,2022-05-29,880.6,0.0,89.8,790.8
M21,2022-06-05,790.8,0.0,86.9,703.9
M21,2022-06-12,703.9,0.0,55.7,648.2
M21,2022-06-19,648.2,0.0,76.8,571.4
M21,2022-06-26,571.4,0.0,97.9,473.5
M21,2022-07-03,473.5,480.0,73.0,880.6
M21,2022-07-10,880.6,0.0,88.3,792.2
M21,2022-07-17,792.2,0.0,97.4,694.8
M21,2022-07-24,694.8,0.0,133.0,561.8
M21,2022-07-31,561.8,400.0,88.3,873.5
M21,2022-08-07,873.5,0.0,84.0,789.5
M21,2022-08-14,789.5,0.0,90.7,698.8
M21,2022-08-21,698.8,0.0,95.5,603.3
M21,2022-08-28,603.3,0.0,92.2,511.1
M21,2022-09-04,511.1,520.0,82.6,948.6
M21,2022-09-11,948.6,0.0,154.6,794.0
M21,2022-09-18,794.0,0.0,156.5,637.5
M21,2022-09-25,637.5,490.0,148.3,979.2
M21,2022-10-02,979.2,0.0,182.4,796.8
M21,2022-10-09,796.8,0.0,105.1,691.7
M21,2022-10-16,691.7,610.0,289.9,1011.8
M21,2022-10-23,1011.8,0.0,221.3,790.5
M21,2022-10-30,790.5,530.0,274.6,1045.9
M21,2022-11-06,1045.9,0.0,252.5,793.4
M21,2022-11-13,793.4,540.0,249.1,1084.3
M21,2022-11-20,1084.3,0.0,295.2,789.1
M21,2022-11-27,789.1,490.0,256.3,1022.8
M21,2022-12-04,1022.8,0.0,226.6,796.2
M21,2022-12-11,796.2,420.0,233.8,982.5
M21,2022-12-18,982.5,0.0,193.4,789.0
M21,2022-12-25,789.0,500.0,233.3,1055.8
M21,2023-01-01,1055.8,0.0,266.4,789.4
M21,2023-01-08,789.4,480.0,297.6,971.8
M21,2023-01-15,971.8,0.0,175.7,796.1
M21,2023-01-22,796.1,490.0,262.1,1024.0
M21,2023-01-29,1024.0,0.0,232.3,791.7
M21,2023-02-05,791.7,440.0,301.9,929.8
M21,2023-02-12,929.8,0.0,133.4,796.3
M21,2023-02-19,796.3,0.0,68.2,728.2
M21,2023-02-26,728.2,0.0,75.4,652.8
M21,2023-03-05,652.8,0.0,110.9,541.9
M21,2023-03-12,541.9,420.0,77.8,884.2
M21,2023-03-19,884.2,0.0,94.6,789.6
M21,2023-03-26,789.6,0.0,94.1,695.5
M21,2023-04-02,695.5,0.0,85.0,610.6
M21,2023-04-09,610.6,0.0,85.9,524.6
M21,2023-04-16,524.6,440.0,97.0,867.7
M21,2023-04-23,867.7,0.0,75.8,791.8
M21,2023-04-30,791.8,0.0,90.2,701.6
M21,2023-05-07,701.6,0.0,97.4,604.2
M21,2023-05-14,604.2,0.0,74.9,529.3
M21,2023-05-21,529.3,440.0,74.4,894.9
M21,2023-05-28,894.9,0.0,97.4,797.4
M21,2023-06-04,797.4,0.0,92.6,704.8
M21,2023-06-11,704.8,0.0,102.7,602.1
M21,2023-06-18,602.1,0.0,97.9,504.2
M21,2023-06-25,504.2,520.0,94.6,929.6
M21,2023-07-02,929.6,0.0,135.4,794.2
M21,2023-07-09,794.2,0.0,114.2,680.0
M21,2023-07-16,680.0,0.0,58.6,621.4
M21,2023-07-23,621.4,0.0,107.0,514.4
M21,2023-07-30,514.4,460.0,104.6,869.8
M21,2023-08-06,869.8,0.0,80.2,789.6
M21,2023-08-13,789.6,0.0,139.7,649.9
M21,2023-08-20,649.9,0.0,118.1,531.8
M21,2023-08-27,531.8,460.0,122.9,869.0
M21,2023-09-03,869.0,0.0,78.2,790.7
M21,2023-09-10,790.7,0.0,98.9,691.8
M21,2023-09-17,691.8,0.0,147.8,544.0
M21,2023-09-24,544.0,630.0,134.4,1039.6
M21,2023-10-01,1039.6,0.0,251.5,788.1
M21,2023-10-08,788.1,0.0,100.3,687.8
M21,2023-10-15,687.8,680.0,228.0,1139.8
M21,2023-10-22,1139.8,0.0,344.6,795.1
M21,2023-10-29,795.1,580.0,345.6,1029.5
M21,2023-11-05,1029.5,0.0,233.8,795.8
M21,2023-11-12,795.8,500.0,229.4,1066.3
M21,2023-11-19,1066.3,0.0,278.4,787.9
M21,2023-11-26,787.9,560.0,267.4,1080.6
M21,2023-12-03,1080.6,0.0,288.0,792.6
M21,2023-12-10,792.6,480.0,275.0,997.5
M21,2023-12-17,997.5,0.0,209.8,787.8
M21,2023-12-24,787.8,0.0,258.2,529.5
M21,2023-12-31,529.5,500.0,240.0,789.5
M21,2024-01-07,789.5,580.0,305.3,1064.2
M21,2024-01-14,1064.2,0.0,269.8,794.5
M21,2024-01-21,794.5,560.0,323.5,1031.0
M21,2024-01-28,1031.0,0.0,237.6,793.4
M21,2024-02-04,793.4,470.0,281.8,981.6
M21,2024-02-11,981.6,0.0,187.2,794.4
M21,2024-02-18,794.4,0.0,72.0,722.4
M21,2024-02-25,722.4,0.0,93.6,628.8
M21,2024-03-03,628.8,0.0,84.5,544.3
M21,2024-03-10,544.3,450.0,82.6,911.8
M21,2024-03-17,911.8,0.0,119.0,792.7
M21,2024-03-24,792.7,0.0,97.9,694.8
M21,2024-03-31,694.8,0.0,93.1,601.7
M21,2024-04-07,601.7,0.0,111.8,489.8
M21,2024-04-14,489.8,480.0,82.6,887.3
M21,2024-04-21,887.3,0.0,91.2,796.1
M21,2024-04-28,796.1,0.0,101.8,694.3
M21,2024-05-05,694.3,0.0,108.5,585.8
M21,2024-05-12,585.8,460.0,119.0,926.8
M21,2024-05-19,926.8,0.0,129.6,797.2
M21,2024-05-26,797.2,0.0,97.4,699.8
M21,2024-06-02,699.8,0.0,108.5,591.3
M21,2024-06-09,591.3,450.0,108.5,932.8
M21,2024-06-16,932.8,0.0,141.6,791.2
M21,2024-06-23,791.2,0.0,149.8,641.4
M21,2024-06-30,641.4,0.0,118.1,523.4
M21,2024-07-07,523.4,470.0,84.0,909.4
M21,2024-07-14,909.4,0.0,121.0,788.4
M21,2024-07-21,788.4,0.0,112.3,676.1
M21,2024-07-28,676.1,0.0,134.4,541.7
M21,2024-08-04,541.7,460.0,110.4,891.3
M21,2024-08-11,891.3,0.0,95.0,796.2
M21,2024-08-18,796.2,0.0,124.8,671.4
M21,2024-08-25,671.4,0.0,139.2,532.2
M21,2024-09-01,532.2,470.0,99.8,902.4
M21,2024-09-08,902.4,0.0,109.4,793.0
M21,2024-09-15,793.0,430.0,257.8,965.2
M21,2024-09-22,965.2,0.0,170.4,794.8
M21,2024-09-29,794.8,0.0,104.6,690.2
M21,2024-10-06,690.2,460.0,181.9,968.2
M21,2024-10-13,968.2,430.0,170.9,1227.4
M21,2024-10-20,1227.4,0.0,439.7,787.7
M21,2024-10-27,787.7,680.0,335.5,1132.2
M21,2024-11-03,1132.2,0.0,338.9,793.3
M21,2024-11-10,793.3,580.0,249.1,1124.2
M21,2024-11-17,1124.2,0.0,330.7,793.4
M21,2024-11-24,793.4,670.0,343.7,1119.8
M21,2024-12-01,1119.8,0.0,329.3,790.5
M21,2024-12-08,790.5,0.0,318.7,471.8
M21,2024-12-15,471.8,590.0,76.8,985.0
M21,2024-12-22,985.0,0.0,193.0,792.0
M21,2024-12-29,792.0,0.0,0.0,792.0
M21,2025-01-05,792.0,0.0,273.1,518.9
M22,2022-01-02,210.0,0.0,42.0,168.0
M22,2022-01-09,168.0,0.0,30.0,138.0
M22,2022-01-16,138.0,0.0,28.3,109.7
M22,2022-01-23,109.7,0.0,38.8,70.9
M22,2022-01-30,70.9,70.0,25.9,115.0
M22,2022-02-06,115.0,0.0,30.0,85.0
M22,2022-02-13,85.0,0.0,14.8,70.2
M22,2022-02-20,70.2,0.0,9.2,61.0
M22,2022-02-27,61.0,50.0,12.6,98.4
M22,2022-03-06,98.4,0.0,10.0,88.4
M22,2022-03-13,88.4,0.0,10.2,78.2
M22,2022-03-20,78.2,0.0,13.8,64.4
M22,2022-03-27,64.4,50.0,16.4,98.0
M22,2022-04-03,98.0,0.0,8.0,90.0
M22,2022-04-10,90.0,0.0,12.5,77.5
M22,2022-04-17,77.5,0.0,12.7,64.8
M22,2022-04-24,64.8,0.0,7.6,57.2
M22,2022-05-01,57.2,50.0,9.7,97.5
M22,2022-05-08,97.5,0.0,12.7,84.8
M22,2022-05-15,84.8,0.0,9.1,75.6
M22,2022-05-22,75.6,0.0,7.9,67.7
M22,2022-05-29,67.7,0.0,14.2,53.6
M22,2022-06-05,53.6,50.0,10.0,93.6
M22,2022-06-12,93.6,0.0,9.0,84.6
M22,2022-06-19,84.6,0.0,11.2,73.4
M22,2022-06-26,73.4,0.0,10.0,63.5
M22,2022-07-03,63.5,0.0,9.0,54.5
M22,2022-07-10,54.5,60.0,11.6,102.8
M22,2022-07-17,102.8,0.0,13.1,89.8
M22,2022-07-24,89.8,0.0,16.6,73.2
M22,2022-07-31,73.2,0.0,10.2,63.0
M22,2022-08-07,63.0,0.0,11.8,51.2
M22,2022-08-14,51.2,50.0,11.2,90.1
M22,2022-08-21,90.1,0.0,15.1,75.0
M22,2022-08-28,75.0,0.0,14.5,60.4
M22,2022-09-04,60.4,50.0,9.2,101.2
M22,2022-09-11,101.2,0.0,19.3,81.9
M22,2022-09-18,81.9,0.0,19.6,62.3
M22,2022-09-25,62.3,70.0,20.8,111.6
M22,2022-10-02,111.6,0.0,26.8,84.8
M22,2022-10-09,84.8,60.0,9.4,135.4
M22,2022-10-16,135.4,0.0,46.3,89.1
M22,2022-10-23,89.1,60.0,31.3,117.8
M22,2022-10-30,117.8,0.0,31.4,86.4
M22,2022-11-06,86.4,60.0,28.1,118.3
M22,2022-11-13,118.3,0.0,36.7,81.6
M22,2022-11-20,81.6,70.0,35.0,116.5
M22,2022-11-27,116.5,0.0,27.0,89.5
M22,2022-12-04,89.5,0.0,34.0,55.6
M22,2022-12-11,55.6,60.0,32.4,83.2
M22,2022-12-18,83.2,60.0,19.4,123.7
M22,2022-12-25,123.7,0.0,37.4,86.3
M22,2023-01-01,86.3,80.0,35.6,130.6
M22,2023-01-08,130.6,0.0,41.8,88.9
M22,2023-01-15,88.9,60.0,24.1,124.8
M22,2023-01-22,124.8,0.0,37.9,86.8
M22,2023-01-29,86.8,60.0,25.8,121.0
M22,2023-02-05,121.0,0.0,38.2,82.9
M22,2023-02-12,82.9,0.0,17.9,65.0
M22,2023-02-19,65.0,0.0,6.4,58.6
M22,2023-02-26,58.6,50.0,7.1,101.6
M22,2023-03-05,101.6,0.0,16.6,85.0
M22,2023-03-12,85.0,0.0,6.4,78.6
M22,2023-03-19,78.6,0.0,9.8,68.8
M22,2023-03-26,68.8,0.0,10.8,58.0
M22,2023-04-02,58.0,50.0,8.3,99.7
M22,2023-04-09,99.7,0.0,10.9,88.8
M22,2023-04-16,88.8,0.0,9.1,79.7
M22,2023-04-23,79.7,0.0,13.2,66.5
M22,2023-04-30,66.5,0.0,13.7,52.8
M22,2023-05-07,52.8,60.0,10.2,102.6
M22,2023-05-14,102.6,0.0,13.1,89.5
M22,2023-05-21,89.5,0.0,9.6,79.9
M22,2023-05-28,79.9,0.0,7.8,72.1
M22,2023-06-04,72.1,0.0,12.6,59.5
M22,2023-06-11,59.5,50.0,9.6,99.9
M22,2023-06-18,99.9,0.0,12.1,87.8
M22,2023-06-25,87.8,0.0,11.3,76.5
M22,2023-07-02,76.5,0.0,18.1,58.4
M22,2023-07-09,58.4,0.0,10.8,47.6
M22,2023-07-16,47.6,60.0,7.3,100.3
M22,2023-07-23,100.3,0.0,12.1,88.2
M22,2023-07-30,88.2,0.0,14.5,73.6
M22,2023-08-06,73.6,0.0,11.8,61.9
M22,2023-08-13,61.9,50.0,14.9,97.0
M22,2023-08-20,97.0,0.0,15.1,81.9
M22,2023-08-27,81.9,0.0,10.6,71.3
M22,2023-09-03,71.3,0.0,7.8,63.5
M22,2023-09-10,63.5,60.0,15.8,107.7
M22,2023-09-17,107.7,0.0,22.0,85.7
M22,2023-09-24,85.7,50.0,21.1,114.6
M22,2023-10-01,114.6,0.0,30.0,84.6
M22,2023-10-08,84.6,0.0,15.6,69.0
M22,2023-10-15,69.0,90.0,25.1,133.9
M22,2023-10-22,133.9,50.0,48.1,135.8
M22,2023-10-29,135.8,0.0,49.2,86.6
M22,2023-11-05,86.6,50.0,25.2,111.4
M22,2023-11-12,111.4,0.0,24.5,86.9
M22,2023-11-19,86.9,70.0,42.2,114.7
M22,2023-11-26,114.7,0.0,27.4,87.3
M22,2023-12-03,87.3,0.0,37.9,49.4
M22,2023-12-10,49.4,60.0,27.0,82.4
M22,2023-12-17,82.4,70.0,25.1,127.3
M22,2023-12-24,127.3,0.0,37.2,90.1
M22,2023-12-31,90.1,60.0,24.8,125.3
M22,2024-01-07,125.3,0.0,41.0,84.2
M22,2024-01-14,84.2,70.0,28.6,125.7
M22,2024-01-21,125.7,0.0,45.0,80.7
M22,2024-01-28,80.7,60.0,23.5,117.2
M22,2024-02-04,117.2,0.0,31.1,86.1
M22,2024-02-11,86.1,0.0,23.5,62.6
M22,2024-02-18,62.6,0.0,7.9,54.6
M22,2024-02-25,54.6,60.0,12.8,101.8
M22,2024-03-03,101.8,0.0,12.6,89.2
M22,2024-03-10,89.2,0.0,9.4,79.8
M22,2024-03-17,79.8,0.0,16.8,63.0
M22,2024-03-24,63.0,0.0,10.3,52.7
M22,2024-03-31,52.7,60.0,10.6,102.2
M22,2024-04-07,102.2,0.0,15.2,86.9
M22,2024-04-14,86.9,0.0,10.0,77.0
M22,2024-04-21,77.0,0.0,14.2,62.8
M22,2024-04-28,62.8,50.0,16.0,96.8
M22,2024-05-05,96.8,0.0,13.3,83.5
M22,2024-05-12,83.5,0.0,11.5,72.0
M22,2024-05-19,72.0,0.0,14.3,57.7
M22,2024-05-26,57.7,50.0,13.6,94.2
M22,2024-06-02,94.2,0.0,10.8,83.4
M22,2024-06-09,83.4,0.0,13.9,69.4
M22,2024-06-16,69.4,60.0,21.1,108.3
M22,2024-06-23,108.3,0.0,18.1,90.2
M22,2024-06-30,90.2,0.0,14.5,75.7
M22,2024-07-07,75.7,0.0,8.2,67.5
M22,2024-07-14,67.5,50.0,17.5,100.0
M22,2024-07-21,100.0,0.0,11.5,88.5
M22,2024-07-28,88.5,0.0,14.3,74.2
M22,2024-08-04,74.2,0.0,14.4,59.8
M22,2024-08-11,59.8,60.0,12.1,107.7
M22,2024-08-18,107.7,0.0,18.6,89.1
M22,2024-08-25,89.1,0.0,15.8,73.2
M22,2024-09-01,73.2,0.0,14.2,59.1
M22,2024-09-08,59.1,70.0,16.2,112.9
M22,2024-09-15,112.9,0.0,24.8,88.0
M22,2024-09-22,88.0,0.0,17.3,70.8
M22,2024-09-29,70.8,50.0,9.6,111.2
M22,2024-10-06,111.2,0.0,24.6,86.6
M22,2024-10-13,86.6,90.0,28.0,148.6
M22,2024-10-20,148.6,0.0,59.9,88.7
M22,2024-10-27,88.7,70.0,32.0,126.7
M22,2024-11-03,126.7,0.0,40.8,85.9
M22,2024-11-10,85.9,70.0,23.5,132.4
M22,2024-11-17,132.4,50.0,44.8,137.6
M22,2024-11-24,137.6,0.0,48.4,89.2
M22,2024-12-01,89.2,90.0,47.6,131.6
M22,2024-12-08,131.6,0.0,47.8,83.8
M22,2024-12-15,83.8,0.0,9.5,74.4
M22,2024-12-22,74.4,0.0,27.8,46.5
M22,2024-12-29,46.5,70.0,0.0,116.5
M22,2025-01-05,116.5,0.0,31.7,84.8
M23,2023-01-01,1032.2,0.0,118.8,913.4
M23,2023-01-08,913.4,0.0,66.9,846.5
M23,2023-01-15,846.5,0.0,125.8,720.7
M23,2023-01-22,720.7,0.0,112.6,608.0
M23,2023-01-29,608.0,0.0,103.0,505.1
M23,2023-02-05,505.1,0.0,172.0,333.0
M23,2023-02-12,333.0,0.0,65.6,267.5
M23,2023-02-19,267.5,200.0,48.0,419.5
M23,2023-02-26,419.5,0.0,31.7,387.8
M23,2023-03-05,387.8,0.0,34.8,353.1
M23,2023-03-12,353.1,0.0,47.5,305.6
M23,2023-03-19,305.6,0.0,31.7,273.9
M23,2023-03-26,273.9,0.0,26.0,247.9
M23,2023-04-02,247.9,210.0,30.4,427.6
M23,2023-04-09,427.6,0.0,39.2,388.4
M23,2023-04-16,388.4,0.0,44.9,343.5
M23,2023-04-23,343.5,0.0,47.5,296.0
M23,2023-04-30,296.0,0.0,45.3,250.7
M23,2023-05-07,250.7,220.0,30.8,439.9
M23,2023-05-14,439.9,0.0,54.6,385.3
M23,2023-05-21,385.3,0.0,33.9,351.4
M23,2023-05-28,351.4,0.0,25.5,325.9
M23,2023-06-04,325.9,0.0,54.6,271.4
M23,2023-06-11,271.4,0.0,33.9,237.5
M23,2023-06-18,237.5,240.0,35.6,441.8
M23,2023-06-25,441.8,0.0,52.8,389.0
M23,2023-07-02,389.0,0.0,40.9,348.1
M23,2023-07-09,348.1,0.0,48.4,299.7
M23,2023-07-16,299.7,200.0,40.0,459.7
M23,2023-07-23,459.7,0.0,70.4,389.3
M23,2023-07-30,389.3,0.0,65.1,324.2
M23,2023-08-06,324.2,0.0,30.8,293.4
M23,2023-08-13,293.4,0.0,50.6,242.8
M23,2023-08-20,242.8,240.0,43.6,439.2
M23,2023-08-27,439.2,0.0,57.2,382.0
M23,2023-09-03,382.0,0.0,27.7,354.3
M23,2023-09-10,354.3,0.0,44.0,310.3
M23,2023-09-17,310.3,200.0,53.7,456.6
M23,2023-09-24,456.6,0.0,75.7,380.9
M23,2023-10-01,380.9,0.0,123.2,257.7
M23,2023-10-08,257.7,320.0,55.9,521.8
M23,2023-10-15,521.8,0.0,135.5,386.3
M23,2023-10-22,386.3,330.0,178.6,537.7
M23,2023-10-29,537.7,0.0,150.9,386.8
M23,2023-11-05,386.8,290.0,109.6,567.2
M23,2023-11-12,567.2,0.0,184.8,382.4
M23,2023-11-19,382.4,220.0,132.9,469.5
M23,2023-11-26,469.5,0.0,81.4,388.1
M23,2023-12-03,388.1,270.0,112.2,545.9
M23,2023-12-10,545.9,0.0,163.7,382.2
M23,2023-12-17,382.2,220.0,106.5,495.8
M23,2023-12-24,495.8,0.0,113.5,382.2
M23,2023-12-31,382.2,290.0,161.9,510.3
M23,2024-01-07,510.3,0.0,129.8,380.5
M23,2024-01-14,380.5,260.0,139.0,501.5
M23,2024-01-21,501.5,0.0,117.5,384.0
M23,2024-01-28,384.0,250.0,114.4,519.6
M23,2024-02-04,519.6,0.0,131.1,388.5
M23,2024-02-11,388.5,0.0,95.5,293.0
M23,2024-02-18,293.0,0.0,47.5,245.5
M23,2024-02-25,245.5,240.0,45.8,439.7
M23,2024-03-03,439.7,0.0,50.6,389.1
M23,2024-03-10,389.1,0.0,62.9,326.2
M23,2024-03-17,326.2,0.0,36.1,290.1
M23,2024-03-24,290.1,0.0,29.5,260.6
M23,2024-03-31,260.6,210.0,49.7,420.9
M23,2024-04-07,420.9,0.0,39.6,381.3
M23,2024-04-14,381.3,0.0,46.2,335.1
M23,2024-04-21,335.1,0.0,45.3,289.8
M23,2024-04-28,289.8,0.0,41.8,248.0
M23,2024-05-05,248.0,250.0,45.3,452.7
M23,2024-05-12,452.7,0.0,66.0,386.7
M23,2024-05-19,386.7,0.0,63.8,322.9
M23,2024-05-26,322.9,0.0,59.8,263.0
M23,2024-06-02,263.0,220.0,59.4,423.6
M23,2024-06-09,423.6,0.0,39.2,384.5
M23,2024-06-16,384.5,0.0,70.0,314.5
M23,2024-06-23,314.5,0.0,76.1,238.4
M23,2024-06-30,238.4,250.0,35.2,453.2
M23,2024-07-07,453.2,0.0,72.6,380.6
M23,2024-07-14,380.6,0.0,48.8,331.8
M23,2024-07-21,331.8,0.0,44.4,287.3
M23,2024-07-28,287.3,230.0,81.0,436.4
M23,2024-08-04,436.4,0.0,55.0,381.4
M23,2024-08-11,381.4,0.0,78.8,302.6
M23,2024-08-18,302.6,200.0,54.1,448.5
M23,2024-08-25,448.5,0.0,67.8,380.7
M23,2024-09-01,380.7,0.0,67.8,313.0
M23,2024-09-08,313.0,210.0,46.6,476.3
M23,2024-09-15,476.3,0.0,89.3,387.0
M23,2024-09-22,387.0,0.0,61.6,325.4
M23,2024-09-29,325.4,240.0,61.6,503.8
M23,2024-10-06,503.8,0.0,114.0,389.8
M23,2024-10-13,389.8,250.0,84.5,555.4
M23,2024-10-20,555.4,0.0,171.2,384.2
M23,2024-10-27,384.2,250.0,114.8,519.4
M23,2024-11-03,519.4,0.0,138.2,381.2
M23,2024-11-10,381.2,250.0,123.2,508.0
M23,2024-11-17,508.0,0.0,125.8,382.2
M23,2024-11-24,382.2,260.0,151.4,490.8
M23,2024-12-01,490.8,0.0,107.8,383.0
M23,2024-12-08,383.0,0.0,158.0,225.0
M23,2024-12-15,225.0,260.0,12.3,472.7
M23,2024-12-22,472.7,0.0,82.7,390.0
M23,2024-12-29,390.0,0.0,22.0,368.0
M23,2025-01-05,368.0,0.0,121.9,246.1
M24,2023-06-18,105.8,0.0,9.4,96.4
M24,2023-06-25,96.4,0.0,10.1,86.3
M24,2023-07-02,86.3,0.0,12.0,74.3
M24,2023-07-09,74.3,0.0,11.8,62.6
M24,2023-07-16,62.6,50.0,8.3,104.3
M24,2023-07-23,104.3,0.0,10.3,94.0
M24,2023-07-30,94.0,0.0,9.2,84.7
M24,2023-08-06,84.7,0.0,11.3,73.5
M24,2023-08-13,73.5,0.0,11.2,62.3
M24,2023-08-20,62.3,0.0,11.2,51.1
M24,2023-08-27,51.1,50.0,10.2,90.9
M24,2023-09-03,90.9,0.0,9.4,81.5
M24,2023-09-10,81.5,0.0,13.9,67.6
M24,2023-09-17,67.6,50.0,13.5,104.1
M24,2023-09-24,104.1,0.0,13.1,91.0
M24,2023-10-01,91.0,0.0,30.5,60.5
M24,2023-10-08,60.5,70.0,15.9,114.6
M24,2023-10-15,114.6,0.0,23.3,91.3
M24,2023-10-22,91.3,0.0,31.8,59.5
M24,2023-10-29,59.5,60.0,26.0,93.6
M24,2023-11-05,93.6,60.0,24.1,129.5
M24,2023-11-12,129.5,0.0,36.6,92.9
M24,2023-11-19,92.9,0.0,17.0,75.9
M24,2023-11-26,75.9,70.0,31.3,114.7
M24,2023-12-03,114.7,0.0,19.6,95.1
M24,2023-12-10,95.1,0.0,32.5,62.5
M24,2023-12-17,62.5,70.0,34.7,97.9
M24,2023-12-24,97.9,50.0,35.4,112.5
M24,2023-12-31,112.5,0.0,20.0,92.5
M24,2024-01-07,92.5,70.0,32.4,130.0
M24,2024-01-14,130.0,0.0,35.6,94.5
M24,2024-01-21,94.5,60.0,32.1,122.3
M24,2024-01-28,122.3,0.0,26.4,96.0
M24,2024-02-04,96.0,0.0,20.7,75.3
M24,2024-02-11,75.3,0.0,23.4,51.9
M24,2024-02-18,51.9,60.0,7.7,104.1
M24,2024-02-25,104.1,0.0,9.4,94.7
M24,2024-03-03,94.7,0.0,12.4,82.3
M24,2024-03-10,82.3,0.0,8.1,74.1
M24,2024-03-17,74.1,0.0,9.5,64.6
M24,2024-03-24,64.6,0.0,13.9,50.7
M24,2024-03-31,50.7,50.0,9.5,91.2
M24,2024-04-07,91.2,0.0,9.5,81.7
M24,2024-04-14,81.7,0.0,9.4,72.3
M24,2024-04-21,72.3,0.0,10.0,62.3
M24,2024-04-28,62.3,0.0,9.5,52.8
M24,2024-05-05,52.8,60.0,8.0,104.8
M24,2024-05-12,104.8,0.0,8.3,96.4
M24,2024-05-19,96.4,0.0,9.5,86.9
M24,2024-05-26,86.9,0.0,8.0,78.9
M24,2024-06-02,78.9,0.0,11.3,67.6
M24,2024-06-09,67.6,0.0,9.1,58.5
M24,2024-06-16,58.5,60.0,10.7,107.8
M24,2024-06-23,107.8,0.0,11.8,96.1
M24,2024-06-30,96.1,0.0,17.8,78.2
M24,2024-07-07,78.2,0.0,10.3,67.9
M24,2024-07-14,67.9,50.0,14.1,103.8
M24,2024-07-21,103.8,0.0,11.4,92.5
M24,2024-07-28,92.5,0.0,14.4,78.0
M24,2024-08-04,78.0,0.0,9.2,68.8
M24,2024-08-11,68.8,50.0,12.0,106.9
M24,2024-08-18,106.9,0.0,14.6,92.3
M24,2024-08-25,92.3,0.0,12.6,79.6
M24,2024-09-01,79.6,0.0,11.1,68.6
M24,2024-09-08,68.6,60.0,14.3,114.3
M24,2024-09-15,114.3,0.0,18.2,96.0
M24,2024-09-22,96.0,0.0,11.3,84.8
M24,2024-09-29,84.8,0.0,17.3,67.4
M24,2024-10-06,67.4,0.0,21.2,46.2
M24,2024-10-13,46.2,70.0,23.3,92.9
M24,2024-10-20,92.9,70.0,41.1,121.9
M24,2024-10-27,121.9,0.0,30.0,91.9
M24,2024-11-03,91.9,60.0,21.5,130.4
M24,2024-11-10,130.4,0.0,37.1,93.3
M24,2024-11-17,93.3,60.0,28.2,125.0
M24,2024-11-24,125.0,0.0,33.2,91.8
M24,2024-12-01,91.8,60.0,33.9,117.9
M24,2024-12-08,117.9,0.0,29.7,88.2
M24,2024-12-15,88.2,0.0,6.9,81.4
M24,2024-12-22,81.4,0.0,17.7,63.6
M24,2024-12-29,63.6,60.0,1.8,121.9
M24,2025-01-05,121.9,0.0,31.6,90.3
M25,2022-01-02,11285.0,0.0,1427.0,9858.0
M25,2022-01-09,9858.0,0.0,1845.0,8013.0
M25,2022-01-16,8013.0,0.0,1481.0,6532.0
M25,2022-01-23,6532.0,5880.0,2030.0,10382.0
M25,2022-01-30,10382.0,0.0,1583.0,8799.0
M25,2022-02-06,8799.0,0.0,2257.0,6542.0
M25,2022-02-13,6542.0,4870.0,1377.0,10035.0
M25,2022-02-20,10035.0,0.0,1238.0,8797.0
M25,2022-02-27,8797.0,0.0,1494.0,7303.0
M25,2022-03-06,7303.0,0.0,1422.0,5881.0
M25,2022-03-13,5881.0,5540.0,1215.0,10206.0
M25,2022-03-20,10206.0,0.0,1410.0,8796.0
M25,2022-03-27,8796.0,0.0,1487.0,7309.0
M25,2022-04-03,7309.0,0.0,1282.0,6027.0
M25,2022-04-10,6027.0,5580.0,1445.0,10162.0
M25,2022-04-17,10162.0,0.0,1362.0,8800.0
M25,2022-04-24,8800.0,0.0,1493.0,7307.0
M25,2022-05-01,7307.0,0.0,1484.0,5823.0
M25,2022-05-08,5823.0,6240.0,1421.0,10642.0
M25,2022-05-15,10642.0,0.0,1846.0,8796.0
M25,2022-05-22,8796.0,0.0,1863.0,6933.0
M25,2022-05-29,6933.0,5620.0,1768.0,10785.0
M25,2022-06-05,10785.0,0.0,1981.0,8804.0
M25,2022-06-12,8804.0,0.0,1699.0,7105.0
M25,2022-06-19,7105.0,5690.0,1948.0,10847.0
M25,2022-06-26,10847.0,0.0,2051.0,8796.0
M25,2022-07-03,8796.0,0.0,1896.0,6900.0
M25,2022-07-10,6900.0,5730.0,1921.0,10709.0
M25,2022-07-17,10709.0,0.0,1910.0,8799.0
M25,2022-07-24,8799.0,0.0,1950.0,6849.0
M25,2022-07-31,6849.0,5850.0,1932.0,10767.0
M25,2022-08-07,10767.0,0.0,1966.0,8801.0
M25,2022-08-14,8801.0,0.0,2049.0,6752.0
M25,2022-08-21,6752.0,6080.0,1984.0,10848.0
M25,2022-08-28,10848.0,0.0,2048.0,8800.0
M25,2022-09-04,8800.0,0.0,1848.0,6952.0
M25,2022-09-11,6952.0,6630.0,2491.0,11091.0
M25,2022-09-18,11091.0,0.0,2287.0,8804.0
M25,2022-09-25,8804.0,4990.0,2439.0,11355.0
M25,2022-10-02,11355.0,0.0,2553.0,8802.0
M25,2022-10-09,8802.0,4680.0,2349.0,11133.0
M25,2022-10-16,11133.0,0.0,2334.0,8799.0
M25,2022-10-23,8799.0,4680.0,2292.0,11187.0
M25,2022-10-30,11187.0,0.0,2391.0,8796.0
M25,2022-11-06,8796.0,5070.0,2434.0,11432.0
M25,2022-11-13,11432.0,0.0,2635.0,8797.0
M25,2022-11-20,8797.0,5270.0,2601.0,11466.0
M25,2022-11-27,11466.0,0.0,2662.0,8804.0
M25,2022-12-04,8804.0,5050.0,2565.0,11289.0
M25,2022-12-11,11289.0,0.0,2487.0,8802.0
M25,2022-12-18,8802.0,4620.0,2323.0,11099.0
M25,2022-12-25,11099.0,0.0,2303.0,8796.0
M25,2023-01-01,8796.0,4840.0,2623.0,11013.0
M25,2023-01-08,11013.0,0.0,2215.0,8798.0
M25,2023-01-15,8798.0,4710.0,2344.0,11164.0
M25,2023-01-22,11164.0,0.0,2364.0,8800.0
M25,2023-01-29,8800.0,5080.0,2496.0,11384.0
M25,2023-02-05,11384.0,0.0,2588.0,8796.0
M25,2023-02-12,8796.0,0.0,1619.0,7177.0
M25,2023-02-19,7177.0,4860.0,1702.0,10335.0
M25,2023-02-26,10335.0,0.0,1532.0,8803.0
M25,2023-03-05,8803.0,0.0,1688.0,7115.0
M25,2023-03-12,7115.0,4980.0,1691.0,10404.0
M25,2023-03-19,10404.0,0.0,1604.0,8800.0
M25,2023-03-26,8800.0,0.0,1611.0,7189.0
M25,2023-04-02,7189.0,5060.0,1904.0,10345.0
M25,2023-04-09,10345.0,0.0,1541.0,8804.0
M25,2023-04-16,8804.0,0.0,1648.0,7156.0
M25,2023-04-23,7156.0,4980.0,1706.0,10430.0
M25,2023-04-30,10430.0,0.0,1629.0,8801.0
M25,2023-05-07,8801.0,0.0,1535.0,7266.0
M25,2023-05-14,7266.0,5620.0,1999.0,10887.0
M25,2023-05-21,10887.0,0.0,2082.0,8805.0
M25,2023-05-28,8805.0,0.0,1997.0,6808.0
M25,2023-06-04,6808.0,6050.0,2058.0,10800.0
M25,2023-06-11,10800.0,0.0,2004.0,8796.0
M25,2023-06-18,8796.0,0.0,2162.0,6634.0
M25,2023-06-25,6634.0,6260.0,1906.0,10988.0
M25,2023-07-02,10988.0,0.0,2190.0,8798.0
M25,2023-07-09,8798.0,4410.0,2392.0,10816.0
M25,2023-07-16,10816.0,0.0,2016.0,8800.0
M25,2023-07-23,8800.0,0.0,2194.0,6606.0
M25,2023-07-30,6606.0,6440.0,2158.0,10888.0
M25,2023-08-06,10888.0,0.0,2086.0,8802.0
M25,2023-08-13,8802.0,0.0,2072.0,6730.0
M25,2023-08-20,6730.0,6540.0,2041.0,11229.0
M25,2023-08-27,11229.0,0.0,2433.0,8796.0
M25,2023-09-03,8796.0,0.0,2100.0,6696.0
M25,2023-09-10,6696.0,6210.0,2203.0,10703.0
M25,2023-09-17,10703.0,0.0,1905.0,8798.0
M25,2023-09-24,8798.0,5120.0,2076.0,11842.0
M25,2023-10-01,11842.0,0.0,3037.0,8805.0
M25,2023-10-08,8805.0,4870.0,2074.0,11601.0
M25,2023-10-15,11601.0,0.0,2803.0,8798.0
M25,2023-10-22,8798.0,5930.0,3018.0,11710.0
M25,2023-10-29,11710.0,0.0,2911.0,8799.0
M25,2023-11-05,8799.0,5210.0,2737.0,11272.0
M25,2023-11-12,11272.0,0.0,2475.0,8797.0
M25,2023-11-19,8797.0,5180.0,2883.0,11094.0
M25,2023-11-26,11094.0,0.0,2294.0,8800.0
M25,2023-12-03,8800.0,5120.0,2628.0,11292.0
M25,2023-12-10,11292.0,0.0,2491.0,8801.0
M25,2023-12-17,8801.0,5110.0,2604.0,11307.0
M25,2023-12-24,11307.0,0.0,2505.0,8802.0
M25,2023-12-31,8802.0,5370.0,2603.0,11569.0
M25,2024-01-07,11569.0,0.0,2772.0,8797.0
M25,2024-01-14,8797.0,5240.0,2542.0,11495.0
M25,2024-01-21,11495.0,0.0,2693.0,8802.0
M25,2024-01-28,8802.0,5480.0,2782.0,11500.0
M25,2024-02-04,11500.0,0.0,2704.0,8796.0
M25,2024-02-11,8796.0,0.0,2007.0,6789.0
M25,2024-02-18,6789.0,0.0,2017.0,4772.0
M25,2024-02-25,4772.0,5900.0,1874.0,8798.0
M25,2024-03-03,8798.0,0.0,2016.0,6782.0
M25,2024-03-10,6782.0,5770.0,1770.0,10782.0
M25,2024-03-17,10782.0,0.0,1986.0,8796.0
M25,2024-03-24,8796.0,0.0,2098.0,6698.0
M25,2024-03-31,6698.0,5730.0,1545.0,10883.0
M25,2024-04-07,10883.0,0.0,2082.0,8801.0
M25,2024-04-14,8801.0,0.0,1597.0,7204.0
M25,2024-04-21,7204.0,5550.0,1999.0,10755.0
M25,2024-04-28,10755.0,0.0,1953.0,8802.0
M25,2024-05-05,8802.0,0.0,1985.0,6817.0
M25,2024-05-12,6817.0,6750.0,1925.0,11642.0
M25,2024-05-19,11642.0,0.0,2842.0,8800.0
M25,2024-05-26,8800.0,5240.0,2785.0,11255.0
M25,2024-06-02,11255.0,0.0,2450.0,8805.0
M25,2024-06-09,8805.0,5230.0,2455.0,11580.0
M25,2024-06-16,11580.0,0.0,2783.0,8797.0
M25,2024-06-23,8797.0,5110.0,2435.0,11472.0
M25,2024-06-30,11472.0,0.0,2667.0,8805.0
M25,2024-07-07,8805.0,4780.0,2246.0,11339.0
M25,2024-07-14,11339.0,0.0,2536.0,8803.0
M25,2024-07-21,8803.0,5110.0,2346.0,11567.0
M25,2024-07-28,11567.0,0.0,2767.0,8800.0
M25,2024-08-04,8800.0,5450.0,2365.0,11885.0
M25,2024-08-11,11885.0,0.0,3089.0,8796.0
M25,2024-08-18,8796.0,4980.0,2262.0,11514.0
M25,2024-08-25,11514.0,0.0,2716.0,8798.0
M25,2024-09-01,8798.0,5460.0,2746.0,11512.0
M25,2024-09-08,11512.0,0.0,2716.0,8796.0
M25,2024-09-15,8796.0,6690.0,3180.0,12306.0
M25,2024-09-22,12306.0,0.0,3509.0,8797.0
M25,2024-09-29,8797.0,6060.0,2351.0,12506.0
M25,2024-10-06,12506.0,0.0,3703.0,8803.0
M25,2024-10-13,8803.0,6550.0,3004.0,12349.0
M25,2024-10-20,12349.0,0.0,3552.0,8797.0
M25,2024-10-27,8797.0,5810.0,2735.0,11872.0
M25,2024-11-03,11872.0,0.0,3076.0,8796.0
M25,2024-11-10,8796.0,5720.0,2896.0,11620.0
M25,2024-11-17,11620.0,0.0,2816.0,8804.0
M25,2024-11-24,8804.0,5900.0,2842.0,11862.0
M25,2024-12-01,11862.0,0.0,3060.0,8802.0
M25,2024-12-08,8802.0,0.0,2938.0,5864.0
M25,2024-12-15,5864.0,5970.0,973.0,10861.0
M25,2024-12-22,10861.0,0.0,2061.0,8800.0
M25,2024-12-29,8800.0,4460.0,900.0,12360.0
M25,2025-01-05,12360.0,0.0,3556.0,8804.0
M26,2022-01-02,3180.0,0.0,636.0,2544.0
M26,2022-01-09,2544.0,0.0,494.0,2050.0
M26,2022-01-16,2050.0,0.0,421.0,1629.0
M26,2022-01-23,1629.0,1300.0,590.0,2339.0
M26,2022-01-30,2339.0,0.0,436.0,1903.0
M26,2022-02-06,1903.0,0.0,426.0,1477.0
M26,2022-02-13,1477.0,1010.0,361.0,2126.0
M26,2022-02-20,2126.0,0.0,224.0,1902.0
M26,2022-02-27,1902.0,0.0,197.0,1705.0
M26,2022-03-06,1705.0,0.0,308.0,1397.0
M26,2022-03-13,1397.0,0.0,236.0,1161.0
M26,2022-03-20,1161.0,1200.0,209.0,2152.0
M26,2022-03-27,2152.0,0.0,255.0,1897.0
M26,2022-04-03,1897.0,0.0,287.0,1610.0
M26,2022-04-10,1610.0,0.0,262.0,1348.0
M26,2022-04-17,1348.0,1200.0,287.0,2261.0
M26,2022-04-24,2261.0,0.0,359.0,1902.0
M26,2022-05-01,1902.0,0.0,253.0,1649.0
M26,2022-05-08,1649.0,0.0,318.0,1331.0
M26,2022-05-15,1331.0,1440.0,377.0,2394.0
M26,2022-05-22,2394.0,0.0,490.0,1904.0
M26,2022-05-29,1904.0,0.0,337.0,1567.0
M26,2022-06-05,1567.0,1240.0,443.0,2364.0
M26,2022-06-12,2364.0,0.0,468.0,1896.0
M26,2022-06-19,1896.0,0.0,449.0,1447.0
M26,2022-06-26,1447.0,0.0,411.0,1036.0
M26,2022-07-03,1036.0,1230.0,369.0,1897.0
M26,2022-07-10,1897.0,0.0,392.0,1505.0
M26,2022-07-17,1505.0,1310.0,513.0,2302.0
M26,2022-07-24,2302.0,0.0,404.0,1898.0
M26,2022-07-31,1898.0,0.0,421.0,1477.0
M26,2022-08-07,1477.0,1400.0,492.0,2385.0
M26,2022-08-14,2385.0,0.0,485.0,1900.0
M26,2022-08-21,1900.0,0.0,379.0,1521.0
M26,2022-08-28,1521.0,1220.0,469.0,2272.0
M26,2022-09-04,2272.0,0.0,376.0,1896.0
M26,2022-09-11,1896.0,1100.0,626.0,2370.0
M26,2022-09-18,2370.0,0.0,468.0,1902.0
M26,2022-09-25,1902.0,0.0,349.0,1553.0
M26,2022-10-02,1553.0,1130.0,356.0,2327.0
M26,2022-10-09,2327.0,0.0,432.0,1895.0
M26,2022-10-16,1895.0,1000.0,613.0,2282.0
M26,2022-10-23,2282.0,0.0,378.0,1904.0
M26,2022-10-30,1904.0,1070.0,595.0,2379.0
M26,2022-11-06,2379.0,0.0,480.0,1899.0
M26,2022-11-13,1899.0,1010.0,584.0,2325.0
M26,2022-11-20,2325.0,0.0,427.0,1898.0
M26,2022-11-27,1898.0,1310.0,629.0,2579.0
M26,2022-12-04,2579.0,0.0,680.0,1899.0
M26,2022-12-11,1899.0,1150.0,671.0,2378.0
M26,2022-12-18,2378.0,0.0,474.0,1904.0
M26,2022-12-25,1904.0,1100.0,591.0,2413.0
M26,2023-01-01,2413.0,0.0,513.0,1900.0
M26,2023-01-08,1900.0,1160.0,530.0,2530.0
M26,2023-01-15,2530.0,0.0,627.0,1903.0
M26,2023-01-22,1903.0,970.0,580.0,2293.0
M26,2023-01-29,2293.0,0.0,394.0,1899.0
M26,2023-02-05,1899.0,0.0,549.0,1350.0
M26,2023-02-12,1350.0,1090.0,243.0,2197.0
M26,2023-02-19,2197.0,0.0,296.0,1901.0
M26,2023-02-26,1901.0,0.0,311.0,1590.0
M26,2023-03-05,1590.0,0.0,297.0,1293.0
M26,2023-03-12,1293.0,1250.0,308.0,2235.0
M26,2023-03-19,2235.0,0.0,339.0,1896.0
M26,2023-03-26,1896.0,0.0,257.0,1639.0
M26,2023-04-02,1639.0,0.0,295.0,1344.0
M26,2023-04-09,1344.0,1100.0,296.0,2148.0
M26,2023-04-16,2148.0,0.0,244.0,1904.0
M26,2023-04-23,1904.0,0.0,307.0,1597.0
M26,2023-04-30,1597.0,0.0,265.0,1332.0
M26,2023-05-07,1332.0,1250.0,249.0,2333.0
M26,2023-05-14,2333.0,0.0,435.0,1898.0
M26,2023-05-21,1898.0,0.0,408.0,1490.0
M26,2023-05-28,1490.0,1260.0,384.0,2366.0
M26,2023-06-04,2366.0,0.0,464.0,1902.0
M26,2023-06-11,1902.0,1000.0,500.0,2402.0
M26,2023-06-18,2402.0,0.0,507.0,1895.0
M26,2023-06-25,1895.0,1070.0,454.0,2511.0
M26,2023-07-02,2511.0,0.0,609.0,1902.0
M26,2023-07-09,1902.0,1000.0,542.0,2360.0
M26,2023-07-16,2360.0,0.0,463.0,1897.0
M26,2023-07-23,1897.0,0.0,535.0,1362.0
M26,2023-07-30,1362.0,1440.0,391.0,2411.0
M26,2023-08-06,2411.0,0.0,513.0,1898.0
M26,2023-08-13,1898.0,980.0,538.0,2340.0
M26,2023-08-20,2340.0,0.0,438.0,1902.0
M26,2023-08-27,1902.0,980.0,543.0,2339.0
M26,2023-09-03,2339.0,0.0,435.0,1904.0
M26,2023-09-10,1904.0,0.0,517.0,1387.0
M26,2023-09-17,1387.0,1340.0,423.0,2304.0
M26,2023-09-24,2304.0,0.0,400.0,1904.0
M26,2023-10-01,1904.0,0.0,507.0,1397.0
M26,2023-10-08,1397.0,1360.0,287.0,2470.0
M26,2023-10-15,2470.0,0.0,571.0,1899.0
M26,2023-10-22,1899.0,1340.0,721.0,2518.0
M26,2023-10-29,2518.0,0.0,616.0,1902.0
M26,2023-11-05,1902.0,1300.0,661.0,2541.0
M26,2023-11-12,2541.0,0.0,638.0,1903.0
M26,2023-11-19,1903.0,1180.0,687.0,2396.0
M26,2023-11-26,2396.0,0.0,494.0,1902.0
M26,2023-12-03,1902.0,1200.0,553.0,2549.0
M26,2023-12-10,2549.0,0.0,652.0,1897.0
M26,2023-12-17,1897.0,1270.0,521.0,2646.0
M26,2023-12-24,2646.0,0.0,748.0,1898.0
M26,2023-12-31,1898.0,0.0,537.0,1361.0
M26,2024-01-07,1361.0,1530.0,366.0,2525.0
M26,2024-01-14,2525.0,0.0,629.0,1896.0
M26,2024-01-21,1896.0,1430.0,777.0,2549.0
M26,2024-01-28,2549.0,0.0,654.0,1895.0
M26,2024-02-04,1895.0,1110.0,638.0,2367.0
M26,2024-02-11,2367.0,0.0,470.0,1897.0
M26,2024-02-18,1897.0,0.0,434.0,1463.0
M26,2024-02-25,1463.0,1110.0,319.0,2254.0
M26,2024-03-03,2254.0,0.0,357.0,1897.0
M26,2024-03-10,1897.0,0.0,275.0,1622.0
M26,2024-03-17,1622.0,960.0,365.0,2217.0
M26,2024-03-24,2217.0,0.0,317.0,1900.0
M26,2024-03-31,1900.0,0.0,324.0,1576.0
M26,2024-04-07,1576.0,1050.0,399.0,2227.0
M26,2024-04-14,2227.0,0.0,330.0,1897.0
M26,2024-04-21,1897.0,0.0,381.0,1516.0
M26,2024-04-28,1516.0,1030.0,276.0,2270.0
M26,2024-05-05,2270.0,0.0,370.0,1900.0
M26,2024-05-12,1900.0,0.0,368.0,1532.0
M26,2024-05-19,1532.0,1210.0,442.0,2300.0
M26,2024-05-26,2300.0,0.0,397.0,1903.0
M26,2024-06-02,1903.0,1170.0,564.0,2509.0
M26,2024-06-09,2509.0,0.0,612.0,1897.0
M26,2024-06-16,1897.0,1080.0,524.0,2453.0
M26,2024-06-23,2453.0,0.0,555.0,1898.0
M26,2024-06-30,1898.0,1280.0,677.0,2501.0
M26,2024-07-07,2501.0,0.0,597.0,1904.0
M26,2024-07-14,1904.0,1200.0,666.0,2438.0
M26,2024-07-21,2438.0,0.0,537.0,1901.0
M26,2024-07-28,1901.0,1250.0,670.0,2481.0
M26,2024-08-04,2481.0,0.0,585.0,1896.0
M26,2024-08-11,1896.0,1150.0,620.0,2426.0
M26,2024-08-18,2426.0,0.0,522.0,1904.0
M26,2024-08-25,1904.0,1080.0,533.0,2451.0
M26,2024-09-01,2451.0,0.0,547.0,1904.0
M26,2024-09-08,1904.0,1090.0,570.0,2424.0
M26,2024-09-15,2424.0,0.0,527.0,1897.0
M26,2024-09-22,1897.0,1090.0,652.0,2335.0
M26,2024-09-29,2335.0,0.0,434.0,1901.0
M26,2024-10-06,1901.0,1360.0,691.0,2570.0
M26,2024-10-13,2570.0,0.0,675.0,1895.0
M26,2024-10-20,1895.0,1510.0,891.0,2514.0
M26,2024-10-27,2514.0,0.0,611.0,1903.0
M26,2024-11-03,1903.0,1560.0,692.0,2771.0
M26,2024-11-10,2771.0,0.0,874.0,1897.0
M26,2024-11-17,1897.0,1370.0,579.0,2688.0
M26,2024-11-24,2688.0,0.0,785.0,1903.0
M26,2024-12-01,1903.0,1400.0,858.0,2445.0
M26,2024-12-08,2445.0,0.0,542.0,1903.0
M26,2024-12-15,1903.0,0.0,178.0,1725.0
M26,2024-12-22,1725.0,0.0,445.0,1280.0
M26,2024-12-29,1280.0,1550.0,95.0,2735.0
M26,2025-01-05,2735.0,0.0,839.0,1896.0
M27,2022-01-02,2912.8,0.0,299.0,2613.8
M27,2022-01-09,2613.8,0.0,279.0,2334.8
M27,2022-01-16,2334.8,0.0,357.0,1977.8
M27,2022-01-23,1977.8,0.0,325.0,1652.8
M27,2022-01-30,1652.8,1280.0,308.0,2624.8
M27,2022-02-06,2624.8,0.0,294.0,2330.8
M27,2022-02-13,2330.8,0.0,281.0,2049.8
M27,2022-02-20,2049.8,0.0,258.0,1791.8
M27,2022-02-27,1791.8,0.0,236.0,1555.8
M27,2022-03-06,1555.8,1490.0,370.0,2675.8
M27,2022-03-13,2675.8,0.0,340.0,2335.8
M27,2022-03-20,2335.8,0.0,254.0,2081.8
M27,2022-03-27,2081.8,0.0,354.0,1727.8
M27,2022-04-03,1727.8,1260.0,329.0,2658.8
M27,2022-04-10,2658.8,0.0,324.0,2334.8
M27,2022-04-17,2334.8,0.0,304.0,2030.8
M27,2022-04-24,2030.8,0.0,308.0,1722.8
M27,2022-05-01,1722.8,0.0,265.0,1457.8
M27,2022-05-08,1457.8,1620.0,246.0,2831.8
M27,2022-05-15,2831.8,0.0,501.0,2330.8
M27,2022-05-22,2330.8,0.0,419.0,1911.8
M27,2022-05-29,1911.8,1410.0,471.0,2850.8
M27,2022-06-05,2850.8,0.0,514.0,2336.8
M27,2022-06-12,2336.8,0.0,455.0,1881.8
M27,2022-06-19,1881.8,1340.0,463.0,2758.8
M27,2022-06-26,2758.8,0.0,420.0,2338.8
M27,2022-07-03,2338.8,0.0,395.0,1943.8
M27,2022-07-10,1943.8,1290.0,465.0,2768.8
M27,2022-07-17,2768.8,0.0,437.0,2331.8
M27,2022-07-24,2331.8,0.0,493.0,1838.8
M27,2022-07-31,1838.8,0.0,432.0,1406.8
M27,2022-08-07,1406.8,1380.0,447.0,2339.8
M27,2022-08-14,2339.8,0.0,500.0,1839.8
M27,2022-08-21,1839.8,1390.0,383.0,2846.8
M27,2022-08-28,2846.8,0.0,510.0,2336.8
M27,2022-09-04,2336.8,0.0,461.0,1875.8
M27,2022-09-11,1875.8,1560.0,623.0,2812.8
M27,2022-09-18,2812.8,0.0,473.0,2339.8
M27,2022-09-25,2339.8,0.0,435.0,1904.8
M27,2022-10-02,1904.8,1620.0,580.0,2944.8
M27,2022-10-09,2944.8,0.0,606.0,2338.8
M27,2022-10-16,2338.8,0.0,394.0,1944.8
M27,2022-10-23,1944.8,1400.0,549.0,2795.8
M27,2022-10-30,2795.8,0.0,458.0,2337.8
M27,2022-11-06,2337.8,0.0,439.0,1898.8
M27,2022-11-13,1898.8,1310.0,445.0,2763.8
M27,2022-11-20,2763.8,0.0,425.0,2338.8
M27,2022-11-27,2338.8,0.0,521.0,1817.8
M27,2022-12-04,1817.8,1390.0,402.0,2805.8
M27,2022-12-11,2805.8,0.0,475.0,2330.8
M27,2022-12-18,2330.8,0.0,424.0,1906.8
M27,2022-12-25,1906.8,1650.0,395.0,3161.8
M27,2023-01-01,3161.8,0.0,826.0,2335.8
M27,2023-01-08,2335.8,1240.0,579.0,2996.8
M27,2023-01-15,2996.8,0.0,665.0,2331.8
M27,2023-01-22,2331.8,1280.0,663.0,2948.8
M27,2023-01-29,2948.8,0.0,618.0,2330.8
M27,2023-02-05,2330.8,1300.0,819.0,2811.8
M27,2023-02-12,2811.8,0.0,477.0,2334.8
M27,2023-02-19,2334.8,0.0,579.0,1755.8
M27,2023-02-26,1755.8,1340.0,358.0,2737.8
M27,2023-03-05,2737.8,0.0,405.0,2332.8
M27,2023-03-12,2332.8,0.0,543.0,1789.8
M27,2023-03-19,1789.8,1420.0,437.0,2772.8
M27,2023-03-26,2772.8,0.0,442.0,2330.8
M27,2023-04-02,2330.8,0.0,447.0,1883.8
M27,2023-04-09,1883.8,1360.0,484.0,2759.8
M27,2023-04-16,2759.8,0.0,423.0,2336.8
M27,2023-04-23,2336.8,0.0,489.0,1847.8
M27,2023-04-30,1847.8,1390.0,498.0,2739.8
M27,2023-05-07,2739.8,0.0,403.0,2336.8
M27,2023-05-14,2336.8,0.0,655.0,1681.8
M27,2023-05-21,1681.8,1250.0,593.0,2338.8
M27,2023-05-28,2338.8,0.0,495.0,1843.8
M27,2023-06-04,1843.8,1560.0,562.0,2841.8
M27,2023-06-11,2841.8,0.0,503.0,2338.8
M27,2023-06-18,2338.8,0.0,544.0,1794.8
M27,2023-06-25,1794.8,1820.0,586.0,3028.8
M27,2023-07-02,3028.8,0.0,696.0,2332.8
M27,2023-07-09,2332.8,0.0,621.0,1711.8
M27,2023-07-16,1711.8,1750.0,487.0,2974.8
M27,2023-07-23,2974.8,0.0,643.0,2331.8
M27,2023-07-30,2331.8,1200.0,611.0,2920.8
M27,2023-08-06,2920.8,0.0,589.0,2331.8
M27,2023-08-13,2331.8,0.0,588.0,1743.8
M27,2023-08-20,1743.8,1630.0,493.0,2880.8
M27,2023-08-27,2880.8,0.0,550.0,2330.8
M27,2023-09-03,2330.8,0.0,582.0,1748.8
M27,2023-09-10,1748.8,1830.0,559.0,3019.8
M27,2023-09-17,3019.8,0.0,689.0,2330.8
M27,2023-09-24,2330.8,1730.0,693.0,3367.8
M27,2023-10-01,3367.8,0.0,1032.0,2335.8
M27,2023-10-08,2335.8,1520.0,567.0,3288.8
M27,2023-10-15,3288.8,0.0,953.0,2335.8
M27,2023-10-22,2335.8,1960.0,988.0,3307.8
M27,2023-10-29,3307.8,0.0,971.0,2336.8
M27,2023-11-05,2336.8,1740.0,871.0,3205.8
M27,2023-11-12,3205.8,0.0,866.0,2339.8
M27,2023-11-19,2339.8,1380.0,794.0,2925.8
M27,2023-11-26,2925.8,0.0,591.0,2334.8
M27,2023-12-03,2334.8,1420.0,635.0,3119.8
M27,2023-12-10,3119.8,0.0,787.0,2332.8
M27,2023-12-17,2332.8,1610.0,792.0,3150.8
M27,2023-12-24,3150.8,0.0,812.0,2338.8
M27,2023-12-31,2338.8,1560.0,783.0,3115.8
M27,2024-01-07,3115.8,0.0,785.0,2330.8
M27,2024-01-14,2330.8,1480.0,782.0,3028.8
M27,2024-01-21,3028.8,0.0,696.0,2332.8
M27,2024-01-28,2332.8,1550.0,763.0,3119.8
M27,2024-02-04,3119.8,0.0,782.0,2337.8
M27,2024-02-11,2337.8,0.0,634.0,1703.8
M27,2024-02-18,1703.8,1670.0,504.0,2869.8
M27,2024-02-25,2869.8,0.0,537.0,2332.8
M27,2024-03-03,2332.8,1170.0,612.0,2890.8
M27,2024-03-10,2890.8,0.0,557.0,2333.8
M27,2024-03-17,2333.8,0.0,508.0,1825.8
M27,2024-03-24,1825.8,1530.0,498.0,2857.8
M27,2024-03-31,2857.8,0.0,524.0,2333.8
M27,2024-04-07,2333.8,0.0,555.0,1778.8
M27,2024-04-14,1778.8,1580.0,428.0,2930.8
M27,2024-04-21,2930.8,0.0,595.0,2335.8
M27,2024-04-28,2335.8,0.0,530.0,1805.8
M27,2024-05-05,1805.8,1770.0,559.0,3016.8
M27,2024-05-12,3016.8,0.0,677.0,2339.8
M27,2024-05-19,2339.8,1540.0,730.0,3149.8
M27,2024-05-26,3149.8,0.0,814.0,2335.8
M27,2024-06-02,2335.8,1470.0,749.0,3056.8
M27,2024-06-09,3056.8,0.0,720.0,2336.8
M27,2024-06-16,2336.8,1550.0,768.0,3118.8
M27,2024-06-23,3118.8,0.0,781.0,2337.8
M27,2024-06-30,2337.8,1390.0,754.0,2973.8
M27,2024-07-07,2973.8,0.0,640.0,2333.8
M27,2024-07-14,2333.8,1410.0,733.0,3010.8
M27,2024-07-21,3010.8,0.0,677.0,2333.8
M27,2024-07-28,2333.8,1650.0,974.0,3009.8
M27,2024-08-04,3009.8,0.0,677.0,2332.8
M27,2024-08-11,2332.8,1550.0,821.0,3061.8
M27,2024-08-18,3061.8,0.0,723.0,2338.8
M27,2024-08-25,2338.8,1540.0,704.0,3174.8
M27,2024-09-01,3174.8,0.0,837.0,2337.8
M27,2024-09-08,2337.8,1550.0,713.0,3174.8
M27,2024-09-15,3174.8,0.0,840.0,2334.8
M27,2024-09-22,2334.8,1470.0,731.0,3073.8
M27,2024-09-29,3073.8,0.0,740.0,2333.8
M27,2024-10-06,2333.8,1910.0,976.0,3267.8
M27,2024-10-13,3267.8,0.0,930.0,2337.8
M27,2024-10-20,2337.8,1930.0,1098.0,3169.8
M27,2024-10-27,3169.8,0.0,838.0,2331.8
M27,2024-11-03,2331.8,1670.0,828.0,3173.8
M27,2024-11-10,3173.8,0.0,836.0,2337.8
M27,2024-11-17,2337.8,1710.0,893.0,3154.8
M27,2024-11-24,3154.8,0.0,823.0,2331.8
M27,2024-12-01,2331.8,1600.0,763.0,3168.8
M27,2024-12-08,3168.8,0.0,830.0,2338.8
M27,2024-12-15,2338.8,0.0,237.0,2101.8
M27,2024-12-22,2101.8,0.0,579.0,1522.8
M27,2024-12-29,1522.8,2100.0,157.0,3465.8
M27,2025-01-05,3465.8,0.0,1126.0,2339.8
M28,2022-01-02,2900.0,0.0,520.0,2380.0
M28,2022-01-09,2380.0,0.0,505.0,1875.0
M28,2022-01-16,1875.0,0.0,437.0,1438.0
M28,2022-01-23,1438.0,900.0,580.0,1758.0
M28,2022-01-30,1758.0,0.0,437.0,1321.0
M28,2022-02-06,1321.0,0.0,440.0,881.0
M28,2022-02-13,881.0,800.0,211.0,1470.0
M28,2022-02-20,1470.0,0.0,156.0,1314.0
M28,2022-02-27,1314.0,0.0,181.0,1133.0
M28,2022-03-06,1133.0,0.0,169.0,964.0
M28,2022-03-13,964.0,700.0,164.0,1500.0
M28,2022-03-20,1500.0,0.0,185.0,1315.0
M28,2022-03-27,1315.0,0.0,192.0,1123.0
M28,2022-04-03,1123.0,0.0,145.0,978.0
M28,2022-04-10,978.0,710.0,197.0,1491.0
M28,2022-04-17,1491.0,0.0,175.0,1316.0
M28,2022-04-24,1316.0,0.0,141.0,1175.0
M28,2022-05-01,1175.0,0.0,139.0,1036.0
M28,2022-05-08,1036.0,0.0,192.0,844.0
M28,2022-05-15,844.0,770.0,163.0,1451.0
M28,2022-05-22,1451.0,0.0,129.0,1322.0
M28,2022-05-29,1322.0,0.0,187.0,1135.0
M28,2022-06-05,1135.0,0.0,181.0,954.0
M28,2022-06-12,954.0,0.0,116.0,838.0
M28,2022-06-19,838.0,840.0,160.0,1518.0
M28,2022-06-26,1518.0,0.0,204.0,1314.0
M28,2022-07-03,1314.0,0.0,152.0,1162.0
M28,2022-07-10,1162.0,0.0,184.0,978.0
M28,2022-07-17,978.0,820.0,203.0,1595.0
M28,2022-07-24,1595.0,0.0,277.0,1318.0
M28,2022-07-31,1318.0,0.0,184.0,1134.0
M28,2022-08-07,1134.0,0.0,175.0,959.0
M28,2022-08-14,959.0,750.0,189.0,1520.0
M28,2022-08-21,1520.0,0.0,199.0,1321.0
M28,2022-08-28,1321.0,0.0,192.0,1129.0
M28,2022-09-04,1129.0,680.0,172.0,1637.0
M28,2022-09-11,1637.0,0.0,322.0,1315.0
M28,2022-09-18,1315.0,0.0,326.0,989.0
M28,2022-09-25,989.0,1020.0,309.0,1700.0
M28,2022-10-02,1700.0,0.0,380.0,1320.0
M28,2022-10-09,1320.0,820.0,219.0,1921.0
M28,2022-10-16,1921.0,0.0,604.0,1317.0
M28,2022-10-23,1317.0,1030.0,461.0,1886.0
M28,2022-10-30,1886.0,0.0,572.0,1314.0
M28,2022-11-06,1314.0,1050.0,526.0,1838.0
M28,2022-11-13,1838.0,0.0,519.0,1319.0
M28,2022-11-20,1319.0,1150.0,615.0,1854.0
M28,2022-11-27,1854.0,0.0,534.0,1320.0
M28,2022-12-04,1320.0,960.0,472.0,1808.0
M28,2022-12-11,1808.0,0.0,487.0,1321.0
M28,2022-12-18,1321.0,890.0,403.0,1808.0
M28,2022-12-25,1808.0,0.0,486.0,1322.0
M28,2023-01-01,1322.0,1170.0,555.0,1937.0
M28,2023-01-08,1937.0,0.0,620.0,1317.0
M28,2023-01-15,1317.0,910.0,366.0,1861.0
M28,2023-01-22,1861.0,0.0,546.0,1315.0
M28,2023-01-29,1315.0,1120.0,484.0,1951.0
M28,2023-02-05,1951.0,0.0,629.0,1322.0
M28,2023-02-12,1322.0,0.0,278.0,1044.0
M28,2023-02-19,1044.0,0.0,142.0,902.0
M28,2023-02-26,902.0,0.0,157.0,745.0
M28,2023-03-05,745.0,800.0,231.0,1314.0
M28,2023-03-12,1314.0,0.0,162.0,1152.0
M28,2023-03-19,1152.0,0.0,197.0,955.0
M28,2023-03-26,955.0,740.0,196.0,1499.0
M28,2023-04-02,1499.0,0.0,177.0,1322.0
M28,2023-04-09,1322.0,0.0,179.0,1143.0
M28,2023-04-16,1143.0,0.0,202.0,941.0
M28,2023-04-23,941.0,720.0,158.0,1503.0
M28,2023-04-30,1503.0,0.0,188.0,1315.0
M28,2023-05-07,1315.0,0.0,203.0,1112.0
M28,2023-05-14,1112.0,0.0,156.0,956.0
M28,2023-05-21,956.0,720.0,155.0,1521.0
M28,2023-05-28,1521.0,0.0,203.0,1318.0
M28,2023-06-04,1318.0,0.0,193.0,1125.0
M28,2023-06-11,1125.0,0.0,214.0,911.0
M28,2023-06-18,911.0,810.0,204.0,1517.0
M28,2023-06-25,1517.0,0.0,197.0,1320.0
M28,2023-07-02,1320.0,0.0,282.0,1038.0
M28,2023-07-09,1038.0,0.0,238.0,800.0
M28,2023-07-16,800.0,860.0,122.0,1538.0
M28,2023-07-23,1538.0,0.0,223.0,1315.0
M28,2023-07-30,1315.0,0.0,218.0,1097.0
M28,2023-08-06,1097.0,680.0,167.0,1610.0
M28,2023-08-13,1610.0,0.0,291.0,1319.0
M28,2023-08-20,1319.0,0.0,246.0,1073.0
M28,2023-08-27,1073.0,660.0,256.0,1477.0
M28,2023-09-03,1477.0,0.0,163.0,1314.0
M28,2023-09-10,1314.0,0.0,206.0,1108.0
M28,2023-09-17,1108.0,800.0,308.0,1600.0
M28,2023-09-24,1600.0,0.0,280.0,1320.0
M28,2023-10-01,1320.0,730.0,524.0,1526.0
M28,2023-10-08,1526.0,0.0,209.0,1317.0
M28,2023-10-15,1317.0,1190.0,475.0,2032.0
M28,2023-10-22,2032.0,720.0,718.0,2034.0
M28,2023-10-29,2034.0,0.0,720.0,1314.0
M28,2023-11-05,1314.0,970.0,487.0,1797.0
M28,2023-11-12,1797.0,0.0,478.0,1319.0
M28,2023-11-19,1319.0,1140.0,580.0,1879.0
M28,2023-11-26,1879.0,0.0,557.0,1322.0
M28,2023-12-03,1322.0,1170.0,600.0,1892.0
M28,2023-12-10,1892.0,0.0,573.0,1319.0
M28,2023-12-17,1319.0,970.0,437.0,1852.0
M28,2023-12-24,1852.0,0.0,538.0,1314.0
M28,2023-12-31,1314.0,1140.0,500.0,1954.0
M28,2024-01-07,1954.0,0.0,636.0,1318.0
M28,2024-01-14,1318.0,1240.0,562.0,1996.0
M28,2024-01-21,1996.0,0.0,674.0,1322.0
M28,2024-01-28,1322.0,1080.0,495.0,1907.0
M28,2024-02-04,1907.0,0.0,587.0,1320.0
M28,2024-02-11,1320.0,0.0,390.0,930.0
M28,2024-02-18,930.0,730.0,150.0,1510.0
M28,2024-02-25,1510.0,0.0,195.0,1315.0
M28,2024-03-03,1315.0,0.0,176.0,1139.0
M28,2024-03-10,1139.0,0.0,172.0,967.0
M28,2024-03-17,967.0,800.0,248.0,1519.0
M28,2024-03-24,1519.0,0.0,204.0,1315.0
M28,2024-03-31,1315.0,0.0,194.0,1121.0
M28,2024-04-07,1121.0,0.0,233.0,888.0
M28,2024-04-14,888.0,790.0,172.0,1506.0
M28,2024-04-21,1506.0,0.0,190.0,1316.0
M28,2024-04-28,1316.0,0.0,212.0,1104.0
M28,2024-05-05,1104.0,690.0,226.0,1568.0
M28,2024-05-12,1568.0,0.0,248.0,1320.0
M28,2024-05-19,1320.0,0.0,270.0,1050.0
M28,2024-05-26,1050.0,0.0,203.0,847.0
M28,2024-06-02,847.0,700.0,226.0,1321.0
M28,2024-06-09,1321.0,0.0,226.0,1095.0
M28,2024-06-16,1095.0,830.0,295.0,1630.0
M28,2024-06-23,1630.0,0.0,312.0,1318.0
M28,2024-06-30,1318.0,0.0,246.0,1072.0
M28,2024-07-07,1072.0,670.0,175.0,1567.0
M28,2024-07-14,1567.0,0.0,252.0,1315.0
M28,2024-07-21,1315.0,0.0,234.0,1081.0
M28,2024-07-28,1081.0,750.0,280.0,1551.0
M28,2024-08-04,1551.0,0.0,230.0,1321.0
M28,2024-08-11,1321.0,0.0,198.0,1123.0
M28,2024-08-18,1123.0,0.0,260.0,863.0
M28,2024-08-25,863.0,740.0,290.0,1313.0
M28,2024-09-01,1313.0,0.0,208.0,1105.0
M28,2024-09-08,1105.0,980.0,228.0,1857.0
M28,2024-09-15,1857.0,0.0,537.0,1320.0
M28,2024-09-22,1320.0,0.0,355.0,965.0
M28,2024-09-29,965.0,950.0,218.0,1697.0
M28,2024-10-06,1697.0,0.0,379.0,1318.0
M28,2024-10-13,1318.0,1270.0,356.0,2232.0
M28,2024-10-20,2232.0,700.0,916.0,2016.0
M28,2024-10-27,2016.0,710.0,699.0,2027.0
M28,2024-11-03,2027.0,0.0,706.0,1321.0
M28,2024-11-10,1321.0,1200.0,519.0,2002.0
M28,2024-11-17,2002.0,720.0,689.0,2033.0
M28,2024-11-24,2033.0,690.0,716.0,2007.0
M28,2024-12-01,2007.0,0.0,686.0,1321.0
M28,2024-12-08,1321.0,820.0,664.0,1477.0
M28,2024-12-15,1477.0,0.0,160.0,1317.0
M28,2024-12-22,1317.0,0.0,402.0,915.0
M28,2024-12-29,915.0,970.0,0.0,1885.0
M28,2025-01-05,1885.0,0.0,569.0,1316.0
M29,2023-06-18,899.4,0.0,96.0,803.4
M29,2023-06-25,803.4,0.0,103.0,700.4
M29,2023-07-02,700.4,0.0,122.0,578.4
M29,2023-07-09,578.4,0.0,120.0,458.4
M29,2023-07-16,458.4,460.0,85.0,833.4
M29,2023-07-23,833.4,0.0,105.0,728.4
M29,2023-07-30,728.4,0.0,94.0,634.4
M29,2023-08-06,634.4,0.0,115.0,519.4
M29,2023-08-13,519.4,430.0,114.0,835.4
M29,2023-08-20,835.4,0.0,114.0,721.4
M29,2023-08-27,721.4,0.0,104.0,617.4
M29,2023-09-03,617.4,0.0,96.0,521.4
M29,2023-09-10,521.4,480.0,142.0,859.4
M29,2023-09-17,859.4,0.0,138.0,721.4
M29,2023-09-24,721.4,450.0,134.0,1037.4
M29,2023-10-01,1037.4,0.0,311.0,726.4
M29,2023-10-08,726.4,0.0,162.0,564.4
M29,2023-10-15,564.4,400.0,238.0,726.4
M29,2023-10-22,726.4,590.0,324.0,992.4
M29,2023-10-29,992.4,0.0,265.0,727.4
M29,2023-11-05,727.4,620.0,246.0,1101.4
M29,2023-11-12,1101.4,0.0,373.0,728.4
M29,2023-11-19,728.4,490.0,173.0,1045.4
M29,2023-11-26,1045.4,0.0,319.0,726.4
M29,2023-12-03,726.4,530.0,200.0,1056.4
M29,2023-12-10,1056.4,0.0,332.0,724.4
M29,2023-12-17,724.4,720.0,354.0,1090.4
M29,2023-12-24,1090.4,0.0,361.0,729.4
M29,2023-12-31,729.4,530.0,204.0,1055.4
M29,2024-01-07,1055.4,0.0,331.0,724.4
M29,2024-01-14,724.4,690.0,363.0,1051.4
M29,2024-01-21,1051.4,0.0,328.0,723.4
M29,2024-01-28,723.4,480.0,269.0,934.4
M29,2024-02-04,934.4,0.0,211.0,723.4
M29,2024-02-11,723.4,0.0,239.0,484.4
M29,2024-02-18,484.4,420.0,79.0,825.4
M29,2024-02-25,825.4,0.0,96.0,729.4
M29,2024-03-03,729.4,0.0,127.0,602.4
M29,2024-03-10,602.4,0.0,83.0,519.4
M29,2024-03-17,519.4,440.0,97.0,862.4
M29,2024-03-24,862.4,0.0,142.0,720.4
M29,2024-03-31,720.4,0.0,97.0,623.4
M29,2024-04-07,623.4,0.0,97.0,526.4
M29,2024-04-14,526.4,400.0,96.0,830.4
M29,2024-04-21,830.4,0.0,102.0,728.4
M29,2024-04-28,728.4,0.0,97.0,631.4
M29,2024-05-05,631.4,0.0,82.0,549.4
M29,2024-05-12,549.4,0.0,85.0,464.4
M29,2024-05-19,464.4,440.0,97.0,807.4
M29,2024-05-26,807.4,0.0,82.0,725.4
M29,2024-06-02,725.4,0.0,115.0,610.4
M29,2024-06-09,610.4,0.0,93.0,517.4
M29,2024-06-16,517.4,440.0,109.0,848.4
M29,2024-06-23,848.4,0.0,120.0,728.4
M29,2024-06-30,728.4,0.0,182.0,546.4
M29,2024-07-07,546.4,430.0,105.0,871.4
M29,2024-07-14,871.4,0.0,144.0,727.4
M29,2024-07-21,727.4,0.0,116.0,611.4
M29,2024-07-28,611.4,0.0,147.0,464.4
M29,2024-08-04,464.4,480.0,94.0,850.4
M29,2024-08-11,850.4,0.0,122.0,728.4
M29,2024-08-18,728.4,0.0,149.0,579.4
M29,2024-08-25,579.4,0.0,129.0,450.4
M29,2024-09-01,450.4,390.0,113.0,727.4
M29,2024-09-08,727.4,0.0,146.0,581.4
M29,2024-09-15,581.4,440.0,186.0,835.4
M29,2024-09-22,835.4,0.0,115.0,720.4
M29,2024-09-29,720.4,400.0,177.0,943.4
M29,2024-10-06,943.4,0.0,216.0,727.4
M29,2024-10-13,727.4,650.0,238.0,1139.4
M29,2024-10-20,1139.4,0.0,419.0,720.4
M29,2024-10-27,720.4,530.0,306.0,944.4
M29,2024-11-03,944.4,380.0,219.0,1105.4
M29,2024-11-10,1105.4,0.0,379.0,726.4
M29,2024-11-17,726.4,630.0,288.0,1068.4
M29,2024-11-24,1068.4,0.0,339.0,729.4
M29,2024-12-01,729.4,640.0,346.0,1023.4
M29,2024-12-08,1023.4,0.0,303.0,720.4
M29,2024-12-15,720.4,0.0,70.0,650.4
M29,2024-12-22,650.4,0.0,181.0,469.4
M29,2024-12-29,469.4,600.0,18.0,1051.4
M29,2025-01-05,1051.4,0.0,322.0,729.4
M30,2022-01-02,18372.5,0.0,2882.0,15490.5
M30,2022-01-09,15490.5,0.0,3123.0,12367.5
M30,2022-01-16,12367.5,8560.0,2696.0,18231.5
M30,2022-01-23,18231.5,0.0,3525.0,14706.5
M30,2022-01-30,14706.5,0.0,2764.0,11942.5
M30,2022-02-06,11942.5,8410.0,3417.0,16935.5
M30,2022-02-13,16935.5,0.0,2230.0,14705.5
M30,2022-02-20,14705.5,0.0,1876.0,12829.5
M30,2022-02-27,12829.5,0.0,2108.0,10721.5
M30,2022-03-06,10721.5,8210.0,2269.0,16662.5
M30,2022-03-13,16662.5,0.0,1955.0,14707.5
M30,2022-03-20,14707.5,0.0,2058.0,12649.5
M30,2022-03-27,12649.5,0.0,2288.0,10361.5
M30,2022-04-03,10361.5,8610.0,2043.0,16928.5
M30,2022-04-10,16928.5,0.0,2228.0,14700.5
M30,2022-04-17,14700.5,0.0,2128.0,12572.5
M30,2022-04-24,12572.5,0.0,2301.0,10271.5
M30,2022-05-01,10271.5,8750.0,2141.0,16880.5
M30,2022-05-08,16880.5,0.0,2177.0,14703.5
M30,2022-05-15,14703.5,0.0,2887.0,11816.5
M30,2022-05-22,11816.5,8550.0,2901.0,17465.5
M30,2022-05-29,17465.5,0.0,2763.0,14702.5
M30,2022-06-05,14702.5,0.0,3119.0,11583.5
M30,2022-06-12,11583.5,8880.0,2738.0,17725.5
M30,2022-06-19,17725.5,0.0,3020.0,14705.5
M30,2022-06-26,14705.5,0.0,3086.0,11619.5
M30,2022-07-03,11619.5,8860.0,2812.0,17667.5
M30,2022-07-10,17667.5,0.0,2962.0,14705.5
M30,2022-07-17,14705.5,0.0,3063.0,11642.5
M30,2022-07-24,11642.5,9150.0,3124.0,17668.5
M30,2022-07-31,17668.5,0.0,2969.0,14699.5
M30,2022-08-07,14699.5,0.0,3080.0,11619.5
M30,2022-08-14,11619.5,9250.0,3223.0,17646.5
M30,2022-08-21,17646.5,0.0,2945.0,14701.5
M30,2022-08-28,14701.5,0.0,3219.0,11482.5
M30,2022-09-04,11482.5,10140.0,2857.0,18765.5
M30,2022-09-11,18765.5,0.0,4062.0,14703.5
M30,2022-09-18,14703.5,0.0,3554.0,11149.5
M30,2022-09-25,11149.5,10950.0,3532.0,18567.5
M30,2022-10-02,18567.5,0.0,3869.0,14698.5
M30,2022-10-09,14698.5,7560.0,3606.0,18652.5
M30,2022-10-16,18652.5,0.0,3945.0,14707.5
M30,2022-10-23,14707.5,7690.0,3680.0,18717.5
M30,2022-10-30,18717.5,0.0,4016.0,14701.5
M30,2022-11-06,14701.5,8060.0,3879.0,18882.5
M30,2022-11-13,18882.5,0.0,4183.0,14699.5
M30,2022-11-20,14699.5,8420.0,4068.0,19051.5
M30,2022-11-27,19051.5,0.0,4346.0,14705.5
M30,2022-12-04,14705.5,8240.0,4119.0,18826.5
M30,2022-12-11,18826.5,0.0,4120.0,14706.5
M30,2022-12-18,14706.5,7400.0,3624.0,18482.5
M30,2022-12-25,18482.5,0.0,3775.0,14707.5
M30,2023-01-01,14707.5,8460.0,4517.0,18650.5
M30,2023-01-08,18650.5,0.0,3944.0,14706.5
M30,2023-01-15,14706.5,8150.0,4002.0,18854.5
M30,2023-01-22,18854.5,0.0,4153.0,14701.5
M30,2023-01-29,14701.5,8580.0,3992.0,19289.5
M30,2023-02-05,19289.5,0.0,4585.0,14704.5
M30,2023-02-12,14704.5,0.0,2617.0,12087.5
M30,2023-02-19,12087.5,0.0,2719.0,9368.5
M30,2023-02-26,9368.5,7690.0,2358.0,14700.5
M30,2023-03-05,14700.5,0.0,2621.0,12079.5
M30,2023-03-12,12079.5,7900.0,2704.0,17275.5
M30,2023-03-19,17275.5,0.0,2577.0,14698.5
M30,2023-03-26,14698.5,0.0,2506.0,12192.5
M30,2023-04-02,12192.5,7830.0,2823.0,17199.5
M30,2023-04-09,17199.5,0.0,2500.0,14699.5
M30,2023-04-16,14699.5,0.0,2517.0,12182.5
M30,2023-04-23,12182.5,7760.0,2660.0,17282.5
M30,2023-04-30,17282.5,0.0,2580.0,14702.5
M30,2023-05-07,14702.5,0.0,2390.0,12312.5
M30,2023-05-14,12312.5,8870.0,3245.0,17937.5
M30,2023-05-21,17937.5,0.0,3238.0,14699.5
M30,2023-05-28,14699.5,0.0,3079.0,11620.5
M30,2023-06-04,11620.5,9580.0,3277.0,17923.5
M30,2023-06-11,17923.5,0.0,3221.0,14702.5
M30,2023-06-18,14702.5,0.0,3513.0,11189.5
M30,2023-06-25,11189.5,10660.0,3246.0,18603.5
M30,2023-07-02,18603.5,0.0,3899.0,14704.5
M30,2023-07-09,14704.5,0.0,3913.0,10791.5
M30,2023-07-16,10791.5,10780.0,3173.0,18398.5
M30,2023-07-23,18398.5,0.0,3700.0,14698.5
M30,2023-07-30,14698.5,0.0,3472.0,11226.5
M30,2023-08-06,11226.5,10550.0,3470.0,18306.5
M30,2023-08-13,18306.5,0.0,3603.0,14703.5
M30,2023-08-20,14703.5,0.0,3332.0,11371.5
M30,2023-08-27,11371.5,10590.0,3886.0,18075.5
M30,2023-09-03,18075.5,0.0,3376.0,14699.5
M30,2023-09-10,14699.5,0.0,3627.0,11072.5
M30,2023-09-17,11072.5,10680.0,3463.0,18289.5
M30,2023-09-24,18289.5,0.0,3583.0,14706.5
M30,2023-10-01,14706.5,8710.0,5411.0,18005.5
M30,2023-10-08,18005.5,0.0,3299.0,14706.5
M30,2023-10-15,14706.5,10810.0,5040.0,20476.5
M30,2023-10-22,20476.5,0.0,5769.0,14707.5
M30,2023-10-29,14707.5,10480.0,5483.0,19704.5
M30,2023-11-05,19704.5,0.0,5002.0,14702.5
M30,2023-11-12,14702.5,9950.0,4830.0,19822.5
M30,2023-11-19,19822.5,0.0,5117.0,14705.5
M30,2023-11-26,14705.5,8870.0,4255.0,19320.5
M30,2023-12-03,19320.5,0.0,4616.0,14704.5
M30,2023-12-10,14704.5,9540.0,4835.0,19409.5
M30,2023-12-17,19409.5,0.0,4708.0,14701.5
M30,2023-12-24,14701.5,9590.0,4964.0,19327.5
M30,2023-12-31,19327.5,0.0,4627.0,14700.5
M30,2024-01-07,14700.5,9770.0,4890.0,19580.5
M30,2024-01-14,19580.5,0.0,4878.0,14702.5
M30,2024-01-21,14702.5,10130.0,5168.0,19664.5
M30,2024-01-28,19664.5,0.0,4963.0,14701.5
M30,2024-02-04,14701.5,8660.0,4922.0,18439.5
M30,2024-02-11,18439.5,0.0,3740.0,14699.5
M30,2024-02-18,14699.5,0.0,3184.0,11515.5
M30,2024-02-25,11515.5,9500.0,3021.0,17994.5
M30,2024-03-03,17994.5,0.0,3288.0,14706.5
M30,2024-03-10,14706.5,0.0,2857.0,11849.5
M30,2024-03-17,11849.5,9320.0,3204.0,17965.5
M30,2024-03-24,17965.5,0.0,3259.0,14706.5
M30,2024-03-31,14706.5,0.0,2684.0,12022.5
M30,2024-04-07,12022.5,8670.0,3366.0,17326.5
M30,2024-04-14,17326.5,0.0,2623.0,14703.5
M30,2024-04-21,14703.5,0.0,3267.0,11436.5
M30,2024-04-28,11436.5,9560.0,3068.0,17928.5
M30,2024-05-05,17928.5,0.0,3222.0,14706.5
M30,2024-05-12,14706.5,7680.0,3303.0,19083.5
M30,2024-05-19,19083.5,0.0,4381.0,14702.5
M30,2024-05-26,14702.5,8390.0,4281.0,18811.5
M30,2024-06-02,18811.5,0.0,4104.0,14707.5
M30,2024-06-09,14707.5,8580.0,4106.0,19181.5
M30,2024-06-16,19181.5,0.0,4479.0,14702.5
M30,2024-06-23,14702.5,8730.0,4203.0,19229.5
M30,2024-06-30,19229.5,0.0,4526.0,14703.5
M30,2024-07-07,14703.5,8090.0,3763.0,19030.5
M30,2024-07-14,19030.5,0.0,4331.0,14699.5
M30,2024-07-21,14699.5,8750.0,3910.0,19539.5
M30,2024-07-28,19539.5,0.0,4838.0,14701.5
M30,2024-08-04,14701.5,8800.0,3951.0,19550.5
M30,2024-08-11,19550.5,0.0,4850.0,14700.5
M30,2024-08-18,14700.5,8290.0,3916.0,19074.5
M30,2024-08-25,19074.5,0.0,4372.0,14702.5
M30,2024-09-01,14702.5,8820.0,4451.0,19071.5
M30,2024-09-08,19071.5,0.0,4373.0,14698.5
M30,2024-09-15,14698.5,10640.0,5270.0,20068.5
M30,2024-09-22,20068.5,0.0,5362.0,14706.5
M30,2024-09-29,14706.5,9880.0,3920.0,20666.5
M30,2024-10-06,20666.5,0.0,5965.0,14701.5
M30,2024-10-13,14701.5,12080.0,5203.0,21578.5
M30,2024-10-20,21578.5,0.0,6876.0,14702.5
M30,2024-10-27,14702.5,10710.0,5189.0,20223.5
M30,2024-11-03,20223.5,0.0,5521.0,14702.5
M30,2024-11-10,14702.5,10770.0,5504.0,19968.5
M30,2024-11-17,19968.5,0.0,5265.0,14703.5
M30,2024-11-24,14703.5,11220.0,5505.0,20418.5
M30,2024-12-01,20418.5,0.0,5713.0,14705.5
M30,2024-12-08,14705.5,0.0,5277.0,9428.5
M30,2024-12-15,9428.5,10560.0,1618.0,18370.5
M30,2024-12-22,18370.5,0.0,3668.0,14702.5
M30,2024-12-29,14702.5,7580.0,1170.0,21112.5
M30,2025-01-05,21112.5,0.0,6412.0,14700.5
M31,2022-01-02,18372.5,0.0,2882.0,15490.5
M31,2022-01-09,15490.5,0.0,3123.0,12367.5
M31,2022-01-16,12367.5,8560.0,2696.0,18231.5
M31,2022-01-23,18231.5,0.0,3525.0,14706.5
M31,2022-01-30,14706.5,0.0,2764.0,11942.5
M31,2022-02-06,11942.5,8410.0,3417.0,16935.5
M31,2022-02-13,16935.5,0.0,2230.0,14705.5
M31,2022-02-20,14705.5,0.0,1876.0,12829.5
M31,2022-02-27,12829.5,0.0,2108.0,10721.5
M31,2022-03-06,10721.5,8210.0,2269.0,16662.5
M31,2022-03-13,16662.5,0.0,1955.0,14707.5
M31,2022-03-20,14707.5,0.0,2058.0,12649.5
M31,2022-03-27,12649.5,0.0,2288.0,10361.5
M31,2022-04-03,10361.5,8610.0,2043.0,16928.5
M31,2022-04-10,16928.5,0.0,2228.0,14700.5
M31,2022-04-17,14700.5,0.0,2128.0,12572.5
M31,2022-04-24,12572.5,0.0,2301.0,10271.5
M31,2022-05-01,10271.5,8750.0,2141.0,16880.5
M31,2022-05-08,16880.5,0.0,2177.0,14703.5
M31,2022-05-15,14703.5,0.0,2887.0,11816.5
M31,2022-05-22,11816.5,8550.0,2901.0,17465.5
M31,2022-05-29,17465.5,0.0,2763.0,14702.5
M31,2022-06-05,14702.5,0.0,3119.0,11583.5
M31,2022-06-12,11583.5,8880.0,2738.0,17725.5
M31,2022-06-19,17725.5,0.0,3020.0,14705.5
M31,2022-06-26,14705.5,0.0,3086.0,11619.5
M31,2022-07-03,11619.5,8860.0,2812.0,17667.5
M31,2022-07-10,17667.5,0.0,2962.0,14705.5
M31,2022-07-17,14705.5,0.0,3063.0,11642.5
M31,2022-07-24,11642.5,9150.0,3124.0,17668.5
M31,2022-07-31,17668.5,0.0,2969.0,14699.5
M31,2022-08-07,14699.5,0.0,3080.0,11619.5
M31,2022-08-14,11619.5,9250.0,3223.0,17646.5
M31,2022-08-21,17646.5,0.0,2945.0,14701.5
M31,2022-08-28,14701.5,0.0,3219.0,11482.5
M31,2022-09-04,11482.5,10140.0,2857.0,18765.5
M31,2022-09-11,18765.5,0.0,4062.0,14703.5
M31,2022-09-18,14703.5,0.0,3554.0,11149.5
M31,2022-09-25,11149.5,10950.0,3532.0,18567.5
M31,2022-10-02,18567.5,0.0,3869.0,14698.5
M31,2022-10-09,14698.5,7560.0,3606.0,18652.5
M31,2022-10-16,18652.5,0.0,3945.0,14707.5
M31,2022-10-23,14707.5,7690.0,3680.0,18717.5
M31,2022-10-30,18717.5,0.0,4016.0,14701.5
M31,2022-11-06,14701.5,8060.0,3879.0,18882.5
M31,2022-11-13,18882.5,0.0,4183.0,14699.5
M31,2022-11-20,14699.5,8420.0,4068.0,19051.5
M31,2022-11-27,19051.5,0.0,4346.0,14705.5
M31,2022-12-04,14705.5,8240.0,4119.0,18826.5
M31,2022-12-11,18826.5,0.0,4120.0,14706.5
M31,2022-12-18,14706.5,7400.0,3624.0,18482.5
M31,2022-12-25,18482.5,0.0,3775.0,14707.5
M31,2023-01-01,14707.5,8460.0,4517.0,18650.5
M31,2023-01-08,18650.5,0.0,3944.0,14706.5
M31,2023-01-15,14706.5,8150.0,4002.0,18854.5
M31,2023-01-22,18854.5,0.0,4153.0,14701.5
M31,2023-01-29,14701.5,8580.0,3992.0,19289.5
M31,2023-02-05,19289.5,0.0,4585.0,14704.5
M31,2023-02-12,14704.5,0.0,2617.0,12087.5
M31,2023-02-19,12087.5,7690.0,2719.0,17058.5
M31,2023-02-26,17058.5,0.0,2358.0,14700.5
M31,2023-03-05,14700.5,0.0,2621.0,12079.5
M31,2023-03-12,12079.5,7900.0,2704.0,17275.5
M31,2023-03-19,17275.5,0.0,2577.0,14698.5
M31,2023-03-26,14698.5,0.0,2506.0,12192.5
M31,2023-04-02,12192.5,7830.0,2823.0,17199.5
M31,2023-04-09,17199.5,0.0,2500.0,14699.5
M31,2023-04-16,14699.5,0.0,2517.0,12182.5
M31,2023-04-23,12182.5,7760.0,2660.0,17282.5
M31,2023-04-30,17282.5,0.0,2580.0,14702.5
M31,2023-05-07,14702.5,0.0,2390.0,12312.5
M31,2023-05-14,12312.5,8870.0,3245.0,17937.5
M31,2023-05-21,17937.5,0.0,3238.0,14699.5
M31,2023-05-28,14699.5,0.0,3079.0,11620.5
M31,2023-06-04,11620.5,9580.0,3277.0,17923.5
M31,2023-06-11,17923.5,0.0,3221.0,14702.5
M31,2023-06-18,14702.5,0.0,3513.0,11189.5
M31,2023-06-25,11189.5,10660.0,3246.0,18603.5
M31,2023-07-02,18603.5,0.0,3899.0,14704.5
M31,2023-07-09,14704.5,0.0,3913.0,10791.5
M31,2023-07-16,10791.5,10780.0,3173.0,18398.5
M31,2023-07-23,18398.5,0.0,3700.0,14698.5
M31,2023-07-30,14698.5,0.0,3472.0,11226.5
M31,2023-08-06,11226.5,10550.0,3470.0,18306.5
M31,2023-08-13,18306.5,0.0,3603.0,14703.5
M31,2023-08-20,14703.5,0.0,3332.0,11371.5
M31,2023-08-27,11371.5,10590.0,3886.0,18075.5
M31,2023-09-03,18075.5,0.0,3376.0,14699.5
M31,2023-09-10,14699.5,0.0,3627.0,11072.5
M31,2023-09-17,11072.5,10680.0,3463.0,18289.5
M31,2023-09-24,18289.5,0.0,3583.0,14706.5
M31,2023-10-01,14706.5,8710.0,5411.0,18005.5
M31,2023-10-08,18005.5,0.0,3299.0,14706.5
M31,2023-10-15,14706.5,10810.0,5040.0,20476.5
M31,2023-10-22,20476.5,0.0,5769.0,14707.5
M31,2023-10-29,14707.5,10480.0,5483.0,19704.5
M31,2023-11-05,19704.5,0.0,5002.0,14702.5
M31,2023-11-12,14702.5,9950.0,4830.0,19822.5
M31,2023-11-19,19822.5,0.0,5117.0,14705.5
M31,2023-11-26,14705.5,8870.0,4255.0,19320.5
M31,2023-12-03,19320.5,0.0,4616.0,14704.5
M31,2023-12-10,14704.5,9540.0,4835.0,19409.5
M31,2023-12-17,19409.5,0.0,4708.0,14701.5
M31,2023-12-24,14701.5,9590.0,4964.0,19327.5
M31,2023-12-31,19327.5,0.0,4627.0,14700.5
M31,2024-01-07,14700.5,9770.0,4890.0,19580.5
M31,2024-01-14,19580.5,0.0,4878.0,14702.5
M31,2024-01-21,14702.5,10130.0,5168.0,19664.5
M31,2024-01-28,19664.5,0.0,4963.0,14701.5
M31,2024-02-04,14701.5,8660.0,4922.0,18439.5
M31,2024-02-11,18439.5,0.0,3740.0,14699.5
M31,2024-02-18,14699.5,0.0,3184.0,11515.5
M31,2024-02-25,11515.5,9500.0,3021.0,17994.5
M31,2024-03-03,17994.5,0.0,3288.0,14706.5
M31,2024-03-10,14706.5,0.0,2857.0,11849.5
M31,2024-03-17,11849.5,9320.0,3204.0,17965.5
M31,2024-03-24,17965.5,0.0,3259.0,14706.5
M31,2024-03-31,14706.5,0.0,2684.0,12022.5
M31,2024-04-07,12022.5,8670.0,3366.0,17326.5
M31,2024-04-14,17326.5,0.0,2623.0,14703.5
M31,2024-04-21,14703.5,0.0,3267.0,11436.5
M31,2024-04-28,11436.5,9560.0,3068.0,17928.5
M31,2024-05-05,17928.5,0.0,3222.0,14706.5
M31,2024-05-12,14706.5,7680.0,3303.0,19083.5
M31,2024-05-19,19083.5,0.0,4381.0,14702.5
M31,2024-05-26,14702.5,8390.0,4281.0,18811.5
M31,2024-06-02,18811.5,0.0,4104.0,14707.5
M31,2024-06-09,14707.5,8580.0,4106.0,19181.5
M31,2024-06-16,19181.5,0.0,4479.0,14702.5
M31,2024-06-23,14702.5,8730.0,4203.0,19229.5
M31,2024-06-30,19229.5,0.0,4526.0,14703.5
M31,2024-07-07,14703.5,8090.0,3763.0,19030.5
M31,2024-07-14,19030.5,0.0,4331.0,14699.5
M31,2024-07-21,14699.5,8750.0,3910.0,19539.5
M31,2024-07-28,19539.5,0.0,4838.0,14701.5
M31,2024-08-04,14701.5,0.0,3951.0,10750.5
M31,2024-08-11,10750.5,8800.0,4850.0,14700.5
M31,2024-08-18,14700.5,8290.0,3916.0,19074.5
M31,2024-08-25,19074.5,0.0,4372.0,14702.5
M31,2024-09-01,14702.5,8820.0,4451.0,19071.5
M31,2024-09-08,19071.5,0.0,4373.0,14698.5
M31,2024-09-15,14698.5,10640.0,5270.0,20068.5
M31,2024-09-22,20068.5,0.0,5362.0,14706.5
M31,2024-09-29,14706.5,9880.0,3920.0,20666.5
M31,2024-10-06,20666.5,0.0,5965.0,14701.5
M31,2024-10-13,14701.5,12080.0,5203.0,21578.5
M31,2024-10-20,21578.5,0.0,6876.0,14702.5
M31,2024-10-27,14702.5,10710.0,5189.0,20223.5
M31,2024-11-03,20223.5,0.0,5521.0,14702.5
M31,2024-11-10,14702.5,10770.0,5504.0,19968.5
M31,2024-11-17,19968.5,0.0,5265.0,14703.5
M31,2024-11-24,14703.5,11220.0,5505.0,20418.5
M31,2024-12-01,20418.5,0.0,5713.0,14705.5
M31,2024-12-08,14705.5,0.0,5277.0,9428.5
M31,2024-12-15,9428.5,10560.0,1618.0,18370.5
M31,2024-12-22,18370.5,0.0,3668.0,14702.5
M31,2024-12-29,14702.5,7580.0,1170.0,21112.5
M31,2025-01-05,21112.5,0.0,6412.0,14700.5
M32,2022-01-02,83.2,0.0,11.1,72.1
M32,2022-01-09,72.1,0.0,11.6,60.5
M32,2022-01-16,60.5,0.0,8.2,52.4
M32,2022-01-23,52.4,50.0,16.6,85.7
M32,2022-01-30,85.7,0.0,12.8,72.9
M32,2022-02-06,72.9,0.0,16.5,56.5
M32,2022-02-13,56.5,0.0,10.1,46.4
M32,2022-02-20,46.4,40.0,8.7,77.7
M32,2022-02-27,77.7,0.0,12.7,65.0
M32,2022-03-06,65.0,0.0,9.6,55.3
M32,2022-03-13,55.3,0.0,9.0,46.4
M32,2022-03-20,46.4,0.0,10.5,35.9
M32,2022-03-27,35.9,40.0,11.4,64.5
M32,2022-04-03,64.5,0.0,10.3,54.2
M32,2022-04-10,54.2,0.0,10.8,43.4
M32,2022-04-17,43.4,50.0,11.1,82.4
M32,2022-04-24,82.4,0.0,12.9,69.5
M32,2022-05-01,69.5,0.0,11.3,58.1
M32,2022-05-08,58.1,0.0,11.7,46.5
M32,2022-05-15,46.5,50.0,13.0,83.5
M32,2022-05-22,83.5,0.0,12.7,70.8
M32,2022-05-29,70.8,0.0,12.1,58.7
M32,2022-06-05,58.7,0.0,14.0,44.7
M32,2022-06-12,44.7,50.0,11.0,83.7
M32,2022-06-19,83.7,0.0,14.9,68.8
M32,2022-06-26,68.8,0.0,15.1,53.7
M32,2022-07-03,53.7,40.0,14.2,79.5
M32,2022-07-10,79.5,0.0,12.6,66.9
M32,2022-07-17,66.9,0.0,13.7,53.2
M32,2022-07-24,53.2,40.0,13.5,79.7
M32,2022-07-31,79.7,0.0,13.6,66.1
M32,2022-08-07,66.1,0.0,14.0,52.1
M32,2022-08-14,52.1,50.0,14.2,87.9
M32,2022-08-21,87.9,0.0,14.1,73.8
M32,2022-08-28,73.8,0.0,15.8,58.0
M32,2022-09-04,58.0,50.0,14.1,93.9
M32,2022-09-11,93.9,0.0,20.3,73.5
M32,2022-09-18,73.5,0.0,17.7,55.8
M32,2022-09-25,55.8,0.0,18.5,37.3
M32,2022-10-02,37.3,50.0,18.8,68.5
M32,2022-10-09,68.5,40.0,19.7,88.8
M32,2022-10-16,88.8,0.0,17.6,71.2
M32,2022-10-23,71.2,0.0,17.0,54.3
M32,2022-10-30,54.3,50.0,17.5,86.8
M32,2022-11-06,86.8,0.0,17.3,69.5
M32,2022-11-13,69.5,0.0,17.4,52.0
M32,2022-11-20,52.0,60.0,18.9,93.1
M32,2022-11-27,93.1,0.0,21.0,72.1
M32,2022-12-04,72.1,0.0,18.1,54.0
M32,2022-12-11,54.0,50.0,20.1,83.9
M32,2022-12-18,83.9,0.0,17.6,66.2
M32,2022-12-25,66.2,40.0,16.1,90.1
M32,2023-01-01,90.1,0.0,19.6,70.6
M32,2023-01-08,70.6,0.0,16.2,54.3
M32,2023-01-15,54.3,50.0,17.0,87.3
M32,2023-01-22,87.3,0.0,15.6,71.7
M32,2023-01-29,71.7,0.0,18.7,53.0
M32,2023-02-05,53.0,50.0,19.2,83.8
M32,2023-02-12,83.8,0.0,12.8,71.0
M32,2023-02-19,71.0,0.0,14.0,57.0
M32,2023-02-26,57.0,0.0,11.6,45.5
M32,2023-03-05,45.5,50.0,12.7,82.8
M32,2023-03-12,82.8,0.0,13.1,69.7
M32,2023-03-19,69.7,0.0,12.8,56.9
M32,2023-03-26,56.9,40.0,12.8,84.1
M32,2023-04-02,84.1,0.0,15.9,68.2
M32,2023-04-09,68.2,0.0,12.4,55.8
M32,2023-04-16,55.8,40.0,13.7,82.1
M32,2023-04-23,82.1,0.0,14.1,68.0
M32,2023-04-30,68.0,0.0,11.8,56.2
M32,2023-05-07,56.2,40.0,12.2,84.0
M32,2023-05-14,84.0,0.0,13.4,70.6
M32,2023-05-21,70.6,0.0,15.1,55.5
M32,2023-05-28,55.5,40.0,13.4,82.0
M32,2023-06-04,82.0,0.0,13.3,68.7
M32,2023-06-11,68.7,0.0,12.9,55.8
M32,2023-06-18,55.8,40.0,13.8,82.0
M32,2023-06-25,82.0,0.0,12.3,69.7
M32,2023-07-02,69.7,0.0,15.2,54.5
M32,2023-07-09,54.5,40.0,16.7,77.7
M32,2023-07-16,77.7,0.0,13.0,64.7
M32,2023-07-23,64.7,0.0,14.6,50.1
M32,2023-07-30,50.1,50.0,15.6,84.6
M32,2023-08-06,84.6,0.0,15.7,68.9
M32,2023-08-13,68.9,0.0,14.3,54.6
M32,2023-08-20,54.6,40.0,12.9,81.7
M32,2023-08-27,81.7,0.0,16.2,65.6
M32,2023-09-03,65.6,0.0,13.5,52.1
M32,2023-09-10,52.1,50.0,15.1,87.0
M32,2023-09-17,87.0,0.0,15.2,71.8
M32,2023-09-24,71.8,40.0,17.1,94.7
M32,2023-10-01,94.7,0.0,24.0,70.7
M32,2023-10-08,70.7,40.0,17.5,93.2
M32,2023-10-15,93.2,0.0,22.3,70.9
M32,2023-10-22,70.9,40.0,22.3,88.6
M32,2023-10-29,88.6,0.0,20.4,68.2
M32,2023-11-05,68.2,40.0,21.6,86.6
M32,2023-11-12,86.6,0.0,17.5,69.1
M32,2023-11-19,69.1,0.0,21.0,48.1
M32,2023-11-26,48.1,60.0,15.6,92.4
M32,2023-12-03,92.4,0.0,19.9,72.5
M32,2023-12-10,72.5,0.0,15.6,56.9
M32,2023-12-17,56.9,50.0,18.7,88.1
M32,2023-12-24,88.1,0.0,16.7,71.5
M32,2023-12-31,71.5,40.0,17.7,93.8
M32,2024-01-07,93.8,0.0,22.4,71.4
M32,2024-01-14,71.4,0.0,18.2,53.2
M32,2024-01-21,53.2,60.0,20.4,92.8
M32,2024-01-28,92.8,0.0,19.8,73.0
M32,2024-02-04,73.0,0.0,20.0,53.1
M32,2024-02-11,53.1,50.0,14.2,88.8
M32,2024-02-18,88.8,0.0,14.7,74.1
M32,2024-02-25,74.1,0.0,14.2,59.9
M32,2024-03-03,59.9,0.0,15.9,44.0
M32,2024-03-10,44.0,40.0,13.7,70.3
M32,2024-03-17,70.3,0.0,15.3,54.9
M32,2024-03-24,54.9,40.0,16.9,78.0
M32,2024-03-31,78.0,0.0,11.9,66.1
M32,2024-04-07,66.1,0.0,16.9,49.1
M32,2024-04-14,49.1,0.0,10.9,38.3
M32,2024-04-21,38.3,50.0,15.0,73.3
M32,2024-04-28,73.3,0.0,15.3,58.0
M32,2024-05-05,58.0,40.0,16.6,81.4
M32,2024-05-12,81.4,0.0,13.7,67.7
M32,2024-05-19,67.7,40.0,18.8,88.9
M32,2024-05-26,88.9,0.0,20.0,69.0
M32,2024-06-02,69.0,40.0,17.9,91.1
M32,2024-06-09,91.1,0.0,19.6,71.4
M32,2024-06-16,71.4,0.0,18.4,53.0
M32,2024-06-23,53.0,50.0,17.2,85.8
M32,2024-06-30,85.8,0.0,19.1,66.7
M32,2024-07-07,66.7,0.0,14.1,52.6
M32,2024-07-14,52.6,50.0,17.3,85.3
M32,2024-07-21,85.3,0.0,17.4,67.9
M32,2024-07-28,67.9,40.0,18.7,89.2
M32,2024-08-04,89.2,0.0,18.5,70.7
M32,2024-08-11,70.7,0.0,20.2,50.5
M32,2024-08-18,50.5,50.0,16.0,84.4
M32,2024-08-25,84.4,0.0,18.1,66.4
M32,2024-09-01,66.4,40.0,18.9,87.5
M32,2024-09-08,87.5,0.0,19.2,68.3
M32,2024-09-15,68.3,50.0,22.4,95.9
M32,2024-09-22,95.9,0.0,28.9,67.0
M32,2024-09-29,67.0,0.0,19.0,48.1
M32,2024-10-06,48.1,50.0,28.5,69.6
M32,2024-10-13,69.6,50.0,22.5,97.1
M32,2024-10-20,97.1,0.0,25.9,71.2
M32,2024-10-27,71.2,40.0,21.9,89.4
M32,2024-11-03,89.4,0.0,22.4,67.0
M32,2024-11-10,67.0,40.0,21.5,85.4
M32,2024-11-17,85.4,0.0,20.4,65.1
M32,2024-11-24,65.1,40.0,19.2,85.8
M32,2024-12-01,85.8,0.0,19.9,66.0
M32,2024-12-08,66.0,0.0,22.9,43.1
M32,2024-12-15,43.1,0.0,7.5,35.6
M32,2024-12-22,35.6,50.0,15.4,70.2
M32,2024-12-29,70.2,0.0,6.4,63.8
M32,2025-01-05,63.8,0.0,25.8,37.9
