ProductID,WeekEnd,OpeningStock,Produced,Rejected,GoodProduced,Sold,ClosingStock
P001,2022-01-02,587,0,0,0,16,571
P001,2022-01-09,571,0,0,0,85,486
P001,2022-01-16,486,0,0,0,101,385
P001,2022-01-23,385,0,0,0,63,322
P001,2022-01-30,322,55,1,54,83,293
P001,2022-02-06,293,92,2,90,91,292
P001,2022-02-13,292,93,2,91,91,292
P001,2022-02-20,292,146,3,143,44,391
P001,2022-02-27,391,128,3,125,114,402
P001,2022-03-06,402,148,3,145,118,429
P001,2022-03-13,429,107,2,105,162,372
P001,2022-03-20,372,130,3,127,125,374
P001,2022-03-27,374,143,3,140,145,369
P001,2022-04-03,369,100,2,98,104,363
P001,2022-04-10,363,144,3,141,128,376
P001,2022-04-17,376,91,2,89,140,325
P001,2022-04-24,325,141,3,138,97,366
P001,2022-05-01,366,154,3,151,142,375
P001,2022-05-08,375,114,2,112,88,399
P001,2022-05-15,399,264,5,259,139,519
P001,2022-05-22,519,337,7,330,151,698
P001,2022-05-29,698,276,6,270,111,857
P001,2022-06-05,857,243,5,238,262,833
P001,2022-06-12,833,234,5,229,332,730
P001,2022-06-19,730,233,5,228,269,689
P001,2022-06-26,689,365,7,358,237,810
P001,2022-07-03,810,294,6,288,229,869
P001,2022-07-10,869,222,4,218,228,859
P001,2022-07-17,859,331,7,324,360,823
P001,2022-07-24,823,318,6,312,287,848
P001,2022-07-31,848,234,5,229,216,861
P001,2022-08-07,861,309,6,303,327,837
P001,2022-08-14,837,315,6,309,311,835
P001,2022-08-21,835,271,5,266,228,873
P001,2022-08-28,873,328,7,321,304,890
P001,2022-09-04,890,243,5,238,309,819
P001,2022-09-11,819,357,7,350,265,904
P001,2022-09-18,904,210,4,206,323,787
P001,2022-09-25,787,176,4,172,236,723
P001,2022-10-02,723,236,5,231,352,602
P001,2022-10-09,602,211,4,207,203,606
P001,2022-10-16,606,125,2,123,172,557
P001,2022-10-23,557,83,2,81,232,406
P001,2022-10-30,406,96,2,94,206,294
P001,2022-11-06,294,121,2,119,121,292
P001,2022-11-13,292,126,3,123,81,334
P001,2022-11-20,334,82,2,80,94,320
P001,2022-11-27,320,104,2,102,115,307
P001,2022-12-04,307,115,2,113,128,292
P001,2022-12-11,292,81,2,79,79,292
P001,2022-12-18,292,117,2,115,102,305
P001,2022-12-25,305,77,2,75,73,307
P001,2023-01-01,307,144,3,141,116,332
P001,2023-01-08,332,80,2,78,118,292
P001,2023-01-15,292,77,2,75,75,292
P001,2023-01-22,292,144,3,141,142,291
P001,2023-01-29,291,72,1,71,69,293
P001,2023-02-05,293,64,1,63,63,293
P001,2023-02-12,293,117,2,115,107,301
P001,2023-02-19,301,168,3,165,48,418
P001,2023-02-26,418,147,3,144,133,429
P001,2023-03-05,429,164,3,161,122,468
P001,2023-03-12,468,193,4,189,166,491
P001,2023-03-19,491,164,3,161,144,508
P001,2023-03-26,508,136,3,133,161,480
P001,2023-04-02,480,218,4,214,190,504
P001,2023-04-09,504,142,3,139,160,483
P001,2023-04-16,483,146,3,143,133,493
P001,2023-04-23,493,168,3,165,215,443
P001,2023-04-30,443,165,3,162,138,467
P001,2023-05-07,467,164,3,161,143,485
P001,2023-05-14,485,210,4,206,165,526
P001,2023-05-21,526,349,7,342,162,706
P001,2023-05-28,706,360,7,353,161,898
P001,2023-06-04,898,357,7,350,207,1041
P001,2023-06-11,1041,298,6,292,345,988
P001,2023-06-18,988,338,7,331,353,966
P001,2023-06-25,966,249,5,244,350,860
P001,2023-07-02,860,418,8,410,291,979
P001,2023-07-09,979,374,7,367,332,1014
P001,2023-07-16,1014,319,6,313,242,1085
P001,2023-07-23,1085,380,8,372,413,1044
P001,2023-07-30,1044,305,6,299,366,977
P001,2023-08-06,977,318,6,312,312,977
P001,2023-08-13,977,281,6,275,374,878
P001,2023-08-20,878,431,9,422,297,1003
P001,2023-08-27,1003,356,7,349,312,1040
P001,2023-09-03,1040,389,8,381,275,1146
P001,2023-09-10,1146,273,5,268,425,989
P001,2023-09-17,989,180,4,176,347,818
P001,2023-09-24,818,143,3,140,382,576
P001,2023-10-01,576,224,4,220,265,531
P001,2023-10-08,531,112,2,110,175,466
P001,2023-10-15,466,119,2,117,139,444
P001,2023-10-22,444,99,2,97,221,320
P001,2023-10-29,320,134,3,131,108,343
P001,2023-11-05,343,105,2,103,117,329
P001,2023-11-12,329,63,1,62,97,294
P001,2023-11-19,294,132,3,129,132,291
P001,2023-11-26,291,105,2,103,102,292
P001,2023-12-03,292,83,2,81,61,312
P001,2023-12-10,312,115,2,113,79,346
P001,2023-12-17,346,70,1,69,118,297
P001,2023-12-24,297,156,3,153,117,333
P001,2023-12-31,333,103,2,101,113,321
P001,2024-01-07,321,96,2,94,68,347
P001,2024-01-14,347,102,2,100,155,292
P001,2024-01-21,292,102,2,100,100,292
P001,2024-01-28,292,96,2,94,94,292
P001,2024-02-04,292,85,2,83,83,292
P001,2024-02-11,292,100,2,98,66,324
P001,2024-02-18,324,264,5,259,106,477
P001,2024-02-25,477,167,3,164,114,527
P001,2024-03-03,527,145,3,142,106,563
P001,2024-03-10,563,159,3,156,262,457
P001,2024-03-17,457,192,4,188,162,483
P001,2024-03-24,483,230,5,225,142,566
P001,2024-03-31,566,164,3,161,156,571
P001,2024-04-07,571,215,4,211,189,593
P001,2024-04-14,593,173,3,170,226,537
P001,2024-04-21,537,203,4,199,159,577
P001,2024-04-28,577,163,3,160,212,525
P001,2024-05-05,525,143,3,140,169,496
P001,2024-05-12,496,217,4,213,200,509
P001,2024-05-19,509,362,7,355,159,705
P001,2024-05-26,705,457,9,448,140,1013
P001,2024-06-02,1013,355,7,348,214,1147
P001,2024-06-09,1147,274,5,269,358,1058
P001,2024-06-16,1058,526,11,515,450,1123
P001,2024-06-23,1123,306,6,300,346,1077
P001,2024-06-30,1077,308,6,302,267,1112
P001,2024-07-07,1112,281,6,275,521,866
P001,2024-07-14,866,364,7,357,295,928
P001,2024-07-21,928,333,7,326,302,952
P001,2024-07-28,952,393,8,385,275,1062
P001,2024-08-04,1062,415,8,407,358,1111
P001,2024-08-11,1111,488,10,478,326,1263
P001,2024-08-18,1263,222,4,218,386,1095
P001,2024-08-25,1095,453,9,444,407,1132
P001,2024-09-01,1132,440,9,431,480,1083
P001,2024-09-08,1083,425,8,417,212,1288
P001,2024-09-15,1288,262,5,257,449,1096
P001,2024-09-22,1096,190,4,186,431,851
P001,2024-09-29,851,133,3,130,416,565
P001,2024-10-06,565,247,5,242,254,553
P001,2024-10-13,553,171,3,168,185,536
P001,2024-10-20,536,125,2,123,129,530
P001,2024-10-27,530,107,2,105,244,391
P001,2024-11-03,391,83,2,81,166,306
P001,2024-11-10,306,129,3,126,122,310
P001,2024-11-17,310,114,2,112,105,317
P001,2024-11-24,317,98,2,96,81,332
P001,2024-12-01,332,168,3,165,127,370
P001,2024-12-08,370,120,2,118,111,377
P001,2024-12-15,377,37,1,36,96,317
P001,2024-12-22,317,143,3,140,166,291
P001,2024-12-29,291,120,2,118,117,292
P001,2025-01-05,292,330,7,323,35,580
P002,2022-01-02,572,0,0,0,8,564
P002,2022-01-09,564,0,0,0,29,535
P002,2022-01-16,535,0,0,0,89,446
P002,2022-01-23,446,0,0,0,79,367
P002,2022-01-30,367,0,0,0,77,290
P002,2022-02-06,290,60,1,59,64,285
P002,2022-02-13,285,71,1,70,70,285
P002,2022-02-20,285,145,3,142,81,346
P002,2022-02-27,346,132,3,129,74,401
P002,2022-03-06,401,114,2,112,120,393
P002,2022-03-13,393,120,2,118,155,356
P002,2022-03-20,356,171,3,168,129,395
P002,2022-03-27,395,153,3,150,111,434
P002,2022-04-03,434,103,2,101,118,417
P002,2022-04-10,417,146,3,143,169,391
P002,2022-04-17,391,112,2,110,150,351
P002,2022-04-24,351,131,3,128,100,379
P002,2022-05-01,379,128,3,125,144,360
P002,2022-05-08,360,133,3,130,109,381
P002,2022-05-15,381,247,5,242,129,494
P002,2022-05-22,494,233,5,228,125,597
P002,2022-05-29,597,266,5,261,130,728
P002,2022-06-05,728,392,8,384,244,868
P002,2022-06-12,868,287,6,281,228,921
P002,2022-06-19,921,313,6,307,261,967
P002,2022-06-26,967,272,5,267,387,847
P002,2022-07-03,847,288,6,282,279,850
P002,2022-07-10,850,348,7,341,307,884
P002,2022-07-17,884,300,6,294,266,912
P002,2022-07-24,912,317,6,311,283,940
P002,2022-07-31,940,264,5,259,342,857
P002,2022-08-07,857,299,6,293,293,857
P002,2022-08-14,857,344,7,337,311,883
P002,2022-08-21,883,222,4,218,258,843
P002,2022-08-28,843,199,4,195,294,744
P002,2022-09-04,744,217,4,213,338,619
P002,2022-09-11,619,248,5,243,215,647
P002,2022-09-18,647,186,4,182,195,634
P002,2022-09-25,634,164,3,161,213,582
P002,2022-10-02,582,212,4,208,244,546
P002,2022-10-09,546,96,2,94,181,459
P002,2022-10-16,459,70,1,69,160,368
P002,2022-10-23,368,127,3,124,209,283
P002,2022-10-30,283,95,2,93,92,284
P002,2022-11-06,284,84,2,82,68,298
P002,2022-11-13,298,96,2,94,108,284
P002,2022-11-20,284,81,2,79,79,284
P002,2022-11-27,284,115,2,113,113,284
P002,2022-12-04,284,70,1,69,68,285
P002,2022-12-11,285,75,2,73,74,284
P002,2022-12-18,284,109,2,107,107,284
P002,2022-12-25,284,68,1,67,66,285
P002,2023-01-01,285,102,2,100,101,284
P002,2023-01-08,284,86,2,84,84,284
P002,2023-01-15,284,97,2,95,95,284
P002,2023-01-22,284,79,2,77,77,284
P002,2023-01-29,284,94,2,92,92,284
P002,2023-02-05,284,72,1,71,70,285
P002,2023-02-12,285,93,2,91,92,284
P002,2023-02-19,284,91,2,89,89,284
P002,2023-02-26,284,131,3,128,42,370
P002,2023-03-05,370,169,3,166,114,422
P002,2023-03-12,422,159,3,156,117,461
P002,2023-03-19,461,139,3,136,142,455
P002,2023-03-26,455,141,3,138,166,427
P002,2023-04-02,427,182,4,178,156,449
P002,2023-04-09,449,162,3,159,136,472
P002,2023-04-16,472,130,3,127,138,461
P002,2023-04-23,461,154,3,151,179,433
P002,2023-04-30,433,180,4,176,158,451
P002,2023-05-07,451,179,4,175,127,499
P002,2023-05-14,499,317,6,311,151,659
P002,2023-05-21,659,229,5,224,177,706
P002,2023-05-28,706,344,7,337,175,868
P002,2023-06-04,868,367,7,360,313,915
P002,2023-06-11,915,339,7,332,223,1024
P002,2023-06-18,1024,355,7,348,339,1033
P002,2023-06-25,1033,412,8,404,360,1077
P002,2023-07-02,1077,282,6,276,332,1021
P002,2023-07-09,1021,366,7,359,348,1032
P002,2023-07-16,1032,270,5,265,405,892
P002,2023-07-23,892,437,9,428,274,1046
P002,2023-07-30,1046,313,6,307,360,993
P002,2023-08-06,993,255,5,250,263,980
P002,2023-08-13,980,337,7,330,432,878
P002,2023-08-20,878,310,6,304,304,878
P002,2023-08-27,878,447,9,438,249,1067
P002,2023-09-03,1067,317,6,311,332,1046
P002,2023-09-10,1046,377,8,369,303,1112
P002,2023-09-17,1112,106,2,104,441,775
P002,2023-09-24,775,114,2,112,308,579
P002,2023-10-01,579,227,5,222,371,430
P002,2023-10-08,430,167,3,164,98,496
P002,2023-10-15,496,145,3,142,112,526
P002,2023-10-22,526,88,2,86,225,387
P002,2023-10-29,387,73,1,72,162,297
P002,2023-11-05,297,131,3,128,142,283
P002,2023-11-12,283,88,2,86,85,284
P002,2023-11-19,284,73,1,72,71,285
P002,2023-11-26,285,49,1,48,46,287
P002,2023-12-03,287,112,2,110,113,284
P002,2023-12-10,284,115,2,113,113,284
P002,2023-12-17,284,80,2,78,62,300
P002,2023-12-24,300,76,2,74,90,284
P002,2023-12-31,284,89,2,87,87,284
P002,2024-01-07,284,127,3,124,125,283
P002,2024-01-14,283,29,1,28,26,285
P002,2024-01-21,285,63,1,62,52,295
P002,2024-01-28,295,117,2,115,126,284
P002,2024-02-04,284,88,2,86,86,284
P002,2024-02-11,284,86,2,84,84,284
P002,2024-02-18,284,201,4,197,78,403
P002,2024-02-25,403,158,3,155,99,459
P002,2024-03-03,459,243,5,238,92,605
P002,2024-03-10,605,214,4,210,216,599
P002,2024-03-17,599,156,3,153,154,598
P002,2024-03-24,598,141,3,138,240,496
P002,2024-03-31,496,167,3,164,209,451
P002,2024-04-07,451,189,4,185,152,484
P002,2024-04-14,484,171,3,168,138,514
P002,2024-04-21,514,134,3,131,164,481
P002,2024-04-28,481,141,3,138,186,433
P002,2024-05-05,433,176,4,172,167,438
P002,2024-05-12,438,197,4,193,131,500
P002,2024-05-19,500,469,9,460,138,822
P002,2024-05-26,822,410,8,402,173,1051
P002,2024-06-02,1051,363,7,356,193,1214
P002,2024-06-09,1214,388,8,380,465,1129
P002,2024-06-16,1129,459,9,450,401,1178
P002,2024-06-23,1178,433,9,424,355,1247
P002,2024-06-30,1247,393,8,385,381,1251
P002,2024-07-07,1251,419,8,411,451,1211
P002,2024-07-14,1211,364,7,357,424,1144
P002,2024-07-21,1144,328,7,321,384,1081
P002,2024-07-28,1081,510,10,500,411,1170
P002,2024-08-04,1170,252,5,247,356,1061
P002,2024-08-11,1061,449,9,440,321,1180
P002,2024-08-18,1180,350,7,343,503,1020
P002,2024-08-25,1020,427,9,418,242,1196
P002,2024-09-01,1196,443,9,434,444,1186
P002,2024-09-08,1186,390,8,382,341,1227
P002,2024-09-15,1227,268,5,263,420,1070
P002,2024-09-22,1070,217,4,213,434,849
P002,2024-09-29,849,151,3,148,381,616
P002,2024-10-06,616,217,4,213,260,569
P002,2024-10-13,569,138,3,135,212,492
P002,2024-10-20,492,152,3,149,147,494
P002,2024-10-27,494,102,2,100,214,380
P002,2024-11-03,380,125,2,123,134,369
P002,2024-11-10,369,66,1,65,149,285
P002,2024-11-17,285,100,2,98,99,284
P002,2024-11-24,284,125,2,123,123,284
P002,2024-12-01,284,63,1,62,61,285
P002,2024-12-08,285,100,2,98,45,338
P002,2024-12-15,338,44,1,43,96,285
P002,2024-12-22,285,103,2,101,102,284
P002,2024-12-29,284,144,3,141,142,283
P002,2025-01-05,283,316,6,310,27,566
P003,2022-01-02,525,375,8,367,52,840
P003,2022-01-09,840,276,6,270,278,832
P003,2022-01-16,832,243,5,238,275,795
P003,2022-01-23,795,231,5,226,295,726
P003,2022-01-30,726,138,3,135,268,593
P003,2022-02-06,593,308,6,302,237,658
P003,2022-02-13,658,124,2,122,226,554
P003,2022-02-20,554,59,1,58,133,479
P003,2022-02-27,479,105,2,103,305,277
P003,2022-03-06,277,103,2,101,118,260
P003,2022-03-13,260,60,1,59,57,262
P003,2022-03-20,262,104,2,102,104,260
P003,2022-03-27,260,92,2,90,76,274
P003,2022-04-03,274,101,2,99,83,290
P003,2022-04-10,290,82,2,80,96,274
P003,2022-04-17,274,85,2,83,97,260
P003,2022-04-24,260,101,2,99,99,260
P003,2022-05-01,260,82,2,80,80,260
P003,2022-05-08,260,78,2,76,76,260
P003,2022-05-15,260,88,2,86,86,260
P003,2022-05-22,260,82,2,80,44,296
P003,2022-05-29,296,125,2,123,69,350
P003,2022-06-05,350,109,2,107,132,325
P003,2022-06-12,325,124,2,122,97,350
P003,2022-06-19,350,98,2,96,123,323
P003,2022-06-26,323,119,2,117,107,333
P003,2022-07-03,333,71,1,70,122,281
P003,2022-07-10,281,151,3,148,96,333
P003,2022-07-17,333,78,2,76,117,292
P003,2022-07-24,292,103,2,101,69,324
P003,2022-07-31,324,133,3,130,150,304
P003,2022-08-07,304,128,3,125,75,354
P003,2022-08-14,354,39,1,38,101,291
P003,2022-08-21,291,153,3,150,131,310
P003,2022-08-28,310,97,2,95,125,280
P003,2022-09-04,280,94,2,92,36,336
P003,2022-09-11,336,116,2,114,152,298
P003,2022-09-18,298,135,3,132,94,336
P003,2022-09-25,336,137,3,134,92,378
P003,2022-10-02,378,217,4,213,114,477
P003,2022-10-09,477,149,3,146,133,490
P003,2022-10-16,490,216,4,212,134,568
P003,2022-10-23,568,266,5,261,214,615
P003,2022-10-30,615,226,5,221,145,691
P003,2022-11-06,691,357,7,350,213,828
P003,2022-11-13,828,335,7,328,262,894
P003,2022-11-20,894,258,5,253,221,926
P003,2022-11-27,926,331,7,324,352,898
P003,2022-12-04,898,241,5,236,328,806
P003,2022-12-11,806,293,6,287,251,842
P003,2022-12-18,842,235,5,230,326,746
P003,2022-12-25,746,329,7,322,234,834
P003,2023-01-01,834,295,6,289,288,835
P003,2023-01-08,835,267,5,262,229,868
P003,2023-01-15,868,269,5,264,324,808
P003,2023-01-22,808,201,4,197,288,717
P003,2023-01-29,717,347,7,340,261,796
P003,2023-02-05,796,326,7,319,264,851
P003,2023-02-12,851,114,2,112,196,767
P003,2023-02-19,767,131,3,128,343,552
P003,2023-02-26,552,86,2,84,319,317
P003,2023-03-05,317,115,2,113,107,323
P003,2023-03-12,323,118,2,116,129,310
P003,2023-03-19,310,95,2,93,83,320
P003,2023-03-26,320,89,2,87,113,294
P003,2023-04-02,294,119,2,117,116,295
P003,2023-04-09,295,92,2,90,93,292
P003,2023-04-16,292,86,2,84,87,289
P003,2023-04-23,289,97,2,95,117,267
P003,2023-04-30,267,85,2,83,90,260
P003,2023-05-07,260,92,2,90,84,266
P003,2023-05-14,266,99,2,97,95,268
P003,2023-05-21,268,132,3,129,69,328
P003,2023-05-28,328,93,2,91,104,315
P003,2023-06-04,315,112,2,110,97,328
P003,2023-06-11,328,128,3,125,130,323
P003,2023-06-18,323,142,3,139,90,372
P003,2023-06-25,372,87,2,85,110,347
P003,2023-07-02,347,119,2,117,126,338
P003,2023-07-09,338,121,2,119,139,318
P003,2023-07-16,318,98,2,96,84,330
P003,2023-07-23,330,120,2,118,117,331
P003,2023-07-30,331,139,3,136,119,348
P003,2023-08-06,348,87,2,85,96,337
P003,2023-08-13,337,85,2,83,118,302
P003,2023-08-20,302,97,2,95,137,260
P003,2023-08-27,260,112,2,110,84,286
P003,2023-09-03,286,126,3,123,83,326
P003,2023-09-10,326,103,2,101,85,342
P003,2023-09-17,342,165,3,162,120,384
P003,2023-09-24,384,136,3,133,124,393
P003,2023-10-01,393,172,3,169,100,462
P003,2023-10-08,462,97,2,95,163,394
P003,2023-10-15,394,292,6,286,133,547
P003,2023-10-22,547,357,7,350,169,728
P003,2023-10-29,728,384,8,376,94,1010
P003,2023-11-05,1010,344,7,337,290,1057
P003,2023-11-12,1057,264,5,259,351,965
P003,2023-11-19,965,330,7,323,377,911
P003,2023-11-26,911,203,4,199,336,774
P003,2023-12-03,774,265,5,260,257,777
P003,2023-12-10,777,365,7,358,325,810
P003,2023-12-17,810,227,5,222,196,836
P003,2023-12-24,836,271,5,266,261,841
P003,2023-12-31,841,479,10,469,360,950
P003,2024-01-07,950,286,6,280,220,1010
P003,2024-01-14,1010,356,7,349,266,1093
P003,2024-01-21,1093,254,5,249,474,868
P003,2024-01-28,868,299,6,293,276,885
P003,2024-02-04,885,209,4,205,350,740
P003,2024-02-11,740,182,4,178,247,671
P003,2024-02-18,671,84,2,82,294,459
P003,2024-02-25,459,117,2,115,203,371
P003,2024-03-03,371,128,3,125,178,318
P003,2024-03-10,318,84,2,82,80,320
P003,2024-03-17,320,156,3,153,115,358
P003,2024-03-24,358,103,2,101,126,333
P003,2024-03-31,333,84,2,82,81,334
P003,2024-04-07,334,121,2,119,154,299
P003,2024-04-14,299,122,2,120,100,319
P003,2024-04-21,319,146,3,143,82,380
P003,2024-04-28,380,160,3,157,119,418
P003,2024-05-05,418,115,2,113,120,411
P003,2024-05-12,411,115,2,113,144,380
P003,2024-05-19,380,177,4,173,157,396
P003,2024-05-26,396,152,3,149,112,433
P003,2024-06-02,433,96,2,94,113,414
P003,2024-06-09,414,158,3,155,175,394
P003,2024-06-16,394,120,2,118,148,364
P003,2024-06-23,364,155,3,152,93,423
P003,2024-06-30,423,166,3,163,156,430
P003,2024-07-07,430,122,2,120,117,433
P003,2024-07-14,433,170,3,167,153,447
P003,2024-07-21,447,133,3,130,163,414
P003,2024-07-28,414,145,3,142,119,437
P003,2024-08-04,437,105,2,103,168,372
P003,2024-08-11,372,200,4,196,130,438
P003,2024-08-18,438,147,3,144,142,440
P003,2024-08-25,440,124,2,122,102,460
P003,2024-09-01,460,111,2,109,198,371
P003,2024-09-08,371,127,3,124,143,352
P003,2024-09-15,352,316,6,310,121,541
P003,2024-09-22,541,271,5,266,109,698
P003,2024-09-29,698,150,3,147,125,720
P003,2024-10-06,720,299,6,293,313,700
P003,2024-10-13,700,224,4,220,265,655
P003,2024-10-20,655,486,10,476,145,986
P003,2024-10-27,986,300,6,294,296,984
P003,2024-11-03,984,346,7,339,218,1105
P003,2024-11-10,1105,410,8,402,482,1025
P003,2024-11-17,1025,397,8,389,290,1124
P003,2024-11-24,1124,384,8,376,340,1160
P003,2024-12-01,1160,329,7,322,403,1079
P003,2024-12-08,1079,332,7,325,389,1015
P003,2024-12-15,1015,129,3,126,376,765
P003,2024-12-22,765,226,5,221,321,665
P003,2024-12-29,665,26,1,25,325,365
P003,2025-01-05,365,282,6,276,122,519
P004,2022-01-02,528,82,2,80,42,566
P004,2022-01-09,566,313,6,307,172,701
P004,2022-01-16,701,246,5,241,188,754
P004,2022-01-23,754,254,5,249,208,795
P004,2022-01-30,795,182,4,178,311,662
P004,2022-02-06,662,343,7,336,240,758
P004,2022-02-13,758,115,2,113,249,622
P004,2022-02-20,622,109,2,107,177,552
P004,2022-02-27,552,59,1,58,339,271
P004,2022-03-06,271,101,2,99,108,262
P004,2022-03-13,262,109,2,107,107,262
P004,2022-03-20,262,65,1,64,57,269
P004,2022-03-27,269,109,2,107,83,293
P004,2022-04-03,293,60,1,59,89,263
P004,2022-04-10,263,99,2,97,98,262
P004,2022-04-17,262,110,2,108,108,262
P004,2022-04-24,262,49,1,48,47,263
P004,2022-05-01,263,85,2,83,84,262
P004,2022-05-08,262,64,1,63,62,263
P004,2022-05-15,263,73,1,72,72,263
P004,2022-05-22,263,104,2,102,92,273
P004,2022-05-29,273,81,2,79,90,262
P004,2022-06-05,262,79,2,77,77,262
P004,2022-06-12,262,110,2,108,108,262
P004,2022-06-19,262,108,2,106,66,302
P004,2022-06-26,302,106,2,104,67,339
P004,2022-07-03,339,123,2,121,92,368
P004,2022-07-10,368,145,3,142,145,365
P004,2022-07-17,365,83,2,81,104,342
P004,2022-07-24,342,128,3,125,121,346
P004,2022-07-31,346,113,2,111,143,314
P004,2022-08-07,314,73,1,72,80,306
P004,2022-08-14,306,102,2,100,126,280
P004,2022-08-21,280,144,3,141,110,311
P004,2022-08-28,311,113,2,111,71,351
P004,2022-09-04,351,87,2,85,101,335
P004,2022-09-11,335,139,3,136,142,329
P004,2022-09-18,329,186,4,182,110,401
P004,2022-09-25,401,203,4,199,85,515
P004,2022-10-02,515,134,3,131,137,509
P004,2022-10-09,509,182,4,178,183,504
P004,2022-10-16,504,331,7,324,199,629
P004,2022-10-23,629,215,4,211,130,710
P004,2022-10-30,710,309,6,303,179,834
P004,2022-11-06,834,256,5,251,327,758
P004,2022-11-13,758,254,5,249,208,799
P004,2022-11-20,799,289,6,283,305,777
P004,2022-11-27,777,219,4,215,250,742
P004,2022-12-04,742,267,5,262,249,755
P004,2022-12-11,755,242,5,237,284,708
P004,2022-12-18,708,222,4,218,213,713
P004,2022-12-25,713,224,4,220,263,670
P004,2023-01-01,670,299,6,293,237,726
P004,2023-01-08,726,194,4,190,217,699
P004,2023-01-15,699,213,4,209,220,688
P004,2023-01-22,688,316,6,310,295,703
P004,2023-01-29,703,265,5,260,188,775
P004,2023-02-05,775,356,7,349,209,915
P004,2023-02-12,915,155,3,152,312,755
P004,2023-02-19,755,136,3,133,259,629
P004,2023-02-26,629,93,2,91,351,369
P004,2023-03-05,369,100,2,98,148,319
P004,2023-03-12,319,91,2,89,133,275
P004,2023-03-19,275,79,2,77,90,262
P004,2023-03-26,262,100,2,98,98,262
P004,2023-04-02,262,95,2,93,89,266
P004,2023-04-09,266,99,2,97,70,293
P004,2023-04-16,293,111,2,109,77,325
P004,2023-04-23,325,103,2,101,121,305
P004,2023-04-30,305,153,3,150,97,358
P004,2023-05-07,358,90,2,88,109,337
P004,2023-05-14,337,206,4,202,101,438
P004,2023-05-21,438,72,1,71,151,358
P004,2023-05-28,358,115,2,113,87,384
P004,2023-06-04,384,110,2,108,204,288
P004,2023-06-11,288,112,2,110,68,330
P004,2023-06-18,330,107,2,105,114,321
P004,2023-06-25,321,110,2,108,108,321
P004,2023-07-02,321,81,2,79,110,290
P004,2023-07-09,290,190,4,186,105,371
P004,2023-07-16,371,136,3,133,108,396
P004,2023-07-23,396,85,2,83,79,400
P004,2023-07-30,400,112,2,110,188,322
P004,2023-08-06,322,91,2,89,132,279
P004,2023-08-13,279,127,3,124,82,321
P004,2023-08-20,321,98,2,96,110,307
P004,2023-08-27,307,134,3,131,89,349
P004,2023-09-03,349,108,2,106,125,330
P004,2023-09-10,330,182,4,178,95,413
P004,2023-09-17,413,161,3,158,132,439
P004,2023-09-24,439,200,4,196,105,530
P004,2023-10-01,530,271,5,266,180,616
P004,2023-10-08,616,126,3,123,157,582
P004,2023-10-15,582,317,6,311,197,696
P004,2023-10-22,696,389,8,381,267,810
P004,2023-10-29,810,350,7,343,121,1032
P004,2023-11-05,1032,211,4,207,314,925
P004,2023-11-12,925,356,7,349,383,891
P004,2023-11-19,891,262,5,257,342,806
P004,2023-11-26,806,419,8,411,204,1013
P004,2023-12-03,1013,279,6,273,352,934
P004,2023-12-10,934,265,5,260,255,939
P004,2023-12-17,939,312,6,306,414,831
P004,2023-12-24,831,329,7,322,271,882
P004,2023-12-31,882,236,5,231,259,854
P004,2024-01-07,854,294,6,288,307,835
P004,2024-01-14,835,323,6,317,323,829
P004,2024-01-21,829,277,6,271,229,871
P004,2024-01-28,871,280,6,274,289,856
P004,2024-02-04,856,405,8,397,317,936
P004,2024-02-11,936,282,6,276,271,941
P004,2024-02-18,941,146,3,143,274,810
P004,2024-02-25,810,141,3,138,399,549
P004,2024-03-03,549,96,2,94,274,369
P004,2024-03-10,369,107,2,105,140,334
P004,2024-03-17,334,96,2,94,138,290
P004,2024-03-24,290,112,2,110,93,307
P004,2024-03-31,307,120,2,118,105,320
P004,2024-04-07,320,119,2,117,94,343
P004,2024-04-14,343,84,2,82,110,315
P004,2024-04-21,315,171,3,168,118,365
P004,2024-04-28,365,152,3,149,117,397
P004,2024-05-05,397,139,3,136,82,451
P004,2024-05-12,451,124,2,122,169,404
P004,2024-05-19,404,135,3,132,149,387
P004,2024-05-26,387,112,2,110,136,361
P004,2024-06-02,361,161,3,158,121,398
P004,2024-06-09,398,93,2,91,133,356
P004,2024-06-16,356,147,3,144,109,391
P004,2024-06-23,391,151,3,148,159,380
P004,2024-06-30,380,141,3,138,90,428
P004,2024-07-07,428,169,3,166,145,449
P004,2024-07-14,449,135,3,132,148,433
P004,2024-07-21,433,101,2,99,138,394
P004,2024-07-28,394,105,2,103,166,331
P004,2024-08-04,331,119,2,117,132,316
P004,2024-08-11,316,232,5,227,98,445
P004,2024-08-18,445,186,4,182,103,524
P004,2024-08-25,524,149,3,146,117,553
P004,2024-09-01,553,159,3,156,230,479
P004,2024-09-08,479,139,3,136,181,434
P004,2024-09-15,434,288,6,282,145,571
P004,2024-09-22,571,251,5,246,156,661
P004,2024-09-29,661,198,4,194,136,719
P004,2024-10-06,719,366,7,359,285,793
P004,2024-10-13,793,302,6,296,245,844
P004,2024-10-20,844,333,7,326,193,977
P004,2024-10-27,977,290,6,284,362,899
P004,2024-11-03,899,336,7,329,295,933
P004,2024-11-10,933,353,7,346,327,952
P004,2024-11-17,952,339,7,332,283,1001
P004,2024-11-24,1001,366,7,359,330,1030
P004,2024-12-01,1030,392,8,384,346,1068
P004,2024-12-08,1068,320,6,314,332,1050
P004,2024-12-15,1050,72,1,71,359,762
P004,2024-12-22,762,190,4,186,385,563
P004,2024-12-29,563,13,0,13,312,264
P004,2025-01-05,264,330,7,323,66,521
P005,2022-01-02,464,264,5,259,66,657
P005,2022-01-09,657,180,4,176,302,531
P005,2022-01-16,531,87,2,85,201,415
P005,2022-01-23,415,222,4,218,159,474
P005,2022-01-30,474,112,2,110,175,409
P005,2022-02-06,409,260,5,255,83,581
P005,2022-02-13,581,86,2,84,220,445
P005,2022-02-20,445,60,1,59,108,396
P005,2022-02-27,396,94,2,92,258,230
P005,2022-03-06,230,83,2,81,81,230
P005,2022-03-13,230,75,2,73,58,245
P005,2022-03-20,245,81,2,79,85,239
P005,2022-03-27,239,82,2,80,71,248
P005,2022-04-03,248,75,2,73,91,230
P005,2022-04-10,230,81,2,79,79,230
P005,2022-04-17,230,82,2,80,80,230
P005,2022-04-24,230,52,1,51,50,231
P005,2022-05-01,231,81,2,79,80,230
P005,2022-05-08,230,86,2,84,79,235
P005,2022-05-15,235,105,2,103,73,265
P005,2022-05-22,265,94,2,92,46,311
P005,2022-05-29,311,71,1,70,118,263
P005,2022-06-05,263,100,2,98,103,258
P005,2022-06-12,258,66,1,65,92,231
P005,2022-06-19,231,79,2,77,69,239
P005,2022-06-26,239,92,2,90,99,230
P005,2022-07-03,230,62,1,61,60,231
P005,2022-07-10,231,87,2,85,82,234
P005,2022-07-17,234,118,2,116,58,292
P005,2022-07-24,292,127,3,124,88,328
P005,2022-07-31,328,105,2,103,90,341
P005,2022-08-07,341,129,3,126,116,351
P005,2022-08-14,351,130,3,127,125,353
P005,2022-08-21,353,99,2,97,102,348
P005,2022-08-28,348,89,2,87,127,308
P005,2022-09-04,308,114,2,112,127,293
P005,2022-09-11,293,132,3,129,96,326
P005,2022-09-18,326,173,3,170,87,409
P005,2022-09-25,409,192,4,188,112,485
P005,2022-10-02,485,152,3,149,130,504
P005,2022-10-09,504,125,2,123,170,457
P005,2022-10-16,457,221,4,217,189,485
P005,2022-10-23,485,232,5,227,148,564
P005,2022-10-30,564,252,5,247,122,689
P005,2022-11-06,689,218,4,214,219,684
P005,2022-11-13,684,215,4,211,228,667
P005,2022-11-20,667,225,4,221,247,641
P005,2022-11-27,641,313,6,307,213,735
P005,2022-12-04,735,289,6,283,211,807
P005,2022-12-11,807,253,5,248,221,834
P005,2022-12-18,834,259,5,254,309,779
P005,2022-12-25,779,271,5,266,283,762
P005,2023-01-01,762,280,6,274,247,789
P005,2023-01-08,789,173,3,170,254,705
P005,2023-01-15,705,234,5,229,266,668
P005,2023-01-22,668,271,5,266,275,659
P005,2023-01-29,659,322,6,316,167,808
P005,2023-02-05,808,281,6,275,231,852
P005,2023-02-12,852,91,2,89,266,675
P005,2023-02-19,675,118,2,116,317,474
P005,2023-02-26,474,78,2,76,275,275
P005,2023-03-05,275,60,1,59,85,249
P005,2023-03-12,249,99,2,97,116,230
P005,2023-03-19,230,116,2,114,76,268
P005,2023-03-26,268,97,2,95,58,305
P005,2023-04-02,305,80,2,78,88,295
P005,2023-04-09,295,63,1,62,124,233
P005,2023-04-16,233,106,2,104,95,242
P005,2023-04-23,242,99,2,97,78,261
P005,2023-04-30,261,70,1,69,61,269
P005,2023-05-07,269,93,2,91,105,255
P005,2023-05-14,255,77,2,75,97,233
P005,2023-05-21,233,67,1,66,68,231
P005,2023-05-28,231,93,2,91,92,230
P005,2023-06-04,230,119,2,117,75,272
P005,2023-06-11,272,101,2,99,41,330
P005,2023-06-18,330,106,2,104,110,324
P005,2023-06-25,324,100,2,98,123,299
P005,2023-07-02,299,108,2,106,99,306
P005,2023-07-09,306,131,3,128,104,330
P005,2023-07-16,330,69,1,68,98,300
P005,2023-07-23,300,103,2,101,106,295
P005,2023-07-30,295,92,2,90,129,256
P005,2023-08-06,256,82,2,80,66,270
P005,2023-08-13,270,150,3,147,102,315
P005,2023-08-20,315,69,1,68,90,293
P005,2023-08-27,293,141,3,138,80,351
P005,2023-09-03,351,113,2,111,148,314
P005,2023-09-10,314,127,3,124,66,372
P005,2023-09-17,372,116,2,114,140,346
P005,2023-09-24,346,133,3,130,110,366
P005,2023-10-01,366,212,4,208,125,449
P005,2023-10-08,449,187,4,183,113,519
P005,2023-10-15,519,281,6,275,131,663
P005,2023-10-22,663,391,8,383,209,837
P005,2023-10-29,837,284,6,278,183,932
P005,2023-11-05,932,208,4,204,277,859
P005,2023-11-12,859,229,5,224,385,698
P005,2023-11-19,698,253,5,248,276,670
P005,2023-11-26,670,172,3,169,202,637
P005,2023-12-03,637,318,6,312,225,724
P005,2023-12-10,724,158,3,155,248,631
P005,2023-12-17,631,277,6,271,167,735
P005,2023-12-24,735,208,4,204,315,624
P005,2023-12-31,624,289,6,283,152,755
P005,2024-01-07,755,388,8,380,274,861
P005,2024-01-14,861,251,5,246,202,905
P005,2024-01-21,905,323,6,317,285,937
P005,2024-01-28,937,232,5,227,382,782
P005,2024-02-04,782,227,5,222,243,761
P005,2024-02-11,761,110,2,108,318,551
P005,2024-02-18,551,153,3,150,226,475
P005,2024-02-25,475,77,2,75,222,328
P005,2024-03-03,328,119,2,117,105,340
P005,2024-03-10,340,111,2,109,151,298
P005,2024-03-17,298,147,3,144,74,368
P005,2024-03-24,368,159,3,156,117,407
P005,2024-03-31,407,75,2,73,109,371
P005,2024-04-07,371,94,2,92,145,318
P005,2024-04-14,318,93,2,91,156,253
P005,2024-04-21,253,100,2,98,72,279
P005,2024-04-28,279,118,2,116,92,303
P005,2024-05-05,303,99,2,97,91,309
P005,2024-05-12,309,55,1,54,98,265
P005,2024-05-19,265,148,3,145,116,294
P005,2024-05-26,294,143,3,140,97,337
P005,2024-06-02,337,114,2,112,53,396
P005,2024-06-09,396,144,3,141,147,390
P005,2024-06-16,390,113,2,111,140,361
P005,2024-06-23,361,154,3,151,111,401
P005,2024-06-30,401,93,2,91,142,350
P005,2024-07-07,350,105,2,103,110,343
P005,2024-07-14,343,73,1,72,152,263
P005,2024-07-21,263,140,3,137,90,310
P005,2024-07-28,310,128,3,125,103,332
P005,2024-08-04,332,116,2,114,71,375
P005,2024-08-11,375,169,3,166,139,402
P005,2024-08-18,402,106,2,104,125,381
P005,2024-08-25,381,165,3,162,113,430
P005,2024-09-01,430,104,2,102,167,365
P005,2024-09-08,365,180,4,176,103,438
P005,2024-09-15,438,161,3,158,163,433
P005,2024-09-22,433,209,4,205,101,537
P005,2024-09-29,537,219,4,215,178,574
P005,2024-10-06,574,217,4,213,157,630
P005,2024-10-13,630,281,6,275,206,699
P005,2024-10-20,699,464,9,455,215,939
P005,2024-10-27,939,264,5,259,213,985
P005,2024-11-03,985,299,6,293,277,1001
P005,2024-11-10,1001,356,7,349,458,892
P005,2024-11-17,892,254,5,249,255,886
P005,2024-11-24,886,281,6,275,294,867
P005,2024-12-01,867,253,5,248,350,765
P005,2024-12-08,765,299,6,293,247,811
P005,2024-12-15,811,143,3,140,276,675
P005,2024-12-22,675,218,4,214,247,642
P005,2024-12-29,642,63,1,62,294,410
P005,2025-01-05,410,191,4,187,137,460
P006,2022-01-02,538,0,0,0,29,509
P006,2022-01-09,509,0,0,0,83,426
P006,2022-01-16,426,0,0,0,83,343
P006,2022-01-23,343,49,1,48,122,269
P006,2022-01-30,269,83,2,81,76,274
P006,2022-02-06,274,89,2,87,85,276
P006,2022-02-13,276,102,2,100,109,267
P006,2022-02-20,267,89,2,87,82,272
P006,2022-02-27,272,95,2,93,87,278
P006,2022-03-06,278,129,3,126,94,310
P006,2022-03-13,310,131,3,128,93,345
P006,2022-03-20,345,158,3,155,93,407
P006,2022-03-27,407,106,2,104,127,384
P006,2022-04-03,384,143,3,140,128,396
P006,2022-04-10,396,85,2,83,155,324
P006,2022-04-17,324,105,2,103,103,324
P006,2022-04-24,324,170,3,167,141,350
P006,2022-05-01,350,120,2,118,82,386
P006,2022-05-08,386,95,2,93,103,376
P006,2022-05-15,376,295,6,289,168,497
P006,2022-05-22,497,278,6,272,117,652
P006,2022-05-29,652,293,6,287,93,846
P006,2022-06-05,846,284,6,278,293,831
P006,2022-06-12,831,193,4,189,272,748
P006,2022-06-19,748,350,7,343,287,804
P006,2022-06-26,804,272,5,267,278,793
P006,2022-07-03,793,260,5,255,187,861
P006,2022-07-10,861,262,5,257,346,772
P006,2022-07-17,772,303,6,297,265,804
P006,2022-07-24,804,292,6,286,255,835
P006,2022-07-31,835,299,6,293,257,871
P006,2022-08-07,871,332,7,325,298,898
P006,2022-08-14,898,303,6,297,286,909
P006,2022-08-21,909,321,6,315,293,931
P006,2022-08-28,931,342,7,335,326,940
P006,2022-09-04,940,264,5,259,296,903
P006,2022-09-11,903,395,8,387,315,975
P006,2022-09-18,975,109,2,107,336,746
P006,2022-09-25,746,125,2,123,257,612
P006,2022-10-02,612,155,3,152,390,374
P006,2022-10-09,374,101,2,99,101,372
P006,2022-10-16,372,124,2,122,123,371
P006,2022-10-23,371,58,1,57,153,275
P006,2022-10-30,275,92,2,90,98,267
P006,2022-11-06,267,124,2,122,122,267
P006,2022-11-13,267,58,1,57,56,268
P006,2022-11-20,268,92,2,90,68,290
P006,2022-11-27,290,126,3,123,81,332
P006,2022-12-04,332,101,2,99,108,323
P006,2022-12-11,323,111,2,109,103,329
P006,2022-12-18,329,64,1,63,124,268
P006,2022-12-25,268,99,2,97,98,267
P006,2023-01-01,267,111,2,109,109,267
P006,2023-01-08,267,32,1,31,30,268
P006,2023-01-15,268,51,1,50,50,268
P006,2023-01-22,268,61,1,60,60,268
P006,2023-01-29,268,80,2,78,79,267
P006,2023-02-05,267,86,2,84,84,267
P006,2023-02-12,267,82,2,80,64,283
P006,2023-02-19,283,154,3,151,91,343
P006,2023-02-26,343,103,2,101,74,370
P006,2023-03-05,370,138,3,135,120,385
P006,2023-03-12,385,145,3,142,152,375
P006,2023-03-19,375,134,3,131,100,406
P006,2023-03-26,406,133,3,130,136,400
P006,2023-04-02,400,141,3,138,142,396
P006,2023-04-09,396,157,3,154,131,419
P006,2023-04-16,419,181,4,177,130,466
P006,2023-04-23,466,131,3,128,138,456
P006,2023-04-30,456,134,3,131,154,433
P006,2023-05-07,433,108,2,106,178,361
P006,2023-05-14,361,216,4,212,127,446
P006,2023-05-21,446,281,6,275,131,590
P006,2023-05-28,590,304,6,298,105,783
P006,2023-06-04,783,301,6,295,214,864
P006,2023-06-11,864,200,4,196,277,783
P006,2023-06-18,783,254,5,249,298,734
P006,2023-06-25,734,258,5,253,295,692
P006,2023-07-02,692,348,7,341,194,839
P006,2023-07-09,839,336,7,329,250,918
P006,2023-07-16,918,256,5,251,253,916
P006,2023-07-23,916,283,6,277,343,850
P006,2023-07-30,850,270,5,265,329,786
P006,2023-08-06,786,421,8,413,249,950
P006,2023-08-13,950,267,5,262,278,934
P006,2023-08-20,934,352,7,345,264,1015
P006,2023-08-27,1015,283,6,277,416,876
P006,2023-09-03,876,196,4,192,259,809
P006,2023-09-10,809,300,6,294,347,756
P006,2023-09-17,756,136,3,133,276,613
P006,2023-09-24,613,148,3,145,190,568
P006,2023-10-01,568,157,3,154,296,426
P006,2023-10-08,426,99,2,97,130,393
P006,2023-10-15,393,166,3,163,145,411
P006,2023-10-22,411,134,3,131,154,388
P006,2023-10-29,388,74,1,73,96,365
P006,2023-11-05,365,68,1,67,164,268
P006,2023-11-12,268,132,3,129,131,266
P006,2023-11-19,266,74,1,73,71,268
P006,2023-11-26,268,55,1,54,54,268
P006,2023-12-03,268,103,2,101,102,267
P006,2023-12-10,267,51,1,50,49,268
P006,2023-12-17,268,82,2,80,81,267
P006,2023-12-24,267,78,2,76,76,267
P006,2023-12-31,267,103,2,101,101,267
P006,2024-01-07,267,63,1,62,61,268
P006,2024-01-14,268,83,2,81,82,267
P006,2024-01-21,267,82,2,80,80,267
P006,2024-01-28,267,106,2,104,104,267
P006,2024-02-04,267,76,2,74,60,281
P006,2024-02-11,281,94,2,92,71,302
P006,2024-02-18,302,144,3,141,134,309
P006,2024-02-25,309,155,3,152,78,383
P006,2024-03-03,383,166,3,163,92,454
P006,2024-03-10,454,97,2,95,142,407
P006,2024-03-17,407,156,3,153,152,408
P006,2024-03-24,408,213,4,209,163,454
P006,2024-03-31,454,166,3,163,94,523
P006,2024-04-07,523,232,5,227,154,596
P006,2024-04-14,596,121,2,119,210,505
P006,2024-04-21,505,143,3,140,162,483
P006,2024-04-28,483,207,4,203,229,457
P006,2024-05-05,457,226,5,221,116,562
P006,2024-05-12,562,177,4,173,141,594
P006,2024-05-19,594,333,7,326,204,716
P006,2024-05-26,716,423,8,415,222,909
P006,2024-06-02,909,384,8,376,172,1113
P006,2024-06-09,1113,496,10,486,329,1270
P006,2024-06-16,1270,429,9,420,416,1274
P006,2024-06-23,1274,363,7,356,376,1254
P006,2024-06-30,1254,417,8,409,488,1175
P006,2024-07-07,1175,252,5,247,419,1003
P006,2024-07-14,1003,310,6,304,354,953
P006,2024-07-21,953,413,8,405,410,948
P006,2024-07-28,948,396,8,388,244,1092
P006,2024-08-04,1092,405,8,397,305,1184
P006,2024-08-11,1184,396,8,388,407,1165
P006,2024-08-18,1165,299,6,293,388,1070
P006,2024-08-25,1070,339,7,332,397,1005
P006,2024-09-01,1005,396,8,388,388,1005
P006,2024-09-08,1005,421,8,413,291,1127
P006,2024-09-15,1127,155,3,152,333,946
P006,2024-09-22,946,218,4,214,389,771
P006,2024-09-29,771,134,3,131,413,489
P006,2024-10-06,489,215,4,211,147,553
P006,2024-10-13,553,73,1,72,215,410
P006,2024-10-20,410,113,2,111,130,391
P006,2024-10-27,391,95,2,93,212,272
P006,2024-11-03,272,106,2,104,69,307
P006,2024-11-10,307,103,2,101,112,296
P006,2024-11-17,296,92,2,90,93,293
P006,2024-11-24,293,80,2,78,104,267
P006,2024-12-01,267,110,2,108,101,274
P006,2024-12-08,274,123,2,121,90,305
P006,2024-12-15,305,35,1,34,71,268
P006,2024-12-22,268,116,2,114,115,267
P006,2024-12-29,267,123,2,121,121,267
P006,2025-01-05,267,289,6,283,18,532
P007,2022-01-02,482,310,6,304,56,730
P007,2022-01-09,730,369,7,362,243,849
P007,2022-01-16,849,180,4,176,311,714
P007,2022-01-23,714,284,6,278,182,810
P007,2022-01-30,810,197,4,193,363,640
P007,2022-02-06,640,196,4,192,173,659
P007,2022-02-13,659,54,1,53,280,432
P007,2022-02-20,432,32,1,31,191,272
P007,2022-02-27,272,161,3,158,192,238
P007,2022-03-06,238,53,1,52,50,240
P007,2022-03-13,240,40,1,39,31,248
P007,2022-03-20,248,57,1,56,64,240
P007,2022-03-27,240,110,2,108,109,239
P007,2022-04-03,239,78,2,76,76,239
P007,2022-04-10,239,42,1,41,40,240
P007,2022-04-17,240,78,2,76,77,239
P007,2022-04-24,239,58,1,57,56,240
P007,2022-05-01,240,93,2,91,92,239
P007,2022-05-08,239,67,1,66,65,240
P007,2022-05-15,240,59,1,58,58,240
P007,2022-05-22,240,119,2,117,74,283
P007,2022-05-29,283,95,2,93,84,292
P007,2022-06-05,292,137,3,134,64,362
P007,2022-06-12,362,107,2,105,137,330
P007,2022-06-19,330,63,1,62,93,299
P007,2022-06-26,299,95,2,93,135,257
P007,2022-07-03,257,88,2,86,104,239
P007,2022-07-10,239,63,1,62,61,240
P007,2022-07-17,240,95,2,93,94,239
P007,2022-07-24,239,60,1,59,58,240
P007,2022-07-31,240,107,2,105,79,266
P007,2022-08-07,266,154,3,151,91,326
P007,2022-08-14,326,95,2,93,71,348
P007,2022-08-21,348,83,2,81,106,323
P007,2022-08-28,323,105,2,103,152,274
P007,2022-09-04,274,128,3,125,92,307
P007,2022-09-11,307,150,3,147,81,373
P007,2022-09-18,373,154,3,151,103,421
P007,2022-09-25,421,132,3,129,126,424
P007,2022-10-02,424,171,3,168,147,445
P007,2022-10-09,445,204,4,200,151,494
P007,2022-10-16,494,237,5,232,129,597
P007,2022-10-23,597,260,5,255,168,684
P007,2022-10-30,684,218,4,214,201,697
P007,2022-11-06,697,190,4,186,233,650
P007,2022-11-13,650,170,3,167,255,562
P007,2022-11-20,562,201,4,197,213,546
P007,2022-11-27,546,230,5,225,186,585
P007,2022-12-04,585,219,4,215,166,634
P007,2022-12-11,634,302,6,296,198,732
P007,2022-12-18,732,278,6,272,226,778
P007,2022-12-25,778,229,5,224,214,788
P007,2023-01-01,788,349,7,342,298,832
P007,2023-01-08,832,245,5,240,272,800
P007,2023-01-15,800,246,5,241,223,818
P007,2023-01-22,818,130,3,127,344,601
P007,2023-01-29,601,278,6,272,238,635
P007,2023-02-05,635,255,5,250,241,644
P007,2023-02-12,644,101,2,99,125,618
P007,2023-02-19,618,69,1,68,275,411
P007,2023-02-26,411,91,2,89,249,251
P007,2023-03-05,251,103,2,101,96,256
P007,2023-03-12,256,76,2,74,67,263
P007,2023-03-19,263,105,2,103,90,276
P007,2023-03-26,276,112,2,110,101,285
P007,2023-04-02,285,112,2,110,74,321
P007,2023-04-09,321,104,2,102,103,320
P007,2023-04-16,320,109,2,107,110,317
P007,2023-04-23,317,79,2,77,110,284
P007,2023-04-30,284,83,2,81,102,263
P007,2023-05-07,263,92,2,90,107,246
P007,2023-05-14,246,94,2,92,77,261
P007,2023-05-21,261,120,2,118,81,298
P007,2023-05-28,298,114,2,112,90,320
P007,2023-06-04,320,79,2,77,92,305
P007,2023-06-11,305,89,2,87,118,274
P007,2023-06-18,274,101,2,99,112,261
P007,2023-06-25,261,69,1,68,77,252
P007,2023-07-02,252,123,2,121,87,286
P007,2023-07-09,286,134,3,131,99,318
P007,2023-07-16,318,105,2,103,67,354
P007,2023-07-23,354,147,3,144,122,376
P007,2023-07-30,376,144,3,141,132,385
P007,2023-08-06,385,103,2,101,102,384
P007,2023-08-13,384,73,1,72,145,311
P007,2023-08-20,311,71,1,70,141,240
P007,2023-08-27,240,133,3,130,100,270
P007,2023-09-03,270,79,2,77,71,276
P007,2023-09-10,276,115,2,113,70,319
P007,2023-09-17,319,120,2,118,132,305
P007,2023-09-24,305,153,3,150,76,379
P007,2023-10-01,379,192,4,188,113,454
P007,2023-10-08,454,170,3,167,118,503
P007,2023-10-15,503,233,5,228,151,580
P007,2023-10-22,580,321,6,315,189,706
P007,2023-10-29,706,251,5,246,166,786
P007,2023-11-05,786,402,8,394,230,950
P007,2023-11-12,950,328,7,321,316,955
P007,2023-11-19,955,306,6,300,245,1010
P007,2023-11-26,1010,274,5,269,397,882
P007,2023-12-03,882,311,6,305,320,867
P007,2023-12-10,867,248,5,243,299,811
P007,2023-12-17,811,227,5,222,268,765
P007,2023-12-24,765,294,6,288,306,747
P007,2023-12-31,747,290,6,284,242,789
P007,2024-01-07,789,347,7,340,222,907
P007,2024-01-14,907,206,4,202,289,820
P007,2024-01-21,820,330,7,323,284,859
P007,2024-01-28,859,249,5,244,341,762
P007,2024-02-04,762,325,6,319,199,882
P007,2024-02-11,882,183,4,179,326,735
P007,2024-02-18,735,115,2,113,242,606
P007,2024-02-25,606,68,1,67,320,353
P007,2024-03-03,353,141,3,138,177,314
P007,2024-03-10,314,124,2,122,111,325
P007,2024-03-17,325,105,2,103,66,362
P007,2024-03-24,362,132,3,129,140,351
P007,2024-03-31,351,66,1,65,121,295
P007,2024-04-07,295,91,2,89,103,281
P007,2024-04-14,281,93,2,91,130,242
P007,2024-04-21,242,139,3,136,63,315
P007,2024-04-28,315,91,2,89,90,314
P007,2024-05-05,314,130,3,127,91,350
P007,2024-05-12,350,142,3,139,137,352
P007,2024-05-19,352,155,3,152,88,416
P007,2024-05-26,416,140,3,137,128,425
P007,2024-06-02,425,174,3,171,139,457
P007,2024-06-09,457,157,3,154,152,459
P007,2024-06-16,459,118,2,116,137,438
P007,2024-06-23,438,77,2,75,171,342
P007,2024-06-30,342,169,3,166,154,354
P007,2024-07-07,354,124,2,122,115,361
P007,2024-07-14,361,150,3,147,75,433
P007,2024-07-21,433,132,3,129,167,395
P007,2024-07-28,395,134,3,131,121,405
P007,2024-08-04,405,132,3,129,148,386
P007,2024-08-11,386,138,3,135,129,392
P007,2024-08-18,392,130,3,127,131,388
P007,2024-08-25,388,155,3,152,129,411
P007,2024-09-01,411,134,3,131,135,407
P007,2024-09-08,407,158,3,155,127,435
P007,2024-09-15,435,170,3,167,152,450
P007,2024-09-22,450,175,4,171,131,490
P007,2024-09-29,490,117,2,115,155,450
P007,2024-10-06,450,285,6,279,167,562
P007,2024-10-13,562,255,5,250,172,640
P007,2024-10-20,640,366,7,359,113,886
P007,2024-10-27,886,326,7,319,283,922
P007,2024-11-03,922,393,8,385,249,1058
P007,2024-11-10,1058,366,7,359,361,1056
P007,2024-11-17,1056,337,7,330,319,1067
P007,2024-11-24,1067,276,6,270,386,951
P007,2024-12-01,951,278,6,272,358,865
P007,2024-12-08,865,298,6,292,330,827
P007,2024-12-15,827,118,2,116,269,674
P007,2024-12-22,674,204,4,200,272,602
P007,2024-12-29,602,26,1,25,292,335
P007,2025-01-05,335,259,5,254,112,477
P008,2022-01-02,473,0,0,0,8,465
P008,2022-01-09,465,0,0,0,75,390
P008,2022-01-16,390,39,1,38,110,318
P008,2022-01-23,318,110,2,108,99,327
P008,2022-01-30,327,99,2,97,124,300
P008,2022-02-06,300,110,2,108,96,312
P008,2022-02-13,312,155,3,152,109,355
P008,2022-02-20,355,145,3,142,97,400
P008,2022-02-27,400,172,3,169,108,461
P008,2022-03-06,461,112,2,110,153,418
P008,2022-03-13,418,127,3,124,142,400
P008,2022-03-20,400,119,2,117,169,348
P008,2022-03-27,348,136,3,133,109,372
P008,2022-04-03,372,137,3,134,125,381
P008,2022-04-10,381,136,3,133,116,398
P008,2022-04-17,398,111,2,109,134,373
P008,2022-04-24,373,136,3,133,134,372
P008,2022-05-01,372,201,4,197,133,436
P008,2022-05-08,436,159,3,156,108,484
P008,2022-05-15,484,152,3,149,134,499
P008,2022-05-22,499,108,2,106,198,407
P008,2022-05-29,407,82,2,80,155,332
P008,2022-06-05,332,111,2,109,149,292
P008,2022-06-12,292,131,3,128,105,315
P008,2022-06-19,315,157,3,154,80,389
P008,2022-06-26,389,171,3,168,109,448
P008,2022-07-03,448,176,4,172,129,491
P008,2022-07-10,491,126,3,123,154,460
P008,2022-07-17,460,155,3,152,168,444
P008,2022-07-24,444,115,2,113,173,384
P008,2022-07-31,384,125,2,123,122,385
P008,2022-08-07,385,125,2,123,152,356
P008,2022-08-14,356,103,2,101,112,345
P008,2022-08-21,345,146,3,143,123,365
P008,2022-08-28,365,191,4,187,123,429
P008,2022-09-04,429,140,3,137,101,465
P008,2022-09-11,465,247,5,242,144,563
P008,2022-09-18,563,245,5,240,188,615
P008,2022-09-25,615,281,6,275,136,754
P008,2022-10-02,754,251,5,246,244,756
P008,2022-10-09,756,267,5,262,240,778
P008,2022-10-16,778,151,3,148,276,650
P008,2022-10-23,650,147,3,144,245,549
P008,2022-10-30,549,178,4,174,262,461
P008,2022-11-06,461,165,3,162,146,477
P008,2022-11-13,477,145,3,142,144,475
P008,2022-11-20,475,160,3,157,175,457
P008,2022-11-27,457,115,2,113,161,409
P008,2022-12-04,409,120,2,118,142,385
P008,2022-12-11,385,213,4,209,157,437
P008,2022-12-18,437,136,3,133,112,458
P008,2022-12-25,458,117,2,115,118,455
P008,2023-01-01,455,148,3,145,211,389
P008,2023-01-08,389,156,3,153,132,410
P008,2023-01-15,410,113,2,111,114,407
P008,2023-01-22,407,188,4,184,146,445
P008,2023-01-29,445,145,3,142,153,434
P008,2023-02-05,434,106,2,104,110,428
P008,2023-02-12,428,178,4,174,186,416
P008,2023-02-19,416,179,4,175,141,450
P008,2023-02-26,450,132,3,129,103,476
P008,2023-03-05,476,159,3,156,176,456
P008,2023-03-12,456,157,3,154,175,435
P008,2023-03-19,435,114,2,112,128,419
P008,2023-03-26,419,133,3,130,156,393
P008,2023-04-02,393,211,4,207,154,446
P008,2023-04-09,446,157,3,154,111,489
P008,2023-04-16,489,159,3,156,131,514
P008,2023-04-23,514,196,4,192,208,498
P008,2023-04-30,498,191,4,187,153,532
P008,2023-05-07,532,152,3,149,156,525
P008,2023-05-14,525,205,4,201,193,533
P008,2023-05-21,533,193,4,189,187,535
P008,2023-05-28,535,103,2,101,148,488
P008,2023-06-04,488,156,3,153,202,439
P008,2023-06-11,439,146,3,143,189,393
P008,2023-06-18,393,119,2,117,99,411
P008,2023-06-25,411,127,3,124,154,381
P008,2023-07-02,381,160,3,157,143,395
P008,2023-07-09,395,134,3,131,116,410
P008,2023-07-16,410,113,2,111,125,396
P008,2023-07-23,396,67,1,66,157,305
P008,2023-07-30,305,162,3,159,131,333
P008,2023-08-06,333,165,3,162,110,385
P008,2023-08-13,385,144,3,141,65,461
P008,2023-08-20,461,90,2,88,161,388
P008,2023-08-27,388,157,3,154,162,380
P008,2023-09-03,380,177,4,173,141,412
P008,2023-09-10,412,116,2,114,87,439
P008,2023-09-17,439,219,4,215,155,499
P008,2023-09-24,499,180,4,176,174,501
P008,2023-10-01,501,289,6,283,112,672
P008,2023-10-08,672,257,5,252,217,707
P008,2023-10-15,707,223,4,219,176,750
P008,2023-10-22,750,251,5,246,285,711
P008,2023-10-29,711,184,4,180,251,640
P008,2023-11-05,640,170,3,167,218,589
P008,2023-11-12,589,85,2,83,247,425
P008,2023-11-19,425,138,3,135,179,381
P008,2023-11-26,381,168,3,165,166,380
P008,2023-12-03,380,142,3,139,82,437
P008,2023-12-10,437,108,2,106,136,407
P008,2023-12-17,407,160,3,157,165,399
P008,2023-12-24,399,134,3,131,139,391
P008,2023-12-31,391,99,2,97,105,383
P008,2024-01-07,383,192,4,188,158,413
P008,2024-01-14,413,125,2,123,131,405
P008,2024-01-21,405,131,3,128,96,437
P008,2024-01-28,437,211,4,207,190,454
P008,2024-02-04,454,132,3,129,121,462
P008,2024-02-11,462,126,3,123,129,456
P008,2024-02-18,456,183,4,179,208,427
P008,2024-02-25,427,231,5,226,128,525
P008,2024-03-03,525,226,5,221,123,623
P008,2024-03-10,623,176,4,172,180,615
P008,2024-03-17,615,171,3,168,227,556
P008,2024-03-24,556,141,3,138,221,473
P008,2024-03-31,473,140,3,137,171,439
P008,2024-04-07,439,216,4,212,167,484
P008,2024-04-14,484,136,3,133,138,479
P008,2024-04-21,479,210,4,206,137,548
P008,2024-04-28,548,215,4,211,213,546
P008,2024-05-05,546,214,4,210,132,624
P008,2024-05-12,624,177,4,173,207,590
P008,2024-05-19,590,191,4,187,211,566
P008,2024-05-26,566,209,4,205,210,561
P008,2024-06-02,561,134,3,131,173,519
P008,2024-06-09,519,137,3,134,187,466
P008,2024-06-16,466,211,4,207,205,468
P008,2024-06-23,468,174,3,171,130,509
P008,2024-06-30,509,203,4,199,134,574
P008,2024-07-07,574,173,3,170,208,536
P008,2024-07-14,536,173,3,170,170,536
P008,2024-07-21,536,132,3,129,200,465
P008,2024-07-28,465,162,3,159,169,455
P008,2024-08-04,455,155,3,152,170,437
P008,2024-08-11,437,188,4,184,129,492
P008,2024-08-18,492,175,4,171,159,504
P008,2024-08-25,504,156,3,153,152,505
P008,2024-09-01,505,197,4,193,185,513
P008,2024-09-08,513,150,3,147,171,489
P008,2024-09-15,489,283,6,277,152,614
P008,2024-09-22,614,387,8,379,194,799
P008,2024-09-29,799,269,5,264,146,917
P008,2024-10-06,917,286,6,280,280,917
P008,2024-10-13,917,203,4,199,381,735
P008,2024-10-20,735,217,4,213,261,687
P008,2024-10-27,687,210,4,206,281,612
P008,2024-11-03,612,107,2,105,197,520
P008,2024-11-10,520,74,1,73,213,380
P008,2024-11-17,380,167,3,164,206,338
P008,2024-11-24,338,231,5,226,103,461
P008,2024-12-01,461,182,4,178,72,567
P008,2024-12-08,567,197,4,193,166,594
P008,2024-12-15,594,60,1,59,228,425
P008,2024-12-22,425,126,3,123,177,371
P008,2024-12-29,371,58,1,57,193,235
P008,2025-01-05,235,294,6,288,56,467
P009,2022-01-02,444,299,6,293,22,715
P009,2022-01-09,715,236,5,231,309,637
P009,2022-01-16,637,285,6,279,233,683
P009,2022-01-23,683,234,5,229,179,733
P009,2022-01-30,733,238,5,233,230,736
P009,2022-02-06,736,127,3,124,280,580
P009,2022-02-13,580,88,2,86,228,438
P009,2022-02-20,438,65,1,64,233,269
P009,2022-02-27,269,75,2,73,122,220
P009,2022-03-06,220,87,2,85,85,220
P009,2022-03-13,220,65,1,64,63,221
P009,2022-03-20,221,19,0,19,16,224
P009,2022-03-27,224,81,2,79,52,251
P009,2022-04-03,251,74,1,73,103,221
P009,2022-04-10,221,70,1,69,69,221
P009,2022-04-17,221,82,2,80,81,220
P009,2022-04-24,220,69,1,68,67,221
P009,2022-05-01,221,69,1,68,68,221
P009,2022-05-08,221,46,1,45,45,221
P009,2022-05-15,221,94,2,92,93,220
P009,2022-05-22,220,56,1,55,54,221
P009,2022-05-29,221,71,1,70,70,221
P009,2022-06-05,221,60,1,59,59,221
P009,2022-06-12,221,56,1,55,55,221
P009,2022-06-19,221,71,1,70,70,221
P009,2022-06-26,221,71,1,70,70,221
P009,2022-07-03,221,73,1,72,57,236
P009,2022-07-10,236,62,1,61,67,230
P009,2022-07-17,230,78,2,76,61,245
P009,2022-07-24,245,86,2,84,109,220
P009,2022-07-31,220,63,1,62,61,221
P009,2022-08-07,221,78,2,76,77,220
P009,2022-08-14,220,90,2,88,32,276
P009,2022-08-21,276,69,1,68,88,256
P009,2022-08-28,256,74,1,73,97,232
P009,2022-09-04,232,99,2,97,93,236
P009,2022-09-11,236,146,3,143,67,312
P009,2022-09-18,312,148,3,145,73,384
P009,2022-09-25,384,100,2,98,98,384
P009,2022-10-02,384,162,3,159,144,399
P009,2022-10-09,399,115,2,113,145,367
P009,2022-10-16,367,196,4,192,97,462
P009,2022-10-23,462,285,6,279,160,581
P009,2022-10-30,581,248,5,243,112,712
P009,2022-11-06,712,236,5,231,194,749
P009,2022-11-13,749,197,4,193,281,661
P009,2022-11-20,661,202,4,198,242,617
P009,2022-11-27,617,273,5,268,231,654
P009,2022-12-04,654,230,5,225,192,687
P009,2022-12-11,687,260,5,255,198,744
P009,2022-12-18,744,189,4,185,269,660
P009,2022-12-25,660,219,4,215,225,650
P009,2023-01-01,650,274,5,269,255,664
P009,2023-01-08,664,196,4,192,184,672
P009,2023-01-15,672,226,5,221,215,678
P009,2023-01-22,678,214,4,210,270,618
P009,2023-01-29,618,191,4,187,191,614
P009,2023-02-05,614,224,4,220,222,612
P009,2023-02-12,612,108,2,106,209,509
P009,2023-02-19,509,99,2,97,187,419
P009,2023-02-26,419,45,1,44,220,243
P009,2023-03-05,243,83,2,81,104,220
P009,2023-03-12,220,99,2,97,97,220
P009,2023-03-19,220,83,2,81,43,258
P009,2023-03-26,258,96,2,94,77,275
P009,2023-04-02,275,94,2,92,93,274
P009,2023-04-09,274,106,2,104,90,288
P009,2023-04-16,288,85,2,83,94,277
P009,2023-04-23,277,107,2,105,92,290
P009,2023-04-30,290,112,2,110,104,296
P009,2023-05-07,296,100,2,98,83,311
P009,2023-05-14,311,121,2,119,105,325
P009,2023-05-21,325,94,2,92,110,307
P009,2023-05-28,307,86,2,84,98,293
P009,2023-06-04,293,62,1,61,119,235
P009,2023-06-11,235,91,2,89,92,232
P009,2023-06-18,232,74,1,73,84,221
P009,2023-06-25,221,92,2,90,60,251
P009,2023-07-02,251,86,2,84,90,245
P009,2023-07-09,245,123,2,121,59,307
P009,2023-07-16,307,105,2,103,104,306
P009,2023-07-23,306,131,3,128,84,350
P009,2023-07-30,350,60,1,59,121,288
P009,2023-08-06,288,44,1,43,103,228
P009,2023-08-13,228,123,2,121,129,220
P009,2023-08-20,220,59,1,58,57,221
P009,2023-08-27,221,46,1,45,43,223
P009,2023-09-03,223,125,2,123,82,264
P009,2023-09-10,264,90,2,88,69,283
P009,2023-09-17,283,170,3,167,73,377
P009,2023-09-24,377,167,3,164,124,417
P009,2023-10-01,417,160,3,157,88,486
P009,2023-10-08,486,115,2,113,168,431
P009,2023-10-15,431,361,7,354,164,621
P009,2023-10-22,621,323,6,317,157,781
P009,2023-10-29,781,387,8,379,112,1048
P009,2023-11-05,1048,364,7,357,359,1046
P009,2023-11-12,1046,247,5,242,316,972
P009,2023-11-19,972,250,5,245,381,836
P009,2023-11-26,836,173,3,170,356,650
P009,2023-12-03,650,161,3,158,240,568
P009,2023-12-10,568,209,4,205,245,528
P009,2023-12-17,528,276,6,270,168,630
P009,2023-12-24,630,330,7,323,158,795
P009,2023-12-31,795,231,5,226,206,815
P009,2024-01-07,815,238,5,233,272,776
P009,2024-01-14,776,299,6,293,324,745
P009,2024-01-21,745,258,5,253,224,774
P009,2024-01-28,774,302,6,296,233,837
P009,2024-02-04,837,256,5,251,294,794
P009,2024-02-11,794,161,3,158,252,700
P009,2024-02-18,700,81,2,79,297,482
P009,2024-02-25,482,91,2,89,250,321
P009,2024-03-03,321,93,2,91,156,256
P009,2024-03-10,256,103,2,101,78,279
P009,2024-03-17,279,116,2,114,89,304
P009,2024-03-24,304,108,2,106,91,319
P009,2024-03-31,319,96,2,94,101,312
P009,2024-04-07,312,148,3,145,114,343
P009,2024-04-14,343,90,2,88,106,325
P009,2024-04-21,325,114,2,112,94,343
P009,2024-04-28,343,111,2,109,146,306
P009,2024-05-05,306,125,2,123,87,342
P009,2024-05-12,342,94,2,92,112,322
P009,2024-05-19,322,106,2,104,109,317
P009,2024-05-26,317,135,3,132,123,326
P009,2024-06-02,326,111,2,109,92,343
P009,2024-06-09,343,143,3,140,104,379
P009,2024-06-16,379,102,2,100,133,346
P009,2024-06-23,346,62,1,61,108,299
P009,2024-06-30,299,109,2,107,141,265
P009,2024-07-07,265,111,2,109,99,275
P009,2024-07-14,275,182,4,178,60,393
P009,2024-07-21,393,84,2,82,108,367
P009,2024-07-28,367,160,3,157,109,415
P009,2024-08-04,415,133,3,130,180,365
P009,2024-08-11,365,134,3,131,80,416
P009,2024-08-18,416,104,2,102,158,360
P009,2024-08-25,360,127,3,124,130,354
P009,2024-09-01,354,128,3,125,131,348
P009,2024-09-08,348,109,2,107,101,354
P009,2024-09-15,354,176,4,172,125,401
P009,2024-09-22,401,152,3,149,125,425
P009,2024-09-29,425,191,4,187,106,506
P009,2024-10-06,506,238,5,233,174,565
P009,2024-10-13,565,271,5,266,148,683
P009,2024-10-20,683,396,8,388,188,883
P009,2024-10-27,883,400,8,392,234,1041
P009,2024-11-03,1041,310,6,304,266,1079
P009,2024-11-10,1079,284,6,278,391,966
P009,2024-11-17,966,360,7,353,392,927
P009,2024-11-24,927,265,5,260,302,885
P009,2024-12-01,885,277,6,271,278,878
P009,2024-12-08,878,237,5,232,354,756
P009,2024-12-15,756,77,2,75,258,573
P009,2024-12-22,573,154,3,151,272,452
P009,2024-12-29,452,1,0,1,231,222
P009,2025-01-05,222,294,6,288,72,438
P010,2022-01-02,428,0,0,0,27,401
P010,2022-01-09,401,43,1,42,95,348
P010,2022-01-16,348,72,1,71,124,295
P010,2022-01-23,295,91,2,89,96,288
P010,2022-01-30,288,69,1,68,129,227
P010,2022-02-06,227,70,1,69,71,225
P010,2022-02-13,225,138,3,135,90,270
P010,2022-02-20,270,142,3,139,67,342
P010,2022-02-27,342,84,2,82,69,355
P010,2022-03-06,355,138,3,135,137,353
P010,2022-03-13,353,132,3,129,139,343
P010,2022-03-20,343,113,2,111,81,373
P010,2022-03-27,373,146,3,143,136,380
P010,2022-04-03,380,153,3,150,129,401
P010,2022-04-10,401,155,3,152,110,443
P010,2022-04-17,443,123,2,121,144,420
P010,2022-04-24,420,115,2,113,150,383
P010,2022-05-01,383,84,2,82,152,313
P010,2022-05-08,313,101,2,99,120,292
P010,2022-05-15,292,182,4,178,113,357
P010,2022-05-22,357,105,2,103,82,378
P010,2022-05-29,378,147,3,144,99,423
P010,2022-06-05,423,142,3,139,180,382
P010,2022-06-12,382,113,2,111,101,392
P010,2022-06-19,392,130,3,127,145,374
P010,2022-06-26,374,121,2,119,139,354
P010,2022-07-03,354,91,2,89,110,333
P010,2022-07-10,333,142,3,139,128,344
P010,2022-07-17,344,78,2,76,118,302
P010,2022-07-24,302,108,2,106,89,319
P010,2022-07-31,319,98,2,96,140,275
P010,2022-08-07,275,126,3,123,75,323
P010,2022-08-14,323,133,3,130,106,347
P010,2022-08-21,347,92,2,90,96,341
P010,2022-08-28,341,94,2,92,124,309
P010,2022-09-04,309,93,2,91,130,270
P010,2022-09-11,270,202,4,198,89,379
P010,2022-09-18,379,219,4,215,92,502
P010,2022-09-25,502,246,5,241,91,652
P010,2022-10-02,652,252,5,247,200,699
P010,2022-10-09,699,265,5,260,215,744
P010,2022-10-16,744,126,3,123,242,625
P010,2022-10-23,625,154,3,151,247,529
P010,2022-10-30,529,134,3,131,260,400
P010,2022-11-06,400,129,3,126,121,405
P010,2022-11-13,405,143,3,140,151,394
P010,2022-11-20,394,148,3,145,131,408
P010,2022-11-27,408,169,3,166,126,448
P010,2022-12-04,448,110,2,108,140,416
P010,2022-12-11,416,97,2,95,145,366
P010,2022-12-18,366,140,3,137,166,337
P010,2022-12-25,337,104,2,102,107,332
P010,2023-01-01,332,194,4,190,95,427
P010,2023-01-08,427,136,3,133,138,422
P010,2023-01-15,422,81,2,79,101,400
P010,2023-01-22,400,113,2,111,192,319
P010,2023-01-29,319,106,2,104,132,291
P010,2023-02-05,291,156,3,153,78,366
P010,2023-02-12,366,140,3,137,111,392
P010,2023-02-19,392,193,4,189,104,477
P010,2023-02-26,477,133,3,130,154,453
P010,2023-03-05,453,111,2,109,137,425
P010,2023-03-12,425,153,3,150,190,385
P010,2023-03-19,385,154,3,151,129,407
P010,2023-03-26,407,151,3,148,108,447
P010,2023-04-02,447,189,4,185,151,481
P010,2023-04-09,481,167,3,164,151,494
P010,2023-04-16,494,106,2,104,148,450
P010,2023-04-23,450,128,3,125,186,389
P010,2023-04-30,389,130,3,127,163,353
P010,2023-05-07,353,109,2,107,103,357
P010,2023-05-14,357,127,3,124,126,355
P010,2023-05-21,355,114,2,112,127,340
P010,2023-05-28,340,102,2,100,106,334
P010,2023-06-04,334,130,3,127,125,336
P010,2023-06-11,336,160,3,157,111,382
P010,2023-06-18,382,169,3,166,100,448
P010,2023-06-25,448,123,2,121,128,441
P010,2023-07-02,441,183,4,179,157,463
P010,2023-07-09,463,92,2,90,166,387
P010,2023-07-16,387,103,2,101,120,368
P010,2023-07-23,368,117,2,115,181,302
P010,2023-07-30,302,134,3,131,88,345
P010,2023-08-06,345,153,3,150,101,394
P010,2023-08-13,394,82,2,80,115,359
P010,2023-08-20,359,112,2,110,132,337
P010,2023-08-27,337,94,2,92,150,279
P010,2023-09-03,279,151,3,148,79,348
P010,2023-09-10,348,134,3,131,110,369
P010,2023-09-17,369,261,5,256,92,533
P010,2023-09-24,533,149,3,146,149,530
P010,2023-10-01,530,402,8,394,131,793
P010,2023-10-08,793,215,4,211,258,746
P010,2023-10-15,746,162,3,159,144,761
P010,2023-10-22,761,196,4,192,399,554
P010,2023-10-29,554,116,2,114,207,461
P010,2023-11-05,461,139,3,136,158,439
P010,2023-11-12,439,153,3,150,193,396
P010,2023-11-19,396,152,3,149,112,433
P010,2023-11-26,433,114,2,112,137,408
P010,2023-12-03,408,160,3,157,150,415
P010,2023-12-10,415,123,2,121,149,387
P010,2023-12-17,387,113,2,111,111,387
P010,2023-12-24,387,157,3,154,158,383
P010,2023-12-31,383,96,2,94,120,357
P010,2024-01-07,357,151,3,148,111,394
P010,2024-01-14,394,90,2,88,155,327
P010,2024-01-21,327,91,2,89,93,323
P010,2024-01-28,323,128,3,125,149,299
P010,2024-02-04,299,126,3,123,87,335
P010,2024-02-11,335,158,3,155,89,401
P010,2024-02-18,401,212,4,208,126,483
P010,2024-02-25,483,219,4,215,123,575
P010,2024-03-03,575,230,5,225,155,645
P010,2024-03-10,645,164,3,161,209,597
P010,2024-03-17,597,170,3,167,215,549
P010,2024-03-24,549,147,3,144,226,467
P010,2024-03-31,467,147,3,144,159,452
P010,2024-04-07,452,194,4,190,167,475
P010,2024-04-14,475,98,2,96,144,427
P010,2024-04-21,427,190,4,186,144,469
P010,2024-04-28,469,215,4,211,191,489
P010,2024-05-05,489,196,4,192,94,587
P010,2024-05-12,587,219,4,215,188,614
P010,2024-05-19,614,123,2,121,211,524
P010,2024-05-26,524,193,4,189,192,521
P010,2024-06-02,521,201,4,197,215,503
P010,2024-06-09,503,140,3,137,119,521
P010,2024-06-16,521,165,3,162,191,492
P010,2024-06-23,492,230,5,225,197,520
P010,2024-06-30,520,169,3,166,136,550
P010,2024-07-07,550,74,1,73,162,461
P010,2024-07-14,461,143,3,140,227,374
P010,2024-07-21,374,110,2,108,164,318
P010,2024-07-28,318,194,4,190,71,437
P010,2024-08-04,437,146,3,143,142,438
P010,2024-08-11,438,146,3,143,107,474
P010,2024-08-18,474,188,4,184,192,466
P010,2024-08-25,466,182,4,178,142,502
P010,2024-09-01,502,147,3,144,143,503
P010,2024-09-08,503,199,4,195,185,513
P010,2024-09-15,513,216,4,212,178,547
P010,2024-09-22,547,274,5,269,143,673
P010,2024-09-29,673,214,4,210,196,687
P010,2024-10-06,687,249,5,244,212,719
P010,2024-10-13,719,324,6,318,270,767
P010,2024-10-20,767,213,4,209,209,767
P010,2024-10-27,767,108,2,106,245,628
P010,2024-11-03,628,106,2,104,319,413
P010,2024-11-10,413,168,3,165,207,371
P010,2024-11-17,371,116,2,114,104,381
P010,2024-11-24,381,110,2,108,104,385
P010,2024-12-01,385,118,2,116,166,335
P010,2024-12-08,335,159,3,156,113,378
P010,2024-12-15,378,74,1,73,108,343
P010,2024-12-22,343,115,2,113,116,340
P010,2024-12-29,340,31,1,30,157,213
P010,2025-01-05,213,286,6,280,71,422
P011,2022-01-02,500,0,0,0,43,457
P011,2022-01-09,457,0,0,0,31,426
P011,2022-01-16,426,0,0,0,33,393
P011,2022-01-23,393,0,0,0,83,310
P011,2022-01-30,310,1,0,1,61,250
P011,2022-02-06,250,97,2,95,97,248
P011,2022-02-13,248,55,1,54,53,249
P011,2022-02-20,249,51,1,50,50,249
P011,2022-02-27,249,77,2,75,35,289
P011,2022-03-06,289,145,3,142,101,330
P011,2022-03-13,330,143,3,140,87,383
P011,2022-03-20,383,122,2,120,103,400
P011,2022-03-27,400,127,3,124,143,381
P011,2022-04-03,381,102,2,100,140,341
P011,2022-04-10,341,99,2,97,119,319
P011,2022-04-17,319,99,2,97,125,291
P011,2022-04-24,291,124,2,122,99,314
P011,2022-05-01,314,112,2,110,97,327
P011,2022-05-08,327,99,2,97,97,327
P011,2022-05-15,327,225,4,221,122,426
P011,2022-05-22,426,258,5,253,110,569
P011,2022-05-29,569,253,5,248,97,720
P011,2022-06-05,720,312,6,306,223,803
P011,2022-06-12,803,286,6,280,254,829
P011,2022-06-19,829,262,5,257,248,838
P011,2022-06-26,838,228,5,223,307,754
P011,2022-07-03,754,231,5,226,280,700
P011,2022-07-10,700,261,5,256,256,700
P011,2022-07-17,700,281,6,275,223,752
P011,2022-07-24,752,299,6,293,226,819
P011,2022-07-31,819,271,5,266,256,829
P011,2022-08-07,829,243,5,238,276,791
P011,2022-08-14,791,277,6,271,293,769
P011,2022-08-21,769,222,4,218,265,722
P011,2022-08-28,722,342,7,335,238,819
P011,2022-09-04,819,269,5,264,272,811
P011,2022-09-11,811,275,6,269,216,864
P011,2022-09-18,864,106,2,104,338,630
P011,2022-09-25,630,89,2,87,262,455
P011,2022-10-02,455,166,3,163,270,348
P011,2022-10-09,348,226,5,221,100,469
P011,2022-10-16,469,72,1,71,87,453
P011,2022-10-23,453,110,2,108,164,397
P011,2022-10-30,397,76,2,74,223,248
P011,2022-11-06,248,74,1,73,67,254
P011,2022-11-13,254,105,2,103,109,248
P011,2022-11-20,248,75,2,73,73,248
P011,2022-11-27,248,79,2,77,73,252
P011,2022-12-04,252,62,1,61,64,249
P011,2022-12-11,249,118,2,116,95,270
P011,2022-12-18,270,95,2,93,95,268
P011,2022-12-25,268,72,1,71,48,291
P011,2023-01-01,291,88,2,86,129,248
P011,2023-01-08,248,95,2,93,93,248
P011,2023-01-15,248,72,1,71,70,249
P011,2023-01-22,249,80,2,78,79,248
P011,2023-01-29,248,87,2,85,85,248
P011,2023-02-05,248,48,1,47,46,249
P011,2023-02-12,249,80,2,78,79,248
P011,2023-02-19,248,178,4,174,72,350
P011,2023-02-26,350,108,2,106,54,402
P011,2023-03-05,402,132,3,129,89,442
P011,2023-03-12,442,183,4,179,211,410
P011,2023-03-19,410,128,3,125,104,431
P011,2023-03-26,431,136,3,133,130,434
P011,2023-04-02,434,95,2,93,180,347
P011,2023-04-09,347,122,2,120,124,343
P011,2023-04-16,343,130,3,127,133,337
P011,2023-04-23,337,146,3,143,92,388
P011,2023-04-30,388,153,3,150,120,418
P011,2023-05-07,418,124,2,122,128,412
P011,2023-05-14,412,283,6,277,143,546
P011,2023-05-21,546,308,6,302,150,698
P011,2023-05-28,698,249,5,244,121,821
P011,2023-06-04,821,246,5,241,281,781
P011,2023-06-11,781,175,4,171,302,650
P011,2023-06-18,650,220,4,216,243,623
P011,2023-06-25,623,251,5,246,241,628
P011,2023-07-02,628,334,7,327,170,785
P011,2023-07-09,785,296,6,290,216,859
P011,2023-07-16,859,188,4,184,247,796
P011,2023-07-23,796,235,5,230,329,697
P011,2023-07-30,697,269,5,264,289,672
P011,2023-08-06,672,322,6,316,182,806
P011,2023-08-13,806,268,5,263,231,838
P011,2023-08-20,838,223,4,219,264,793
P011,2023-08-27,793,280,6,274,317,750
P011,2023-09-03,750,243,5,238,262,726
P011,2023-09-10,726,235,5,230,218,738
P011,2023-09-17,738,136,3,133,276,595
P011,2023-09-24,595,205,4,201,237,559
P011,2023-10-01,559,190,4,186,230,515
P011,2023-10-08,515,110,2,108,131,492
P011,2023-10-15,492,122,2,120,202,410
P011,2023-10-22,410,63,1,62,186,286
P011,2023-10-29,286,125,2,123,106,303
P011,2023-11-05,303,119,2,117,120,300
P011,2023-11-12,300,46,1,45,61,284
P011,2023-11-19,284,90,2,88,124,248
P011,2023-11-26,248,119,2,117,117,248
P011,2023-12-03,248,59,1,58,44,262
P011,2023-12-10,262,83,2,81,74,269
P011,2023-12-17,269,161,3,158,94,333
P011,2023-12-24,333,67,1,66,95,304
P011,2023-12-31,304,88,2,86,82,308
P011,2024-01-07,308,101,2,99,159,248
P011,2024-01-14,248,77,2,75,64,259
P011,2024-01-21,259,80,2,78,87,250
P011,2024-01-28,250,73,1,72,73,249
P011,2024-02-04,249,102,2,100,101,248
P011,2024-02-11,248,98,2,96,78,266
P011,2024-02-18,266,103,2,101,68,299
P011,2024-02-25,299,123,2,121,63,357
P011,2024-03-03,357,174,3,171,137,391
P011,2024-03-10,391,147,3,144,101,434
P011,2024-03-17,434,140,3,137,121,450
P011,2024-03-24,450,176,4,172,172,450
P011,2024-03-31,450,168,3,165,144,471
P011,2024-04-07,471,123,2,121,137,455
P011,2024-04-14,455,135,3,132,173,414
P011,2024-04-21,414,188,4,184,164,434
P011,2024-04-28,434,109,2,107,120,421
P011,2024-05-05,421,135,3,132,133,420
P011,2024-05-12,420,214,4,210,185,445
P011,2024-05-19,445,356,7,349,105,689
P011,2024-05-26,689,350,7,343,133,899
P011,2024-06-02,899,302,6,296,211,984
P011,2024-06-09,984,348,7,341,352,973
P011,2024-06-16,973,342,7,335,343,965
P011,2024-06-23,965,316,6,310,295,980
P011,2024-06-30,980,396,8,388,342,1026
P011,2024-07-07,1026,290,6,284,335,975
P011,2024-07-14,975,297,6,291,309,957
P011,2024-07-21,957,382,8,374,390,941
P011,2024-07-28,941,436,9,427,282,1086
P011,2024-08-04,1086,273,5,268,291,1063
P011,2024-08-11,1063,362,7,355,376,1042
P011,2024-08-18,1042,308,6,302,428,916
P011,2024-08-25,916,241,5,236,264,888
P011,2024-09-01,888,408,8,400,357,931
P011,2024-09-08,931,299,6,293,301,923
P011,2024-09-15,923,245,5,240,235,928
P011,2024-09-22,928,165,3,162,403,687
P011,2024-09-29,687,195,4,191,291,587
P011,2024-10-06,587,230,5,225,239,573
P011,2024-10-13,573,143,3,140,160,553
P011,2024-10-20,553,100,2,98,192,459
P011,2024-10-27,459,69,1,68,226,301
P011,2024-11-03,301,98,2,96,138,259
P011,2024-11-10,259,104,2,102,97,264
P011,2024-11-17,264,131,3,128,67,325
P011,2024-11-24,325,104,2,102,97,330
P011,2024-12-01,330,123,2,121,102,349
P011,2024-12-08,349,75,2,73,129,293
P011,2024-12-15,293,58,1,57,101,249
P011,2024-12-22,249,122,2,120,121,248
P011,2024-12-29,248,75,2,73,73,248
P011,2025-01-05,248,269,5,264,17,495
P012,2022-01-02,454,304,6,298,64,688
P012,2022-01-09,688,290,6,284,201,771
P012,2022-01-16,771,190,4,186,286,671
P012,2022-01-23,671,259,5,254,207,718
P012,2022-01-30,718,200,4,196,284,630
P012,2022-02-06,630,187,4,183,184,629
P012,2022-02-13,629,136,3,133,255,507
P012,2022-02-20,507,67,1,66,195,378
P012,2022-02-27,378,50,1,49,183,244
P012,2022-03-06,244,115,2,113,132,225
P012,2022-03-13,225,66,1,65,64,226
P012,2022-03-20,226,67,1,66,49,243
P012,2022-03-27,243,92,2,90,78,255
P012,2022-04-03,255,76,2,74,53,276
P012,2022-04-10,276,90,2,88,113,251
P012,2022-04-17,251,131,3,128,91,288
P012,2022-04-24,288,90,2,88,74,302
P012,2022-05-01,302,72,1,71,88,285
P012,2022-05-08,285,71,1,70,129,226
P012,2022-05-15,226,88,2,86,87,225
P012,2022-05-22,225,75,2,73,70,228
P012,2022-05-29,228,47,1,46,48,226
P012,2022-06-05,226,90,2,88,89,225
P012,2022-06-12,225,110,2,108,93,240
P012,2022-06-19,240,78,2,76,42,274
P012,2022-06-26,274,101,2,99,70,303
P012,2022-07-03,303,94,2,92,130,265
P012,2022-07-10,265,120,2,118,76,307
P012,2022-07-17,307,125,2,123,99,331
P012,2022-07-24,331,89,2,87,92,326
P012,2022-07-31,326,74,1,73,118,281
P012,2022-08-07,281,129,3,126,123,284
P012,2022-08-14,284,97,2,95,87,292
P012,2022-08-21,292,71,1,70,72,290
P012,2022-08-28,290,116,2,114,128,276
P012,2022-09-04,276,45,1,44,94,226
P012,2022-09-11,226,139,3,136,69,293
P012,2022-09-18,293,168,3,165,115,343
P012,2022-09-25,343,104,2,102,43,402
P012,2022-10-02,402,107,2,105,138,369
P012,2022-10-09,369,118,2,116,165,320
P012,2022-10-16,320,330,7,323,101,542
P012,2022-10-23,542,120,2,118,105,555
P012,2022-10-30,555,323,6,317,116,756
P012,2022-11-06,756,136,3,133,328,561
P012,2022-11-13,561,322,6,316,113,764
P012,2022-11-20,764,142,3,139,321,582
P012,2022-11-27,582,256,5,251,130,703
P012,2022-12-04,703,204,4,200,319,584
P012,2022-12-11,584,258,5,253,136,701
P012,2022-12-18,701,206,4,202,253,650
P012,2022-12-25,650,284,6,278,199,729
P012,2023-01-01,729,249,5,244,254,719
P012,2023-01-08,719,246,5,241,201,759
P012,2023-01-15,759,279,6,273,280,752
P012,2023-01-22,752,280,6,274,243,783
P012,2023-01-29,783,198,4,194,241,736
P012,2023-02-05,736,233,5,228,274,690
P012,2023-02-12,690,106,2,104,274,520
P012,2023-02-19,520,64,1,63,192,391
P012,2023-02-26,391,86,2,84,229,246
P012,2023-03-05,246,82,2,80,101,225
P012,2023-03-12,225,75,2,73,62,236
P012,2023-03-19,236,124,2,122,85,273
P012,2023-03-26,273,71,1,70,64,279
P012,2023-04-02,279,95,2,93,89,283
P012,2023-04-09,283,88,2,86,122,247
P012,2023-04-16,247,57,1,56,69,234
P012,2023-04-23,234,87,2,85,94,225
P012,2023-04-30,225,88,2,86,86,225
P012,2023-05-07,225,58,1,57,55,227
P012,2023-05-14,227,113,2,111,63,275
P012,2023-05-21,275,63,1,62,86,251
P012,2023-05-28,251,92,2,90,79,262
P012,2023-06-04,262,77,2,75,112,225
P012,2023-06-11,225,123,2,121,61,285
P012,2023-06-18,285,144,3,141,91,335
P012,2023-06-25,335,73,1,72,55,352
P012,2023-07-02,352,154,3,151,141,362
P012,2023-07-09,362,113,2,111,142,331
P012,2023-07-16,331,131,3,128,70,389
P012,2023-07-23,389,122,2,120,153,356
P012,2023-07-30,356,59,1,58,110,304
P012,2023-08-06,304,110,2,108,129,283
P012,2023-08-13,283,140,3,137,119,301
P012,2023-08-20,301,80,2,78,57,322
P012,2023-08-27,322,106,2,104,109,317
P012,2023-09-03,317,87,2,85,138,264
P012,2023-09-10,264,98,2,96,77,283
P012,2023-09-17,283,94,2,92,104,271
P012,2023-09-24,271,150,3,147,85,333
P012,2023-10-01,333,165,3,162,96,399
P012,2023-10-08,399,124,2,122,92,429
P012,2023-10-15,429,268,5,263,148,544
P012,2023-10-22,544,274,5,269,162,651
P012,2023-10-29,651,297,6,291,121,821
P012,2023-11-05,821,340,7,333,266,888
P012,2023-11-12,888,299,6,293,269,912
P012,2023-11-19,912,350,7,343,292,963
P012,2023-11-26,963,214,4,210,334,839
P012,2023-12-03,839,247,5,242,292,789
P012,2023-12-10,789,248,5,243,344,688
P012,2023-12-17,688,239,5,234,207,715
P012,2023-12-24,715,349,7,342,243,814
P012,2023-12-31,814,176,4,172,243,743
P012,2024-01-07,743,150,3,147,234,656
P012,2024-01-14,656,206,4,202,344,514
P012,2024-01-21,514,306,6,300,169,645
P012,2024-01-28,645,262,5,257,146,756
P012,2024-02-04,756,235,5,230,203,783
P012,2024-02-11,783,151,3,148,302,629
P012,2024-02-18,629,135,3,132,256,505
P012,2024-02-25,505,121,2,119,230,394
P012,2024-03-03,394,92,2,90,146,338
P012,2024-03-10,338,100,2,98,132,304
P012,2024-03-17,304,128,3,125,118,311
P012,2024-03-24,311,71,1,70,90,291
P012,2024-03-31,291,101,2,99,98,292
P012,2024-04-07,292,102,2,100,126,266
P012,2024-04-14,266,77,2,75,68,273
P012,2024-04-21,273,91,2,89,100,262
P012,2024-04-28,262,84,2,82,100,244
P012,2024-05-05,244,89,2,87,75,256
P012,2024-05-12,256,92,2,90,89,257
P012,2024-05-19,257,115,2,113,82,288
P012,2024-05-26,288,92,2,90,87,291
P012,2024-06-02,291,89,2,87,90,288
P012,2024-06-09,288,123,2,121,113,296
P012,2024-06-16,296,114,2,112,90,318
P012,2024-06-23,318,127,3,124,87,355
P012,2024-06-30,355,110,2,108,121,342
P012,2024-07-07,342,111,2,109,112,339
P012,2024-07-14,339,157,3,154,125,368
P012,2024-07-21,368,100,2,98,107,359
P012,2024-07-28,359,85,2,83,109,333
P012,2024-08-04,333,155,3,152,155,330
P012,2024-08-11,330,135,3,132,97,365
P012,2024-08-18,365,96,2,94,83,376
P012,2024-08-25,376,127,3,124,153,347
P012,2024-09-01,347,143,3,140,132,355
P012,2024-09-08,355,119,2,117,93,379
P012,2024-09-15,379,162,3,159,125,413
P012,2024-09-22,413,224,4,220,140,493
P012,2024-09-29,493,130,3,127,116,504
P012,2024-10-06,504,305,6,299,160,643
P012,2024-10-13,643,338,7,331,221,753
P012,2024-10-20,753,372,7,365,126,992
P012,2024-10-27,992,258,5,253,302,943
P012,2024-11-03,943,249,5,244,332,855
P012,2024-11-10,855,542,11,531,365,1021
P012,2024-11-17,1021,213,4,209,251,979
P012,2024-11-24,979,309,6,303,244,1038
P012,2024-12-01,1038,310,6,304,537,805
P012,2024-12-08,805,268,5,263,202,866
P012,2024-12-15,866,68,1,67,305,628
P012,2024-12-22,628,164,3,161,304,485
P012,2024-12-29,485,4,0,4,262,227
P012,2025-01-05,227,290,6,284,63,448
P013,2022-01-02,494,0,0,0,10,484
P013,2022-01-09,484,0,0,0,37,447
P013,2022-01-16,447,0,0,0,94,353
P013,2022-01-23,353,0,0,0,73,280
P013,2022-01-30,280,48,1,47,81,246
P013,2022-02-06,246,64,1,63,63,246
P013,2022-02-13,246,99,2,97,98,245
P013,2022-02-20,245,67,1,66,65,246
P013,2022-02-27,246,76,2,74,55,265
P013,2022-03-06,265,126,3,123,94,294
P013,2022-03-13,294,82,2,80,94,280
P013,2022-03-20,280,71,1,70,79,271
P013,2022-03-27,271,100,2,98,124,245
P013,2022-04-03,245,127,3,124,79,290
P013,2022-04-10,290,95,2,93,69,314
P013,2022-04-17,314,65,1,64,96,282
P013,2022-04-24,282,197,4,193,128,347
P013,2022-05-01,347,112,2,110,92,365
P013,2022-05-08,365,162,3,159,63,461
P013,2022-05-15,461,217,4,213,196,478
P013,2022-05-22,478,333,7,326,108,696
P013,2022-05-29,696,194,4,190,160,726
P013,2022-06-05,726,275,6,269,214,781
P013,2022-06-12,781,263,5,258,329,710
P013,2022-06-19,710,282,6,276,187,799
P013,2022-06-26,799,216,4,212,271,740
P013,2022-07-03,740,207,4,203,257,686
P013,2022-07-10,686,181,4,177,277,586
P013,2022-07-17,586,313,6,307,210,683
P013,2022-07-24,683,235,5,230,203,710
P013,2022-07-31,710,274,5,269,177,802
P013,2022-08-07,802,282,6,276,309,769
P013,2022-08-14,769,285,6,279,229,819
P013,2022-08-21,819,205,4,201,269,751
P013,2022-08-28,751,274,5,269,277,743
P013,2022-09-04,743,252,5,247,279,711
P013,2022-09-11,711,347,7,340,199,852
P013,2022-09-18,852,133,3,130,270,712
P013,2022-09-25,712,125,2,123,247,588
P013,2022-10-02,588,109,2,107,342,353
P013,2022-10-09,353,148,3,145,126,372
P013,2022-10-16,372,106,2,104,122,354
P013,2022-10-23,354,40,1,39,107,286
P013,2022-10-30,286,107,2,105,146,245
P013,2022-11-06,245,105,2,103,103,245
P013,2022-11-13,245,68,1,67,38,274
P013,2022-11-20,274,83,2,81,83,272
P013,2022-11-27,272,63,1,62,78,256
P013,2022-12-04,256,105,2,103,114,245
P013,2022-12-11,245,84,2,82,82,245
P013,2022-12-18,245,63,1,62,61,246
P013,2022-12-25,246,70,1,69,69,246
P013,2023-01-01,246,66,1,65,65,246
P013,2023-01-08,246,60,1,59,59,246
P013,2023-01-15,246,119,2,117,118,245
P013,2023-01-22,245,56,1,55,54,246
P013,2023-01-29,246,65,1,64,64,246
P013,2023-02-05,246,109,2,107,108,245
P013,2023-02-12,245,61,1,60,59,246
P013,2023-02-19,246,97,2,95,64,277
P013,2023-02-26,277,126,3,123,79,321
P013,2023-03-05,321,153,3,150,97,374
P013,2023-03-12,374,164,3,161,103,432
P013,2023-03-19,432,120,2,118,124,426
P013,2023-03-26,426,124,2,122,150,398
P013,2023-04-02,398,121,2,119,161,356
P013,2023-04-09,356,131,3,128,117,367
P013,2023-04-16,367,105,2,103,122,348
P013,2023-04-23,348,131,3,128,119,357
P013,2023-04-30,357,106,2,104,129,332
P013,2023-05-07,332,105,2,103,102,333
P013,2023-05-14,333,222,4,218,129,422
P013,2023-05-21,422,255,5,250,103,569
P013,2023-05-28,569,254,5,249,103,715
P013,2023-06-04,715,278,6,272,220,767
P013,2023-06-11,767,269,5,264,251,780
P013,2023-06-18,780,262,5,257,249,788
P013,2023-06-25,788,294,6,288,273,803
P013,2023-07-02,803,344,7,337,263,877
P013,2023-07-09,877,327,7,320,257,940
P013,2023-07-16,940,229,5,224,289,875
P013,2023-07-23,875,320,6,314,338,851
P013,2023-07-30,851,219,4,215,320,746
P013,2023-08-06,746,276,6,270,222,794
P013,2023-08-13,794,253,5,248,315,727
P013,2023-08-20,727,271,5,266,213,780
P013,2023-08-27,780,354,7,347,272,855
P013,2023-09-03,855,276,6,270,247,878
P013,2023-09-10,878,317,6,311,266,923
P013,2023-09-17,923,157,3,154,349,728
P013,2023-09-24,728,102,2,100,269,559
P013,2023-10-01,559,173,3,170,311,418
P013,2023-10-08,418,61,1,60,151,327
P013,2023-10-15,327,63,1,62,99,290
P013,2023-10-22,290,128,3,125,171,244
P013,2023-10-29,244,61,1,60,58,246
P013,2023-11-05,246,63,1,62,62,246
P013,2023-11-12,246,81,2,79,80,245
P013,2023-11-19,245,106,2,104,79,270
P013,2023-11-26,270,67,1,66,69,267
P013,2023-12-03,267,77,2,75,95,247
P013,2023-12-10,247,108,2,106,108,245
P013,2023-12-17,245,67,1,66,65,246
P013,2023-12-24,246,128,3,125,76,295
P013,2023-12-31,295,98,2,96,91,300
P013,2024-01-07,300,112,2,110,71,339
P013,2024-01-14,339,118,2,116,136,319
P013,2024-01-21,319,122,2,120,95,344
P013,2024-01-28,344,70,1,69,110,303
P013,2024-02-04,303,85,2,83,116,270
P013,2024-02-11,270,97,2,95,120,245
P013,2024-02-18,245,191,4,187,68,364
P013,2024-02-25,364,92,2,90,84,370
P013,2024-03-03,370,170,3,167,85,452
P013,2024-03-10,452,111,2,109,199,362
P013,2024-03-17,362,146,3,143,88,417
P013,2024-03-24,417,127,3,124,168,373
P013,2024-03-31,373,135,3,132,108,397
P013,2024-04-07,397,182,4,178,144,431
P013,2024-04-14,431,160,3,157,124,464
P013,2024-04-21,464,174,3,171,132,503
P013,2024-04-28,503,121,2,119,179,443
P013,2024-05-05,443,176,4,172,156,459
P013,2024-05-12,459,225,4,221,171,509
P013,2024-05-19,509,257,5,252,118,643
P013,2024-05-26,643,200,4,196,174,665
P013,2024-06-02,665,326,7,319,221,763
P013,2024-06-09,763,369,7,362,253,872
P013,2024-06-16,872,300,6,294,195,971
P013,2024-06-23,971,320,6,314,322,963
P013,2024-06-30,963,401,8,393,362,994
P013,2024-07-07,994,357,7,350,293,1051
P013,2024-07-14,1051,375,8,367,314,1104
P013,2024-07-21,1104,359,7,352,395,1061
P013,2024-07-28,1061,437,9,428,349,1140
P013,2024-08-04,1140,318,6,312,368,1084
P013,2024-08-11,1084,385,8,377,351,1110
P013,2024-08-18,1110,329,7,322,430,1002
P013,2024-08-25,1002,321,6,315,309,1008
P013,2024-09-01,1008,242,5,237,379,866
P013,2024-09-08,866,367,7,360,321,905
P013,2024-09-15,905,186,4,182,314,773
P013,2024-09-22,773,170,3,167,236,704
P013,2024-09-29,704,130,3,127,362,469
P013,2024-10-06,469,205,4,201,179,491
P013,2024-10-13,491,108,2,106,166,431
P013,2024-10-20,431,152,3,149,127,453
P013,2024-10-27,453,62,1,61,202,312
P013,2024-11-03,312,98,2,96,104,304
P013,2024-11-10,304,93,2,91,150,245
P013,2024-11-17,245,121,2,119,59,305
P013,2024-11-24,305,121,2,119,97,327
P013,2024-12-01,327,148,3,145,90,382
P013,2024-12-08,382,55,1,54,120,316
P013,2024-12-15,316,50,1,49,119,246
P013,2024-12-22,246,147,3,144,146,244
P013,2024-12-29,244,55,1,54,52,246
P013,2025-01-05,246,270,5,265,22,489
P014,2022-01-02,444,332,7,325,71,698
P014,2022-01-09,698,204,4,200,168,730
P014,2022-01-16,730,231,5,226,279,677
P014,2022-01-23,677,331,7,324,258,743
P014,2022-01-30,743,188,4,184,197,730
P014,2022-02-06,730,175,4,171,227,674
P014,2022-02-13,674,126,3,123,326,471
P014,2022-02-20,471,90,2,88,181,378
P014,2022-02-27,378,71,1,70,171,277
P014,2022-03-06,277,67,1,66,122,221
P014,2022-03-13,221,88,2,86,87,220
P014,2022-03-20,220,71,1,70,69,221
P014,2022-03-27,221,63,1,62,50,233
P014,2022-04-03,233,84,2,82,95,220
P014,2022-04-10,220,77,2,75,75,220
P014,2022-04-17,220,91,2,89,64,245
P014,2022-04-24,245,72,1,71,74,242
P014,2022-05-01,242,69,1,68,79,231
P014,2022-05-08,231,85,2,83,94,220
P014,2022-05-15,220,72,1,71,70,221
P014,2022-05-22,221,82,2,80,68,233
P014,2022-05-29,233,96,2,94,79,248
P014,2022-06-05,248,78,2,76,70,254
P014,2022-06-12,254,95,2,93,86,261
P014,2022-06-19,261,89,2,87,94,254
P014,2022-06-26,254,94,2,92,76,270
P014,2022-07-03,270,68,1,67,93,244
P014,2022-07-10,244,91,2,89,87,246
P014,2022-07-17,246,75,2,73,92,227
P014,2022-07-24,227,80,2,78,66,239
P014,2022-07-31,239,73,1,72,90,221
P014,2022-08-07,221,81,2,79,73,227
P014,2022-08-14,227,103,2,101,78,250
P014,2022-08-21,250,103,2,101,65,286
P014,2022-08-28,286,79,2,77,86,277
P014,2022-09-04,277,79,2,77,101,253
P014,2022-09-11,253,140,3,137,101,289
P014,2022-09-18,289,167,3,164,77,376
P014,2022-09-25,376,120,2,118,77,417
P014,2022-10-02,417,140,3,137,138,416
P014,2022-10-09,416,166,3,163,164,415
P014,2022-10-16,415,177,4,173,117,471
P014,2022-10-23,471,218,4,214,138,547
P014,2022-10-30,547,165,3,162,163,546
P014,2022-11-06,546,239,5,234,174,606
P014,2022-11-13,606,194,4,190,214,582
P014,2022-11-20,582,202,4,198,161,619
P014,2022-11-27,619,310,6,304,236,687
P014,2022-12-04,687,371,7,364,189,862
P014,2022-12-11,862,329,7,322,198,986
P014,2022-12-18,986,205,4,201,306,881
P014,2022-12-25,881,237,5,232,365,748
P014,2023-01-01,748,198,4,194,322,620
P014,2023-01-08,620,224,4,220,198,642
P014,2023-01-15,642,229,5,224,233,633
P014,2023-01-22,633,244,5,239,193,679
P014,2023-01-29,679,131,3,128,220,587
P014,2023-02-05,587,207,4,203,225,565
P014,2023-02-12,565,76,2,74,239,400
P014,2023-02-19,400,135,3,132,126,406
P014,2023-02-26,406,99,2,97,204,299
P014,2023-03-05,299,62,1,61,72,288
P014,2023-03-12,288,69,1,68,133,223
P014,2023-03-19,223,95,2,93,96,220
P014,2023-03-26,220,62,1,61,60,221
P014,2023-04-02,221,79,2,77,68,230
P014,2023-04-09,230,77,2,75,85,220
P014,2023-04-16,220,82,2,80,62,238
P014,2023-04-23,238,89,2,87,85,240
P014,2023-04-30,240,71,1,70,64,246
P014,2023-05-07,246,86,2,84,91,239
P014,2023-05-14,239,100,2,98,87,250
P014,2023-05-21,250,90,2,88,69,269
P014,2023-05-28,269,38,1,37,85,221
P014,2023-06-04,221,109,2,107,98,230
P014,2023-06-11,230,108,2,106,88,248
P014,2023-06-18,248,101,2,99,25,322
P014,2023-06-25,322,87,2,85,119,288
P014,2023-07-02,288,111,2,109,106,291
P014,2023-07-09,291,102,2,100,99,292
P014,2023-07-16,292,103,2,101,85,308
P014,2023-07-23,308,93,2,91,109,290
P014,2023-07-30,290,113,2,111,100,301
P014,2023-08-06,301,127,3,124,101,324
P014,2023-08-13,324,145,3,142,91,375
P014,2023-08-20,375,87,2,85,111,349
P014,2023-08-27,349,83,2,81,125,305
P014,2023-09-03,305,72,1,71,142,234
P014,2023-09-10,234,102,2,100,84,250
P014,2023-09-17,250,172,3,169,81,338
P014,2023-09-24,338,148,3,145,70,413
P014,2023-10-01,413,169,3,166,101,478
P014,2023-10-08,478,102,2,100,170,408
P014,2023-10-15,408,240,5,235,145,498
P014,2023-10-22,498,319,6,313,166,645
P014,2023-10-29,645,258,5,253,99,799
P014,2023-11-05,799,258,5,253,238,814
P014,2023-11-12,814,258,5,253,314,753
P014,2023-11-19,753,231,5,226,252,727
P014,2023-11-26,727,213,4,209,253,683
P014,2023-12-03,683,229,5,224,253,654
P014,2023-12-10,654,296,6,290,226,718
P014,2023-12-17,718,215,4,211,208,721
P014,2023-12-24,721,271,5,266,225,762
P014,2023-12-31,762,263,5,258,291,729
P014,2024-01-07,729,104,2,102,209,622
P014,2024-01-14,622,305,6,299,267,654
P014,2024-01-21,654,349,7,342,258,738
P014,2024-01-28,738,322,6,316,99,955
P014,2024-02-04,955,318,6,312,303,964
P014,2024-02-11,964,222,4,218,343,839
P014,2024-02-18,839,108,2,106,315,630
P014,2024-02-25,630,106,2,104,312,422
P014,2024-03-03,422,95,2,93,216,299
P014,2024-03-10,299,64,1,63,104,258
P014,2024-03-17,258,91,2,89,104,243
P014,2024-03-24,243,119,2,117,93,267
P014,2024-03-31,267,88,2,86,62,291
P014,2024-04-07,291,115,2,113,90,314
P014,2024-04-14,314,93,2,91,117,288
P014,2024-04-21,288,116,2,114,86,316
P014,2024-04-28,316,71,1,70,113,273
P014,2024-05-05,273,105,2,103,91,285
P014,2024-05-12,285,51,1,50,114,221
P014,2024-05-19,221,70,1,69,69,221
P014,2024-05-26,221,105,2,103,104,220
P014,2024-06-02,220,149,3,146,42,324
P014,2024-06-09,324,120,2,118,62,380
P014,2024-06-16,380,110,2,108,115,373
P014,2024-06-23,373,108,2,106,150,329
P014,2024-06-30,329,166,3,163,117,375
P014,2024-07-07,375,129,3,126,108,393
P014,2024-07-14,393,134,3,131,106,418
P014,2024-07-21,418,78,2,76,164,330
P014,2024-07-28,330,148,3,145,126,349
P014,2024-08-04,349,112,2,110,131,328
P014,2024-08-11,328,100,2,98,75,351
P014,2024-08-18,351,97,2,95,146,300
P014,2024-08-25,300,85,2,83,109,274
P014,2024-09-01,274,162,3,159,98,335
P014,2024-09-08,335,84,2,82,95,322
P014,2024-09-15,322,179,4,175,83,414
P014,2024-09-22,414,258,5,253,160,507
P014,2024-09-29,507,174,3,171,81,597
P014,2024-10-06,597,181,4,177,177,597
P014,2024-10-13,597,229,5,224,254,567
P014,2024-10-20,567,367,7,360,169,758
P014,2024-10-27,758,291,6,285,178,865
P014,2024-11-03,865,345,7,338,225,978
P014,2024-11-10,978,239,5,234,362,850
P014,2024-11-17,850,245,5,240,284,806
P014,2024-11-24,806,355,7,348,339,815
P014,2024-12-01,815,400,8,392,232,975
P014,2024-12-08,975,219,4,215,240,950
P014,2024-12-15,950,60,1,59,350,659
P014,2024-12-22,659,134,3,131,393,397
P014,2024-12-29,397,36,1,35,211,221
P014,2025-01-05,221,279,6,273,56,438
P015,2022-01-02,362,153,3,150,59,453
P015,2022-01-09,453,200,4,196,100,549
P015,2022-01-16,549,152,3,149,215,483
P015,2022-01-23,483,149,3,146,141,488
P015,2022-01-30,488,180,4,176,197,467
P015,2022-02-06,467,119,2,117,148,436
P015,2022-02-13,436,108,2,106,146,396
P015,2022-02-20,396,46,1,45,177,264
P015,2022-02-27,264,45,1,44,115,193
P015,2022-03-06,193,94,2,92,106,179
P015,2022-03-13,179,46,1,45,44,180
P015,2022-03-20,180,45,1,44,44,180
P015,2022-03-27,180,65,1,64,60,184
P015,2022-04-03,184,79,2,77,58,203
P015,2022-04-10,203,75,2,73,51,225
P015,2022-04-17,225,57,1,56,76,205
P015,2022-04-24,205,54,1,53,78,180
P015,2022-05-01,180,74,1,73,73,180
P015,2022-05-08,180,59,1,58,55,183
P015,2022-05-15,183,90,2,88,47,224
P015,2022-05-22,224,84,2,82,65,241
P015,2022-05-29,241,49,1,48,72,217
P015,2022-06-05,217,53,1,52,89,180
P015,2022-06-12,180,83,2,81,82,179
P015,2022-06-19,179,49,1,48,47,180
P015,2022-06-26,180,29,1,28,28,180
P015,2022-07-03,180,44,1,43,25,198
P015,2022-07-10,198,85,2,83,64,217
P015,2022-07-17,217,61,1,60,59,218
P015,2022-07-24,218,53,1,52,76,194
P015,2022-07-31,194,71,1,70,84,180
P015,2022-08-07,180,60,1,59,59,180
P015,2022-08-14,180,71,1,70,52,198
P015,2022-08-21,198,83,2,81,62,217
P015,2022-08-28,217,103,2,101,42,276
P015,2022-09-04,276,61,1,60,95,241
P015,2022-09-11,241,105,2,103,82,262
P015,2022-09-18,262,109,2,107,101,268
P015,2022-09-25,268,161,3,158,59,367
P015,2022-10-02,367,136,3,133,104,396
P015,2022-10-09,396,55,1,54,107,343
P015,2022-10-16,343,172,3,169,159,353
P015,2022-10-23,353,175,4,171,133,391
P015,2022-10-30,391,251,5,246,52,585
P015,2022-11-06,585,189,4,185,171,599
P015,2022-11-13,599,304,6,298,172,725
P015,2022-11-20,725,258,5,253,247,731
P015,2022-11-27,731,167,3,164,184,711
P015,2022-12-04,711,297,6,291,300,702
P015,2022-12-11,702,216,4,212,252,662
P015,2022-12-18,662,219,4,215,162,715
P015,2022-12-25,715,152,3,149,294,570
P015,2023-01-01,570,157,3,154,210,514
P015,2023-01-08,514,222,4,218,215,517
P015,2023-01-15,517,236,5,231,148,600
P015,2023-01-22,600,241,5,236,154,682
P015,2023-01-29,682,146,3,143,219,606
P015,2023-02-05,606,228,5,223,232,597
P015,2023-02-12,597,69,1,68,236,429
P015,2023-02-19,429,83,2,81,141,369
P015,2023-02-26,369,64,1,63,225,207
P015,2023-03-05,207,75,2,73,64,216
P015,2023-03-12,216,78,2,76,82,210
P015,2023-03-19,210,66,1,65,62,213
P015,2023-03-26,213,79,2,77,74,216
P015,2023-04-02,216,71,1,70,76,210
P015,2023-04-09,210,87,2,85,64,231
P015,2023-04-16,231,58,1,57,78,210
P015,2023-04-23,210,66,1,65,69,206
P015,2023-04-30,206,84,2,82,86,202
P015,2023-05-07,202,35,1,34,56,180
P015,2023-05-14,180,86,2,84,65,199
P015,2023-05-21,199,79,2,77,83,193
P015,2023-05-28,193,61,1,60,19,234
P015,2023-06-04,234,51,1,50,99,185
P015,2023-06-11,185,73,1,72,77,180
P015,2023-06-18,180,100,2,98,59,219
P015,2023-06-25,219,56,1,55,50,224
P015,2023-07-02,224,94,2,92,68,248
P015,2023-07-09,248,36,1,35,103,180
P015,2023-07-16,180,88,2,86,54,212
P015,2023-07-23,212,62,1,61,93,180
P015,2023-07-30,180,52,1,51,32,199
P015,2023-08-06,199,101,2,99,89,209
P015,2023-08-13,209,63,1,62,58,213
P015,2023-08-20,213,71,1,70,53,230
P015,2023-08-27,230,88,2,86,100,216
P015,2023-09-03,216,116,2,114,61,269
P015,2023-09-10,269,103,2,101,70,300
P015,2023-09-17,300,58,1,57,87,270
P015,2023-09-24,270,66,1,65,114,221
P015,2023-10-01,221,191,4,187,101,307
P015,2023-10-08,307,156,3,153,56,404
P015,2023-10-15,404,172,3,169,65,508
P015,2023-10-22,508,204,4,200,190,518
P015,2023-10-29,518,316,6,310,152,676
P015,2023-11-05,676,205,4,201,169,708
P015,2023-11-12,708,281,6,275,201,782
P015,2023-11-19,782,231,5,226,312,696
P015,2023-11-26,696,120,2,118,199,615
P015,2023-12-03,615,246,5,241,277,579
P015,2023-12-10,579,188,4,184,225,538
P015,2023-12-17,538,218,4,214,115,637
P015,2023-12-24,637,306,6,300,244,693
P015,2023-12-31,693,159,3,156,183,666
P015,2024-01-07,666,191,4,187,214,639
P015,2024-01-14,639,120,2,118,302,455
P015,2024-01-21,455,232,5,227,153,529
P015,2024-01-28,529,219,4,215,188,556
P015,2024-02-04,556,175,4,171,116,611
P015,2024-02-11,611,130,3,127,230,508
P015,2024-02-18,508,80,2,78,214,372
P015,2024-02-25,372,98,2,96,171,297
P015,2024-03-03,297,109,2,107,126,278
P015,2024-03-10,278,70,1,69,77,270
P015,2024-03-17,270,63,1,62,96,236
P015,2024-03-24,236,92,2,90,107,219
P015,2024-03-31,219,70,1,69,68,220
P015,2024-04-07,220,110,2,108,62,266
P015,2024-04-14,266,110,2,108,91,283
P015,2024-04-21,283,60,1,59,68,274
P015,2024-04-28,274,70,1,69,109,234
P015,2024-05-05,234,60,1,59,108,185
P015,2024-05-12,185,108,2,106,58,233
P015,2024-05-19,233,162,3,159,69,323
P015,2024-05-26,323,104,2,102,59,366
P015,2024-06-02,366,98,2,96,107,355
P015,2024-06-09,355,67,1,66,160,261
P015,2024-06-16,261,97,2,95,101,255
P015,2024-06-23,255,95,2,93,96,252
P015,2024-06-30,252,99,2,97,65,284
P015,2024-07-07,284,117,2,115,96,303
P015,2024-07-14,303,109,2,107,93,317
P015,2024-07-21,317,83,2,81,97,301
P015,2024-07-28,301,98,2,96,115,282
P015,2024-08-04,282,82,2,80,107,255
P015,2024-08-11,255,87,2,85,81,259
P015,2024-08-18,259,73,1,72,96,235
P015,2024-08-25,235,94,2,92,80,247
P015,2024-09-01,247,35,1,34,85,196
P015,2024-09-08,196,95,2,93,71,218
P015,2024-09-15,218,123,2,121,93,246
P015,2024-09-22,246,178,4,174,33,387
P015,2024-09-29,387,95,2,93,94,386
P015,2024-10-06,386,176,4,172,121,437
P015,2024-10-13,437,192,4,188,176,449
P015,2024-10-20,449,290,6,284,91,642
P015,2024-10-27,642,221,4,217,174,685
P015,2024-11-03,685,283,6,277,188,774
P015,2024-11-10,774,184,4,180,286,668
P015,2024-11-17,668,255,5,250,215,703
P015,2024-11-24,703,207,4,203,279,627
P015,2024-12-01,627,293,6,287,178,736
P015,2024-12-08,736,200,4,196,251,681
P015,2024-12-15,681,90,2,88,202,567
P015,2024-12-22,567,142,3,139,289,417
P015,2024-12-29,417,35,1,34,194,257
P015,2025-01-05,257,191,4,187,86,358
P016,2022-01-02,369,0,0,0,0,369
P016,2022-01-09,369,71,1,70,87,352
P016,2022-01-16,352,46,1,45,134,263
P016,2022-01-23,263,82,2,80,70,273
P016,2022-01-30,273,98,2,96,149,220
P016,2022-02-06,220,67,1,66,45,241
P016,2022-02-13,241,107,2,105,81,265
P016,2022-02-20,265,103,2,101,96,270
P016,2022-02-27,270,112,2,110,65,315
P016,2022-03-06,315,143,3,140,106,349
P016,2022-03-13,349,129,3,126,101,374
P016,2022-03-20,374,131,3,128,110,392
P016,2022-03-27,392,112,2,110,141,361
P016,2022-04-03,361,113,2,111,126,346
P016,2022-04-10,346,134,3,131,128,349
P016,2022-04-17,349,88,2,86,109,326
P016,2022-04-24,326,81,2,79,111,294
P016,2022-05-01,294,149,3,146,132,308
P016,2022-05-08,308,139,3,136,85,359
P016,2022-05-15,359,143,3,140,79,420
P016,2022-05-22,420,117,2,115,147,388
P016,2022-05-29,388,100,2,98,136,350
P016,2022-06-05,350,110,2,108,140,318
P016,2022-06-12,318,69,1,68,114,272
P016,2022-06-19,272,66,1,65,98,239
P016,2022-06-26,239,91,2,89,108,220
P016,2022-07-03,220,61,1,60,67,213
P016,2022-07-10,213,74,1,73,65,221
P016,2022-07-17,221,83,2,81,90,212
P016,2022-07-24,212,56,1,55,59,208
P016,2022-07-31,208,143,3,140,73,275
P016,2022-08-07,275,117,2,115,82,308
P016,2022-08-14,308,153,3,150,54,404
P016,2022-08-21,404,103,2,101,142,363
P016,2022-08-28,363,115,2,113,114,362
P016,2022-09-04,362,127,3,124,151,335
P016,2022-09-11,335,67,1,66,100,301
P016,2022-09-18,301,139,3,136,113,324
P016,2022-09-25,324,231,5,226,125,425
P016,2022-10-02,425,248,5,243,64,604
P016,2022-10-09,604,208,4,204,138,670
P016,2022-10-16,670,141,3,138,228,580
P016,2022-10-23,580,84,2,82,243,419
P016,2022-10-30,419,103,2,101,203,317
P016,2022-11-06,317,71,1,70,137,250
P016,2022-11-13,250,132,3,129,81,298
P016,2022-11-20,298,146,3,143,101,340
P016,2022-11-27,340,128,3,125,69,396
P016,2022-12-04,396,112,2,110,131,375
P016,2022-12-11,375,94,2,92,143,324
P016,2022-12-18,324,93,2,91,125,290
P016,2022-12-25,290,129,3,126,109,307
P016,2023-01-01,307,80,2,78,92,293
P016,2023-01-08,293,76,2,74,91,276
P016,2023-01-15,276,89,2,87,127,236
P016,2023-01-22,236,166,3,163,77,322
P016,2023-01-29,322,136,3,133,74,381
P016,2023-02-05,381,74,1,73,87,367
P016,2023-02-12,367,88,2,86,164,289
P016,2023-02-19,289,84,2,82,133,238
P016,2023-02-26,238,154,3,151,71,318
P016,2023-03-05,318,132,3,129,87,360
P016,2023-03-12,360,115,2,113,82,391
P016,2023-03-19,391,128,3,125,152,364
P016,2023-03-26,364,146,3,143,129,378
P016,2023-04-02,378,102,2,100,112,366
P016,2023-04-09,366,69,1,68,126,308
P016,2023-04-16,308,136,3,133,143,298
P016,2023-04-23,298,125,2,123,99,322
P016,2023-04-30,322,116,2,114,67,369
P016,2023-05-07,369,117,2,115,135,349
P016,2023-05-14,349,124,2,122,122,349
P016,2023-05-21,349,133,3,130,114,365
P016,2023-05-28,365,54,1,53,115,303
P016,2023-06-04,303,133,3,130,122,311
P016,2023-06-11,311,108,2,106,131,286
P016,2023-06-18,286,114,2,112,51,347
P016,2023-06-25,347,118,2,116,132,331
P016,2023-07-02,331,124,2,122,105,348
P016,2023-07-09,348,114,2,112,112,348
P016,2023-07-16,348,135,3,132,116,364
P016,2023-07-23,364,87,2,85,122,327
P016,2023-07-30,327,144,3,141,112,356
P016,2023-08-06,356,95,2,93,133,316
P016,2023-08-13,316,162,3,159,84,391
P016,2023-08-20,391,120,2,118,142,367
P016,2023-08-27,367,150,3,147,92,422
P016,2023-09-03,422,72,1,71,160,333
P016,2023-09-10,333,84,2,82,117,298
P016,2023-09-17,298,109,2,107,148,257
P016,2023-09-24,257,181,4,177,69,365
P016,2023-10-01,365,237,5,232,83,514
P016,2023-10-08,514,140,3,137,107,544
P016,2023-10-15,544,130,3,127,179,492
P016,2023-10-22,492,137,3,134,233,393
P016,2023-10-29,393,99,2,97,135,355
P016,2023-11-05,355,92,2,90,127,318
P016,2023-11-12,318,79,2,77,134,261
P016,2023-11-19,261,165,3,162,96,327
P016,2023-11-26,327,181,4,177,90,414
P016,2023-12-03,414,138,3,135,77,472
P016,2023-12-10,472,126,3,123,163,432
P016,2023-12-17,432,136,3,133,178,387
P016,2023-12-24,387,88,2,86,134,339
P016,2023-12-31,339,80,2,78,123,294
P016,2024-01-07,294,87,2,85,133,246
P016,2024-01-14,246,160,3,157,85,318
P016,2024-01-21,318,179,4,175,78,415
P016,2024-01-28,415,151,3,148,85,478
P016,2024-02-04,478,157,3,154,158,474
P016,2024-02-11,474,98,2,96,176,394
P016,2024-02-18,394,156,3,153,147,400
P016,2024-02-25,400,155,3,152,154,398
P016,2024-03-03,398,187,4,183,95,486
P016,2024-03-10,486,98,2,96,154,428
P016,2024-03-17,428,195,4,191,152,467
P016,2024-03-24,467,198,4,194,184,477
P016,2024-03-31,477,96,2,94,94,477
P016,2024-04-07,477,130,3,127,193,411
P016,2024-04-14,411,106,2,104,194,321
P016,2024-04-21,321,173,3,170,92,399
P016,2024-04-28,399,121,2,119,128,390
P016,2024-05-05,390,183,4,179,103,466
P016,2024-05-12,466,203,4,199,171,494
P016,2024-05-19,494,161,3,158,118,534
P016,2024-05-26,534,156,3,153,181,506
P016,2024-06-02,506,125,2,123,199,430
P016,2024-06-09,430,81,2,79,157,352
P016,2024-06-16,352,112,2,110,153,309
P016,2024-06-23,309,70,1,69,122,256
P016,2024-06-30,256,185,4,181,79,358
P016,2024-07-07,358,108,2,106,110,354
P016,2024-07-14,354,171,3,168,68,454
P016,2024-07-21,454,89,2,87,184,357
P016,2024-07-28,357,154,3,151,104,404
P016,2024-08-04,404,84,2,82,169,317
P016,2024-08-11,317,176,4,172,86,403
P016,2024-08-18,403,91,2,89,152,340
P016,2024-08-25,340,149,3,146,81,405
P016,2024-09-01,405,167,3,164,174,395
P016,2024-09-08,395,135,3,132,87,440
P016,2024-09-15,440,316,6,310,147,603
P016,2024-09-22,603,269,5,264,164,703
P016,2024-09-29,703,149,3,146,132,717
P016,2024-10-06,717,304,6,298,313,702
P016,2024-10-13,702,158,3,155,263,594
P016,2024-10-20,594,127,3,124,144,574
P016,2024-10-27,574,83,2,81,301,354
P016,2024-11-03,354,163,3,160,152,362
P016,2024-11-10,362,90,2,88,124,326
P016,2024-11-17,326,103,2,101,80,347
P016,2024-11-24,347,134,3,131,161,317
P016,2024-12-01,317,188,4,184,87,414
P016,2024-12-08,414,112,2,110,101,423
P016,2024-12-15,423,10,0,10,132,301
P016,2024-12-22,301,69,1,68,185,184
P016,2024-12-29,184,109,2,107,108,183
P016,2025-01-05,183,194,4,190,8,365
P017,2022-01-02,368,77,2,75,17,426
P017,2022-01-09,426,213,4,209,130,505
P017,2022-01-16,505,250,5,245,193,557
P017,2022-01-23,557,204,4,200,105,652
P017,2022-01-30,652,79,2,77,211,518
P017,2022-02-06,518,171,3,168,246,440
P017,2022-02-13,440,88,2,86,199,327
P017,2022-02-20,327,47,1,46,75,298
P017,2022-02-27,298,65,1,64,169,193
P017,2022-03-06,193,76,2,74,85,182
P017,2022-03-13,182,47,1,46,45,183
P017,2022-03-20,183,65,1,64,64,183
P017,2022-03-27,183,54,1,53,53,183
P017,2022-04-03,183,39,1,38,38,183
P017,2022-04-10,183,48,1,47,47,183
P017,2022-04-17,183,82,2,80,73,190
P017,2022-04-24,190,76,2,74,45,219
P017,2022-05-01,219,56,1,55,62,212
P017,2022-05-08,212,57,1,56,85,183
P017,2022-05-15,183,75,2,73,74,182
P017,2022-05-22,182,58,1,57,54,185
P017,2022-05-29,185,66,1,65,51,199
P017,2022-06-05,199,62,1,61,77,183
P017,2022-06-12,183,59,1,58,58,183
P017,2022-06-19,183,86,2,84,65,202
P017,2022-06-26,202,64,1,63,42,223
P017,2022-07-03,223,70,1,69,73,219
P017,2022-07-10,219,54,1,53,89,183
P017,2022-07-17,183,63,1,62,62,183
P017,2022-07-24,183,75,2,73,69,187
P017,2022-07-31,187,67,1,66,45,208
P017,2022-08-07,208,44,1,43,68,183
P017,2022-08-14,183,77,2,75,76,182
P017,2022-08-21,182,67,1,66,65,183
P017,2022-08-28,183,41,1,40,30,193
P017,2022-09-04,193,78,2,76,42,227
P017,2022-09-11,227,104,2,102,79,250
P017,2022-09-18,250,141,3,138,73,315
P017,2022-09-25,315,131,3,128,77,366
P017,2022-10-02,366,118,2,116,102,380
P017,2022-10-09,380,135,3,132,139,373
P017,2022-10-16,373,107,2,105,128,350
P017,2022-10-23,350,212,4,208,115,443
P017,2022-10-30,443,147,3,144,133,454
P017,2022-11-06,454,201,4,197,104,547
P017,2022-11-13,547,225,4,221,210,558
P017,2022-11-20,558,224,4,220,143,635
P017,2022-11-27,635,196,4,192,198,629
P017,2022-12-04,629,257,5,252,221,660
P017,2022-12-11,660,145,3,142,220,582
P017,2022-12-18,582,153,3,150,192,540
P017,2022-12-25,540,250,5,245,253,532
P017,2023-01-01,532,242,5,237,140,629
P017,2023-01-08,629,207,4,203,150,682
P017,2023-01-15,682,231,5,226,247,661
P017,2023-01-22,661,177,4,173,237,597
P017,2023-01-29,597,189,4,185,202,580
P017,2023-02-05,580,186,4,182,227,535
P017,2023-02-12,535,129,3,126,172,489
P017,2023-02-19,489,79,2,77,185,381
P017,2023-02-26,381,87,2,85,182,284
P017,2023-03-05,284,85,2,83,125,242
P017,2023-03-12,242,65,1,64,76,230
P017,2023-03-19,230,77,2,75,85,220
P017,2023-03-26,220,70,1,69,83,206
P017,2023-04-02,206,54,1,53,63,196
P017,2023-04-09,196,64,1,63,76,183
P017,2023-04-16,183,69,1,68,68,183
P017,2023-04-23,183,54,1,53,53,183
P017,2023-04-30,183,59,1,58,41,200
P017,2023-05-07,200,43,1,42,46,196
P017,2023-05-14,196,62,1,61,74,183
P017,2023-05-21,183,82,2,80,81,182
P017,2023-05-28,182,75,2,73,42,213
P017,2023-06-04,213,40,1,39,47,205
P017,2023-06-11,205,83,2,81,95,191
P017,2023-06-18,191,86,2,84,73,202
P017,2023-06-25,202,54,1,53,38,217
P017,2023-07-02,217,57,1,56,82,191
P017,2023-07-09,191,77,2,75,84,182
P017,2023-07-16,182,101,2,99,52,229
P017,2023-07-23,229,52,1,51,56,224
P017,2023-07-30,224,56,1,55,54,225
P017,2023-08-06,225,93,2,91,121,195
P017,2023-08-13,195,64,1,63,50,208
P017,2023-08-20,208,55,1,54,55,207
P017,2023-08-27,207,69,1,68,92,183
P017,2023-09-03,183,75,2,73,62,194
P017,2023-09-10,194,77,2,75,54,215
P017,2023-09-17,215,110,2,108,59,264
P017,2023-09-24,264,95,2,93,83,274
P017,2023-10-01,274,118,2,116,75,315
P017,2023-10-08,315,107,2,105,108,312
P017,2023-10-15,312,139,3,136,93,355
P017,2023-10-22,355,260,5,255,116,494
P017,2023-10-29,494,196,4,192,105,581
P017,2023-11-05,581,210,4,206,137,650
P017,2023-11-12,650,176,4,172,257,565
P017,2023-11-19,565,287,6,281,191,655
P017,2023-11-26,655,175,4,171,206,620
P017,2023-12-03,620,176,4,172,172,620
P017,2023-12-10,620,275,6,269,283,606
P017,2023-12-17,606,312,6,306,169,743
P017,2023-12-24,743,167,3,164,172,735
P017,2023-12-31,735,280,6,274,271,738
P017,2024-01-07,738,200,4,196,306,628
P017,2024-01-14,628,238,5,233,161,700
P017,2024-01-21,700,226,5,221,277,644
P017,2024-01-28,644,300,6,294,194,744
P017,2024-02-04,744,253,5,248,234,758
P017,2024-02-11,758,179,4,175,221,712
P017,2024-02-18,712,109,2,107,295,524
P017,2024-02-25,524,89,2,87,247,364
P017,2024-03-03,364,45,1,44,174,234
P017,2024-03-10,234,124,2,122,105,251
P017,2024-03-17,251,105,2,103,87,267
P017,2024-03-24,267,93,2,91,43,315
P017,2024-03-31,315,50,1,49,123,241
P017,2024-04-07,241,70,1,69,103,207
P017,2024-04-14,207,105,2,103,91,219
P017,2024-04-21,219,112,2,110,48,281
P017,2024-04-28,281,126,3,123,69,335
P017,2024-05-05,335,63,1,62,104,293
P017,2024-05-12,293,50,1,49,110,232
P017,2024-05-19,232,125,2,123,124,231
P017,2024-05-26,231,63,1,62,60,233
P017,2024-06-02,233,60,1,59,49,243
P017,2024-06-09,243,84,2,82,124,201
P017,2024-06-16,201,95,2,93,61,233
P017,2024-06-23,233,77,2,75,59,249
P017,2024-06-30,249,101,2,99,83,265
P017,2024-07-07,265,87,2,85,93,257
P017,2024-07-14,257,72,1,71,75,253
P017,2024-07-21,253,118,2,116,99,270
P017,2024-07-28,270,115,2,113,85,298
P017,2024-08-04,298,76,2,74,70,302
P017,2024-08-11,302,108,2,106,117,291
P017,2024-08-18,291,124,2,122,113,300
P017,2024-08-25,300,116,2,114,74,340
P017,2024-09-01,340,134,3,131,106,365
P017,2024-09-08,365,125,2,123,122,366
P017,2024-09-15,366,116,2,114,114,366
P017,2024-09-22,366,205,4,201,132,435
P017,2024-09-29,435,210,4,206,122,519
P017,2024-10-06,519,196,4,192,114,597
P017,2024-10-13,597,319,6,313,203,707
P017,2024-10-20,707,315,6,309,206,810
P017,2024-10-27,810,175,4,171,192,789
P017,2024-11-03,789,248,5,243,315,717
P017,2024-11-10,717,228,5,223,309,631
P017,2024-11-17,631,151,3,148,169,610
P017,2024-11-24,610,245,5,240,244,606
P017,2024-12-01,606,302,6,296,223,679
P017,2024-12-08,679,228,5,223,146,756
P017,2024-12-15,756,94,2,92,242,606
P017,2024-12-22,606,158,3,155,297,464
P017,2024-12-29,464,25,0,25,222,267
P017,2025-01-05,267,190,4,186,89,364
P018,2022-01-02,401,166,3,163,60,504
P018,2022-01-09,504,157,3,154,101,557
P018,2022-01-16,557,94,2,92,218,431
P018,2022-01-23,431,247,5,242,188,485
P018,2022-01-30,485,191,4,187,154,518
P018,2022-02-06,518,178,4,174,91,601
P018,2022-02-13,601,99,2,97,245,453
P018,2022-02-20,453,59,1,58,186,325
P018,2022-02-27,325,72,1,71,174,222
P018,2022-03-06,222,73,1,72,95,199
P018,2022-03-13,199,58,1,57,57,199
P018,2022-03-20,199,72,1,71,71,199
P018,2022-03-27,199,87,2,85,59,225
P018,2022-04-03,225,85,2,83,50,258
P018,2022-04-10,258,114,2,112,80,290
P018,2022-04-17,290,101,2,99,97,292
P018,2022-04-24,292,85,2,83,83,292
P018,2022-05-01,292,68,1,67,112,247
P018,2022-05-08,247,75,2,73,99,221
P018,2022-05-15,221,89,2,87,83,225
P018,2022-05-22,225,75,2,73,66,232
P018,2022-05-29,232,76,2,74,74,232
P018,2022-06-05,232,76,2,74,87,219
P018,2022-06-12,219,71,1,70,73,216
P018,2022-06-19,216,58,1,57,74,199
P018,2022-06-26,199,114,2,112,74,237
P018,2022-07-03,237,74,1,73,69,241
P018,2022-07-10,241,81,2,79,57,263
P018,2022-07-17,263,66,1,65,113,215
P018,2022-07-24,215,89,2,87,72,230
P018,2022-07-31,230,104,2,102,80,252
P018,2022-08-07,252,68,1,67,64,255
P018,2022-08-14,255,91,2,89,88,256
P018,2022-08-21,256,100,2,98,102,252
P018,2022-08-28,252,61,1,60,66,246
P018,2022-09-04,246,89,2,87,90,243
P018,2022-09-11,243,125,2,123,98,268
P018,2022-09-18,268,73,1,72,59,281
P018,2022-09-25,281,116,2,114,88,307
P018,2022-10-02,307,149,3,146,123,330
P018,2022-10-09,330,141,3,138,71,397
P018,2022-10-16,397,205,4,201,115,483
P018,2022-10-23,483,186,4,182,147,518
P018,2022-10-30,518,228,5,223,138,603
P018,2022-11-06,603,229,5,224,202,625
P018,2022-11-13,625,318,6,312,182,755
P018,2022-11-20,755,272,5,267,224,798
P018,2022-11-27,798,371,7,364,224,938
P018,2022-12-04,938,228,5,223,313,848
P018,2022-12-11,848,286,6,280,266,862
P018,2022-12-18,862,164,3,161,366,657
P018,2022-12-25,657,202,4,198,221,634
P018,2023-01-01,634,145,3,142,281,495
P018,2023-01-08,495,168,3,165,158,502
P018,2023-01-15,502,216,4,212,199,515
P018,2023-01-22,515,203,4,199,141,573
P018,2023-01-29,573,144,3,141,165,549
P018,2023-02-05,549,243,5,238,213,574
P018,2023-02-12,574,115,2,113,199,488
P018,2023-02-19,488,61,1,60,140,408
P018,2023-02-26,408,93,2,91,240,259
P018,2023-03-05,259,53,1,52,110,201
P018,2023-03-12,201,149,3,146,59,288
P018,2023-03-19,288,71,1,70,92,266
P018,2023-03-26,266,90,2,88,51,303
P018,2023-04-02,303,132,3,129,148,284
P018,2023-04-09,284,69,1,68,68,284
P018,2023-04-16,284,65,1,64,89,259
P018,2023-04-23,259,71,1,70,130,199
P018,2023-04-30,199,67,1,66,66,199
P018,2023-05-07,199,95,2,93,64,228
P018,2023-05-14,228,64,1,63,53,238
P018,2023-05-21,238,79,2,77,61,254
P018,2023-05-28,254,88,2,86,116,224
P018,2023-06-04,224,38,1,37,62,199
P018,2023-06-11,199,79,2,77,78,198
P018,2023-06-18,198,140,3,137,86,249
P018,2023-06-25,249,95,2,93,36,306
P018,2023-07-02,306,85,2,83,62,327
P018,2023-07-09,327,64,1,63,154,236
P018,2023-07-16,236,106,2,104,92,248
P018,2023-07-23,248,108,2,106,83,271
P018,2023-07-30,271,62,1,61,62,270
P018,2023-08-06,270,73,1,72,105,237
P018,2023-08-13,237,87,2,85,106,216
P018,2023-08-20,216,89,2,87,60,243
P018,2023-08-27,243,95,2,93,72,264
P018,2023-09-03,264,78,2,76,86,254
P018,2023-09-10,254,96,2,94,87,261
P018,2023-09-17,261,127,3,124,93,292
P018,2023-09-24,292,139,3,136,76,352
P018,2023-10-01,352,185,4,181,94,439
P018,2023-10-08,439,106,2,104,125,418
P018,2023-10-15,418,246,5,241,136,523
P018,2023-10-22,523,155,3,152,182,493
P018,2023-10-29,493,258,5,253,102,644
P018,2023-11-05,644,296,6,290,244,690
P018,2023-11-12,690,169,3,166,150,706
P018,2023-11-19,706,343,7,336,255,787
P018,2023-11-26,787,203,4,199,291,695
P018,2023-12-03,695,247,5,242,163,774
P018,2023-12-10,774,221,4,217,340,651
P018,2023-12-17,651,227,5,222,196,677
P018,2023-12-24,677,161,3,158,243,592
P018,2023-12-31,592,206,4,202,216,578
P018,2024-01-07,578,215,4,211,223,566
P018,2024-01-14,566,228,5,223,156,633
P018,2024-01-21,633,250,5,245,203,675
P018,2024-01-28,675,222,4,218,211,682
P018,2024-02-04,682,274,5,269,224,727
P018,2024-02-11,727,231,5,226,245,708
P018,2024-02-18,708,57,1,56,217,547
P018,2024-02-25,547,106,2,104,270,381
P018,2024-03-03,381,76,2,74,226,229
P018,2024-03-10,229,68,1,67,52,244
P018,2024-03-17,244,112,2,110,105,249
P018,2024-03-24,249,63,1,62,74,237
P018,2024-03-31,237,85,2,83,66,254
P018,2024-04-07,254,127,3,124,111,267
P018,2024-04-14,267,73,1,72,61,278
P018,2024-04-21,278,85,2,83,84,277
P018,2024-04-28,277,57,1,56,125,208
P018,2024-05-05,208,72,1,71,70,209
P018,2024-05-12,209,94,2,92,84,217
P018,2024-05-19,217,112,2,110,55,272
P018,2024-05-26,272,79,2,77,71,278
P018,2024-06-02,278,68,1,67,93,252
P018,2024-06-09,252,103,2,101,110,243
P018,2024-06-16,243,103,2,101,77,267
P018,2024-06-23,267,124,2,122,66,323
P018,2024-06-30,323,113,2,111,102,332
P018,2024-07-07,332,80,2,78,101,309
P018,2024-07-14,309,155,3,152,122,339
P018,2024-07-21,339,114,2,112,111,340
P018,2024-07-28,340,104,2,102,78,364
P018,2024-08-04,364,103,2,101,153,312
P018,2024-08-11,312,124,2,122,111,323
P018,2024-08-18,323,107,2,105,102,326
P018,2024-08-25,326,59,1,58,101,283
P018,2024-09-01,283,164,3,161,122,322
P018,2024-09-08,322,94,2,92,105,309
P018,2024-09-15,309,211,4,207,57,459
P018,2024-09-22,459,201,4,197,163,493
P018,2024-09-29,493,142,3,139,91,541
P018,2024-10-06,541,219,4,215,209,547
P018,2024-10-13,547,207,4,203,197,553
P018,2024-10-20,553,260,5,255,138,670
P018,2024-10-27,670,204,4,200,216,654
P018,2024-11-03,654,271,5,266,203,717
P018,2024-11-10,717,275,6,269,256,730
P018,2024-11-17,730,212,4,208,199,739
P018,2024-11-24,739,167,3,164,267,636
P018,2024-12-01,636,260,5,255,270,621
P018,2024-12-08,621,312,6,306,206,721
P018,2024-12-15,721,68,1,67,163,625
P018,2024-12-22,625,186,4,182,257,550
P018,2024-12-29,550,0,0,0,307,243
P018,2025-01-05,243,220,4,216,62,397
P019,2022-01-02,400,0,0,0,2,398
P019,2022-01-09,398,66,1,65,151,312
P019,2022-01-16,312,77,2,75,91,296
P019,2022-01-23,296,89,2,87,86,297
P019,2022-01-30,297,68,1,67,136,228
P019,2022-02-06,228,83,2,81,76,233
P019,2022-02-13,233,71,1,70,87,216
P019,2022-02-20,216,130,3,127,66,277
P019,2022-02-27,277,141,3,138,82,333
P019,2022-03-06,333,87,2,85,69,349
P019,2022-03-13,349,98,2,96,129,316
P019,2022-03-20,316,131,3,128,138,306
P019,2022-03-27,306,97,2,95,84,317
P019,2022-04-03,317,89,2,87,96,308
P019,2022-04-10,308,163,3,160,129,339
P019,2022-04-17,339,125,2,123,94,368
P019,2022-04-24,368,173,3,170,87,451
P019,2022-05-01,451,89,2,87,161,377
P019,2022-05-08,377,136,3,133,122,388
P019,2022-05-15,388,61,1,60,171,277
P019,2022-05-22,277,106,2,104,86,295
P019,2022-05-29,295,104,2,102,134,263
P019,2022-06-05,263,140,3,137,58,342
P019,2022-06-12,342,120,2,118,105,355
P019,2022-06-19,355,116,2,114,102,367
P019,2022-06-26,367,133,3,130,138,359
P019,2022-07-03,359,136,3,133,117,375
P019,2022-07-10,375,117,2,115,114,376
P019,2022-07-17,376,127,3,124,131,369
P019,2022-07-24,369,164,3,161,133,397
P019,2022-07-31,397,63,1,62,114,345
P019,2022-08-07,345,71,1,70,125,290
P019,2022-08-14,290,126,3,123,161,252
P019,2022-08-21,252,67,1,66,60,258
P019,2022-08-28,258,138,3,135,70,323
P019,2022-09-04,323,102,2,100,125,298
P019,2022-09-11,298,142,3,139,64,373
P019,2022-09-18,373,249,5,244,137,480
P019,2022-09-25,480,177,4,173,99,554
P019,2022-10-02,554,191,4,187,140,601
P019,2022-10-09,601,248,5,243,246,598
P019,2022-10-16,598,143,3,140,172,566
P019,2022-10-23,566,135,3,132,187,511
P019,2022-10-30,511,105,2,103,244,370
P019,2022-11-06,370,155,3,152,138,384
P019,2022-11-13,384,128,3,125,132,377
P019,2022-11-20,377,150,3,147,102,422
P019,2022-11-27,422,133,3,130,153,399
P019,2022-12-04,399,102,2,100,125,374
P019,2022-12-11,374,112,2,110,147,337
P019,2022-12-18,337,120,2,118,130,325
P019,2022-12-25,325,84,2,82,99,308
P019,2023-01-01,308,111,2,109,110,307
P019,2023-01-08,307,147,3,144,118,333
P019,2023-01-15,333,146,3,143,82,394
P019,2023-01-22,394,98,2,96,109,381
P019,2023-01-29,381,99,2,97,145,333
P019,2023-02-05,333,106,2,104,143,294
P019,2023-02-12,294,157,3,154,95,353
P019,2023-02-19,353,163,3,160,97,416
P019,2023-02-26,416,130,3,127,104,439
P019,2023-03-05,439,154,3,151,155,435
P019,2023-03-12,435,129,3,126,160,401
P019,2023-03-19,401,152,3,149,127,423
P019,2023-03-26,423,135,3,132,151,404
P019,2023-04-02,404,182,4,178,126,456
P019,2023-04-09,456,113,2,111,149,418
P019,2023-04-16,418,166,3,163,132,449
P019,2023-04-23,449,170,3,167,179,437
P019,2023-04-30,437,106,2,104,109,432
P019,2023-05-07,432,115,2,113,164,381
P019,2023-05-14,381,135,3,132,167,346
P019,2023-05-21,346,126,3,123,103,366
P019,2023-05-28,366,72,1,71,113,324
P019,2023-06-04,324,74,1,73,133,264
P019,2023-06-11,264,144,3,141,123,282
P019,2023-06-18,282,121,2,119,69,332
P019,2023-06-25,332,28,1,27,73,286
P019,2023-07-02,286,117,2,115,143,258
P019,2023-07-09,258,163,3,160,118,300
P019,2023-07-16,300,81,2,79,26,353
P019,2023-07-23,353,151,3,148,116,385
P019,2023-07-30,385,118,2,116,161,340
P019,2023-08-06,340,115,2,113,78,375
P019,2023-08-13,375,123,2,121,149,347
P019,2023-08-20,347,96,2,94,115,326
P019,2023-08-27,326,158,3,155,113,368
P019,2023-09-03,368,122,2,120,121,367
P019,2023-09-10,367,132,3,129,94,402
P019,2023-09-17,402,131,3,128,156,374
P019,2023-09-24,374,231,5,226,119,481
P019,2023-10-01,481,326,7,319,130,670
P019,2023-10-08,670,151,3,148,128,690
P019,2023-10-15,690,169,3,166,228,628
P019,2023-10-22,628,124,2,122,321,429
P019,2023-10-29,429,153,3,150,144,435
P019,2023-11-05,435,128,3,125,166,394
P019,2023-11-12,394,97,2,95,121,368
P019,2023-11-19,368,164,3,161,151,378
P019,2023-11-26,378,115,2,113,125,366
P019,2023-12-03,366,92,2,90,94,362
P019,2023-12-10,362,132,3,129,162,329
P019,2023-12-17,329,162,3,159,112,376
P019,2023-12-24,376,123,2,121,90,407
P019,2023-12-31,407,97,2,95,130,372
P019,2024-01-07,372,164,3,161,159,374
P019,2024-01-14,374,215,4,211,120,465
P019,2024-01-21,465,109,2,107,95,477
P019,2024-01-28,477,218,4,214,162,529
P019,2024-02-04,529,129,3,126,212,443
P019,2024-02-11,443,82,2,80,105,418
P019,2024-02-18,418,163,3,160,216,362
P019,2024-02-25,362,121,2,119,125,356
P019,2024-03-03,356,144,3,141,79,418
P019,2024-03-10,418,172,3,169,161,426
P019,2024-03-17,426,151,3,148,118,456
P019,2024-03-24,456,191,4,187,142,501
P019,2024-03-31,501,143,3,140,169,472
P019,2024-04-07,472,190,4,186,148,510
P019,2024-04-14,510,77,2,75,188,397
P019,2024-04-21,397,121,2,119,139,377
P019,2024-04-28,377,175,4,171,187,361
P019,2024-05-05,361,216,4,212,73,500
P019,2024-05-12,500,138,3,135,119,516
P019,2024-05-19,516,141,3,138,173,481
P019,2024-05-26,481,187,4,183,212,452
P019,2024-06-02,452,143,3,140,134,458
P019,2024-06-09,458,151,3,148,138,468
P019,2024-06-16,468,125,2,123,184,407
P019,2024-06-23,407,139,3,136,139,404
P019,2024-06-30,404,150,3,147,148,403
P019,2024-07-07,403,113,2,111,122,392
P019,2024-07-14,392,127,3,124,137,379
P019,2024-07-21,379,99,2,97,147,329
P019,2024-07-28,329,165,3,162,110,381
P019,2024-08-04,381,149,3,146,125,402
P019,2024-08-11,402,166,3,163,96,469
P019,2024-08-18,469,113,2,111,163,417
P019,2024-08-25,417,178,4,174,146,445
P019,2024-09-01,445,128,3,125,163,407
P019,2024-09-08,407,156,3,153,110,450
P019,2024-09-15,450,224,4,220,176,494
P019,2024-09-22,494,256,5,251,124,621
P019,2024-09-29,621,195,4,191,153,659
P019,2024-10-06,659,394,8,386,221,824
P019,2024-10-13,824,288,6,282,252,854
P019,2024-10-20,854,140,3,137,190,801
P019,2024-10-27,801,141,3,138,390,549
P019,2024-11-03,549,165,3,162,280,431
P019,2024-11-10,431,100,2,98,134,395
P019,2024-11-17,395,166,3,163,138,420
P019,2024-11-24,420,123,2,121,162,379
P019,2024-12-01,379,124,2,122,97,404
P019,2024-12-08,404,165,3,162,164,402
P019,2024-12-15,402,25,0,25,120,307
P019,2024-12-22,307,92,2,90,122,275
P019,2024-12-29,275,88,2,86,163,198
P019,2025-01-05,198,224,4,220,22,396
P020,2022-01-02,400,0,0,0,32,368
P020,2022-01-09,368,0,0,0,98,270
P020,2022-01-16,270,67,1,66,79,257
P020,2022-01-23,257,109,2,107,70,294
P020,2022-01-30,294,101,2,99,89,304
P020,2022-02-06,304,181,4,177,99,382
P020,2022-02-13,382,104,2,102,108,376
P020,2022-02-20,376,68,1,67,99,344
P020,2022-02-27,344,113,2,111,179,276
P020,2022-03-06,276,106,2,104,100,280
P020,2022-03-13,280,68,1,67,66,281
P020,2022-03-20,281,81,2,79,112,248
P020,2022-03-27,248,141,3,138,104,282
P020,2022-04-03,282,80,2,78,66,294
P020,2022-04-10,294,96,2,94,80,308
P020,2022-04-17,308,135,3,132,139,301
P020,2022-04-24,301,186,4,182,77,406
P020,2022-05-01,406,104,2,102,94,414
P020,2022-05-08,414,159,3,156,133,437
P020,2022-05-15,437,105,2,103,183,357
P020,2022-05-22,357,68,1,67,100,324
P020,2022-05-29,324,84,2,82,157,249
P020,2022-06-05,249,85,2,83,102,230
P020,2022-06-12,230,45,1,44,66,208
P020,2022-06-19,208,172,3,169,83,294
P020,2022-06-26,294,128,3,125,83,336
P020,2022-07-03,336,149,3,146,43,439
P020,2022-07-10,439,106,2,104,171,372
P020,2022-07-17,372,47,1,46,125,293
P020,2022-07-24,293,53,1,52,146,199
P020,2022-07-31,199,104,2,102,103,198
P020,2022-08-07,198,57,1,56,45,209
P020,2022-08-14,209,100,2,98,28,279
P020,2022-08-21,279,125,2,123,92,310
P020,2022-08-28,310,126,3,123,90,343
P020,2022-09-04,343,104,2,102,99,346
P020,2022-09-11,346,164,3,161,123,384
P020,2022-09-18,384,178,4,174,124,434
P020,2022-09-25,434,213,4,209,101,542
P020,2022-10-02,542,183,4,179,162,559
P020,2022-10-09,559,227,5,222,175,606
P020,2022-10-16,606,91,2,89,209,486
P020,2022-10-23,486,112,2,110,179,417
P020,2022-10-30,417,91,2,89,223,283
P020,2022-11-06,283,74,1,73,86,270
P020,2022-11-13,270,129,3,126,110,286
P020,2022-11-20,286,163,3,160,89,357
P020,2022-11-27,357,114,2,112,72,397
P020,2022-12-04,397,147,3,144,128,413
P020,2022-12-11,413,64,1,63,160,316
P020,2022-12-18,316,154,3,151,111,356
P020,2022-12-25,356,72,1,71,145,282
P020,2023-01-01,282,160,3,157,61,378
P020,2023-01-08,378,162,3,159,153,384
P020,2023-01-15,384,126,3,123,69,438
P020,2023-01-22,438,89,2,87,159,366
P020,2023-01-29,366,179,4,175,159,382
P020,2023-02-05,382,205,4,201,123,460
P020,2023-02-12,460,130,3,127,86,501
P020,2023-02-19,501,186,4,182,177,506
P020,2023-02-26,506,143,3,140,201,445
P020,2023-03-05,445,181,4,177,126,496
P020,2023-03-12,496,117,2,115,183,428
P020,2023-03-19,428,164,3,161,139,450
P020,2023-03-26,450,150,3,147,178,419
P020,2023-04-02,419,205,4,201,113,507
P020,2023-04-09,507,163,3,160,162,505
P020,2023-04-16,505,126,3,123,147,481
P020,2023-04-23,481,193,4,189,202,468
P020,2023-04-30,468,136,3,133,159,442
P020,2023-05-07,442,160,3,157,123,476
P020,2023-05-14,476,104,2,102,190,388
P020,2023-05-21,388,140,3,137,132,393
P020,2023-05-28,393,121,2,119,157,355
P020,2023-06-04,355,121,2,119,101,373
P020,2023-06-11,373,104,2,102,138,337
P020,2023-06-18,337,79,2,77,118,296
P020,2023-06-25,296,143,3,140,119,317
P020,2023-07-02,317,74,1,73,102,288
P020,2023-07-09,288,152,3,149,77,360
P020,2023-07-16,360,139,3,136,141,355
P020,2023-07-23,355,112,2,110,71,394
P020,2023-07-30,394,189,4,185,151,428
P020,2023-08-06,428,87,2,85,136,377
P020,2023-08-13,377,109,2,107,109,375
P020,2023-08-20,375,92,2,90,187,278
P020,2023-08-27,278,110,2,108,83,303
P020,2023-09-03,303,132,3,129,107,325
P020,2023-09-10,325,118,2,116,90,351
P020,2023-09-17,351,167,3,164,108,407
P020,2023-09-24,407,157,3,154,130,431
P020,2023-10-01,431,236,5,231,115,547
P020,2023-10-08,547,199,4,195,165,577
P020,2023-10-15,577,171,3,168,154,591
P020,2023-10-22,591,108,2,106,233,464
P020,2023-10-29,464,155,3,152,194,422
P020,2023-11-05,422,167,3,164,167,419
P020,2023-11-12,419,128,3,125,105,439
P020,2023-11-19,439,125,2,123,153,409
P020,2023-11-26,409,55,1,54,164,299
P020,2023-12-03,299,116,2,114,125,288
P020,2023-12-10,288,124,2,122,122,288
P020,2023-12-17,288,114,2,112,53,347
P020,2023-12-24,347,114,2,112,115,344
P020,2023-12-31,344,93,2,91,122,313
P020,2024-01-07,313,122,2,120,112,321
P020,2024-01-14,321,106,2,104,112,313
P020,2024-01-21,313,135,3,132,91,354
P020,2024-01-28,354,82,2,80,120,314
P020,2024-02-04,314,169,3,166,104,376
P020,2024-02-11,376,124,2,122,133,365
P020,2024-02-18,365,162,3,159,79,445
P020,2024-02-25,445,191,4,187,167,465
P020,2024-03-03,465,191,4,187,121,531
P020,2024-03-10,531,166,3,163,160,534
P020,2024-03-17,534,181,4,177,188,523
P020,2024-03-24,523,230,5,225,187,561
P020,2024-03-31,561,119,2,117,162,516
P020,2024-04-07,516,178,4,174,178,512
P020,2024-04-14,512,133,3,130,226,416
P020,2024-04-21,416,202,4,198,114,500
P020,2024-04-28,500,157,3,154,176,478
P020,2024-05-05,478,149,3,146,129,495
P020,2024-05-12,495,128,3,125,199,421
P020,2024-05-19,421,171,3,168,153,436
P020,2024-05-26,436,150,3,147,146,437
P020,2024-06-02,437,175,4,171,125,483
P020,2024-06-09,483,122,2,120,168,435
P020,2024-06-16,435,128,3,125,147,413
P020,2024-06-23,413,117,2,115,172,356
P020,2024-06-30,356,129,3,126,118,364
P020,2024-07-07,364,96,2,94,126,332
P020,2024-07-14,332,163,3,160,114,378
P020,2024-07-21,378,131,3,128,127,379
P020,2024-07-28,379,158,3,155,93,441
P020,2024-08-04,441,172,3,169,161,449
P020,2024-08-11,449,168,3,165,128,486
P020,2024-08-18,486,139,3,136,155,467
P020,2024-08-25,467,152,3,149,169,447
P020,2024-09-01,447,134,3,131,165,413
P020,2024-09-08,413,121,2,119,136,396
P020,2024-09-15,396,287,6,281,149,528
P020,2024-09-22,528,482,10,472,131,869
P020,2024-09-29,869,189,4,185,118,936
P020,2024-10-06,936,282,6,276,285,927
P020,2024-10-13,927,193,4,189,476,640
P020,2024-10-20,640,164,3,161,179,622
P020,2024-10-27,622,217,4,213,278,557
P020,2024-11-03,557,151,3,148,187,518
P020,2024-11-10,518,162,3,159,160,517
P020,2024-11-17,517,129,3,126,214,429
P020,2024-11-24,429,125,2,123,147,405
P020,2024-12-01,405,118,2,116,159,362
P020,2024-12-08,362,132,3,129,126,365
P020,2024-12-15,365,48,1,47,122,290
P020,2024-12-22,290,88,2,86,116,260
P020,2024-12-29,260,70,1,69,130,199
P020,2025-01-05,199,246,5,241,45,395
P021,2022-01-02,470,170,3,167,61,576
P021,2022-01-09,576,255,5,250,251,575
P021,2022-01-16,575,201,4,197,178,594
P021,2022-01-23,594,257,5,252,150,696
P021,2022-01-30,696,221,4,217,252,661
P021,2022-02-06,661,190,4,186,196,651
P021,2022-02-13,651,88,2,86,253,484
P021,2022-02-20,484,79,2,77,216,345
P021,2022-02-27,345,76,2,74,186,233
P021,2022-03-06,233,86,2,84,84,233
P021,2022-03-13,233,79,2,77,77,233
P021,2022-03-20,233,70,1,69,68,234
P021,2022-03-27,234,55,1,54,54,234
P021,2022-04-03,234,78,2,76,74,236
P021,2022-04-10,236,93,2,91,94,233
P021,2022-04-17,233,69,1,68,67,234
P021,2022-04-24,234,78,2,76,77,233
P021,2022-05-01,233,58,1,57,56,234
P021,2022-05-08,234,86,2,84,85,233
P021,2022-05-15,233,87,2,85,85,233
P021,2022-05-22,233,63,1,62,61,234
P021,2022-05-29,234,69,1,68,68,234
P021,2022-06-05,234,98,2,96,97,233
P021,2022-06-12,233,41,1,40,39,234
P021,2022-06-19,234,67,1,66,50,250
P021,2022-06-26,250,121,2,119,72,297
P021,2022-07-03,297,77,2,75,93,279
P021,2022-07-10,279,87,2,85,86,278
P021,2022-07-17,278,94,2,92,120,250
P021,2022-07-24,250,139,3,136,75,311
P021,2022-07-31,311,99,2,97,85,323
P021,2022-08-07,323,77,2,75,92,306
P021,2022-08-14,306,96,2,94,137,263
P021,2022-08-21,263,73,1,72,96,239
P021,2022-08-28,239,71,1,70,75,234
P021,2022-09-04,234,95,2,93,94,233
P021,2022-09-11,233,161,3,158,71,320
P021,2022-09-18,320,163,3,160,67,413
P021,2022-09-25,413,136,3,133,92,454
P021,2022-10-02,454,157,3,154,164,444
P021,2022-10-09,444,141,3,138,160,422
P021,2022-10-16,422,218,4,214,133,503
P021,2022-10-23,503,200,4,196,154,545
P021,2022-10-30,545,310,6,304,138,711
P021,2022-11-06,711,292,6,286,215,782
P021,2022-11-13,782,213,4,209,196,795
P021,2022-11-20,795,323,6,317,306,806
P021,2022-11-27,806,309,6,303,286,823
P021,2022-12-04,823,189,4,185,207,801
P021,2022-12-11,801,217,4,213,319,695
P021,2022-12-18,695,241,5,236,303,628
P021,2022-12-25,628,174,3,171,183,616
P021,2023-01-01,616,258,5,253,213,656
P021,2023-01-08,656,272,5,267,237,686
P021,2023-01-15,686,165,3,162,169,679
P021,2023-01-22,679,230,5,225,255,649
P021,2023-01-29,649,269,5,264,267,646
P021,2023-02-05,646,311,6,305,160,791
P021,2023-02-12,791,129,3,126,227,690
P021,2023-02-19,690,89,2,87,264,513
P021,2023-02-26,513,98,2,96,306,303
P021,2023-03-05,303,93,2,91,123,271
P021,2023-03-12,271,109,2,107,86,292
P021,2023-03-19,292,115,2,113,96,309
P021,2023-03-26,309,106,2,104,91,322
P021,2023-04-02,322,108,2,106,107,321
P021,2023-04-09,321,88,2,86,113,294
P021,2023-04-16,294,126,3,123,104,313
P021,2023-04-23,313,48,1,47,106,254
P021,2023-04-30,254,74,1,73,86,241
P021,2023-05-07,241,118,2,116,124,233
P021,2023-05-14,233,47,1,46,45,234
P021,2023-05-21,234,75,2,73,73,234
P021,2023-05-28,234,138,3,135,72,297
P021,2023-06-04,297,88,2,86,86,297
P021,2023-06-11,297,134,3,131,78,350
P021,2023-06-18,350,103,2,101,136,315
P021,2023-06-25,315,103,2,101,85,331
P021,2023-07-02,331,131,3,128,132,327
P021,2023-07-09,327,148,3,145,100,372
P021,2023-07-16,372,61,1,60,101,331
P021,2023-07-23,331,122,2,120,129,322
P021,2023-07-30,322,97,2,95,145,272
P021,2023-08-06,272,69,1,68,58,282
P021,2023-08-13,282,167,3,164,121,325
P021,2023-08-20,325,120,2,118,95,348
P021,2023-08-27,348,168,3,165,67,446
P021,2023-09-03,446,98,2,96,166,376
P021,2023-09-10,376,74,1,73,117,332
P021,2023-09-17,332,125,2,123,166,289
P021,2023-09-24,289,104,2,102,95,296
P021,2023-10-01,296,274,5,269,72,493
P021,2023-10-08,493,79,2,77,124,446
P021,2023-10-15,446,266,5,261,102,605
P021,2023-10-22,605,317,6,311,272,644
P021,2023-10-29,644,310,6,304,74,874
P021,2023-11-05,874,277,6,271,264,881
P021,2023-11-12,881,274,5,269,312,838
P021,2023-11-19,838,228,5,223,304,757
P021,2023-11-26,757,329,7,322,271,808
P021,2023-12-03,808,284,6,278,268,818
P021,2023-12-10,818,348,7,341,223,936
P021,2023-12-17,936,228,5,223,324,835
P021,2023-12-24,835,228,5,223,277,781
P021,2023-12-31,781,293,6,287,342,726
P021,2024-01-07,726,294,6,288,221,793
P021,2024-01-14,793,324,6,318,223,888
P021,2024-01-21,888,299,6,293,288,893
P021,2024-01-28,893,299,6,293,288,898
P021,2024-02-04,898,328,7,321,318,901
P021,2024-02-11,901,194,4,190,293,798
P021,2024-02-18,798,84,2,82,293,587
P021,2024-02-25,587,88,2,86,322,351
P021,2024-03-03,351,71,1,70,187,234
P021,2024-03-10,234,94,2,92,80,246
P021,2024-03-17,246,108,2,106,86,266
P021,2024-03-24,266,118,2,116,54,328
P021,2024-03-31,328,106,2,104,108,324
P021,2024-04-07,324,106,2,104,106,322
P021,2024-04-14,322,89,2,87,116,293
P021,2024-04-21,293,72,1,71,104,260
P021,2024-04-28,260,79,2,77,104,233
P021,2024-05-05,233,115,2,113,87,259
P021,2024-05-12,259,152,3,149,70,338
P021,2024-05-19,338,151,3,148,78,408
P021,2024-05-26,408,90,2,88,113,383
P021,2024-06-02,383,136,3,133,150,366
P021,2024-06-09,366,110,2,108,148,326
P021,2024-06-16,326,119,2,117,87,356
P021,2024-06-23,356,161,3,158,134,380
P021,2024-06-30,380,125,2,123,107,396
P021,2024-07-07,396,107,2,105,117,384
P021,2024-07-14,384,106,2,104,159,329
P021,2024-07-21,329,138,3,135,122,342
P021,2024-07-28,342,161,3,158,105,395
P021,2024-08-04,395,110,2,108,104,399
P021,2024-08-11,399,97,2,95,136,358
P021,2024-08-18,358,105,2,103,158,303
P021,2024-08-25,303,158,3,155,107,351
P021,2024-09-01,351,90,2,88,95,344
P021,2024-09-08,344,93,2,91,103,332
P021,2024-09-15,332,330,7,323,156,499
P021,2024-09-22,499,211,4,207,87,619
P021,2024-09-29,619,138,3,135,91,663
P021,2024-10-06,663,174,3,171,328,506
P021,2024-10-13,506,123,2,121,204,423
P021,2024-10-20,423,417,8,409,134,698
P021,2024-10-27,698,432,9,423,171,950
P021,2024-11-03,950,366,7,359,120,1189
P021,2024-11-10,1189,323,6,317,415,1091
P021,2024-11-17,1091,316,6,310,424,977
P021,2024-11-24,977,313,6,307,357,927
P021,2024-12-01,927,289,6,283,316,894
P021,2024-12-08,894,266,5,261,310,845
P021,2024-12-15,845,81,2,79,307,617
P021,2024-12-22,617,170,3,167,283,501
P021,2024-12-29,501,0,0,0,260,241
P021,2025-01-05,241,305,6,299,76,464
P022,2022-01-02,489,350,7,343,39,793
P022,2022-01-09,793,250,5,245,318,720
P022,2022-01-16,720,236,5,231,207,744
P022,2022-01-23,744,323,6,317,275,786
P022,2022-01-30,786,216,4,212,243,755
P022,2022-02-06,755,250,5,245,231,769
P022,2022-02-13,769,123,2,121,318,572
P022,2022-02-20,572,77,2,75,210,437
P022,2022-02-27,437,105,2,103,246,294
P022,2022-03-06,294,83,2,81,118,257
P022,2022-03-13,257,85,2,83,75,265
P022,2022-03-20,265,115,2,113,103,275
P022,2022-03-27,275,137,3,134,81,328
P022,2022-04-03,328,67,1,66,83,311
P022,2022-04-10,311,104,2,102,113,300
P022,2022-04-17,300,106,2,104,135,269
P022,2022-04-24,269,63,1,62,64,267
P022,2022-05-01,267,81,2,79,103,243
P022,2022-05-08,243,106,2,104,104,243
P022,2022-05-15,243,76,2,74,61,256
P022,2022-05-22,256,66,1,65,77,244
P022,2022-05-29,244,118,2,116,75,285
P022,2022-06-05,285,83,2,81,106,260
P022,2022-06-12,260,75,2,73,64,269
P022,2022-06-19,269,93,2,91,117,243
P022,2022-06-26,243,83,2,81,81,243
P022,2022-07-03,243,75,2,73,73,243
P022,2022-07-10,243,97,2,95,58,280
P022,2022-07-17,280,109,2,107,82,305
P022,2022-07-24,305,138,3,135,99,341
P022,2022-07-31,341,85,2,83,101,323
P022,2022-08-07,323,98,2,96,107,312
P022,2022-08-14,312,93,2,91,136,267
P022,2022-08-21,267,126,3,123,82,308
P022,2022-08-28,308,121,2,119,96,331
P022,2022-09-04,331,77,2,75,91,315
P022,2022-09-11,315,161,3,158,124,349
P022,2022-09-18,349,163,3,160,118,391
P022,2022-09-25,391,173,3,170,75,486
P022,2022-10-02,486,223,4,219,159,546
P022,2022-10-09,546,78,2,76,160,462
P022,2022-10-16,462,386,8,378,170,670
P022,2022-10-23,670,261,5,256,220,706
P022,2022-10-30,706,262,5,257,74,889
P022,2022-11-06,889,234,5,229,384,734
P022,2022-11-13,734,306,6,300,253,781
P022,2022-11-20,781,292,6,286,257,810
P022,2022-11-27,810,225,4,221,229,802
P022,2022-12-04,802,283,6,277,301,778
P022,2022-12-11,778,270,5,265,286,757
P022,2022-12-18,757,162,3,159,219,697
P022,2022-12-25,697,312,6,306,279,724
P022,2023-01-01,724,297,6,291,264,751
P022,2023-01-08,751,348,7,341,157,935
P022,2023-01-15,935,201,4,197,309,823
P022,2023-01-22,823,316,6,310,291,842
P022,2023-01-29,842,215,4,211,342,711
P022,2023-02-05,711,318,6,312,194,829
P022,2023-02-12,829,149,3,146,312,663
P022,2023-02-19,663,53,1,52,209,506
P022,2023-02-26,506,59,1,58,314,250
P022,2023-03-05,250,138,3,135,143,242
P022,2023-03-12,242,53,1,52,50,244
P022,2023-03-19,244,82,2,80,58,266
P022,2023-03-26,266,90,2,88,111,243
P022,2023-04-02,243,69,1,68,67,244
P022,2023-04-09,244,91,2,89,90,243
P022,2023-04-16,243,76,2,74,51,266
P022,2023-04-23,266,110,2,108,89,285
P022,2023-04-30,285,114,2,112,71,326
P022,2023-05-07,326,85,2,83,108,301
P022,2023-05-14,301,109,2,107,108,300
P022,2023-05-21,300,80,2,78,112,266
P022,2023-05-28,266,65,1,64,83,247
P022,2023-06-04,247,105,2,103,107,243
P022,2023-06-11,243,80,2,78,78,243
P022,2023-06-18,243,101,2,99,63,279
P022,2023-06-25,279,94,2,92,68,303
P022,2023-07-02,303,151,3,148,114,337
P022,2023-07-09,337,90,2,88,99,326
P022,2023-07-16,326,61,1,60,92,294
P022,2023-07-23,294,101,2,99,149,244
P022,2023-07-30,244,121,2,119,87,276
P022,2023-08-06,276,98,2,96,59,313
P022,2023-08-13,313,124,2,122,100,335
P022,2023-08-20,335,126,3,123,119,339
P022,2023-08-27,339,88,2,86,96,329
P022,2023-09-03,329,65,1,64,122,271
P022,2023-09-10,271,132,3,129,124,276
P022,2023-09-17,276,183,4,179,85,370
P022,2023-09-24,370,176,4,172,63,479
P022,2023-10-01,479,250,5,245,131,593
P022,2023-10-08,593,130,3,127,180,540
P022,2023-10-15,540,209,4,205,172,573
P022,2023-10-22,573,401,8,393,246,720
P022,2023-10-29,720,410,8,402,125,997
P022,2023-11-05,997,210,4,206,206,997
P022,2023-11-12,997,204,4,200,397,800
P022,2023-11-19,800,352,7,345,402,743
P022,2023-11-26,743,228,5,223,202,764
P022,2023-12-03,764,316,6,310,200,874
P022,2023-12-10,874,225,4,221,348,747
P022,2023-12-17,747,209,4,205,221,731
P022,2023-12-24,731,310,6,304,311,724
P022,2023-12-31,724,207,4,203,219,708
P022,2024-01-07,708,342,7,335,205,838
P022,2024-01-14,838,238,5,233,306,765
P022,2024-01-21,765,375,8,367,201,931
P022,2024-01-28,931,196,4,192,338,785
P022,2024-02-04,785,259,5,254,231,808
P022,2024-02-11,808,196,4,192,370,630
P022,2024-02-18,630,66,1,65,188,507
P022,2024-02-25,507,107,2,105,255,357
P022,2024-03-03,357,105,2,103,191,269
P022,2024-03-10,269,78,2,76,62,283
P022,2024-03-17,283,140,3,137,106,314
P022,2024-03-24,314,86,2,84,103,295
P022,2024-03-31,295,88,2,86,76,305
P022,2024-04-07,305,127,3,124,138,291
P022,2024-04-14,291,83,2,81,83,289
P022,2024-04-21,289,118,2,116,86,319
P022,2024-04-28,319,133,3,130,125,324
P022,2024-05-05,324,111,2,109,80,353
P022,2024-05-12,353,96,2,94,116,331
P022,2024-05-19,331,119,2,117,131,317
P022,2024-05-26,317,113,2,111,108,320
P022,2024-06-02,320,90,2,88,94,314
P022,2024-06-09,314,116,2,114,117,311
P022,2024-06-16,311,176,4,172,111,372
P022,2024-06-23,372,151,3,148,88,432
P022,2024-06-30,432,121,2,119,114,437
P022,2024-07-07,437,68,1,67,174,330
P022,2024-07-14,330,146,3,143,147,326
P022,2024-07-21,326,96,2,94,118,302
P022,2024-07-28,302,119,2,117,66,353
P022,2024-08-04,353,120,2,118,145,326
P022,2024-08-11,326,101,2,99,93,332
P022,2024-08-18,332,155,3,152,117,367
P022,2024-08-25,367,132,3,129,118,378
P022,2024-09-01,378,118,2,116,99,395
P022,2024-09-08,395,135,3,132,153,374
P022,2024-09-15,374,207,4,203,129,448
P022,2024-09-22,448,144,3,141,115,474
P022,2024-09-29,474,80,2,78,133,419
P022,2024-10-06,419,205,4,201,204,416
P022,2024-10-13,416,233,5,228,140,504
P022,2024-10-20,504,499,10,489,77,916
P022,2024-10-27,916,267,5,262,203,975
P022,2024-11-03,975,340,7,333,229,1079
P022,2024-11-10,1079,196,4,192,494,777
P022,2024-11-17,777,373,7,366,257,886
P022,2024-11-24,886,403,8,395,335,946
P022,2024-12-01,946,397,8,389,189,1146
P022,2024-12-08,1146,398,8,390,369,1167
P022,2024-12-15,1167,79,2,77,396,848
P022,2024-12-22,848,232,5,227,389,686
P022,2024-12-29,686,0,0,0,390,296
P022,2025-01-05,296,264,5,259,71,484
P023,2023-01-01,509,270,5,265,41,733
P023,2023-01-08,733,152,3,149,174,708
P023,2023-01-15,708,286,6,280,357,631
P023,2023-01-22,631,256,5,251,207,675
P023,2023-01-29,675,234,5,229,147,757
P023,2023-02-05,757,391,8,383,283,857
P023,2023-02-12,857,149,3,146,250,753
P023,2023-02-19,753,109,2,107,229,631
P023,2023-02-26,631,72,1,71,386,316
P023,2023-03-05,316,79,2,77,141,252
P023,2023-03-12,252,108,2,106,106,252
P023,2023-03-19,252,72,1,71,70,253
P023,2023-03-26,253,59,1,58,58,253
P023,2023-04-02,253,69,1,68,68,253
P023,2023-04-09,253,89,2,87,73,267
P023,2023-04-16,267,102,2,100,71,296
P023,2023-04-23,296,108,2,106,110,292
P023,2023-04-30,292,103,2,101,88,305
P023,2023-05-07,305,70,1,69,100,274
P023,2023-05-14,274,124,2,122,106,290
P023,2023-05-21,290,77,2,75,101,264
P023,2023-05-28,264,58,1,57,68,253
P023,2023-06-04,253,124,2,122,123,252
P023,2023-06-11,252,77,2,75,75,252
P023,2023-06-18,252,81,2,79,31,300
P023,2023-06-25,300,120,2,118,117,301
P023,2023-07-02,301,93,2,91,71,321
P023,2023-07-09,321,110,2,108,114,315
P023,2023-07-16,315,91,2,89,118,286
P023,2023-07-23,286,160,3,157,91,352
P023,2023-07-30,352,148,3,145,108,389
P023,2023-08-06,389,70,1,69,89,369
P023,2023-08-13,369,115,2,113,158,324
P023,2023-08-20,324,99,2,97,145,276
P023,2023-08-27,276,130,3,127,67,336
P023,2023-09-03,336,63,1,62,114,284
P023,2023-09-10,284,100,2,98,97,285
P023,2023-09-17,285,122,2,120,128,277
P023,2023-09-24,277,172,3,169,60,386
P023,2023-10-01,386,280,6,274,99,561
P023,2023-10-08,561,127,3,124,120,565
P023,2023-10-15,565,308,6,302,170,697
P023,2023-10-22,697,406,8,398,277,818
P023,2023-10-29,818,343,7,336,121,1033
P023,2023-11-05,1033,249,5,244,305,972
P023,2023-11-12,972,420,8,412,400,984
P023,2023-11-19,984,302,6,296,335,945
P023,2023-11-26,945,185,4,181,242,884
P023,2023-12-03,884,255,5,250,415,719
P023,2023-12-10,719,372,7,365,294,790
P023,2023-12-17,790,242,5,237,179,848
P023,2023-12-24,848,258,5,253,251,850
P023,2023-12-31,850,368,7,361,367,844
P023,2024-01-07,844,295,6,289,235,898
P023,2024-01-14,898,316,6,310,253,955
P023,2024-01-21,955,267,5,262,363,854
P023,2024-01-28,854,260,5,255,288,821
P023,2024-02-04,821,298,6,292,310,803
P023,2024-02-11,803,217,4,213,261,755
P023,2024-02-18,755,108,2,106,255,606
P023,2024-02-25,606,104,2,102,293,415
P023,2024-03-03,415,115,2,113,211,317
P023,2024-03-10,317,143,3,140,104,353
P023,2024-03-17,353,82,2,80,102,331
P023,2024-03-24,331,67,1,66,113,284
P023,2024-03-31,284,113,2,111,141,254
P023,2024-04-07,254,90,2,88,79,263
P023,2024-04-14,263,105,2,103,65,301
P023,2024-04-21,301,103,2,101,112,290
P023,2024-04-28,290,95,2,93,88,295
P023,2024-05-05,295,103,2,101,103,293
P023,2024-05-12,293,150,3,147,101,339
P023,2024-05-19,339,145,3,142,93,388
P023,2024-05-26,388,136,3,133,101,420
P023,2024-06-02,420,135,3,132,148,404
P023,2024-06-09,404,89,2,87,142,349
P023,2024-06-16,349,159,3,156,133,372
P023,2024-06-23,372,173,3,170,132,410
P023,2024-06-30,410,80,2,78,86,402
P023,2024-07-07,402,165,3,162,157,407
P023,2024-07-14,407,111,2,109,170,346
P023,2024-07-21,346,101,2,99,77,368
P023,2024-07-28,368,184,4,180,163,385
P023,2024-08-04,385,125,2,123,108,400
P023,2024-08-11,400,179,4,175,99,476
P023,2024-08-18,476,123,2,121,182,415
P023,2024-08-25,415,154,3,151,121,445
P023,2024-09-01,445,154,3,151,177,419
P023,2024-09-08,419,106,2,104,119,404
P023,2024-09-15,404,203,4,199,152,451
P023,2024-09-22,451,140,3,137,151,437
P023,2024-09-29,437,140,3,137,103,471
P023,2024-10-06,471,259,5,254,201,524
P023,2024-10-13,524,192,4,188,136,576
P023,2024-10-20,576,389,8,381,137,820
P023,2024-10-27,820,261,5,256,256,820
P023,2024-11-03,820,314,6,308,187,941
P023,2024-11-10,941,280,6,274,385,830
P023,2024-11-17,830,286,6,280,253,857
P023,2024-11-24,857,344,7,337,309,885
P023,2024-12-01,885,245,5,240,274,851
P023,2024-12-08,851,359,7,352,280,923
P023,2024-12-15,923,28,1,27,338,612
P023,2024-12-22,612,188,4,184,238,558
P023,2024-12-29,558,50,1,49,354,253
P023,2025-01-05,253,277,6,271,21,503
P024,2023-06-04,516,0,0,0,52,464
P024,2023-06-11,464,0,0,0,118,346
P024,2023-06-18,346,96,2,94,49,391
P024,2023-06-25,391,103,2,101,139,353
P024,2023-07-02,353,122,2,120,138,335
P024,2023-07-09,335,120,2,118,116,337
P024,2023-07-16,337,85,2,83,101,319
P024,2023-07-23,319,105,2,103,120,302
P024,2023-07-30,302,94,2,92,118,276
P024,2023-08-06,276,115,2,113,83,306
P024,2023-08-13,306,114,2,112,103,315
P024,2023-08-20,315,114,2,112,92,335
P024,2023-08-27,335,104,2,102,113,324
P024,2023-09-03,324,96,2,94,112,306
P024,2023-09-10,306,142,3,139,112,333
P024,2023-09-17,333,138,3,135,102,366
P024,2023-09-24,366,134,3,131,94,403
P024,2023-10-01,403,311,6,305,140,568
P024,2023-10-08,568,162,3,159,135,592
P024,2023-10-15,592,238,5,233,131,694
P024,2023-10-22,694,324,6,318,308,704
P024,2023-10-29,704,265,5,260,156,808
P024,2023-11-05,808,246,5,241,235,814
P024,2023-11-12,814,373,7,366,319,861
P024,2023-11-19,861,173,3,170,259,772
P024,2023-11-26,772,319,6,313,241,844
P024,2023-12-03,844,200,4,196,368,672
P024,2023-12-10,672,332,7,325,166,831
P024,2023-12-17,831,354,7,347,316,862
P024,2023-12-24,862,361,7,354,194,1022
P024,2023-12-31,1022,204,4,200,328,894
P024,2024-01-07,894,331,7,324,347,871
P024,2024-01-14,871,363,7,356,354,873
P024,2024-01-21,873,328,7,321,197,997
P024,2024-01-28,997,269,5,264,327,934
P024,2024-02-04,934,211,4,207,356,785
P024,2024-02-11,785,239,5,234,321,698
P024,2024-02-18,698,79,2,77,262,513
P024,2024-02-25,513,96,2,94,206,401
P024,2024-03-03,401,127,3,124,235,290
P024,2024-03-10,290,83,2,81,74,297
P024,2024-03-17,297,97,2,95,94,298
P024,2024-03-24,298,142,3,139,125,312
P024,2024-03-31,312,97,2,95,80,327
P024,2024-04-07,327,97,2,95,95,327
P024,2024-04-14,327,96,2,94,140,281
P024,2024-04-21,281,102,2,100,94,287
P024,2024-04-28,287,97,2,95,95,287
P024,2024-05-05,287,82,2,80,94,273
P024,2024-05-12,273,85,2,83,100,256
P024,2024-05-19,256,97,2,95,95,256
P024,2024-05-26,256,82,2,80,80,256
P024,2024-06-02,256,115,2,113,73,296
P024,2024-06-09,296,93,2,91,92,295
P024,2024-06-16,295,109,2,107,91,311
P024,2024-06-23,311,120,2,118,115,314
P024,2024-06-30,314,182,4,178,91,401
P024,2024-07-07,401,105,2,103,107,397
P024,2024-07-14,397,144,3,141,118,420
P024,2024-07-21,420,116,2,114,180,354
P024,2024-07-28,354,147,3,144,101,397
P024,2024-08-04,397,94,2,92,142,347
P024,2024-08-11,347,122,2,120,113,354
P024,2024-08-18,354,149,3,146,145,355
P024,2024-08-25,355,129,3,126,91,390
P024,2024-09-01,390,113,2,111,120,381
P024,2024-09-08,381,146,3,143,147,377
P024,2024-09-15,377,186,4,182,126,433
P024,2024-09-22,433,115,2,113,110,436
P024,2024-09-29,436,177,4,173,144,465
P024,2024-10-06,465,216,4,212,183,494
P024,2024-10-13,494,238,5,233,111,616
P024,2024-10-20,616,419,8,411,175,852
P024,2024-10-27,852,306,6,300,212,940
P024,2024-11-03,940,219,4,215,234,921
P024,2024-11-10,921,379,8,371,414,878
P024,2024-11-17,878,288,6,282,298,862
P024,2024-11-24,862,339,7,332,213,981
P024,2024-12-01,981,346,7,339,375,945
P024,2024-12-08,945,303,6,297,280,962
P024,2024-12-15,962,70,1,69,333,698
P024,2024-12-22,698,181,4,177,339,536
P024,2024-12-29,536,18,0,18,296,258
P024,2025-01-05,258,322,6,316,64,510
