PurchaseOrderID,MaterialID,SupplierID,SupplierName,OrderDate,ExpectedDeliveryDate,ActualDeliveryDate,QuantityOrdered,UnitCost,TotalCost,Status
PO000001,M01,S03,Vindhya Herb Traders,2022-02-07,2022-02-22,2022-02-22,60,220.0,13200.0,Delivered On Time
PO000002,M01,S03,Vindhya Herb Traders,2022-03-14,2022-03-29,2022-03-29,60,220.0,13200.0,Delivered On Time
PO000003,M01,S03,Vindhya Herb Traders,2022-04-11,2022-04-26,2022-04-26,60,220.0,13200.0,Delivered On Time
PO000004,M01,S03,Vindhya Herb Traders,2022-04-25,2022-05-10,2022-05-10,60,220.0,13200.0,Delivered On Time
PO000005,M01,S03,Vindhya Herb Traders,2022-05-16,2022-05-31,2022-05-31,70,220.0,15400.0,Delivered On Time
PO000006,M01,S03,Vindhya Herb Traders,2022-05-30,2022-06-14,2022-06-14,60,220.0,13200.0,Delivered On Time
PO000007,M01,S03,Vindhya Herb Traders,2022-06-20,2022-07-05,2022-07-05,80,220.0,17600.0,Delivered On Time
PO000008,M01,S03,Vindhya Herb Traders,2022-07-11,2022-07-26,2022-07-26,80,220.0,17600.0,Delivered On Time
PO000009,M01,S03,Vindhya Herb Traders,2022-07-25,2022-08-09,2022-08-09,60,220.0,13200.0,Delivered On Time
PO000010,M01,S03,Vindhya Herb Traders,2022-08-08,2022-08-23,2022-08-23,60,220.0,13200.0,Delivered On Time
PO000011,M01,S03,Vindhya Herb Traders,2022-08-29,2022-09-13,2022-09-13,60,220.0,13200.0,Delivered On Time
PO000012,M01,S03,Vindhya Herb Traders,2022-10-03,2022-10-18,2022-10-18,60,220.0,13200.0,Delivered On Time
PO000013,M01,S03,Vindhya Herb Traders,2022-11-14,2022-11-29,2022-11-29,60,220.0,13200.0,Delivered On Time
PO000014,M01,S03,Vindhya Herb Traders,2023-01-02,2023-01-17,2023-01-17,60,220.0,13200.0,Delivered On Time
PO000015,M01,S03,Vindhya Herb Traders,2023-01-30,2023-02-14,2023-02-14,50,220.0,11000.0,Delivered On Time
PO000016,M01,S03,Vindhya Herb Traders,2023-02-27,2023-03-14,2023-03-14,70,220.0,15400.0,Delivered On Time
PO000017,M01,S03,Vindhya Herb Traders,2023-03-27,2023-04-11,2023-04-11,60,220.0,13200.0,Delivered On Time
PO000018,M01,S03,Vindhya Herb Traders,2023-04-17,2023-05-02,2023-05-02,70,220.0,15400.0,Delivered On Time
PO000019,M01,S03,Vindhya Herb Traders,2023-05-01,2023-05-16,2023-05-16,70,220.0,15400.0,Delivered On Time
PO000020,M01,S03,Vindhya Herb Traders,2023-05-15,2023-05-30,2023-05-30,60,220.0,13200.0,Delivered On Time
PO000021,M01,S03,Vindhya Herb Traders,2023-05-29,2023-06-13,2023-06-13,60,220.0,13200.0,Delivered On Time
PO000022,M01,S03,Vindhya Herb Traders,2023-06-12,2023-06-27,2023-06-27,70,220.0,15400.0,Delivered On Time
PO000023,M01,S03,Vindhya Herb Traders,2023-06-26,2023-07-11,2023-07-11,60,220.0,13200.0,Delivered On Time
PO000024,M01,S03,Vindhya Herb Traders,2023-07-10,2023-07-25,2023-07-25,60,220.0,13200.0,Delivered On Time
PO000025,M01,S03,Vindhya Herb Traders,2023-07-24,2023-08-08,2023-08-15,70,220.0,15400.0,Delivered Late
PO000026,M01,S03,Vindhya Herb Traders,2023-08-07,2023-08-22,2023-08-22,70,220.0,15400.0,Delivered On Time
PO000027,M01,S03,Vindhya Herb Traders,2023-09-04,2023-09-19,2023-09-26,60,220.0,13200.0,Delivered Late
PO000028,M01,S03,Vindhya Herb Traders,2023-10-16,2023-10-31,2023-10-31,60,220.0,13200.0,Delivered On Time
PO000029,M01,S03,Vindhya Herb Traders,2023-11-27,2023-12-12,2023-12-12,60,220.0,13200.0,Delivered On Time
PO000030,M01,S03,Vindhya Herb Traders,2024-01-08,2024-01-23,2024-01-23,60,220.0,13200.0,Delivered On Time
PO000031,M01,S03,Vindhya Herb Traders,2024-02-05,2024-02-20,2024-02-20,70,220.0,15400.0,Delivered On Time
PO000032,M01,S03,Vindhya Herb Traders,2024-03-04,2024-03-19,2024-03-19,70,220.0,15400.0,Delivered On Time
PO000033,M01,S03,Vindhya Herb Traders,2024-03-25,2024-04-09,2024-04-09,50,220.0,11000.0,Delivered On Time
PO000034,M01,S03,Vindhya Herb Traders,2024-04-15,2024-04-30,2024-04-30,70,220.0,15400.0,Delivered On Time
PO000035,M01,S03,Vindhya Herb Traders,2024-04-29,2024-05-14,2024-05-14,80,220.0,17600.0,Delivered On Time
PO000036,M01,S03,Vindhya Herb Traders,2024-05-13,2024-05-28,2024-05-28,80,220.0,17600.0,Delivered On Time
PO000037,M01,S03,Vindhya Herb Traders,2024-05-27,2024-06-11,2024-06-11,50,220.0,11000.0,Delivered On Time
PO000038,M01,S03,Vindhya Herb Traders,2024-06-10,2024-06-25,2024-06-25,70,220.0,15400.0,Delivered On Time
PO000039,M01,S03,Vindhya Herb Traders,2024-06-24,2024-07-09,2024-07-09,60,220.0,13200.0,Delivered On Time
PO000040,M01,S03,Vindhya Herb Traders,2024-07-08,2024-07-23,2024-07-23,90,220.0,19800.0,Delivered On Time
PO000041,M01,S03,Vindhya Herb Traders,2024-07-22,2024-08-06,2024-08-06,60,220.0,13200.0,Delivered On Time
PO000042,M01,S03,Vindhya Herb Traders,2024-08-05,2024-08-20,2024-08-20,90,220.0,19800.0,Delivered On Time
PO000043,M01,S03,Vindhya Herb Traders,2024-09-02,2024-09-17,2024-09-24,80,220.0,17600.0,Delivered Late
PO000044,M01,S03,Vindhya Herb Traders,2024-10-07,2024-10-22,2024-10-22,50,220.0,11000.0,Delivered On Time
PO000045,M01,S03,Vindhya Herb Traders,2024-11-11,2024-11-26,2024-11-26,60,220.0,13200.0,Delivered On Time
PO000046,M02,S03,Vindhya Herb Traders,2022-02-14,2022-03-01,2022-03-01,60,260.0,15600.0,Delivered On Time
PO000047,M02,S03,Vindhya Herb Traders,2022-03-21,2022-04-05,2022-04-05,60,260.0,15600.0,Delivered On Time
PO000048,M02,S03,Vindhya Herb Traders,2022-04-18,2022-05-03,2022-05-03,70,260.0,18200.0,Delivered On Time
PO000049,M02,S03,Vindhya Herb Traders,2022-05-02,2022-05-17,2022-05-17,70,260.0,18200.0,Delivered On Time
PO000050,M02,S03,Vindhya Herb Traders,2022-05-16,2022-05-31,2022-05-31,50,260.0,13000.0,Delivered On Time
PO000051,M02,S03,Vindhya Herb Traders,2022-05-30,2022-06-14,2022-06-14,60,260.0,15600.0,Delivered On Time
PO000052,M02,S03,Vindhya Herb Traders,2022-06-13,2022-06-28,2022-06-28,60,260.0,15600.0,Delivered On Time
PO000053,M02,S03,Vindhya Herb Traders,2022-06-27,2022-07-12,2022-07-12,50,260.0,13000.0,Delivered On Time
PO000054,M02,S03,Vindhya Herb Traders,2022-07-11,2022-07-26,2022-07-26,70,260.0,18200.0,Delivered On Time
PO000055,M02,S03,Vindhya Herb Traders,2022-08-01,2022-08-16,2022-08-16,60,260.0,15600.0,Delivered On Time
PO000056,M02,S03,Vindhya Herb Traders,2022-08-22,2022-09-06,2022-09-06,50,260.0,13000.0,Delivered On Time
PO000057,M02,S03,Vindhya Herb Traders,2022-09-26,2022-10-11,2022-10-11,60,260.0,15600.0,Delivered On Time
PO000058,M02,S03,Vindhya Herb Traders,2022-11-14,2022-11-29,2022-11-29,60,260.0,15600.0,Delivered On Time
PO000059,M02,S03,Vindhya Herb Traders,2023-01-02,2023-01-17,2023-01-17,60,260.0,15600.0,Delivered On Time
PO000060,M02,S03,Vindhya Herb Traders,2023-02-06,2023-02-21,2023-02-21,60,260.0,15600.0,Delivered On Time
PO000061,M02,S03,Vindhya Herb Traders,2023-03-06,2023-03-21,2023-03-21,60,260.0,15600.0,Delivered On Time
PO000062,M02,S03,Vindhya Herb Traders,2023-04-03,2023-04-18,2023-04-18,60,260.0,15600.0,Delivered On Time
PO000063,M02,S03,Vindhya Herb Traders,2023-04-24,2023-05-09,2023-05-09,80,260.0,20800.0,Delivered On Time
PO000064,M02,S03,Vindhya Herb Traders,2023-05-08,2023-05-23,2023-05-23,70,260.0,18200.0,Delivered On Time
PO000065,M02,S03,Vindhya Herb Traders,2023-05-22,2023-06-06,2023-06-06,70,260.0,18200.0,Delivered On Time
PO000066,M02,S03,Vindhya Herb Traders,2023-06-05,2023-06-20,2023-06-20,60,260.0,15600.0,Delivered On Time
PO000067,M02,S03,Vindhya Herb Traders,2023-06-19,2023-07-04,2023-07-04,70,260.0,18200.0,Delivered On Time
PO000068,M02,S03,Vindhya Herb Traders,2023-07-03,2023-07-18,2023-07-18,60,260.0,15600.0,Delivered On Time
PO000069,M02,S03,Vindhya Herb Traders,2023-07-17,2023-08-01,2023-08-01,60,260.0,15600.0,Delivered On Time
PO000070,M02,S03,Vindhya Herb Traders,2023-07-31,2023-08-15,2023-08-15,70,260.0,18200.0,Delivered On Time
PO000071,M02,S03,Vindhya Herb Traders,2023-08-21,2023-09-05,2023-09-05,60,260.0,15600.0,Delivered On Time
PO000072,M02,S03,Vindhya Herb Traders,2023-09-18,2023-10-03,2023-10-03,60,260.0,15600.0,Delivered On Time
PO000073,M02,S03,Vindhya Herb Traders,2023-11-06,2023-11-21,2023-11-21,60,260.0,15600.0,Delivered On Time
PO000074,M02,S03,Vindhya Herb Traders,2024-01-01,2024-01-16,2024-01-16,60,260.0,15600.0,Delivered On Time
PO000075,M02,S03,Vindhya Herb Traders,2024-01-29,2024-02-13,2024-02-13,70,260.0,18200.0,Delivered On Time
PO000076,M02,S03,Vindhya Herb Traders,2024-02-26,2024-03-12,2024-03-12,60,260.0,15600.0,Delivered On Time
PO000077,M02,S03,Vindhya Herb Traders,2024-03-25,2024-04-09,2024-04-09,60,260.0,15600.0,Delivered On Time
PO000078,M02,S03,Vindhya Herb Traders,2024-04-15,2024-04-30,2024-04-30,80,260.0,20800.0,Delivered On Time
PO000079,M02,S03,Vindhya Herb Traders,2024-04-29,2024-05-14,2024-05-14,70,260.0,18200.0,Delivered On Time
PO000080,M02,S03,Vindhya Herb Traders,2024-05-13,2024-05-28,2024-05-28,80,260.0,20800.0,Delivered On Time
PO000081,M02,S03,Vindhya Herb Traders,2024-05-27,2024-06-11,2024-06-11,80,260.0,20800.0,Delivered On Time
PO000082,M02,S03,Vindhya Herb Traders,2024-06-10,2024-06-25,2024-06-25,80,260.0,20800.0,Delivered On Time
PO000083,M02,S03,Vindhya Herb Traders,2024-06-24,2024-07-09,2024-07-09,80,260.0,20800.0,Delivered On Time
PO000084,M02,S03,Vindhya Herb Traders,2024-07-08,2024-07-23,2024-07-23,60,260.0,15600.0,Delivered On Time
PO000085,M02,S03,Vindhya Herb Traders,2024-07-22,2024-08-06,2024-08-06,80,260.0,20800.0,Delivered On Time
PO000086,M02,S03,Vindhya Herb Traders,2024-08-05,2024-08-20,2024-08-20,80,260.0,20800.0,Delivered On Time
PO000087,M02,S03,Vindhya Herb Traders,2024-08-26,2024-09-10,2024-09-10,60,260.0,15600.0,Delivered On Time
PO000088,M02,S03,Vindhya Herb Traders,2024-09-23,2024-10-08,2024-10-08,50,260.0,13000.0,Delivered On Time
PO000089,M02,S03,Vindhya Herb Traders,2024-11-04,2024-11-19,2024-11-19,60,260.0,15600.0,Delivered On Time
PO000090,M02,S03,Vindhya Herb Traders,2024-12-02,2024-12-17,2024-12-17,60,260.0,15600.0,Delivered On Time
PO000091,M03,S03,Vindhya Herb Traders,2022-01-24,2022-02-08,2022-02-15,50,340.0,17000.0,Delivered Late
PO000092,M03,S03,Vindhya Herb Traders,2022-03-07,2022-03-22,2022-03-22,50,340.0,17000.0,Delivered On Time
PO000093,M03,S03,Vindhya Herb Traders,2022-04-18,2022-05-03,2022-05-03,50,340.0,17000.0,Delivered On Time
PO000094,M03,S03,Vindhya Herb Traders,2022-05-23,2022-06-07,2022-06-07,60,340.0,20400.0,Delivered On Time
PO000095,M03,S03,Vindhya Herb Traders,2022-06-27,2022-07-12,2022-07-12,50,340.0,17000.0,Delivered On Time
PO000096,M03,S03,Vindhya Herb Traders,2022-08-08,2022-08-23,2022-08-23,60,340.0,20400.0,Delivered On Time
PO000097,M03,S03,Vindhya Herb Traders,2022-09-05,2022-09-20,2022-09-20,60,340.0,20400.0,Delivered On Time
PO000098,M03,S03,Vindhya Herb Traders,2022-09-26,2022-10-11,2022-10-11,70,340.0,23800.0,Delivered On Time
PO000099,M03,S03,Vindhya Herb Traders,2022-10-10,2022-10-25,2022-10-25,60,340.0,20400.0,Delivered On Time
PO000100,M03,S03,Vindhya Herb Traders,2022-10-24,2022-11-08,2022-11-08,60,340.0,20400.0,Delivered On Time
PO000101,M03,S03,Vindhya Herb Traders,2022-11-07,2022-11-22,2022-11-22,50,340.0,17000.0,Delivered On Time
PO000102,M03,S03,Vindhya Herb Traders,2022-11-21,2022-12-06,2022-12-06,50,340.0,17000.0,Delivered On Time
PO000103,M03,S03,Vindhya Herb Traders,2022-12-05,2022-12-20,2022-12-20,60,340.0,20400.0,Delivered On Time
PO000104,M03,S03,Vindhya Herb Traders,2022-12-26,2023-01-10,2023-01-10,70,340.0,23800.0,Delivered On Time
PO000105,M03,S03,Vindhya Herb Traders,2023-01-16,2023-01-31,2023-01-31,60,340.0,20400.0,Delivered On Time
PO000106,M03,S03,Vindhya Herb Traders,2023-02-27,2023-03-14,2023-03-14,60,340.0,20400.0,Delivered On Time
PO000107,M03,S03,Vindhya Herb Traders,2023-04-10,2023-04-25,2023-04-25,50,340.0,17000.0,Delivered On Time
PO000108,M03,S03,Vindhya Herb Traders,2023-05-15,2023-05-30,2023-05-30,60,340.0,20400.0,Delivered On Time
PO000109,M03,S03,Vindhya Herb Traders,2023-06-19,2023-07-04,2023-07-04,50,340.0,17000.0,Delivered On Time
PO000110,M03,S03,Vindhya Herb Traders,2023-07-24,2023-08-08,2023-08-08,50,340.0,17000.0,Delivered On Time
PO000111,M03,S03,Vindhya Herb Traders,2023-08-21,2023-09-05,2023-09-05,50,340.0,17000.0,Delivered On Time
PO000112,M03,S03,Vindhya Herb Traders,2023-09-11,2023-09-26,2023-09-26,50,340.0,17000.0,Delivered On Time
PO000113,M03,S03,Vindhya Herb Traders,2023-09-25,2023-10-10,2023-10-10,70,340.0,23800.0,Delivered On Time
PO000114,M03,S03,Vindhya Herb Traders,2023-10-09,2023-10-24,2023-10-24,60,340.0,20400.0,Delivered On Time
PO000115,M03,S03,Vindhya Herb Traders,2023-10-23,2023-11-07,2023-11-07,50,340.0,17000.0,Delivered On Time
PO000116,M03,S03,Vindhya Herb Traders,2023-11-06,2023-11-21,2023-11-28,60,340.0,20400.0,Delivered Late
PO000117,M03,S03,Vindhya Herb Traders,2023-11-27,2023-12-12,2023-12-12,90,340.0,30600.0,Delivered On Time
PO000118,M03,S03,Vindhya Herb Traders,2023-12-11,2023-12-26,2023-12-26,60,340.0,20400.0,Delivered On Time
PO000119,M03,S03,Vindhya Herb Traders,2023-12-25,2024-01-09,2024-01-09,60,340.0,20400.0,Delivered On Time
PO000120,M03,S03,Vindhya Herb Traders,2024-01-22,2024-02-06,2024-02-06,50,340.0,17000.0,Delivered On Time
PO000121,M03,S03,Vindhya Herb Traders,2024-02-26,2024-03-12,2024-03-12,60,340.0,20400.0,Delivered On Time
PO000122,M03,S03,Vindhya Herb Traders,2024-04-01,2024-04-16,2024-04-16,60,340.0,20400.0,Delivered On Time
PO000123,M03,S03,Vindhya Herb Traders,2024-04-29,2024-05-14,2024-05-14,50,340.0,17000.0,Delivered On Time
PO000124,M03,S03,Vindhya Herb Traders,2024-05-27,2024-06-11,2024-06-11,60,340.0,20400.0,Delivered On Time
PO000125,M03,S03,Vindhya Herb Traders,2024-06-24,2024-07-09,2024-07-09,50,340.0,17000.0,Delivered On Time
PO000126,M03,S03,Vindhya Herb Traders,2024-07-22,2024-08-06,2024-08-06,60,340.0,20400.0,Delivered On Time
PO000127,M03,S03,Vindhya Herb Traders,2024-08-12,2024-08-27,2024-08-27,50,340.0,17000.0,Delivered On Time
PO000128,M03,S03,Vindhya Herb Traders,2024-09-02,2024-09-17,2024-09-17,70,340.0,23800.0,Delivered On Time
PO000129,M03,S03,Vindhya Herb Traders,2024-09-16,2024-10-01,2024-10-01,60,340.0,20400.0,Delivered On Time
PO000130,M03,S03,Vindhya Herb Traders,2024-09-30,2024-10-15,2024-10-15,70,340.0,23800.0,Delivered On Time
PO000131,M03,S03,Vindhya Herb Traders,2024-10-14,2024-10-29,2024-10-29,70,340.0,23800.0,Delivered On Time
PO000132,M03,S03,Vindhya Herb Traders,2024-10-28,2024-11-12,2024-11-12,70,340.0,23800.0,Delivered On Time
PO000133,M03,S03,Vindhya Herb Traders,2024-11-18,2024-12-03,2024-12-03,60,340.0,20400.0,Delivered On Time
PO000134,M04,S03,Vindhya Herb Traders,2022-01-17,2022-02-01,2022-02-01,30,300.0,9000.0,Delivered On Time
PO000135,M04,S03,Vindhya Herb Traders,2022-03-07,2022-03-22,2022-03-29,30,300.0,9000.0,Delivered Late
PO000136,M04,S03,Vindhya Herb Traders,2022-05-02,2022-05-17,2022-05-17,30,300.0,9000.0,Delivered On Time
PO000137,M04,S03,Vindhya Herb Traders,2022-06-13,2022-06-28,2022-06-28,30,300.0,9000.0,Delivered On Time
PO000138,M04,S03,Vindhya Herb Traders,2022-07-18,2022-08-02,2022-08-02,30,300.0,9000.0,Delivered On Time
PO000139,M04,S03,Vindhya Herb Traders,2022-08-22,2022-09-06,2022-09-13,30,300.0,9000.0,Delivered Late
PO000140,M04,S03,Vindhya Herb Traders,2022-09-12,2022-09-27,2022-09-27,30,300.0,9000.0,Delivered On Time
PO000141,M04,S03,Vindhya Herb Traders,2022-09-26,2022-10-11,2022-10-11,30,300.0,9000.0,Delivered On Time
PO000142,M04,S03,Vindhya Herb Traders,2022-10-17,2022-11-01,2022-11-01,40,300.0,12000.0,Delivered On Time
PO000143,M04,S03,Vindhya Herb Traders,2022-11-07,2022-11-22,2022-11-22,30,300.0,9000.0,Delivered On Time
PO000144,M04,S03,Vindhya Herb Traders,2022-11-28,2022-12-13,2022-12-13,40,300.0,12000.0,Delivered On Time
PO000145,M04,S03,Vindhya Herb Traders,2022-12-19,2023-01-03,2023-01-03,30,300.0,9000.0,Delivered On Time
PO000146,M04,S03,Vindhya Herb Traders,2023-01-02,2023-01-17,2023-01-17,30,300.0,9000.0,Delivered On Time
PO000147,M04,S03,Vindhya Herb Traders,2023-02-06,2023-02-21,2023-02-21,30,300.0,9000.0,Delivered On Time
PO000148,M04,S03,Vindhya Herb Traders,2023-03-20,2023-04-04,2023-04-04,30,300.0,9000.0,Delivered On Time
PO000149,M04,S03,Vindhya Herb Traders,2023-04-24,2023-05-09,2023-05-09,30,300.0,9000.0,Delivered On Time
PO000150,M04,S03,Vindhya Herb Traders,2023-06-05,2023-06-20,2023-06-20,30,300.0,9000.0,Delivered On Time
PO000151,M04,S03,Vindhya Herb Traders,2023-07-10,2023-07-25,2023-07-25,30,300.0,9000.0,Delivered On Time
PO000152,M04,S03,Vindhya Herb Traders,2023-08-14,2023-08-29,2023-08-29,30,300.0,9000.0,Delivered On Time
PO000153,M04,S03,Vindhya Herb Traders,2023-09-04,2023-09-19,2023-09-19,30,300.0,9000.0,Delivered On Time
PO000154,M04,S03,Vindhya Herb Traders,2023-09-18,2023-10-03,2023-10-03,30,300.0,9000.0,Delivered On Time
PO000155,M04,S03,Vindhya Herb Traders,2023-10-02,2023-10-17,2023-10-17,30,300.0,9000.0,Delivered On Time
PO000156,M04,S03,Vindhya Herb Traders,2023-10-16,2023-10-31,2023-10-31,30,300.0,9000.0,Delivered On Time
PO000157,M04,S03,Vindhya Herb Traders,2023-10-30,2023-11-14,2023-11-14,30,300.0,9000.0,Delivered On Time
PO000158,M04,S03,Vindhya Herb Traders,2023-11-13,2023-11-28,2023-11-28,30,300.0,9000.0,Delivered On Time
PO000159,M04,S03,Vindhya Herb Traders,2023-11-27,2023-12-12,2023-12-12,30,300.0,9000.0,Delivered On Time
PO000160,M04,S03,Vindhya Herb Traders,2023-12-11,2023-12-26,2023-12-26,30,300.0,9000.0,Delivered On Time
PO000161,M04,S03,Vindhya Herb Traders,2024-01-01,2024-01-16,2024-01-16,40,300.0,12000.0,Delivered On Time
PO000162,M04,S03,Vindhya Herb Traders,2024-01-22,2024-02-06,2024-02-06,30,300.0,9000.0,Delivered On Time
PO000163,M04,S03,Vindhya Herb Traders,2024-02-26,2024-03-12,2024-03-12,30,300.0,9000.0,Delivered On Time
PO000164,M04,S03,Vindhya Herb Traders,2024-04-01,2024-04-16,2024-04-23,30,300.0,9000.0,Delivered Late
PO000165,M04,S03,Vindhya Herb Traders,2024-05-06,2024-05-21,2024-05-21,30,300.0,9000.0,Delivered On Time
PO000166,M04,S03,Vindhya Herb Traders,2024-06-03,2024-06-18,2024-06-18,30,300.0,9000.0,Delivered On Time
PO000167,M04,S03,Vindhya Herb Traders,2024-07-08,2024-07-23,2024-07-23,30,300.0,9000.0,Delivered On Time
PO000168,M04,S03,Vindhya Herb Traders,2024-08-05,2024-08-20,2024-08-20,30,300.0,9000.0,Delivered On Time
PO000169,M04,S03,Vindhya Herb Traders,2024-08-19,2024-09-03,2024-09-03,30,300.0,9000.0,Delivered On Time
PO000170,M04,S03,Vindhya Herb Traders,2024-09-09,2024-09-24,2024-09-24,40,300.0,12000.0,Delivered On Time
PO000171,M04,S03,Vindhya Herb Traders,2024-09-23,2024-10-08,2024-10-08,30,300.0,9000.0,Delivered On Time
PO000172,M04,S03,Vindhya Herb Traders,2024-10-07,2024-10-22,2024-10-22,30,300.0,9000.0,Delivered On Time
PO000173,M04,S03,Vindhya Herb Traders,2024-10-21,2024-11-05,2024-11-05,40,300.0,12000.0,Delivered On Time
PO000174,M04,S03,Vindhya Herb Traders,2024-11-04,2024-11-19,2024-11-19,30,300.0,9000.0,Delivered On Time
PO000175,M04,S03,Vindhya Herb Traders,2024-12-02,2024-12-17,2024-12-17,30,300.0,9000.0,Delivered On Time
PO000176,M05,S03,Vindhya Herb Traders,2022-01-10,2022-01-25,2022-01-25,30,420.0,12600.0,Delivered On Time
PO000177,M05,S03,Vindhya Herb Traders,2022-02-28,2022-03-15,2022-03-15,30,420.0,12600.0,Delivered On Time
PO000178,M05,S03,Vindhya Herb Traders,2022-04-11,2022-04-26,2022-04-26,30,420.0,12600.0,Delivered On Time
PO000179,M05,S03,Vindhya Herb Traders,2022-05-23,2022-06-07,2022-06-07,30,420.0,12600.0,Delivered On Time
PO000180,M05,S03,Vindhya Herb Traders,2022-06-27,2022-07-12,2022-07-12,30,420.0,12600.0,Delivered On Time
PO000181,M05,S03,Vindhya Herb Traders,2022-07-25,2022-08-09,2022-08-09,30,420.0,12600.0,Delivered On Time
PO000182,M05,S03,Vindhya Herb Traders,2022-08-22,2022-09-06,2022-09-06,40,420.0,16800.0,Delivered On Time
PO000183,M05,S03,Vindhya Herb Traders,2022-09-19,2022-10-04,2022-10-04,40,420.0,16800.0,Delivered On Time
PO000184,M05,S03,Vindhya Herb Traders,2022-10-10,2022-10-25,2022-10-25,40,420.0,16800.0,Delivered On Time
PO000185,M05,S03,Vindhya Herb Traders,2022-10-24,2022-11-08,2022-11-08,30,420.0,12600.0,Delivered On Time
PO000186,M05,S03,Vindhya Herb Traders,2022-11-07,2022-11-22,2022-11-22,40,420.0,16800.0,Delivered On Time
PO000187,M05,S03,Vindhya Herb Traders,2022-11-28,2022-12-13,2022-12-13,40,420.0,16800.0,Delivered On Time
PO000188,M05,S03,Vindhya Herb Traders,2022-12-19,2023-01-03,2023-01-03,40,420.0,16800.0,Delivered On Time
PO000189,M05,S03,Vindhya Herb Traders,2023-01-02,2023-01-17,2023-01-17,40,420.0,16800.0,Delivered On Time
PO000190,M05,S03,Vindhya Herb Traders,2023-02-13,2023-02-28,2023-02-28,30,420.0,12600.0,Delivered On Time
PO000191,M05,S03,Vindhya Herb Traders,2023-03-20,2023-04-04,2023-04-04,30,420.0,12600.0,Delivered On Time
PO000192,M05,S03,Vindhya Herb Traders,2023-05-01,2023-05-16,2023-05-16,30,420.0,12600.0,Delivered On Time
PO000193,M05,S03,Vindhya Herb Traders,2023-06-05,2023-06-20,2023-06-20,40,420.0,16800.0,Delivered On Time
PO000194,M05,S03,Vindhya Herb Traders,2023-07-17,2023-08-01,2023-08-01,30,420.0,12600.0,Delivered On Time
PO000195,M05,S03,Vindhya Herb Traders,2023-08-14,2023-08-29,2023-08-29,30,420.0,12600.0,Delivered On Time
PO000196,M05,S03,Vindhya Herb Traders,2023-09-04,2023-09-19,2023-09-19,30,420.0,12600.0,Delivered On Time
PO000197,M05,S03,Vindhya Herb Traders,2023-09-18,2023-10-03,2023-10-03,40,420.0,16800.0,Delivered On Time
PO000198,M05,S03,Vindhya Herb Traders,2023-10-02,2023-10-17,2023-10-17,30,420.0,12600.0,Delivered On Time
PO000199,M05,S03,Vindhya Herb Traders,2023-10-16,2023-10-31,2023-10-31,30,420.0,12600.0,Delivered On Time
PO000200,M05,S03,Vindhya Herb Traders,2023-10-30,2023-11-14,2023-11-14,30,420.0,12600.0,Delivered On Time
PO000201,M05,S03,Vindhya Herb Traders,2023-11-20,2023-12-05,2023-12-05,40,420.0,16800.0,Delivered On Time
PO000202,M05,S03,Vindhya Herb Traders,2023-12-04,2023-12-19,2023-12-19,40,420.0,16800.0,Delivered On Time
PO000203,M05,S03,Vindhya Herb Traders,2023-12-18,2024-01-02,2024-01-02,30,420.0,12600.0,Delivered On Time
PO000204,M05,S03,Vindhya Herb Traders,2024-01-01,2024-01-16,2024-01-16,30,420.0,12600.0,Delivered On Time
PO000205,M05,S03,Vindhya Herb Traders,2024-02-05,2024-02-20,2024-02-20,30,420.0,12600.0,Delivered On Time
PO000206,M05,S03,Vindhya Herb Traders,2024-03-04,2024-03-19,2024-03-26,30,420.0,12600.0,Delivered Late
PO000207,M05,S03,Vindhya Herb Traders,2024-04-08,2024-04-23,2024-04-23,30,420.0,12600.0,Delivered On Time
PO000208,M05,S03,Vindhya Herb Traders,2024-05-06,2024-05-21,2024-05-21,30,420.0,12600.0,Delivered On Time
PO000209,M05,S03,Vindhya Herb Traders,2024-06-03,2024-06-18,2024-06-18,30,420.0,12600.0,Delivered On Time
PO000210,M05,S03,Vindhya Herb Traders,2024-07-01,2024-07-16,2024-07-16,30,420.0,12600.0,Delivered On Time
PO000211,M05,S03,Vindhya Herb Traders,2024-07-29,2024-08-13,2024-08-13,30,420.0,12600.0,Delivered On Time
PO000212,M05,S03,Vindhya Herb Traders,2024-08-19,2024-09-03,2024-09-03,30,420.0,12600.0,Delivered On Time
PO000213,M05,S03,Vindhya Herb Traders,2024-09-02,2024-09-17,2024-09-17,30,420.0,12600.0,Delivered On Time
PO000214,M05,S03,Vindhya Herb Traders,2024-09-16,2024-10-01,2024-10-01,50,420.0,21000.0,Delivered On Time
PO000215,M05,S03,Vindhya Herb Traders,2024-09-30,2024-10-15,2024-10-15,30,420.0,12600.0,Delivered On Time
PO000216,M05,S03,Vindhya Herb Traders,2024-10-14,2024-10-29,2024-10-29,40,420.0,16800.0,Delivered On Time
PO000217,M05,S03,Vindhya Herb Traders,2024-11-04,2024-11-19,2024-11-19,50,420.0,21000.0,Delivered On Time
PO000218,M05,S03,Vindhya Herb Traders,2024-12-02,2024-12-17,2024-12-17,30,420.0,12600.0,Delivered On Time
PO000219,M06,S03,Vindhya Herb Traders,2022-02-07,2022-02-22,2022-02-22,40,280.0,11200.0,Delivered On Time
PO000220,M06,S03,Vindhya Herb Traders,2022-03-14,2022-03-29,2022-03-29,40,280.0,11200.0,Delivered On Time
PO000221,M06,S03,Vindhya Herb Traders,2022-04-11,2022-04-26,2022-05-03,40,280.0,11200.0,Delivered Late
PO000222,M06,S03,Vindhya Herb Traders,2022-05-02,2022-05-17,2022-05-17,50,280.0,14000.0,Delivered On Time
PO000223,M06,S03,Vindhya Herb Traders,2022-05-23,2022-06-07,2022-06-07,50,280.0,14000.0,Delivered On Time
PO000224,M06,S03,Vindhya Herb Traders,2022-06-13,2022-06-28,2022-06-28,50,280.0,14000.0,Delivered On Time
PO000225,M06,S03,Vindhya Herb Traders,2022-07-04,2022-07-19,2022-07-19,50,280.0,14000.0,Delivered On Time
PO000226,M06,S03,Vindhya Herb Traders,2022-07-18,2022-08-02,2022-08-02,40,280.0,11200.0,Delivered On Time
PO000227,M06,S03,Vindhya Herb Traders,2022-08-01,2022-08-16,2022-08-16,40,280.0,11200.0,Delivered On Time
PO000228,M06,S03,Vindhya Herb Traders,2022-08-22,2022-09-06,2022-09-06,30,280.0,8400.0,Delivered On Time
PO000229,M06,S03,Vindhya Herb Traders,2022-09-26,2022-10-11,2022-10-11,30,280.0,8400.0,Delivered On Time
PO000230,M06,S03,Vindhya Herb Traders,2022-10-31,2022-11-15,2022-11-15,30,280.0,8400.0,Delivered On Time
PO000231,M06,S03,Vindhya Herb Traders,2022-12-19,2023-01-03,2023-01-03,40,280.0,11200.0,Delivered On Time
PO000232,M06,S03,Vindhya Herb Traders,2023-01-30,2023-02-14,2023-02-14,40,280.0,11200.0,Delivered On Time
PO000233,M06,S03,Vindhya Herb Traders,2023-03-06,2023-03-21,2023-03-21,40,280.0,11200.0,Delivered On Time
PO000234,M06,S03,Vindhya Herb Traders,2023-04-10,2023-04-25,2023-04-25,40,280.0,11200.0,Delivered On Time
PO000235,M06,S03,Vindhya Herb Traders,2023-04-24,2023-05-09,2023-05-09,40,280.0,11200.0,Delivered On Time
PO000236,M06,S03,Vindhya Herb Traders,2023-05-15,2023-05-30,2023-05-30,40,280.0,11200.0,Delivered On Time
PO000237,M06,S03,Vindhya Herb Traders,2023-05-29,2023-06-13,2023-06-13,40,280.0,11200.0,Delivered On Time
PO000238,M06,S03,Vindhya Herb Traders,2023-06-12,2023-06-27,2023-06-27,40,280.0,11200.0,Delivered On Time
PO000239,M06,S03,Vindhya Herb Traders,2023-07-03,2023-07-18,2023-07-18,50,280.0,14000.0,Delivered On Time
PO000240,M06,S03,Vindhya Herb Traders,2023-07-17,2023-08-01,2023-08-01,40,280.0,11200.0,Delivered On Time
PO000241,M06,S03,Vindhya Herb Traders,2023-08-07,2023-08-22,2023-08-22,50,280.0,14000.0,Delivered On Time
PO000242,M06,S03,Vindhya Herb Traders,2023-09-11,2023-09-26,2023-09-26,40,280.0,11200.0,Delivered On Time
PO000243,M06,S03,Vindhya Herb Traders,2023-10-23,2023-11-07,2023-11-07,30,280.0,8400.0,Delivered On Time
PO000244,M06,S03,Vindhya Herb Traders,2023-12-11,2023-12-26,2023-12-26,40,280.0,11200.0,Delivered On Time
PO000245,M06,S03,Vindhya Herb Traders,2024-01-22,2024-02-06,2024-02-06,40,280.0,11200.0,Delivered On Time
PO000246,M06,S03,Vindhya Herb Traders,2024-02-19,2024-03-05,2024-03-05,30,280.0,8400.0,Delivered On Time
PO000247,M06,S03,Vindhya Herb Traders,2024-03-11,2024-03-26,2024-03-26,40,280.0,11200.0,Delivered On Time
PO000248,M06,S03,Vindhya Herb Traders,2024-04-08,2024-04-23,2024-04-23,40,280.0,11200.0,Delivered On Time
PO000249,M06,S03,Vindhya Herb Traders,2024-04-22,2024-05-07,2024-05-07,50,280.0,14000.0,Delivered On Time
PO000250,M06,S03,Vindhya Herb Traders,2024-05-06,2024-05-21,2024-05-21,50,280.0,14000.0,Delivered On Time
PO000251,M06,S03,Vindhya Herb Traders,2024-05-20,2024-06-04,2024-06-04,50,280.0,14000.0,Delivered On Time
PO000252,M06,S03,Vindhya Herb Traders,2024-06-03,2024-06-18,2024-06-18,40,280.0,11200.0,Delivered On Time
PO000253,M06,S03,Vindhya Herb Traders,2024-06-17,2024-07-02,2024-07-02,40,280.0,11200.0,Delivered On Time
PO000254,M06,S03,Vindhya Herb Traders,2024-07-01,2024-07-16,2024-07-16,50,280.0,14000.0,Delivered On Time
PO000255,M06,S03,Vindhya Herb Traders,2024-07-15,2024-07-30,2024-07-30,40,280.0,11200.0,Delivered On Time
PO000256,M06,S03,Vindhya Herb Traders,2024-07-29,2024-08-13,2024-08-13,40,280.0,11200.0,Delivered On Time
PO000257,M06,S03,Vindhya Herb Traders,2024-08-12,2024-08-27,2024-08-27,40,280.0,11200.0,Delivered On Time
PO000258,M06,S03,Vindhya Herb Traders,2024-09-09,2024-09-24,2024-09-24,40,280.0,11200.0,Delivered On Time
PO000259,M06,S03,Vindhya Herb Traders,2024-10-28,2024-11-12,2024-11-19,40,280.0,11200.0,Delivered Late
PO000260,M06,S03,Vindhya Herb Traders,2024-12-02,2024-12-17,2024-12-17,40,280.0,11200.0,Delivered On Time
PO000261,M07,S03,Vindhya Herb Traders,2022-01-10,2022-01-25,2022-01-25,110,310.0,34100.0,Delivered On Time
PO000262,M07,S03,Vindhya Herb Traders,2022-02-21,2022-03-08,2022-03-08,110,310.0,34100.0,Delivered On Time
PO000263,M07,S03,Vindhya Herb Traders,2022-04-04,2022-04-19,2022-04-19,120,310.0,37200.0,Delivered On Time
PO000264,M07,S03,Vindhya Herb Traders,2022-05-09,2022-05-24,2022-05-24,110,310.0,34100.0,Delivered On Time
PO000265,M07,S03,Vindhya Herb Traders,2022-06-13,2022-06-28,2022-06-28,110,310.0,34100.0,Delivered On Time
PO000266,M07,S03,Vindhya Herb Traders,2022-07-18,2022-08-02,2022-08-02,110,310.0,34100.0,Delivered On Time
PO000267,M07,S03,Vindhya Herb Traders,2022-08-15,2022-08-30,2022-08-30,130,310.0,40300.0,Delivered On Time
PO000268,M07,S03,Vindhya Herb Traders,2022-09-05,2022-09-20,2022-09-20,110,310.0,34100.0,Delivered On Time
PO000269,M07,S03,Vindhya Herb Traders,2022-09-19,2022-10-04,2022-10-04,110,310.0,34100.0,Delivered On Time
PO000270,M07,S03,Vindhya Herb Traders,2022-10-10,2022-10-25,2022-10-25,150,310.0,46500.0,Delivered On Time
PO000271,M07,S03,Vindhya Herb Traders,2022-10-24,2022-11-08,2022-11-08,120,310.0,37200.0,Delivered On Time
PO000272,M07,S03,Vindhya Herb Traders,2022-11-07,2022-11-22,2022-11-22,170,310.0,52700.0,Delivered On Time
PO000273,M07,S03,Vindhya Herb Traders,2022-11-21,2022-12-06,2022-12-06,120,310.0,37200.0,Delivered On Time
PO000274,M07,S03,Vindhya Herb Traders,2022-12-05,2022-12-20,2022-12-20,120,310.0,37200.0,Delivered On Time
PO000275,M07,S03,Vindhya Herb Traders,2022-12-19,2023-01-03,2023-01-03,110,310.0,34100.0,Delivered On Time
PO000276,M07,S03,Vindhya Herb Traders,2023-01-09,2023-01-24,2023-01-24,120,310.0,37200.0,Delivered On Time
PO000277,M07,S03,Vindhya Herb Traders,2023-02-13,2023-02-28,2023-02-28,120,310.0,37200.0,Delivered On Time
PO000278,M07,S03,Vindhya Herb Traders,2023-03-20,2023-04-04,2023-04-04,100,310.0,31000.0,Delivered On Time
PO000279,M07,S03,Vindhya Herb Traders,2023-04-24,2023-05-09,2023-05-09,110,310.0,34100.0,Delivered On Time
PO000280,M07,S03,Vindhya Herb Traders,2023-05-29,2023-06-13,2023-06-13,130,310.0,40300.0,Delivered On Time
PO000281,M07,S03,Vindhya Herb Traders,2023-06-26,2023-07-11,2023-07-11,110,310.0,34100.0,Delivered On Time
PO000282,M07,S03,Vindhya Herb Traders,2023-07-24,2023-08-08,2023-08-08,110,310.0,34100.0,Delivered On Time
PO000283,M07,S03,Vindhya Herb Traders,2023-08-21,2023-09-05,2023-09-05,120,310.0,37200.0,Delivered On Time
PO000284,M07,S03,Vindhya Herb Traders,2023-09-11,2023-09-26,2023-10-03,140,310.0,43400.0,Delivered Late
PO000285,M07,S03,Vindhya Herb Traders,2023-09-25,2023-10-10,2023-10-10,140,310.0,43400.0,Delivered On Time
PO000286,M07,S03,Vindhya Herb Traders,2023-10-09,2023-10-24,2023-10-24,150,310.0,46500.0,Delivered On Time
PO000287,M07,S03,Vindhya Herb Traders,2023-10-23,2023-11-07,2023-11-07,120,310.0,37200.0,Delivered On Time
PO000288,M07,S03,Vindhya Herb Traders,2023-11-06,2023-11-21,2023-11-21,140,310.0,43400.0,Delivered On Time
PO000289,M07,S03,Vindhya Herb Traders,2023-11-20,2023-12-05,2023-12-05,120,310.0,37200.0,Delivered On Time
PO000290,M07,S03,Vindhya Herb Traders,2023-12-04,2023-12-19,2023-12-19,110,310.0,34100.0,Delivered On Time
PO000291,M07,S03,Vindhya Herb Traders,2023-12-18,2024-01-02,2024-01-02,160,310.0,49600.0,Delivered On Time
PO000292,M07,S03,Vindhya Herb Traders,2024-01-01,2024-01-16,2024-01-16,160,310.0,49600.0,Delivered On Time
PO000293,M07,S03,Vindhya Herb Traders,2024-01-22,2024-02-06,2024-02-06,110,310.0,34100.0,Delivered On Time
PO000294,M07,S03,Vindhya Herb Traders,2024-02-26,2024-03-12,2024-03-19,120,310.0,37200.0,Delivered Late
PO000295,M07,S03,Vindhya Herb Traders,2024-04-01,2024-04-16,2024-04-16,130,310.0,40300.0,Delivered On Time
PO000296,M07,S03,Vindhya Herb Traders,2024-04-29,2024-05-14,2024-05-21,110,310.0,34100.0,Delivered Late
PO000297,M07,S03,Vindhya Herb Traders,2024-05-27,2024-06-11,2024-06-11,130,310.0,40300.0,Delivered On Time
PO000298,M07,S03,Vindhya Herb Traders,2024-06-24,2024-07-09,2024-07-09,130,310.0,40300.0,Delivered On Time
PO000299,M07,S03,Vindhya Herb Traders,2024-07-22,2024-08-06,2024-08-06,110,310.0,34100.0,Delivered On Time
PO000300,M07,S03,Vindhya Herb Traders,2024-08-12,2024-08-27,2024-08-27,110,310.0,34100.0,Delivered On Time
PO000301,M07,S03,Vindhya Herb Traders,2024-09-02,2024-09-17,2024-09-17,150,310.0,46500.0,Delivered On Time
PO000302,M07,S03,Vindhya Herb Traders,2024-09-16,2024-10-01,2024-10-01,160,310.0,49600.0,Delivered On Time
PO000303,M07,S03,Vindhya Herb Traders,2024-09-30,2024-10-15,2024-10-15,160,310.0,49600.0,Delivered On Time
PO000304,M07,S03,Vindhya Herb Traders,2024-10-14,2024-10-29,2024-10-29,140,310.0,43400.0,Delivered On Time
PO000305,M07,S03,Vindhya Herb Traders,2024-10-28,2024-11-12,2024-11-12,180,310.0,55800.0,Delivered On Time
PO000306,M07,S03,Vindhya Herb Traders,2024-11-18,2024-12-03,2024-12-03,120,310.0,37200.0,Delivered On Time
PO000307,M08,S03,Vindhya Herb Traders,2022-01-17,2022-02-01,2022-02-01,30,330.0,9900.0,Delivered On Time
PO000308,M08,S03,Vindhya Herb Traders,2022-02-14,2022-03-01,2022-03-01,40,330.0,13200.0,Delivered On Time
PO000309,M08,S03,Vindhya Herb Traders,2022-03-21,2022-04-05,2022-04-05,40,330.0,13200.0,Delivered On Time
PO000310,M08,S03,Vindhya Herb Traders,2022-04-18,2022-05-03,2022-05-03,30,330.0,9900.0,Delivered On Time
PO000311,M08,S03,Vindhya Herb Traders,2022-05-16,2022-05-31,2022-05-31,30,330.0,9900.0,Delivered On Time
PO000312,M08,S03,Vindhya Herb Traders,2022-06-06,2022-06-21,2022-06-21,30,330.0,9900.0,Delivered On Time
PO000313,M08,S03,Vindhya Herb Traders,2022-07-04,2022-07-19,2022-07-19,30,330.0,9900.0,Delivered On Time
PO000314,M08,S03,Vindhya Herb Traders,2022-08-01,2022-08-16,2022-08-16,40,330.0,13200.0,Delivered On Time
PO000315,M08,S03,Vindhya Herb Traders,2022-08-22,2022-09-06,2022-09-06,40,330.0,13200.0,Delivered On Time
PO000316,M08,S03,Vindhya Herb Traders,2022-09-05,2022-09-20,2022-09-20,30,330.0,9900.0,Delivered On Time
PO000317,M08,S03,Vindhya Herb Traders,2022-09-26,2022-10-11,2022-10-11,30,330.0,9900.0,Delivered On Time
PO000318,M08,S03,Vindhya Herb Traders,2022-10-17,2022-11-01,2022-11-01,30,330.0,9900.0,Delivered On Time
PO000319,M08,S03,Vindhya Herb Traders,2022-11-14,2022-11-29,2022-11-29,40,330.0,13200.0,Delivered On Time
PO000320,M08,S03,Vindhya Herb Traders,2022-12-19,2023-01-03,2023-01-03,40,330.0,13200.0,Delivered On Time
PO000321,M08,S03,Vindhya Herb Traders,2023-01-16,2023-01-31,2023-01-31,40,330.0,13200.0,Delivered On Time
PO000322,M08,S03,Vindhya Herb Traders,2023-02-20,2023-03-07,2023-03-07,40,330.0,13200.0,Delivered On Time
PO000323,M08,S03,Vindhya Herb Traders,2023-03-20,2023-04-04,2023-04-04,40,330.0,13200.0,Delivered On Time
PO000324,M08,S03,Vindhya Herb Traders,2023-04-10,2023-04-25,2023-04-25,30,330.0,9900.0,Delivered On Time
PO000325,M08,S03,Vindhya Herb Traders,2023-05-01,2023-05-16,2023-05-16,30,330.0,9900.0,Delivered On Time
PO000326,M08,S03,Vindhya Herb Traders,2023-05-29,2023-06-13,2023-06-13,30,330.0,9900.0,Delivered On Time
PO000327,M08,S03,Vindhya Herb Traders,2023-06-26,2023-07-11,2023-07-11,30,330.0,9900.0,Delivered On Time
PO000328,M08,S03,Vindhya Herb Traders,2023-07-24,2023-08-08,2023-08-08,40,330.0,13200.0,Delivered On Time
PO000329,M08,S03,Vindhya Herb Traders,2023-08-21,2023-09-05,2023-09-05,40,330.0,13200.0,Delivered On Time
PO000330,M08,S03,Vindhya Herb Traders,2023-09-04,2023-09-19,2023-09-19,30,330.0,9900.0,Delivered On Time
PO000331,M08,S03,Vindhya Herb Traders,2023-09-25,2023-10-10,2023-10-10,40,330.0,13200.0,Delivered On Time
PO000332,M08,S03,Vindhya Herb Traders,2023-10-23,2023-11-07,2023-11-07,30,330.0,9900.0,Delivered On Time
PO000333,M08,S03,Vindhya Herb Traders,2023-11-20,2023-12-05,2023-12-05,40,330.0,13200.0,Delivered On Time
PO000334,M08,S03,Vindhya Herb Traders,2023-12-25,2024-01-09,2024-01-09,40,330.0,13200.0,Delivered On Time
PO000335,M08,S03,Vindhya Herb Traders,2024-01-22,2024-02-06,2024-02-06,40,330.0,13200.0,Delivered On Time
PO000336,M08,S03,Vindhya Herb Traders,2024-02-12,2024-02-27,2024-02-27,40,330.0,13200.0,Delivered On Time
PO000337,M08,S03,Vindhya Herb Traders,2024-03-11,2024-03-26,2024-04-02,30,330.0,9900.0,Delivered Late
PO000338,M08,S03,Vindhya Herb Traders,2024-04-01,2024-04-16,2024-04-16,40,330.0,13200.0,Delivered On Time
PO000339,M08,S03,Vindhya Herb Traders,2024-04-22,2024-05-07,2024-05-07,40,330.0,13200.0,Delivered On Time
PO000340,M08,S03,Vindhya Herb Traders,2024-05-20,2024-06-04,2024-06-11,40,330.0,13200.0,Delivered Late
PO000341,M08,S03,Vindhya Herb Traders,2024-06-17,2024-07-02,2024-07-02,40,330.0,13200.0,Delivered On Time
PO000342,M08,S03,Vindhya Herb Traders,2024-07-15,2024-07-30,2024-07-30,40,330.0,13200.0,Delivered On Time
PO000343,M08,S03,Vindhya Herb Traders,2024-08-12,2024-08-27,2024-08-27,40,330.0,13200.0,Delivered On Time
PO000344,M08,S03,Vindhya Herb Traders,2024-08-26,2024-09-10,2024-09-10,40,330.0,13200.0,Delivered On Time
PO000345,M08,S03,Vindhya Herb Traders,2024-09-09,2024-09-24,2024-09-24,30,330.0,9900.0,Delivered On Time
PO000346,M08,S03,Vindhya Herb Traders,2024-09-30,2024-10-15,2024-10-15,40,330.0,13200.0,Delivered On Time
PO000347,M08,S03,Vindhya Herb Traders,2024-10-28,2024-11-12,2024-11-12,30,330.0,9900.0,Delivered On Time
PO000348,M08,S03,Vindhya Herb Traders,2024-11-25,2024-12-10,2024-12-10,30,330.0,9900.0,Delivered On Time
PO000349,M09,S03,Vindhya Herb Traders,2022-01-03,2022-01-18,2022-01-18,170,250.0,42500.0,Delivered On Time
PO000350,M09,S03,Vindhya Herb Traders,2022-02-14,2022-03-01,2022-03-01,180,250.0,45000.0,Delivered On Time
PO000351,M09,S03,Vindhya Herb Traders,2022-03-28,2022-04-12,2022-04-12,190,250.0,47500.0,Delivered On Time
PO000352,M09,S03,Vindhya Herb Traders,2022-05-09,2022-05-24,2022-05-24,170,250.0,42500.0,Delivered On Time
PO000353,M09,S03,Vindhya Herb Traders,2022-06-20,2022-07-05,2022-07-05,200,250.0,50000.0,Delivered On Time
PO000354,M09,S03,Vindhya Herb Traders,2022-08-01,2022-08-16,2022-08-16,200,250.0,50000.0,Delivered On Time
PO000355,M09,S03,Vindhya Herb Traders,2022-08-22,2022-09-06,2022-09-06,180,250.0,45000.0,Delivered On Time
PO000356,M09,S03,Vindhya Herb Traders,2022-09-12,2022-09-27,2022-09-27,210,250.0,52500.0,Delivered On Time
PO000357,M09,S03,Vindhya Herb Traders,2022-09-26,2022-10-11,2022-10-11,230,250.0,57500.0,Delivered On Time
PO000358,M09,S03,Vindhya Herb Traders,2022-10-10,2022-10-25,2022-10-25,190,250.0,47500.0,Delivered On Time
PO000359,M09,S03,Vindhya Herb Traders,2022-10-24,2022-11-08,2022-11-08,210,250.0,52500.0,Delivered On Time
PO000360,M09,S03,Vindhya Herb Traders,2022-11-07,2022-11-22,2022-11-22,220,250.0,55000.0,Delivered On Time
PO000361,M09,S03,Vindhya Herb Traders,2022-11-21,2022-12-06,2022-12-06,170,250.0,42500.0,Delivered On Time
PO000362,M09,S03,Vindhya Herb Traders,2022-12-05,2022-12-20,2022-12-20,210,250.0,52500.0,Delivered On Time
PO000363,M09,S03,Vindhya Herb Traders,2022-12-19,2023-01-03,2023-01-03,200,250.0,50000.0,Delivered On Time
PO000364,M09,S03,Vindhya Herb Traders,2023-01-02,2023-01-17,2023-01-17,180,250.0,45000.0,Delivered On Time
PO000365,M09,S03,Vindhya Herb Traders,2023-02-06,2023-02-21,2023-02-21,190,250.0,47500.0,Delivered On Time
PO000366,M09,S03,Vindhya Herb Traders,2023-03-13,2023-03-28,2023-03-28,200,250.0,50000.0,Delivered On Time
PO000367,M09,S03,Vindhya Herb Traders,2023-04-10,2023-04-25,2023-04-25,200,250.0,50000.0,Delivered On Time
PO000368,M09,S03,Vindhya Herb Traders,2023-05-15,2023-05-30,2023-05-30,180,250.0,45000.0,Delivered On Time
PO000369,M09,S03,Vindhya Herb Traders,2023-06-12,2023-06-27,2023-06-27,170,250.0,42500.0,Delivered On Time
PO000370,M09,S03,Vindhya Herb Traders,2023-07-17,2023-08-01,2023-08-01,190,250.0,47500.0,Delivered On Time
PO000371,M09,S03,Vindhya Herb Traders,2023-08-14,2023-08-29,2023-09-05,190,250.0,47500.0,Delivered Late
PO000372,M09,S03,Vindhya Herb Traders,2023-09-04,2023-09-19,2023-09-19,190,250.0,47500.0,Delivered On Time
PO000373,M09,S03,Vindhya Herb Traders,2023-09-18,2023-10-03,2023-10-03,300,250.0,75000.0,Delivered On Time
PO000374,M09,S03,Vindhya Herb Traders,2023-09-25,2023-10-10,2023-10-10,170,250.0,42500.0,Delivered On Time
PO000375,M09,S03,Vindhya Herb Traders,2023-10-09,2023-10-24,2023-10-24,270,250.0,67500.0,Delivered On Time
PO000376,M09,S03,Vindhya Herb Traders,2023-10-23,2023-11-07,2023-11-07,190,250.0,47500.0,Delivered On Time
PO000377,M09,S03,Vindhya Herb Traders,2023-11-13,2023-11-28,2023-11-28,280,250.0,70000.0,Delivered On Time
PO000378,M09,S03,Vindhya Herb Traders,2023-11-27,2023-12-12,2023-12-12,250,250.0,62500.0,Delivered On Time
PO000379,M09,S03,Vindhya Herb Traders,2023-12-11,2023-12-26,2023-12-26,240,250.0,60000.0,Delivered On Time
PO000380,M09,S03,Vindhya Herb Traders,2023-12-25,2024-01-09,2024-01-09,240,250.0,60000.0,Delivered On Time
PO000381,M09,S03,Vindhya Herb Traders,2024-01-08,2024-01-23,2024-01-23,190,250.0,47500.0,Delivered On Time
PO000382,M09,S03,Vindhya Herb Traders,2024-02-12,2024-02-27,2024-02-27,210,250.0,52500.0,Delivered On Time
PO000383,M09,S03,Vindhya Herb Traders,2024-03-11,2024-03-26,2024-03-26,190,250.0,47500.0,Delivered On Time
PO000384,M09,S03,Vindhya Herb Traders,2024-04-08,2024-04-23,2024-04-23,200,250.0,50000.0,Delivered On Time
PO000385,M09,S03,Vindhya Herb Traders,2024-05-06,2024-05-21,2024-05-21,220,250.0,55000.0,Delivered On Time
PO000386,M09,S03,Vindhya Herb Traders,2024-06-10,2024-06-25,2024-06-25,240,250.0,60000.0,Delivered On Time
PO000387,M09,S03,Vindhya Herb Traders,2024-07-08,2024-07-23,2024-07-23,230,250.0,57500.0,Delivered On Time
PO000388,M09,S03,Vindhya Herb Traders,2024-08-05,2024-08-20,2024-08-20,210,250.0,52500.0,Delivered On Time
PO000389,M09,S03,Vindhya Herb Traders,2024-08-26,2024-09-10,2024-09-10,220,250.0,55000.0,Delivered On Time
PO000390,M09,S03,Vindhya Herb Traders,2024-09-09,2024-09-24,2024-09-24,230,250.0,57500.0,Delivered On Time
PO000391,M09,S03,Vindhya Herb Traders,2024-09-16,2024-10-01,2024-10-01,170,250.0,42500.0,Delivered On Time
PO000392,M09,S03,Vindhya Herb Traders,2024-09-23,2024-10-08,2024-10-08,180,250.0,45000.0,Delivered On Time
PO000393,M09,S03,Vindhya Herb Traders,2024-10-07,2024-10-22,2024-10-22,260,250.0,65000.0,Delivered On Time
PO000394,M09,S03,Vindhya Herb Traders,2024-10-21,2024-11-05,2024-11-05,270,250.0,67500.0,Delivered On Time
PO000395,M09,S03,Vindhya Herb Traders,2024-11-04,2024-11-19,2024-11-19,230,250.0,57500.0,Delivered On Time
PO000396,M09,S03,Vindhya Herb Traders,2024-12-02,2024-12-17,2024-12-17,230,250.0,57500.0,Delivered On Time
PO000397,M10,S03,Vindhya Herb Traders,2022-01-17,2022-02-01,2022-02-01,220,240.0,52800.0,Delivered On Time
PO000398,M10,S03,Vindhya Herb Traders,2022-02-14,2022-03-01,2022-03-01,200,240.0,48000.0,Delivered On Time
PO000399,M10,S03,Vindhya Herb Traders,2022-03-07,2022-03-22,2022-03-22,200,240.0,48000.0,Delivered On Time
PO000400,M10,S03,Vindhya Herb Traders,2022-04-04,2022-04-19,2022-04-19,190,240.0,45600.0,Delivered On Time
PO000401,M10,S03,Vindhya Herb Traders,2022-04-25,2022-05-10,2022-05-10,190,240.0,45600.0,Delivered On Time
PO000402,M10,S03,Vindhya Herb Traders,2022-05-16,2022-05-31,2022-05-31,170,240.0,40800.0,Delivered On Time
PO000403,M10,S03,Vindhya Herb Traders,2022-06-13,2022-06-28,2022-06-28,190,240.0,45600.0,Delivered On Time
PO000404,M10,S03,Vindhya Herb Traders,2022-07-11,2022-07-26,2022-07-26,200,240.0,48000.0,Delivered On Time
PO000405,M10,S03,Vindhya Herb Traders,2022-08-08,2022-08-23,2022-08-23,210,240.0,50400.0,Delivered On Time
PO000406,M10,S03,Vindhya Herb Traders,2022-08-22,2022-09-06,2022-09-06,210,240.0,50400.0,Delivered On Time
PO000407,M10,S03,Vindhya Herb Traders,2022-09-05,2022-09-20,2022-09-20,230,240.0,55200.0,Delivered On Time
PO000408,M10,S03,Vindhya Herb Traders,2022-09-26,2022-10-11,2022-10-11,180,240.0,43200.0,Delivered On Time
PO000409,M10,S03,Vindhya Herb Traders,2022-10-17,2022-11-01,2022-11-01,180,240.0,43200.0,Delivered On Time
PO000410,M10,S03,Vindhya Herb Traders,2022-11-07,2022-11-22,2022-11-22,170,240.0,40800.0,Delivered On Time
PO000411,M10,S03,Vindhya Herb Traders,2022-11-28,2022-12-13,2022-12-20,190,240.0,45600.0,Delivered Late
PO000412,M10,S03,Vindhya Herb Traders,2022-12-26,2023-01-10,2023-01-10,190,240.0,45600.0,Delivered On Time
PO000413,M10,S03,Vindhya Herb Traders,2023-01-16,2023-01-31,2023-01-31,220,240.0,52800.0,Delivered On Time
PO000414,M10,S03,Vindhya Herb Traders,2023-02-06,2023-02-21,2023-02-21,170,240.0,40800.0,Delivered On Time
PO000415,M10,S03,Vindhya Herb Traders,2023-02-27,2023-03-14,2023-03-14,220,240.0,52800.0,Delivered On Time
PO000416,M10,S03,Vindhya Herb Traders,2023-03-20,2023-04-04,2023-04-04,180,240.0,43200.0,Delivered On Time
PO000417,M10,S03,Vindhya Herb Traders,2023-04-17,2023-05-02,2023-05-02,210,240.0,50400.0,Delivered On Time
PO000418,M10,S03,Vindhya Herb Traders,2023-05-08,2023-05-23,2023-05-23,170,240.0,40800.0,Delivered On Time
PO000419,M10,S03,Vindhya Herb Traders,2023-05-29,2023-06-13,2023-06-13,210,240.0,50400.0,Delivered On Time
PO000420,M10,S03,Vindhya Herb Traders,2023-06-26,2023-07-11,2023-07-11,200,240.0,48000.0,Delivered On Time
PO000421,M10,S03,Vindhya Herb Traders,2023-07-24,2023-08-08,2023-08-08,190,240.0,45600.0,Delivered On Time
PO000422,M10,S03,Vindhya Herb Traders,2023-08-14,2023-08-29,2023-08-29,240,240.0,57600.0,Delivered On Time
PO000423,M10,S03,Vindhya Herb Traders,2023-08-28,2023-09-12,2023-09-12,240,240.0,57600.0,Delivered On Time
PO000424,M10,S03,Vindhya Herb Traders,2023-09-11,2023-09-26,2023-09-26,170,240.0,40800.0,Delivered On Time
PO000425,M10,S03,Vindhya Herb Traders,2023-10-02,2023-10-17,2023-10-17,200,240.0,48000.0,Delivered On Time
PO000426,M10,S03,Vindhya Herb Traders,2023-10-23,2023-11-07,2023-11-07,180,240.0,43200.0,Delivered On Time
PO000427,M10,S03,Vindhya Herb Traders,2023-11-13,2023-11-28,2023-11-28,170,240.0,40800.0,Delivered On Time
PO000428,M10,S03,Vindhya Herb Traders,2023-12-04,2023-12-19,2023-12-19,180,240.0,43200.0,Delivered On Time
PO000429,M10,S03,Vindhya Herb Traders,2024-01-01,2024-01-16,2024-01-16,190,240.0,45600.0,Delivered On Time
PO000430,M10,S03,Vindhya Herb Traders,2024-01-15,2024-01-30,2024-01-30,170,240.0,40800.0,Delivered On Time
PO000431,M10,S03,Vindhya Herb Traders,2024-01-29,2024-02-13,2024-02-13,190,240.0,45600.0,Delivered On Time
PO000432,M10,S03,Vindhya Herb Traders,2024-02-19,2024-03-05,2024-03-05,220,240.0,52800.0,Delivered On Time
PO000433,M10,S03,Vindhya Herb Traders,2024-03-11,2024-03-26,2024-03-26,190,240.0,45600.0,Delivered On Time
PO000434,M10,S03,Vindhya Herb Traders,2024-03-25,2024-04-09,2024-04-16,180,240.0,43200.0,Delivered Late
PO000435,M10,S03,Vindhya Herb Traders,2024-04-08,2024-04-23,2024-04-23,180,240.0,43200.0,Delivered On Time
PO000436,M10,S03,Vindhya Herb Traders,2024-04-29,2024-05-14,2024-05-14,230,240.0,55200.0,Delivered On Time
PO000437,M10,S03,Vindhya Herb Traders,2024-05-20,2024-06-04,2024-06-04,230,240.0,55200.0,Delivered On Time
PO000438,M10,S03,Vindhya Herb Traders,2024-06-10,2024-06-25,2024-06-25,170,240.0,40800.0,Delivered On Time
PO000439,M10,S03,Vindhya Herb Traders,2024-07-01,2024-07-16,2024-07-16,200,240.0,48000.0,Delivered On Time
PO000440,M10,S03,Vindhya Herb Traders,2024-07-22,2024-08-06,2024-08-06,230,240.0,55200.0,Delivered On Time
PO000441,M10,S03,Vindhya Herb Traders,2024-08-12,2024-08-27,2024-08-27,240,240.0,57600.0,Delivered On Time
PO000442,M10,S03,Vindhya Herb Traders,2024-08-26,2024-09-10,2024-09-10,220,240.0,52800.0,Delivered On Time
PO000443,M10,S03,Vindhya Herb Traders,2024-09-09,2024-09-24,2024-09-24,250,240.0,60000.0,Delivered On Time
PO000444,M10,S03,Vindhya Herb Traders,2024-09-30,2024-10-15,2024-10-15,190,240.0,45600.0,Delivered On Time
PO000445,M10,S03,Vindhya Herb Traders,2024-10-21,2024-11-05,2024-11-05,170,240.0,40800.0,Delivered On Time
PO000446,M10,S03,Vindhya Herb Traders,2024-11-18,2024-12-03,2024-12-03,210,240.0,50400.0,Delivered On Time
PO000447,M11,S03,Vindhya Herb Traders,2022-02-14,2022-03-01,2022-03-01,230,200.0,46000.0,Delivered On Time
PO000448,M11,S03,Vindhya Herb Traders,2022-03-21,2022-04-05,2022-04-05,240,200.0,48000.0,Delivered On Time
PO000449,M11,S03,Vindhya Herb Traders,2022-04-18,2022-05-03,2022-05-03,310,200.0,62000.0,Delivered On Time
PO000450,M11,S03,Vindhya Herb Traders,2022-05-02,2022-05-17,2022-05-17,250,200.0,50000.0,Delivered On Time
PO000451,M11,S03,Vindhya Herb Traders,2022-05-16,2022-05-31,2022-06-07,240,200.0,48000.0,Delivered Late
PO000452,M11,S03,Vindhya Herb Traders,2022-05-30,2022-06-14,2022-06-14,200,200.0,40000.0,Delivered On Time
PO000453,M11,S03,Vindhya Herb Traders,2022-06-13,2022-06-28,2022-06-28,240,200.0,48000.0,Delivered On Time
PO000454,M11,S03,Vindhya Herb Traders,2022-06-27,2022-07-12,2022-07-12,250,200.0,50000.0,Delivered On Time
PO000455,M11,S03,Vindhya Herb Traders,2022-07-11,2022-07-26,2022-08-02,230,200.0,46000.0,Delivered Late
PO000456,M11,S03,Vindhya Herb Traders,2022-07-25,2022-08-09,2022-08-09,250,200.0,50000.0,Delivered On Time
PO000457,M11,S03,Vindhya Herb Traders,2022-08-08,2022-08-23,2022-08-23,240,200.0,48000.0,Delivered On Time
PO000458,M11,S03,Vindhya Herb Traders,2022-09-05,2022-09-20,2022-09-20,260,200.0,52000.0,Delivered On Time
PO000459,M11,S03,Vindhya Herb Traders,2022-10-17,2022-11-01,2022-11-01,220,200.0,44000.0,Delivered On Time
PO000460,M11,S03,Vindhya Herb Traders,2022-11-28,2022-12-13,2022-12-13,230,200.0,46000.0,Delivered On Time
PO000461,M11,S03,Vindhya Herb Traders,2023-01-09,2023-01-24,2023-01-24,200,200.0,40000.0,Delivered On Time
PO000462,M11,S03,Vindhya Herb Traders,2023-02-06,2023-02-21,2023-02-21,260,200.0,52000.0,Delivered On Time
PO000463,M11,S03,Vindhya Herb Traders,2023-03-06,2023-03-21,2023-03-28,220,200.0,44000.0,Delivered Late
PO000464,M11,S03,Vindhya Herb Traders,2023-04-03,2023-04-18,2023-04-18,240,200.0,48000.0,Delivered On Time
PO000465,M11,S03,Vindhya Herb Traders,2023-04-17,2023-05-02,2023-05-09,260,200.0,52000.0,Delivered Late
PO000466,M11,S03,Vindhya Herb Traders,2023-05-01,2023-05-16,2023-05-16,220,200.0,44000.0,Delivered On Time
PO000467,M11,S03,Vindhya Herb Traders,2023-05-22,2023-06-06,2023-06-06,280,200.0,56000.0,Delivered On Time
PO000468,M11,S03,Vindhya Herb Traders,2023-06-05,2023-06-20,2023-06-20,280,200.0,56000.0,Delivered On Time
PO000469,M11,S03,Vindhya Herb Traders,2023-06-26,2023-07-11,2023-07-11,300,200.0,60000.0,Delivered On Time
PO000470,M11,S03,Vindhya Herb Traders,2023-07-10,2023-07-25,2023-07-25,260,200.0,52000.0,Delivered On Time
PO000471,M11,S03,Vindhya Herb Traders,2023-07-24,2023-08-08,2023-08-08,220,200.0,44000.0,Delivered On Time
PO000472,M11,S03,Vindhya Herb Traders,2023-08-07,2023-08-22,2023-08-22,210,200.0,42000.0,Delivered On Time
PO000473,M11,S03,Vindhya Herb Traders,2023-08-28,2023-09-12,2023-09-12,240,200.0,48000.0,Delivered On Time
PO000474,M11,S03,Vindhya Herb Traders,2023-10-02,2023-10-17,2023-10-17,240,200.0,48000.0,Delivered On Time
PO000475,M11,S03,Vindhya Herb Traders,2023-11-13,2023-11-28,2023-11-28,240,200.0,48000.0,Delivered On Time
PO000476,M11,S03,Vindhya Herb Traders,2023-12-25,2024-01-09,2024-01-09,210,200.0,42000.0,Delivered On Time
PO000477,M11,S03,Vindhya Herb Traders,2024-01-29,2024-02-13,2024-02-13,270,200.0,54000.0,Delivered On Time
PO000478,M11,S03,Vindhya Herb Traders,2024-02-19,2024-03-05,2024-03-12,200,200.0,40000.0,Delivered Late
PO000479,M11,S03,Vindhya Herb Traders,2024-03-18,2024-04-02,2024-04-02,270,200.0,54000.0,Delivered On Time
PO000480,M11,S03,Vindhya Herb Traders,2024-04-08,2024-04-23,2024-04-23,200,200.0,40000.0,Delivered On Time
PO000481,M11,S03,Vindhya Herb Traders,2024-04-22,2024-05-07,2024-05-07,320,200.0,64000.0,Delivered On Time
PO000482,M11,S03,Vindhya Herb Traders,2024-05-06,2024-05-21,2024-05-21,280,200.0,56000.0,Delivered On Time
PO000483,M11,S03,Vindhya Herb Traders,2024-05-20,2024-06-04,2024-06-04,290,200.0,58000.0,Delivered On Time
PO000484,M11,S03,Vindhya Herb Traders,2024-06-03,2024-06-18,2024-06-18,300,200.0,60000.0,Delivered On Time
PO000485,M11,S03,Vindhya Herb Traders,2024-06-17,2024-07-02,2024-07-02,300,200.0,60000.0,Delivered On Time
PO000486,M11,S03,Vindhya Herb Traders,2024-07-01,2024-07-16,2024-07-16,310,200.0,62000.0,Delivered On Time
PO000487,M11,S03,Vindhya Herb Traders,2024-07-15,2024-07-30,2024-07-30,300,200.0,60000.0,Delivered On Time
PO000488,M11,S03,Vindhya Herb Traders,2024-07-29,2024-08-13,2024-08-13,280,200.0,56000.0,Delivered On Time
PO000489,M11,S03,Vindhya Herb Traders,2024-08-12,2024-08-27,2024-08-27,240,200.0,48000.0,Delivered On Time
PO000490,M11,S03,Vindhya Herb Traders,2024-09-02,2024-09-17,2024-09-17,260,200.0,52000.0,Delivered On Time
PO000491,M11,S03,Vindhya Herb Traders,2024-10-07,2024-10-22,2024-10-22,230,200.0,46000.0,Delivered On Time
PO000492,M11,S03,Vindhya Herb Traders,2024-11-11,2024-11-26,2024-11-26,210,200.0,42000.0,Delivered On Time
PO000493,M11,S03,Vindhya Herb Traders,2024-12-02,2024-12-17,2024-12-17,210,200.0,42000.0,Delivered On Time
PO000494,M13,S03,Vindhya Herb Traders,2022-01-10,2022-01-25,2022-01-25,110,270.0,29700.0,Delivered On Time
PO000495,M13,S03,Vindhya Herb Traders,2022-02-21,2022-03-08,2022-03-08,80,270.0,21600.0,Delivered On Time
PO000496,M13,S03,Vindhya Herb Traders,2022-03-28,2022-04-12,2022-04-12,90,270.0,24300.0,Delivered On Time
PO000497,M13,S03,Vindhya Herb Traders,2022-05-09,2022-05-24,2022-05-31,100,270.0,27000.0,Delivered Late
PO000498,M13,S03,Vindhya Herb Traders,2022-06-13,2022-06-28,2022-06-28,100,270.0,27000.0,Delivered On Time
PO000499,M13,S03,Vindhya Herb Traders,2022-07-18,2022-08-02,2022-08-02,90,270.0,24300.0,Delivered On Time
PO000500,M13,S03,Vindhya Herb Traders,2022-08-15,2022-08-30,2022-08-30,90,270.0,24300.0,Delivered On Time
PO000501,M13,S03,Vindhya Herb Traders,2022-09-12,2022-09-27,2022-09-27,130,270.0,35100.0,Delivered On Time
PO000502,M13,S03,Vindhya Herb Traders,2022-09-26,2022-10-11,2022-10-11,80,270.0,21600.0,Delivered On Time
PO000503,M13,S03,Vindhya Herb Traders,2022-10-10,2022-10-25,2022-10-25,90,270.0,24300.0,Delivered On Time
PO000504,M13,S03,Vindhya Herb Traders,2022-10-24,2022-11-08,2022-11-08,80,270.0,21600.0,Delivered On Time
PO000505,M13,S03,Vindhya Herb Traders,2022-11-07,2022-11-22,2022-11-22,90,270.0,24300.0,Delivered On Time
PO000506,M13,S03,Vindhya Herb Traders,2022-11-21,2022-12-06,2022-12-06,100,270.0,27000.0,Delivered On Time
PO000507,M13,S03,Vindhya Herb Traders,2022-12-05,2022-12-20,2022-12-20,90,270.0,24300.0,Delivered On Time
PO000508,M13,S03,Vindhya Herb Traders,2022-12-19,2023-01-03,2023-01-03,110,270.0,29700.0,Delivered On Time
PO000509,M13,S03,Vindhya Herb Traders,2023-01-02,2023-01-17,2023-01-17,90,270.0,24300.0,Delivered On Time
PO000510,M13,S03,Vindhya Herb Traders,2023-02-13,2023-02-28,2023-02-28,100,270.0,27000.0,Delivered On Time
PO000511,M13,S03,Vindhya Herb Traders,2023-03-27,2023-04-11,2023-04-11,100,270.0,27000.0,Delivered On Time
PO000512,M13,S03,Vindhya Herb Traders,2023-05-08,2023-05-23,2023-05-23,100,270.0,27000.0,Delivered On Time
PO000513,M13,S03,Vindhya Herb Traders,2023-06-05,2023-06-20,2023-06-27,90,270.0,24300.0,Delivered Late
PO000514,M13,S03,Vindhya Herb Traders,2023-07-03,2023-07-18,2023-07-18,90,270.0,24300.0,Delivered On Time
PO000515,M13,S03,Vindhya Herb Traders,2023-08-07,2023-08-22,2023-08-22,100,270.0,27000.0,Delivered On Time
PO000516,M13,S03,Vindhya Herb Traders,2023-09-04,2023-09-19,2023-09-19,100,270.0,27000.0,Delivered On Time
PO000517,M13,S03,Vindhya Herb Traders,2023-09-18,2023-10-03,2023-10-03,100,270.0,27000.0,Delivered On Time
PO000518,M13,S03,Vindhya Herb Traders,2023-10-02,2023-10-17,2023-10-17,130,270.0,35100.0,Delivered On Time
PO000519,M13,S03,Vindhya Herb Traders,2023-10-16,2023-10-31,2023-10-31,130,270.0,35100.0,Delivered On Time
PO000520,M13,S03,Vindhya Herb Traders,2023-10-30,2023-11-14,2023-11-14,90,270.0,24300.0,Delivered On Time
PO000521,M13,S03,Vindhya Herb Traders,2023-11-13,2023-11-28,2023-11-28,90,270.0,24300.0,Delivered On Time
PO000522,M13,S03,Vindhya Herb Traders,2023-11-27,2023-12-12,2023-12-12,100,270.0,27000.0,Delivered On Time
PO000523,M13,S03,Vindhya Herb Traders,2023-12-18,2024-01-02,2024-01-02,130,270.0,35100.0,Delivered On Time
PO000524,M13,S03,Vindhya Herb Traders,2024-01-01,2024-01-16,2024-01-16,100,270.0,27000.0,Delivered On Time
PO000525,M13,S03,Vindhya Herb Traders,2024-01-29,2024-02-13,2024-02-13,100,270.0,27000.0,Delivered On Time
PO000526,M13,S03,Vindhya Herb Traders,2024-03-04,2024-03-19,2024-03-19,90,270.0,24300.0,Delivered On Time
PO000527,M13,S03,Vindhya Herb Traders,2024-04-08,2024-04-23,2024-04-23,90,270.0,24300.0,Delivered On Time
PO000528,M13,S03,Vindhya Herb Traders,2024-05-13,2024-05-28,2024-05-28,100,270.0,27000.0,Delivered On Time
PO000529,M13,S03,Vindhya Herb Traders,2024-06-10,2024-06-25,2024-06-25,100,270.0,27000.0,Delivered On Time
PO000530,M13,S03,Vindhya Herb Traders,2024-07-08,2024-07-23,2024-07-30,90,270.0,24300.0,Delivered Late
PO000531,M13,S03,Vindhya Herb Traders,2024-08-05,2024-08-20,2024-08-20,100,270.0,27000.0,Delivered On Time
PO000532,M13,S03,Vindhya Herb Traders,2024-08-26,2024-09-10,2024-09-10,100,270.0,27000.0,Delivered On Time
PO000533,M13,S03,Vindhya Herb Traders,2024-09-09,2024-09-24,2024-09-24,120,270.0,32400.0,Delivered On Time
PO000534,M13,S03,Vindhya Herb Traders,2024-09-23,2024-10-08,2024-10-08,130,270.0,35100.0,Delivered On Time
PO000535,M13,S03,Vindhya Herb Traders,2024-10-07,2024-10-22,2024-10-22,150,270.0,40500.0,Delivered On Time
PO000536,M13,S03,Vindhya Herb Traders,2024-10-21,2024-11-05,2024-11-05,100,270.0,27000.0,Delivered On Time
PO000537,M13,S03,Vindhya Herb Traders,2024-11-04,2024-11-19,2024-11-26,120,270.0,32400.0,Delivered Late
PO000538,M13,S03,Vindhya Herb Traders,2024-12-02,2024-12-17,2024-12-17,100,270.0,27000.0,Delivered On Time
PO000539,M14,S03,Vindhya Herb Traders,2022-02-14,2022-03-01,2022-03-01,90,180.0,16200.0,Delivered On Time
PO000540,M14,S03,Vindhya Herb Traders,2022-03-21,2022-04-05,2022-04-05,120,180.0,21600.0,Delivered On Time
PO000541,M14,S03,Vindhya Herb Traders,2022-04-11,2022-04-26,2022-04-26,90,180.0,16200.0,Delivered On Time
PO000542,M14,S03,Vindhya Herb Traders,2022-04-25,2022-05-10,2022-05-10,110,180.0,19800.0,Delivered On Time
PO000543,M14,S03,Vindhya Herb Traders,2022-05-09,2022-05-24,2022-05-24,100,180.0,18000.0,Delivered On Time
PO000544,M14,S03,Vindhya Herb Traders,2022-05-23,2022-06-07,2022-06-07,100,180.0,18000.0,Delivered On Time
PO000545,M14,S03,Vindhya Herb Traders,2022-06-13,2022-06-28,2022-06-28,140,180.0,25200.0,Delivered On Time
PO000546,M14,S03,Vindhya Herb Traders,2022-06-27,2022-07-12,2022-07-12,100,180.0,18000.0,Delivered On Time
PO000547,M14,S03,Vindhya Herb Traders,2022-07-11,2022-07-26,2022-07-26,110,180.0,19800.0,Delivered On Time
PO000548,M14,S03,Vindhya Herb Traders,2022-07-25,2022-08-09,2022-08-09,90,180.0,16200.0,Delivered On Time
PO000549,M14,S03,Vindhya Herb Traders,2022-08-08,2022-08-23,2022-08-23,120,180.0,21600.0,Delivered On Time
PO000550,M14,S03,Vindhya Herb Traders,2022-09-05,2022-09-20,2022-09-20,100,180.0,18000.0,Delivered On Time
PO000551,M14,S03,Vindhya Herb Traders,2022-10-17,2022-11-01,2022-11-01,100,180.0,18000.0,Delivered On Time
PO000552,M14,S03,Vindhya Herb Traders,2022-12-05,2022-12-20,2022-12-20,100,180.0,18000.0,Delivered On Time
PO000553,M14,S03,Vindhya Herb Traders,2023-01-16,2023-01-31,2023-01-31,90,180.0,16200.0,Delivered On Time
PO000554,M14,S03,Vindhya Herb Traders,2023-02-06,2023-02-21,2023-02-21,90,180.0,16200.0,Delivered On Time
PO000555,M14,S03,Vindhya Herb Traders,2023-03-06,2023-03-21,2023-03-21,100,180.0,18000.0,Delivered On Time
PO000556,M14,S03,Vindhya Herb Traders,2023-04-10,2023-04-25,2023-04-25,130,180.0,23400.0,Delivered On Time
PO000557,M14,S03,Vindhya Herb Traders,2023-04-24,2023-05-09,2023-05-09,100,180.0,18000.0,Delivered On Time
PO000558,M14,S03,Vindhya Herb Traders,2023-05-08,2023-05-23,2023-05-23,100,180.0,18000.0,Delivered On Time
PO000559,M14,S03,Vindhya Herb Traders,2023-05-22,2023-06-06,2023-06-06,110,180.0,19800.0,Delivered On Time
PO000560,M14,S03,Vindhya Herb Traders,2023-06-05,2023-06-20,2023-06-20,130,180.0,23400.0,Delivered On Time
PO000561,M14,S03,Vindhya Herb Traders,2023-06-19,2023-07-04,2023-07-04,110,180.0,19800.0,Delivered On Time
PO000562,M14,S03,Vindhya Herb Traders,2023-07-03,2023-07-18,2023-07-18,100,180.0,18000.0,Delivered On Time
PO000563,M14,S03,Vindhya Herb Traders,2023-07-17,2023-08-01,2023-08-01,100,180.0,18000.0,Delivered On Time
PO000564,M14,S03,Vindhya Herb Traders,2023-07-31,2023-08-15,2023-08-15,120,180.0,21600.0,Delivered On Time
PO000565,M14,S03,Vindhya Herb Traders,2023-08-14,2023-08-29,2023-08-29,90,180.0,16200.0,Delivered On Time
PO000566,M14,S03,Vindhya Herb Traders,2023-09-18,2023-10-03,2023-10-03,110,180.0,19800.0,Delivered On Time
PO000567,M14,S03,Vindhya Herb Traders,2023-11-06,2023-11-21,2023-11-21,110,180.0,19800.0,Delivered On Time
PO000568,M14,S03,Vindhya Herb Traders,2023-12-11,2023-12-26,2023-12-26,100,180.0,18000.0,Delivered On Time
PO000569,M14,S03,Vindhya Herb Traders,2024-01-15,2024-01-30,2024-01-30,110,180.0,19800.0,Delivered On Time
PO000570,M14,S03,Vindhya Herb Traders,2024-02-12,2024-02-27,2024-02-27,100,180.0,18000.0,Delivered On Time
PO000571,M14,S03,Vindhya Herb Traders,2024-03-11,2024-03-26,2024-03-26,120,180.0,21600.0,Delivered On Time
PO000572,M14,S03,Vindhya Herb Traders,2024-04-01,2024-04-16,2024-04-16,90,180.0,16200.0,Delivered On Time
PO000573,M14,S03,Vindhya Herb Traders,2024-04-15,2024-04-30,2024-04-30,90,180.0,16200.0,Delivered On Time
PO000574,M14,S03,Vindhya Herb Traders,2024-04-29,2024-05-14,2024-05-14,110,180.0,19800.0,Delivered On Time
PO000575,M14,S03,Vindhya Herb Traders,2024-05-13,2024-05-28,2024-05-28,130,180.0,23400.0,Delivered On Time
PO000576,M14,S03,Vindhya Herb Traders,2024-05-27,2024-06-11,2024-06-11,140,180.0,25200.0,Delivered On Time
PO000577,M14,S03,Vindhya Herb Traders,2024-06-10,2024-06-25,2024-06-25,140,180.0,25200.0,Delivered On Time
PO000578,M14,S03,Vindhya Herb Traders,2024-06-24,2024-07-09,2024-07-09,160,180.0,28800.0,Delivered On Time
PO000579,M14,S03,Vindhya Herb Traders,2024-07-08,2024-07-23,2024-07-23,130,180.0,23400.0,Delivered On Time
PO000580,M14,S03,Vindhya Herb Traders,2024-07-22,2024-08-06,2024-08-06,130,180.0,23400.0,Delivered On Time
PO000581,M14,S03,Vindhya Herb Traders,2024-08-05,2024-08-20,2024-08-20,120,180.0,21600.0,Delivered On Time
PO000582,M14,S03,Vindhya Herb Traders,2024-08-26,2024-09-10,2024-09-17,90,180.0,16200.0,Delivered Late
PO000583,M14,S03,Vindhya Herb Traders,2024-09-16,2024-10-01,2024-10-01,90,180.0,16200.0,Delivered On Time
PO000584,M14,S03,Vindhya Herb Traders,2024-10-21,2024-11-05,2024-11-05,100,180.0,18000.0,Delivered On Time
PO000585,M14,S03,Vindhya Herb Traders,2024-12-02,2024-12-17,2024-12-17,140,180.0,25200.0,Delivered On Time
PO000586,M15,S04,Shree Base Materials Co.,2022-01-17,2022-01-27,2022-01-27,40,160.0,6400.0,Delivered On Time
PO000587,M15,S04,Shree Base Materials Co.,2022-02-28,2022-03-10,2022-03-10,30,160.0,4800.0,Delivered On Time
PO000588,M15,S04,Shree Base Materials Co.,2022-04-04,2022-04-14,2022-04-14,30,160.0,4800.0,Delivered On Time
PO000589,M15,S04,Shree Base Materials Co.,2022-05-09,2022-05-19,2022-05-19,30,160.0,4800.0,Delivered On Time
PO000590,M15,S04,Shree Base Materials Co.,2022-06-06,2022-06-16,2022-06-16,30,160.0,4800.0,Delivered On Time
PO000591,M15,S04,Shree Base Materials Co.,2022-07-11,2022-07-21,2022-07-21,30,160.0,4800.0,Delivered On Time
PO000592,M15,S04,Shree Base Materials Co.,2022-08-15,2022-08-25,2022-08-25,40,160.0,6400.0,Delivered On Time
PO000593,M15,S04,Shree Base Materials Co.,2022-09-05,2022-09-15,2022-09-15,30,160.0,4800.0,Delivered On Time
PO000594,M15,S04,Shree Base Materials Co.,2022-09-26,2022-10-06,2022-10-06,50,160.0,8000.0,Delivered On Time
PO000595,M15,S04,Shree Base Materials Co.,2022-10-10,2022-10-20,2022-10-20,30,160.0,4800.0,Delivered On Time
PO000596,M15,S04,Shree Base Materials Co.,2022-10-24,2022-11-03,2022-11-03,50,160.0,8000.0,Delivered On Time
PO000597,M15,S04,Shree Base Materials Co.,2022-11-07,2022-11-17,2022-11-17,40,160.0,6400.0,Delivered On Time
PO000598,M15,S04,Shree Base Materials Co.,2022-11-21,2022-12-01,2022-12-01,30,160.0,4800.0,Delivered On Time
PO000599,M15,S04,Shree Base Materials Co.,2022-12-05,2022-12-15,2022-12-15,50,160.0,8000.0,Delivered On Time
PO000600,M15,S04,Shree Base Materials Co.,2022-12-19,2022-12-29,2022-12-29,40,160.0,6400.0,Delivered On Time
PO000601,M15,S04,Shree Base Materials Co.,2023-01-02,2023-01-12,2023-01-12,40,160.0,6400.0,Delivered On Time
PO000602,M15,S04,Shree Base Materials Co.,2023-01-23,2023-02-02,2023-02-02,40,160.0,6400.0,Delivered On Time
PO000603,M15,S04,Shree Base Materials Co.,2023-02-27,2023-03-09,2023-03-09,30,160.0,4800.0,Delivered On Time
PO000604,M15,S04,Shree Base Materials Co.,2023-04-03,2023-04-13,2023-04-13,30,160.0,4800.0,Delivered On Time
PO000605,M15,S04,Shree Base Materials Co.,2023-05-08,2023-05-18,2023-05-18,30,160.0,4800.0,Delivered On Time
PO000606,M15,S04,Shree Base Materials Co.,2023-06-05,2023-06-15,2023-06-15,30,160.0,4800.0,Delivered On Time
PO000607,M15,S04,Shree Base Materials Co.,2023-07-10,2023-07-20,2023-07-20,40,160.0,6400.0,Delivered On Time
PO000608,M15,S04,Shree Base Materials Co.,2023-08-14,2023-08-24,2023-08-24,30,160.0,4800.0,Delivered On Time
PO000609,M15,S04,Shree Base Materials Co.,2023-09-04,2023-09-14,2023-09-14,30,160.0,4800.0,Delivered On Time
PO000610,M15,S04,Shree Base Materials Co.,2023-09-25,2023-10-05,2023-10-05,50,160.0,8000.0,Delivered On Time
PO000611,M15,S04,Shree Base Materials Co.,2023-10-09,2023-10-19,2023-10-19,40,160.0,6400.0,Delivered On Time
PO000612,M15,S04,Shree Base Materials Co.,2023-10-23,2023-11-02,2023-11-02,50,160.0,8000.0,Delivered On Time
PO000613,M15,S04,Shree Base Materials Co.,2023-11-06,2023-11-16,2023-11-16,30,160.0,4800.0,Delivered On Time
PO000614,M15,S04,Shree Base Materials Co.,2023-11-20,2023-11-30,2023-11-30,60,160.0,9600.0,Delivered On Time
PO000615,M15,S04,Shree Base Materials Co.,2023-12-04,2023-12-14,2023-12-14,40,160.0,6400.0,Delivered On Time
PO000616,M15,S04,Shree Base Materials Co.,2023-12-18,2023-12-28,2023-12-28,50,160.0,8000.0,Delivered On Time
PO000617,M15,S04,Shree Base Materials Co.,2024-01-01,2024-01-11,2024-01-11,50,160.0,8000.0,Delivered On Time
PO000618,M15,S04,Shree Base Materials Co.,2024-01-15,2024-01-25,2024-01-25,40,160.0,6400.0,Delivered On Time
PO000619,M15,S04,Shree Base Materials Co.,2024-02-12,2024-02-22,2024-02-22,40,160.0,6400.0,Delivered On Time
PO000620,M15,S04,Shree Base Materials Co.,2024-03-18,2024-03-28,2024-03-28,40,160.0,6400.0,Delivered On Time
PO000621,M15,S04,Shree Base Materials Co.,2024-04-15,2024-04-25,2024-04-25,30,160.0,4800.0,Delivered On Time
PO000622,M15,S04,Shree Base Materials Co.,2024-05-13,2024-05-23,2024-05-23,30,160.0,4800.0,Delivered On Time
PO000623,M15,S04,Shree Base Materials Co.,2024-06-03,2024-06-13,2024-06-20,30,160.0,4800.0,Delivered Late
PO000624,M15,S04,Shree Base Materials Co.,2024-07-01,2024-07-11,2024-07-11,40,160.0,6400.0,Delivered On Time
PO000625,M15,S04,Shree Base Materials Co.,2024-07-29,2024-08-08,2024-08-08,40,160.0,6400.0,Delivered On Time
PO000626,M15,S04,Shree Base Materials Co.,2024-08-19,2024-08-29,2024-08-29,40,160.0,6400.0,Delivered On Time
PO000627,M15,S04,Shree Base Materials Co.,2024-09-02,2024-09-12,2024-09-12,40,160.0,6400.0,Delivered On Time
PO000628,M15,S04,Shree Base Materials Co.,2024-09-16,2024-09-26,2024-09-26,50,160.0,8000.0,Delivered On Time
PO000629,M15,S04,Shree Base Materials Co.,2024-09-30,2024-10-10,2024-10-10,50,160.0,8000.0,Delivered On Time
PO000630,M15,S04,Shree Base Materials Co.,2024-10-14,2024-10-24,2024-10-24,40,160.0,6400.0,Delivered On Time
PO000631,M15,S04,Shree Base Materials Co.,2024-10-28,2024-11-07,2024-11-07,40,160.0,6400.0,Delivered On Time
PO000632,M15,S04,Shree Base Materials Co.,2024-11-04,2024-11-14,2024-11-14,30,160.0,4800.0,Delivered On Time
PO000633,M15,S04,Shree Base Materials Co.,2024-11-18,2024-11-28,2024-11-28,30,160.0,4800.0,Delivered On Time
PO000634,M15,S04,Shree Base Materials Co.,2024-12-09,2024-12-19,2024-12-19,40,160.0,6400.0,Delivered On Time
PO000635,M16,S03,Vindhya Herb Traders,2022-01-10,2022-01-25,2022-01-25,40,290.0,11600.0,Delivered On Time
PO000636,M16,S03,Vindhya Herb Traders,2022-02-07,2022-02-22,2022-02-22,50,290.0,14500.0,Delivered On Time
PO000637,M16,S03,Vindhya Herb Traders,2022-03-07,2022-03-22,2022-03-22,40,290.0,11600.0,Delivered On Time
PO000638,M16,S03,Vindhya Herb Traders,2022-03-28,2022-04-12,2022-04-12,40,290.0,11600.0,Delivered On Time
PO000639,M16,S03,Vindhya Herb Traders,2022-04-25,2022-05-10,2022-05-10,40,290.0,11600.0,Delivered On Time
PO000640,M16,S03,Vindhya Herb Traders,2022-05-23,2022-06-07,2022-06-07,40,290.0,11600.0,Delivered On Time
PO000641,M16,S03,Vindhya Herb Traders,2022-06-27,2022-07-12,2022-07-12,40,290.0,11600.0,Delivered On Time
PO000642,M16,S03,Vindhya Herb Traders,2022-07-25,2022-08-09,2022-08-09,50,290.0,14500.0,Delivered On Time
PO000643,M16,S03,Vindhya Herb Traders,2022-08-22,2022-09-06,2022-09-06,50,290.0,14500.0,Delivered On Time
PO000644,M16,S03,Vindhya Herb Traders,2022-09-05,2022-09-20,2022-09-27,50,290.0,14500.0,Delivered Late
PO000645,M16,S03,Vindhya Herb Traders,2022-10-10,2022-10-25,2022-11-01,50,290.0,14500.0,Delivered Late
PO000646,M16,S03,Vindhya Herb Traders,2022-10-31,2022-11-15,2022-11-15,40,290.0,11600.0,Delivered On Time
PO000647,M16,S03,Vindhya Herb Traders,2022-12-05,2022-12-20,2022-12-27,40,290.0,11600.0,Delivered Late
PO000648,M16,S03,Vindhya Herb Traders,2022-12-26,2023-01-10,2023-01-10,40,290.0,11600.0,Delivered On Time
PO000649,M16,S03,Vindhya Herb Traders,2023-01-23,2023-02-07,2023-02-07,40,290.0,11600.0,Delivered On Time
PO000650,M16,S03,Vindhya Herb Traders,2023-02-13,2023-02-28,2023-02-28,40,290.0,11600.0,Delivered On Time
PO000651,M16,S03,Vindhya Herb Traders,2023-03-13,2023-03-28,2023-03-28,40,290.0,11600.0,Delivered On Time
PO000652,M16,S03,Vindhya Herb Traders,2023-04-03,2023-04-18,2023-04-18,40,290.0,11600.0,Delivered On Time
PO000653,M16,S03,Vindhya Herb Traders,2023-05-01,2023-05-16,2023-05-16,40,290.0,11600.0,Delivered On Time
PO000654,M16,S03,Vindhya Herb Traders,2023-05-29,2023-06-13,2023-06-13,50,290.0,14500.0,Delivered On Time
PO000655,M16,S03,Vindhya Herb Traders,2023-06-26,2023-07-11,2023-07-11,40,290.0,11600.0,Delivered On Time
PO000656,M16,S03,Vindhya Herb Traders,2023-07-17,2023-08-01,2023-08-01,40,290.0,11600.0,Delivered On Time
PO000657,M16,S03,Vindhya Herb Traders,2023-08-14,2023-08-29,2023-08-29,40,290.0,11600.0,Delivered On Time
PO000658,M16,S03,Vindhya Herb Traders,2023-08-28,2023-09-12,2023-09-12,40,290.0,11600.0,Delivered On Time
PO000659,M16,S03,Vindhya Herb Traders,2023-09-18,2023-10-03,2023-10-03,40,290.0,11600.0,Delivered On Time
PO000660,M16,S03,Vindhya Herb Traders,2023-10-16,2023-10-31,2023-10-31,40,290.0,11600.0,Delivered On Time
PO000661,M16,S03,Vindhya Herb Traders,2023-11-06,2023-11-21,2023-11-21,50,290.0,14500.0,Delivered On Time
PO000662,M16,S03,Vindhya Herb Traders,2023-12-11,2023-12-26,2023-12-26,50,290.0,14500.0,Delivered On Time
PO000663,M16,S03,Vindhya Herb Traders,2024-01-01,2024-01-16,2024-01-16,50,290.0,14500.0,Delivered On Time
PO000664,M16,S03,Vindhya Herb Traders,2024-01-22,2024-02-06,2024-02-06,40,290.0,11600.0,Delivered On Time
PO000665,M16,S03,Vindhya Herb Traders,2024-02-12,2024-02-27,2024-02-27,50,290.0,14500.0,Delivered On Time
PO000666,M16,S03,Vindhya Herb Traders,2024-03-04,2024-03-19,2024-03-19,40,290.0,11600.0,Delivered On Time
PO000667,M16,S03,Vindhya Herb Traders,2024-03-25,2024-04-09,2024-04-09,40,290.0,11600.0,Delivered On Time
PO000668,M16,S03,Vindhya Herb Traders,2024-04-15,2024-04-30,2024-04-30,50,290.0,14500.0,Delivered On Time
PO000669,M16,S03,Vindhya Herb Traders,2024-05-13,2024-05-28,2024-05-28,50,290.0,14500.0,Delivered On Time
PO000670,M16,S03,Vindhya Herb Traders,2024-06-10,2024-06-25,2024-06-25,50,290.0,14500.0,Delivered On Time
PO000671,M16,S03,Vindhya Herb Traders,2024-07-08,2024-07-23,2024-07-23,50,290.0,14500.0,Delivered On Time
PO000672,M16,S03,Vindhya Herb Traders,2024-07-29,2024-08-13,2024-08-13,40,290.0,11600.0,Delivered On Time
PO000673,M16,S03,Vindhya Herb Traders,2024-08-12,2024-08-27,2024-08-27,40,290.0,11600.0,Delivered On Time
PO000674,M16,S03,Vindhya Herb Traders,2024-08-26,2024-09-10,2024-09-10,40,290.0,11600.0,Delivered On Time
PO000675,M16,S03,Vindhya Herb Traders,2024-09-09,2024-09-24,2024-09-24,50,290.0,14500.0,Delivered On Time
PO000676,M16,S03,Vindhya Herb Traders,2024-10-07,2024-10-22,2024-10-22,40,290.0,11600.0,Delivered On Time
PO000677,M16,S03,Vindhya Herb Traders,2024-10-28,2024-11-12,2024-11-12,50,290.0,14500.0,Delivered On Time
PO000678,M16,S03,Vindhya Herb Traders,2024-12-02,2024-12-17,2024-12-17,40,290.0,11600.0,Delivered On Time
PO000679,M17,S03,Vindhya Herb Traders,2022-01-03,2022-01-18,2022-01-18,40,310.0,12400.0,Delivered On Time
PO000680,M17,S03,Vindhya Herb Traders,2022-02-14,2022-03-01,2022-03-01,40,310.0,12400.0,Delivered On Time
PO000681,M17,S03,Vindhya Herb Traders,2022-03-28,2022-04-12,2022-04-12,40,310.0,12400.0,Delivered On Time
PO000682,M17,S03,Vindhya Herb Traders,2022-05-09,2022-05-24,2022-05-24,40,310.0,12400.0,Delivered On Time
PO000683,M17,S03,Vindhya Herb Traders,2022-06-27,2022-07-12,2022-07-12,40,310.0,12400.0,Delivered On Time
PO000684,M17,S03,Vindhya Herb Traders,2022-08-08,2022-08-23,2022-08-23,50,310.0,15500.0,Delivered On Time
PO000685,M17,S03,Vindhya Herb Traders,2022-09-05,2022-09-20,2022-09-20,40,310.0,12400.0,Delivered On Time
PO000686,M17,S03,Vindhya Herb Traders,2022-09-26,2022-10-11,2022-10-11,60,310.0,18600.0,Delivered On Time
PO000687,M17,S03,Vindhya Herb Traders,2022-10-10,2022-10-25,2022-10-25,50,310.0,15500.0,Delivered On Time
PO000688,M17,S03,Vindhya Herb Traders,2022-10-24,2022-11-08,2022-11-08,40,310.0,12400.0,Delivered On Time
PO000689,M17,S03,Vindhya Herb Traders,2022-11-07,2022-11-22,2022-11-22,50,310.0,15500.0,Delivered On Time
PO000690,M17,S03,Vindhya Herb Traders,2022-11-21,2022-12-06,2022-12-13,40,310.0,12400.0,Delivered Late
PO000691,M17,S03,Vindhya Herb Traders,2022-12-12,2022-12-27,2022-12-27,60,310.0,18600.0,Delivered On Time
PO000692,M17,S03,Vindhya Herb Traders,2023-01-02,2023-01-17,2023-01-17,60,310.0,18600.0,Delivered On Time
PO000693,M17,S03,Vindhya Herb Traders,2023-02-13,2023-02-28,2023-02-28,40,310.0,12400.0,Delivered On Time
PO000694,M17,S03,Vindhya Herb Traders,2023-03-27,2023-04-11,2023-04-18,40,310.0,12400.0,Delivered Late
PO000695,M17,S03,Vindhya Herb Traders,2023-05-08,2023-05-23,2023-05-23,40,310.0,12400.0,Delivered On Time
PO000696,M17,S03,Vindhya Herb Traders,2023-06-12,2023-06-27,2023-06-27,40,310.0,12400.0,Delivered On Time
PO000697,M17,S03,Vindhya Herb Traders,2023-07-24,2023-08-08,2023-08-08,40,310.0,12400.0,Delivered On Time
PO000698,M17,S03,Vindhya Herb Traders,2023-08-28,2023-09-12,2023-09-12,50,310.0,15500.0,Delivered On Time
PO000699,M17,S03,Vindhya Herb Traders,2023-09-18,2023-10-03,2023-10-03,50,310.0,15500.0,Delivered On Time
PO000700,M17,S03,Vindhya Herb Traders,2023-10-02,2023-10-17,2023-10-17,50,310.0,15500.0,Delivered On Time
PO000701,M17,S03,Vindhya Herb Traders,2023-10-16,2023-10-31,2023-10-31,60,310.0,18600.0,Delivered On Time
PO000702,M17,S03,Vindhya Herb Traders,2023-11-06,2023-11-21,2023-11-21,50,310.0,15500.0,Delivered On Time
PO000703,M17,S03,Vindhya Herb Traders,2023-11-20,2023-12-05,2023-12-05,50,310.0,15500.0,Delivered On Time
PO000704,M17,S03,Vindhya Herb Traders,2023-12-11,2023-12-26,2023-12-26,50,310.0,15500.0,Delivered On Time
PO000705,M17,S03,Vindhya Herb Traders,2023-12-25,2024-01-09,2024-01-09,40,310.0,12400.0,Delivered On Time
PO000706,M17,S03,Vindhya Herb Traders,2024-01-15,2024-01-30,2024-01-30,40,310.0,12400.0,Delivered On Time
PO000707,M17,S03,Vindhya Herb Traders,2024-02-19,2024-03-05,2024-03-05,40,310.0,12400.0,Delivered On Time
PO000708,M17,S03,Vindhya Herb Traders,2024-03-18,2024-04-02,2024-04-02,40,310.0,12400.0,Delivered On Time
PO000709,M17,S03,Vindhya Herb Traders,2024-04-22,2024-05-07,2024-05-07,40,310.0,12400.0,Delivered On Time
PO000710,M17,S03,Vindhya Herb Traders,2024-05-20,2024-06-04,2024-06-04,40,310.0,12400.0,Delivered On Time
PO000711,M17,S03,Vindhya Herb Traders,2024-06-17,2024-07-02,2024-07-02,40,310.0,12400.0,Delivered On Time
PO000712,M17,S03,Vindhya Herb Traders,2024-07-22,2024-08-06,2024-08-06,40,310.0,12400.0,Delivered On Time
PO000713,M17,S03,Vindhya Herb Traders,2024-08-19,2024-09-03,2024-09-03,40,310.0,12400.0,Delivered On Time
PO000714,M17,S03,Vindhya Herb Traders,2024-09-09,2024-09-24,2024-09-24,50,310.0,15500.0,Delivered On Time
PO000715,M17,S03,Vindhya Herb Traders,2024-09-23,2024-10-08,2024-10-08,50,310.0,15500.0,Delivered On Time
PO000716,M17,S03,Vindhya Herb Traders,2024-10-07,2024-10-22,2024-10-22,50,310.0,15500.0,Delivered On Time
PO000717,M17,S03,Vindhya Herb Traders,2024-10-21,2024-11-05,2024-11-05,40,310.0,12400.0,Delivered On Time
PO000718,M17,S03,Vindhya Herb Traders,2024-11-04,2024-11-19,2024-11-19,50,310.0,15500.0,Delivered On Time
PO000719,M17,S03,Vindhya Herb Traders,2024-12-02,2024-12-17,2024-12-17,40,310.0,12400.0,Delivered On Time
PO000720,M18,S03,Vindhya Herb Traders,2022-01-17,2022-02-01,2022-02-01,30,400.0,12000.0,Delivered On Time
PO000721,M18,S03,Vindhya Herb Traders,2022-03-07,2022-03-22,2022-03-22,30,400.0,12000.0,Delivered On Time
PO000722,M18,S03,Vindhya Herb Traders,2022-04-18,2022-05-03,2022-05-03,30,400.0,12000.0,Delivered On Time
PO000723,M18,S03,Vindhya Herb Traders,2022-05-30,2022-06-14,2022-06-14,30,400.0,12000.0,Delivered On Time
PO000724,M18,S03,Vindhya Herb Traders,2022-07-11,2022-07-26,2022-07-26,30,400.0,12000.0,Delivered On Time
PO000725,M18,S03,Vindhya Herb Traders,2022-08-22,2022-09-06,2022-09-06,30,400.0,12000.0,Delivered On Time
PO000726,M18,S03,Vindhya Herb Traders,2022-09-12,2022-09-27,2022-10-04,30,400.0,12000.0,Delivered Late
PO000727,M18,S03,Vindhya Herb Traders,2022-10-03,2022-10-18,2022-10-18,30,400.0,12000.0,Delivered On Time
PO000728,M18,S03,Vindhya Herb Traders,2022-10-17,2022-11-01,2022-11-01,40,400.0,16000.0,Delivered On Time
PO000729,M18,S03,Vindhya Herb Traders,2022-10-31,2022-11-15,2022-11-15,30,400.0,12000.0,Delivered On Time
PO000730,M18,S03,Vindhya Herb Traders,2022-11-14,2022-11-29,2022-11-29,30,400.0,12000.0,Delivered On Time
PO000731,M18,S03,Vindhya Herb Traders,2022-12-05,2022-12-20,2022-12-20,30,400.0,12000.0,Delivered On Time
PO000732,M18,S03,Vindhya Herb Traders,2022-12-26,2023-01-10,2023-01-10,30,400.0,12000.0,Delivered On Time
PO000733,M18,S03,Vindhya Herb Traders,2023-01-16,2023-01-31,2023-01-31,30,400.0,12000.0,Delivered On Time
PO000734,M18,S03,Vindhya Herb Traders,2023-02-27,2023-03-14,2023-03-14,30,400.0,12000.0,Delivered On Time
PO000735,M18,S03,Vindhya Herb Traders,2023-04-17,2023-05-02,2023-05-02,30,400.0,12000.0,Delivered On Time
PO000736,M18,S03,Vindhya Herb Traders,2023-05-22,2023-06-06,2023-06-06,20,400.0,8000.0,Delivered On Time
PO000737,M18,S03,Vindhya Herb Traders,2023-06-19,2023-07-04,2023-07-04,30,400.0,12000.0,Delivered On Time
PO000738,M18,S03,Vindhya Herb Traders,2023-08-07,2023-08-22,2023-08-22,30,400.0,12000.0,Delivered On Time
PO000739,M18,S03,Vindhya Herb Traders,2023-08-28,2023-09-12,2023-09-12,30,400.0,12000.0,Delivered On Time
PO000740,M18,S03,Vindhya Herb Traders,2023-09-18,2023-10-03,2023-10-03,30,400.0,12000.0,Delivered On Time
PO000741,M18,S03,Vindhya Herb Traders,2023-10-02,2023-10-17,2023-10-17,30,400.0,12000.0,Delivered On Time
PO000742,M18,S03,Vindhya Herb Traders,2023-10-16,2023-10-31,2023-10-31,30,400.0,12000.0,Delivered On Time
PO000743,M18,S03,Vindhya Herb Traders,2023-11-06,2023-11-21,2023-11-21,40,400.0,16000.0,Delivered On Time
PO000744,M18,S03,Vindhya Herb Traders,2023-11-27,2023-12-12,2023-12-12,30,400.0,12000.0,Delivered On Time
PO000745,M18,S03,Vindhya Herb Traders,2023-12-11,2023-12-26,2023-12-26,30,400.0,12000.0,Delivered On Time
PO000746,M18,S03,Vindhya Herb Traders,2024-01-01,2024-01-16,2024-01-23,40,400.0,16000.0,Delivered Late
PO000747,M18,S03,Vindhya Herb Traders,2024-01-29,2024-02-13,2024-02-13,30,400.0,12000.0,Delivered On Time
PO000748,M18,S03,Vindhya Herb Traders,2024-03-11,2024-03-26,2024-03-26,30,400.0,12000.0,Delivered On Time
PO000749,M18,S03,Vindhya Herb Traders,2024-04-22,2024-05-07,2024-05-07,30,400.0,12000.0,Delivered On Time
PO000750,M18,S03,Vindhya Herb Traders,2024-05-27,2024-06-11,2024-06-11,30,400.0,12000.0,Delivered On Time
PO000751,M18,S03,Vindhya Herb Traders,2024-07-01,2024-07-16,2024-07-16,30,400.0,12000.0,Delivered On Time
PO000752,M18,S03,Vindhya Herb Traders,2024-08-05,2024-08-20,2024-08-20,30,400.0,12000.0,Delivered On Time
PO000753,M18,S03,Vindhya Herb Traders,2024-08-26,2024-09-10,2024-09-10,30,400.0,12000.0,Delivered On Time
PO000754,M18,S03,Vindhya Herb Traders,2024-09-09,2024-09-24,2024-09-24,30,400.0,12000.0,Delivered On Time
PO000755,M18,S03,Vindhya Herb Traders,2024-09-30,2024-10-15,2024-10-15,40,400.0,16000.0,Delivered On Time
PO000756,M18,S03,Vindhya Herb Traders,2024-10-14,2024-10-29,2024-10-29,30,400.0,12000.0,Delivered On Time
PO000757,M18,S03,Vindhya Herb Traders,2024-11-04,2024-11-19,2024-11-19,40,400.0,16000.0,Delivered On Time
PO000758,M18,S03,Vindhya Herb Traders,2024-12-02,2024-12-17,2024-12-17,30,400.0,12000.0,Delivered On Time
PO000759,M19,S08,Om Nutraceutical Premix Supplies,2022-01-10,2022-02-04,2022-02-04,30,520.0,15600.0,Delivered On Time
PO000760,M19,S08,Om Nutraceutical Premix Supplies,2022-02-14,2022-03-11,2022-03-18,30,520.0,15600.0,Delivered Late
PO000761,M19,S08,Om Nutraceutical Premix Supplies,2022-03-14,2022-04-08,2022-04-08,30,520.0,15600.0,Delivered On Time
PO000762,M19,S08,Om Nutraceutical Premix Supplies,2022-04-18,2022-05-13,2022-05-20,30,520.0,15600.0,Delivered Late
PO000763,M19,S08,Om Nutraceutical Premix Supplies,2022-05-16,2022-06-10,2022-06-17,30,520.0,15600.0,Delivered Late
PO000764,M19,S08,Om Nutraceutical Premix Supplies,2022-06-13,2022-07-08,2022-07-08,30,520.0,15600.0,Delivered On Time
PO000765,M19,S08,Om Nutraceutical Premix Supplies,2022-07-18,2022-08-12,2022-08-12,30,520.0,15600.0,Delivered On Time
PO000766,M19,S08,Om Nutraceutical Premix Supplies,2022-08-08,2022-09-02,2022-09-09,30,520.0,15600.0,Delivered Late
PO000767,M19,S08,Om Nutraceutical Premix Supplies,2022-08-29,2022-09-23,2022-09-23,40,520.0,20800.0,Delivered On Time
PO000768,M19,S08,Om Nutraceutical Premix Supplies,2022-10-03,2022-10-28,2022-10-28,30,520.0,15600.0,Delivered On Time
PO000769,M19,S08,Om Nutraceutical Premix Supplies,2022-10-31,2022-11-25,2022-11-25,30,520.0,15600.0,Delivered On Time
PO000770,M19,S08,Om Nutraceutical Premix Supplies,2022-11-28,2022-12-23,2022-12-30,30,520.0,15600.0,Delivered Late
PO000771,M19,S08,Om Nutraceutical Premix Supplies,2023-01-02,2023-01-27,2023-01-27,40,520.0,20800.0,Delivered On Time
PO000772,M19,S08,Om Nutraceutical Premix Supplies,2023-01-30,2023-02-24,2023-02-24,30,520.0,15600.0,Delivered On Time
PO000773,M19,S08,Om Nutraceutical Premix Supplies,2023-02-27,2023-03-24,2023-03-24,30,520.0,15600.0,Delivered On Time
PO000774,M19,S08,Om Nutraceutical Premix Supplies,2023-03-27,2023-04-21,2023-04-21,30,520.0,15600.0,Delivered On Time
PO000775,M19,S08,Om Nutraceutical Premix Supplies,2023-05-01,2023-05-26,2023-05-26,40,520.0,20800.0,Delivered On Time
PO000776,M19,S08,Om Nutraceutical Premix Supplies,2023-06-12,2023-07-07,2023-07-07,40,520.0,20800.0,Delivered On Time
PO000777,M19,S08,Om Nutraceutical Premix Supplies,2023-07-17,2023-08-11,2023-08-11,30,520.0,15600.0,Delivered On Time
PO000778,M19,S08,Om Nutraceutical Premix Supplies,2023-08-14,2023-09-08,2023-09-08,40,520.0,20800.0,Delivered On Time
PO000779,M19,S08,Om Nutraceutical Premix Supplies,2023-09-04,2023-09-29,2023-09-29,30,520.0,15600.0,Delivered On Time
PO000780,M19,S08,Om Nutraceutical Premix Supplies,2023-10-02,2023-10-27,2023-10-27,30,520.0,15600.0,Delivered On Time
PO000781,M19,S08,Om Nutraceutical Premix Supplies,2023-10-30,2023-11-24,2023-11-24,30,520.0,15600.0,Delivered On Time
PO000782,M19,S08,Om Nutraceutical Premix Supplies,2023-11-27,2023-12-22,2023-12-22,30,520.0,15600.0,Delivered On Time
PO000783,M19,S08,Om Nutraceutical Premix Supplies,2023-12-18,2024-01-12,2024-01-12,40,520.0,20800.0,Delivered On Time
PO000784,M19,S08,Om Nutraceutical Premix Supplies,2024-01-22,2024-02-16,2024-02-16,30,520.0,15600.0,Delivered On Time
PO000785,M19,S08,Om Nutraceutical Premix Supplies,2024-02-12,2024-03-08,2024-03-08,30,520.0,15600.0,Delivered On Time
PO000786,M19,S08,Om Nutraceutical Premix Supplies,2024-03-11,2024-04-05,2024-04-05,30,520.0,15600.0,Delivered On Time
PO000787,M19,S08,Om Nutraceutical Premix Supplies,2024-04-01,2024-04-26,2024-04-26,30,520.0,15600.0,Delivered On Time
PO000788,M19,S08,Om Nutraceutical Premix Supplies,2024-04-22,2024-05-17,2024-05-17,30,520.0,15600.0,Delivered On Time
PO000789,M19,S08,Om Nutraceutical Premix Supplies,2024-05-20,2024-06-14,2024-06-14,30,520.0,15600.0,Delivered On Time
PO000790,M19,S08,Om Nutraceutical Premix Supplies,2024-06-17,2024-07-12,2024-07-12,30,520.0,15600.0,Delivered On Time
PO000791,M19,S08,Om Nutraceutical Premix Supplies,2024-07-15,2024-08-09,2024-08-09,40,520.0,20800.0,Delivered On Time
PO000792,M19,S08,Om Nutraceutical Premix Supplies,2024-08-12,2024-09-06,2024-09-06,40,520.0,20800.0,Delivered On Time
PO000793,M19,S08,Om Nutraceutical Premix Supplies,2024-08-26,2024-09-20,2024-09-20,40,520.0,20800.0,Delivered On Time
PO000794,M19,S08,Om Nutraceutical Premix Supplies,2024-09-16,2024-10-11,2024-10-11,30,520.0,15600.0,Delivered On Time
PO000795,M19,S08,Om Nutraceutical Premix Supplies,2024-10-14,2024-11-08,2024-11-08,30,520.0,15600.0,Delivered On Time
PO000796,M19,S08,Om Nutraceutical Premix Supplies,2024-11-18,2024-12-13,2024-12-13,30,520.0,15600.0,Delivered On Time
PO000797,M20,S03,Vindhya Herb Traders,2022-01-24,2022-02-08,2022-02-08,30,350.0,10500.0,Delivered On Time
PO000798,M20,S03,Vindhya Herb Traders,2022-03-07,2022-03-22,2022-03-22,30,350.0,10500.0,Delivered On Time
PO000799,M20,S03,Vindhya Herb Traders,2022-04-04,2022-04-19,2022-04-19,30,350.0,10500.0,Delivered On Time
PO000800,M20,S03,Vindhya Herb Traders,2022-05-16,2022-05-31,2022-05-31,30,350.0,10500.0,Delivered On Time
PO000801,M20,S03,Vindhya Herb Traders,2022-06-06,2022-06-21,2022-06-21,30,350.0,10500.0,Delivered On Time
PO000802,M20,S03,Vindhya Herb Traders,2022-07-25,2022-08-09,2022-08-09,30,350.0,10500.0,Delivered On Time
PO000803,M20,S03,Vindhya Herb Traders,2022-08-15,2022-08-30,2022-08-30,30,350.0,10500.0,Delivered On Time
PO000804,M20,S03,Vindhya Herb Traders,2022-09-05,2022-09-20,2022-09-20,30,350.0,10500.0,Delivered On Time
PO000805,M20,S03,Vindhya Herb Traders,2022-10-03,2022-10-18,2022-10-18,30,350.0,10500.0,Delivered On Time
PO000806,M20,S03,Vindhya Herb Traders,2022-10-31,2022-11-15,2022-11-15,30,350.0,10500.0,Delivered On Time
PO000807,M20,S03,Vindhya Herb Traders,2022-12-05,2022-12-20,2022-12-20,30,350.0,10500.0,Delivered On Time
PO000808,M20,S03,Vindhya Herb Traders,2022-12-26,2023-01-10,2023-01-10,30,350.0,10500.0,Delivered On Time
PO000809,M20,S03,Vindhya Herb Traders,2023-01-16,2023-01-31,2023-01-31,30,350.0,10500.0,Delivered On Time
PO000810,M20,S03,Vindhya Herb Traders,2023-02-13,2023-02-28,2023-02-28,30,350.0,10500.0,Delivered On Time
PO000811,M20,S03,Vindhya Herb Traders,2023-03-06,2023-03-21,2023-03-21,30,350.0,10500.0,Delivered On Time
PO000812,M20,S03,Vindhya Herb Traders,2023-03-27,2023-04-11,2023-04-11,30,350.0,10500.0,Delivered On Time
PO000813,M20,S03,Vindhya Herb Traders,2023-04-24,2023-05-09,2023-05-09,30,350.0,10500.0,Delivered On Time
PO000814,M20,S03,Vindhya Herb Traders,2023-05-29,2023-06-13,2023-06-13,30,350.0,10500.0,Delivered On Time
PO000815,M20,S03,Vindhya Herb Traders,2023-06-26,2023-07-11,2023-07-11,30,350.0,10500.0,Delivered On Time
PO000816,M20,S03,Vindhya Herb Traders,2023-07-24,2023-08-08,2023-08-08,30,350.0,10500.0,Delivered On Time
PO000817,M20,S03,Vindhya Herb Traders,2023-08-21,2023-09-05,2023-09-05,30,350.0,10500.0,Delivered On Time
PO000818,M20,S03,Vindhya Herb Traders,2023-09-11,2023-09-26,2023-09-26,30,350.0,10500.0,Delivered On Time
PO000819,M20,S03,Vindhya Herb Traders,2023-10-02,2023-10-17,2023-10-17,30,350.0,10500.0,Delivered On Time
PO000820,M20,S03,Vindhya Herb Traders,2023-11-06,2023-11-21,2023-11-21,30,350.0,10500.0,Delivered On Time
PO000821,M20,S03,Vindhya Herb Traders,2023-12-04,2023-12-19,2023-12-19,30,350.0,10500.0,Delivered On Time
PO000822,M20,S03,Vindhya Herb Traders,2024-01-01,2024-01-16,2024-01-16,30,350.0,10500.0,Delivered On Time
PO000823,M20,S03,Vindhya Herb Traders,2024-01-29,2024-02-13,2024-02-13,30,350.0,10500.0,Delivered On Time
PO000824,M20,S03,Vindhya Herb Traders,2024-02-19,2024-03-05,2024-03-05,40,350.0,14000.0,Delivered On Time
PO000825,M20,S03,Vindhya Herb Traders,2024-03-18,2024-04-02,2024-04-02,30,350.0,10500.0,Delivered On Time
PO000826,M20,S03,Vindhya Herb Traders,2024-04-08,2024-04-23,2024-04-23,30,350.0,10500.0,Delivered On Time
PO000827,M20,S03,Vindhya Herb Traders,2024-04-29,2024-05-14,2024-05-14,30,350.0,10500.0,Delivered On Time
PO000828,M20,S03,Vindhya Herb Traders,2024-05-27,2024-06-11,2024-06-11,30,350.0,10500.0,Delivered On Time
PO000829,M20,S03,Vindhya Herb Traders,2024-06-24,2024-07-09,2024-07-09,30,350.0,10500.0,Delivered On Time
PO000830,M20,S03,Vindhya Herb Traders,2024-07-15,2024-07-30,2024-07-30,30,350.0,10500.0,Delivered On Time
PO000831,M20,S03,Vindhya Herb Traders,2024-08-12,2024-08-27,2024-09-03,40,350.0,14000.0,Delivered Late
PO000832,M20,S03,Vindhya Herb Traders,2024-08-26,2024-09-10,2024-09-10,40,350.0,14000.0,Delivered On Time
PO000833,M20,S03,Vindhya Herb Traders,2024-09-16,2024-10-01,2024-10-01,30,350.0,10500.0,Delivered On Time
PO000834,M20,S03,Vindhya Herb Traders,2024-10-07,2024-10-22,2024-10-22,30,350.0,10500.0,Delivered On Time
PO000835,M20,S03,Vindhya Herb Traders,2024-11-04,2024-11-19,2024-11-19,30,350.0,10500.0,Delivered On Time
PO000836,M20,S03,Vindhya Herb Traders,2024-12-02,2024-12-17,2024-12-17,30,350.0,10500.0,Delivered On Time
PO000837,M21,S03,Vindhya Herb Traders,2022-01-03,2022-01-18,2022-01-18,520,260.0,135200.0,Delivered On Time
PO000838,M21,S03,Vindhya Herb Traders,2022-02-07,2022-02-22,2022-02-22,430,260.0,111800.0,Delivered On Time
PO000839,M21,S03,Vindhya Herb Traders,2022-03-14,2022-03-29,2022-03-29,430,260.0,111800.0,Delivered On Time
PO000840,M21,S03,Vindhya Herb Traders,2022-04-25,2022-05-10,2022-05-10,450,260.0,117000.0,Delivered On Time
PO000841,M21,S03,Vindhya Herb Traders,2022-06-06,2022-06-21,2022-06-21,480,260.0,124800.0,Delivered On Time
PO000842,M21,S03,Vindhya Herb Traders,2022-07-04,2022-07-19,2022-07-19,400,260.0,104000.0,Delivered On Time
PO000843,M21,S03,Vindhya Herb Traders,2022-08-08,2022-08-23,2022-08-23,520,260.0,135200.0,Delivered On Time
PO000844,M21,S03,Vindhya Herb Traders,2022-08-29,2022-09-13,2022-09-13,490,260.0,127400.0,Delivered On Time
PO000845,M21,S03,Vindhya Herb Traders,2022-09-19,2022-10-04,2022-10-04,610,260.0,158600.0,Delivered On Time
PO000846,M21,S03,Vindhya Herb Traders,2022-10-03,2022-10-18,2022-10-18,530,260.0,137800.0,Delivered On Time
PO000847,M21,S03,Vindhya Herb Traders,2022-10-17,2022-11-01,2022-11-01,540,260.0,140400.0,Delivered On Time
PO000848,M21,S03,Vindhya Herb Traders,2022-10-31,2022-11-15,2022-11-15,490,260.0,127400.0,Delivered On Time
PO000849,M21,S03,Vindhya Herb Traders,2022-11-14,2022-11-29,2022-11-29,420,260.0,109200.0,Delivered On Time
PO000850,M21,S03,Vindhya Herb Traders,2022-11-28,2022-12-13,2022-12-13,500,260.0,130000.0,Delivered On Time
PO000851,M21,S03,Vindhya Herb Traders,2022-12-12,2022-12-27,2022-12-27,480,260.0,124800.0,Delivered On Time
PO000852,M21,S03,Vindhya Herb Traders,2022-12-26,2023-01-10,2023-01-10,490,260.0,127400.0,Delivered On Time
PO000853,M21,S03,Vindhya Herb Traders,2023-01-09,2023-01-24,2023-01-24,440,260.0,114400.0,Delivered On Time
PO000854,M21,S03,Vindhya Herb Traders,2023-02-13,2023-02-28,2023-02-28,420,260.0,109200.0,Delivered On Time
PO000855,M21,S03,Vindhya Herb Traders,2023-03-20,2023-04-04,2023-04-04,440,260.0,114400.0,Delivered On Time
PO000856,M21,S03,Vindhya Herb Traders,2023-04-24,2023-05-09,2023-05-09,440,260.0,114400.0,Delivered On Time
PO000857,M21,S03,Vindhya Herb Traders,2023-05-29,2023-06-13,2023-06-13,520,260.0,135200.0,Delivered On Time
PO000858,M21,S03,Vindhya Herb Traders,2023-07-03,2023-07-18,2023-07-18,460,260.0,119600.0,Delivered On Time
PO000859,M21,S03,Vindhya Herb Traders,2023-07-31,2023-08-15,2023-08-15,460,260.0,119600.0,Delivered On Time
PO000860,M21,S03,Vindhya Herb Traders,2023-08-28,2023-09-12,2023-09-12,630,260.0,163800.0,Delivered On Time
PO000861,M21,S03,Vindhya Herb Traders,2023-09-18,2023-10-03,2023-10-03,680,260.0,176800.0,Delivered On Time
PO000862,M21,S03,Vindhya Herb Traders,2023-10-02,2023-10-17,2023-10-17,580,260.0,150800.0,Delivered On Time
PO000863,M21,S03,Vindhya Herb Traders,2023-10-16,2023-10-31,2023-10-31,500,260.0,130000.0,Delivered On Time
PO000864,M21,S03,Vindhya Herb Traders,2023-10-30,2023-11-14,2023-11-14,560,260.0,145600.0,Delivered On Time
PO000865,M21,S03,Vindhya Herb Traders,2023-11-13,2023-11-28,2023-11-28,480,260.0,124800.0,Delivered On Time
PO000866,M21,S03,Vindhya Herb Traders,2023-11-27,2023-12-12,2023-12-19,500,260.0,130000.0,Delivered Late
PO000867,M21,S03,Vindhya Herb Traders,2023-12-11,2023-12-26,2023-12-26,580,260.0,150800.0,Delivered On Time
PO000868,M21,S03,Vindhya Herb Traders,2023-12-25,2024-01-09,2024-01-09,560,260.0,145600.0,Delivered On Time
PO000869,M21,S03,Vindhya Herb Traders,2024-01-08,2024-01-23,2024-01-23,470,260.0,122200.0,Delivered On Time
PO000870,M21,S03,Vindhya Herb Traders,2024-02-12,2024-02-27,2024-02-27,450,260.0,117000.0,Delivered On Time
PO000871,M21,S03,Vindhya Herb Traders,2024-03-18,2024-04-02,2024-04-02,480,260.0,124800.0,Delivered On Time
PO000872,M21,S03,Vindhya Herb Traders,2024-04-15,2024-04-30,2024-04-30,460,260.0,119600.0,Delivered On Time
PO000873,M21,S03,Vindhya Herb Traders,2024-05-13,2024-05-28,2024-05-28,450,260.0,117000.0,Delivered On Time
PO000874,M21,S03,Vindhya Herb Traders,2024-06-10,2024-06-25,2024-06-25,470,260.0,122200.0,Delivered On Time
PO000875,M21,S03,Vindhya Herb Traders,2024-07-08,2024-07-23,2024-07-23,460,260.0,119600.0,Delivered On Time
PO000876,M21,S03,Vindhya Herb Traders,2024-08-05,2024-08-20,2024-08-20,470,260.0,122200.0,Delivered On Time
PO000877,M21,S03,Vindhya Herb Traders,2024-08-19,2024-09-03,2024-09-03,430,260.0,111800.0,Delivered On Time
PO000878,M21,S03,Vindhya Herb Traders,2024-09-09,2024-09-24,2024-09-24,460,260.0,119600.0,Delivered On Time
PO000879,M21,S03,Vindhya Herb Traders,2024-09-16,2024-10-01,2024-10-01,430,260.0,111800.0,Delivered On Time
PO000880,M21,S03,Vindhya Herb Traders,2024-09-30,2024-10-15,2024-10-15,680,260.0,176800.0,Delivered On Time
PO000881,M21,S03,Vindhya Herb Traders,2024-10-14,2024-10-29,2024-10-29,580,260.0,150800.0,Delivered On Time
PO000882,M21,S03,Vindhya Herb Traders,2024-10-28,2024-11-12,2024-11-12,670,260.0,174200.0,Delivered On Time
PO000883,M21,S03,Vindhya Herb Traders,2024-11-18,2024-12-03,2024-12-03,590,260.0,153400.0,Delivered On Time
PO000884,M22,S04,Shree Base Materials Co.,2022-01-10,2022-01-20,2022-01-20,70,180.0,12600.0,Delivered On Time
PO000885,M22,S04,Shree Base Materials Co.,2022-02-07,2022-02-17,2022-02-17,50,180.0,9000.0,Delivered On Time
PO000886,M22,S04,Shree Base Materials Co.,2022-03-07,2022-03-17,2022-03-17,50,180.0,9000.0,Delivered On Time
PO000887,M22,S04,Shree Base Materials Co.,2022-04-11,2022-04-21,2022-04-21,50,180.0,9000.0,Delivered On Time
PO000888,M22,S04,Shree Base Materials Co.,2022-05-16,2022-05-26,2022-05-26,50,180.0,9000.0,Delivered On Time
PO000889,M22,S04,Shree Base Materials Co.,2022-06-20,2022-06-30,2022-06-30,60,180.0,10800.0,Delivered On Time
PO000890,M22,S04,Shree Base Materials Co.,2022-07-18,2022-07-28,2022-08-04,50,180.0,9000.0,Delivered Late
PO000891,M22,S04,Shree Base Materials Co.,2022-08-15,2022-08-25,2022-08-25,50,180.0,9000.0,Delivered On Time
PO000892,M22,S04,Shree Base Materials Co.,2022-09-05,2022-09-15,2022-09-15,70,180.0,12600.0,Delivered On Time
PO000893,M22,S04,Shree Base Materials Co.,2022-09-19,2022-09-29,2022-09-29,60,180.0,10800.0,Delivered On Time
PO000894,M22,S04,Shree Base Materials Co.,2022-10-03,2022-10-13,2022-10-13,60,180.0,10800.0,Delivered On Time
PO000895,M22,S04,Shree Base Materials Co.,2022-10-17,2022-10-27,2022-10-27,60,180.0,10800.0,Delivered On Time
PO000896,M22,S04,Shree Base Materials Co.,2022-10-31,2022-11-10,2022-11-10,70,180.0,12600.0,Delivered On Time
PO000897,M22,S04,Shree Base Materials Co.,2022-11-14,2022-11-24,2022-12-01,60,180.0,10800.0,Delivered Late
PO000898,M22,S04,Shree Base Materials Co.,2022-11-28,2022-12-08,2022-12-08,60,180.0,10800.0,Delivered On Time
PO000899,M22,S04,Shree Base Materials Co.,2022-12-12,2022-12-22,2022-12-22,80,180.0,14400.0,Delivered On Time
PO000900,M22,S04,Shree Base Materials Co.,2022-12-26,2023-01-05,2023-01-05,60,180.0,10800.0,Delivered On Time
PO000901,M22,S04,Shree Base Materials Co.,2023-01-09,2023-01-19,2023-01-19,60,180.0,10800.0,Delivered On Time
PO000902,M22,S04,Shree Base Materials Co.,2023-02-06,2023-02-16,2023-02-16,50,180.0,9000.0,Delivered On Time
PO000903,M22,S04,Shree Base Materials Co.,2023-03-13,2023-03-23,2023-03-23,50,180.0,9000.0,Delivered On Time
PO000904,M22,S04,Shree Base Materials Co.,2023-04-17,2023-04-27,2023-04-27,60,180.0,10800.0,Delivered On Time
PO000905,M22,S04,Shree Base Materials Co.,2023-05-22,2023-06-01,2023-06-01,50,180.0,9000.0,Delivered On Time
PO000906,M22,S04,Shree Base Materials Co.,2023-06-26,2023-07-06,2023-07-06,60,180.0,10800.0,Delivered On Time
PO000907,M22,S04,Shree Base Materials Co.,2023-07-24,2023-08-03,2023-08-03,50,180.0,9000.0,Delivered On Time
PO000908,M22,S04,Shree Base Materials Co.,2023-08-21,2023-08-31,2023-08-31,60,180.0,10800.0,Delivered On Time
PO000909,M22,S04,Shree Base Materials Co.,2023-09-04,2023-09-14,2023-09-14,50,180.0,9000.0,Delivered On Time
PO000910,M22,S04,Shree Base Materials Co.,2023-09-25,2023-10-05,2023-10-05,90,180.0,16200.0,Delivered On Time
PO000911,M22,S04,Shree Base Materials Co.,2023-10-02,2023-10-12,2023-10-12,50,180.0,9000.0,Delivered On Time
PO000912,M22,S04,Shree Base Materials Co.,2023-10-16,2023-10-26,2023-10-26,50,180.0,9000.0,Delivered On Time
PO000913,M22,S04,Shree Base Materials Co.,2023-10-30,2023-11-09,2023-11-09,70,180.0,12600.0,Delivered On Time
PO000914,M22,S04,Shree Base Materials Co.,2023-11-13,2023-11-23,2023-11-30,60,180.0,10800.0,Delivered Late
PO000915,M22,S04,Shree Base Materials Co.,2023-11-27,2023-12-07,2023-12-07,70,180.0,12600.0,Delivered On Time
PO000916,M22,S04,Shree Base Materials Co.,2023-12-11,2023-12-21,2023-12-21,60,180.0,10800.0,Delivered On Time
PO000917,M22,S04,Shree Base Materials Co.,2023-12-25,2024-01-04,2024-01-04,70,180.0,12600.0,Delivered On Time
PO000918,M22,S04,Shree Base Materials Co.,2024-01-08,2024-01-18,2024-01-18,60,180.0,10800.0,Delivered On Time
PO000919,M22,S04,Shree Base Materials Co.,2024-02-05,2024-02-15,2024-02-15,60,180.0,10800.0,Delivered On Time
PO000920,M22,S04,Shree Base Materials Co.,2024-03-11,2024-03-21,2024-03-21,60,180.0,10800.0,Delivered On Time
PO000921,M22,S04,Shree Base Materials Co.,2024-04-08,2024-04-18,2024-04-18,50,180.0,9000.0,Delivered On Time
PO000922,M22,S04,Shree Base Materials Co.,2024-05-06,2024-05-16,2024-05-16,50,180.0,9000.0,Delivered On Time
PO000923,M22,S04,Shree Base Materials Co.,2024-05-27,2024-06-06,2024-06-06,60,180.0,10800.0,Delivered On Time
PO000924,M22,S04,Shree Base Materials Co.,2024-06-24,2024-07-04,2024-07-04,50,180.0,9000.0,Delivered On Time
PO000925,M22,S04,Shree Base Materials Co.,2024-07-22,2024-08-01,2024-08-01,60,180.0,10800.0,Delivered On Time
PO000926,M22,S04,Shree Base Materials Co.,2024-08-19,2024-08-29,2024-08-29,70,180.0,12600.0,Delivered On Time
PO000927,M22,S04,Shree Base Materials Co.,2024-09-09,2024-09-19,2024-09-19,50,180.0,9000.0,Delivered On Time
PO000928,M22,S04,Shree Base Materials Co.,2024-09-23,2024-10-03,2024-10-03,90,180.0,16200.0,Delivered On Time
PO000929,M22,S04,Shree Base Materials Co.,2024-10-07,2024-10-17,2024-10-17,70,180.0,12600.0,Delivered On Time
PO000930,M22,S04,Shree Base Materials Co.,2024-10-21,2024-10-31,2024-10-31,70,180.0,12600.0,Delivered On Time
PO000931,M22,S04,Shree Base Materials Co.,2024-10-28,2024-11-07,2024-11-07,50,180.0,9000.0,Delivered On Time
PO000932,M22,S04,Shree Base Materials Co.,2024-11-11,2024-11-21,2024-11-21,90,180.0,16200.0,Delivered On Time
PO000933,M22,S04,Shree Base Materials Co.,2024-12-09,2024-12-19,2024-12-19,70,180.0,12600.0,Delivered On Time
PO000934,M23,S03,Vindhya Herb Traders,2023-01-23,2023-02-07,2023-02-07,200,265.0,53000.0,Delivered On Time
PO000935,M23,S03,Vindhya Herb Traders,2023-03-06,2023-03-21,2023-03-21,210,265.0,55650.0,Delivered On Time
PO000936,M23,S03,Vindhya Herb Traders,2023-04-10,2023-04-25,2023-04-25,220,265.0,58300.0,Delivered On Time
PO000937,M23,S03,Vindhya Herb Traders,2023-05-22,2023-06-06,2023-06-06,240,265.0,63600.0,Delivered On Time
PO000938,M23,S03,Vindhya Herb Traders,2023-06-19,2023-07-04,2023-07-04,200,265.0,53000.0,Delivered On Time
PO000939,M23,S03,Vindhya Herb Traders,2023-07-24,2023-08-08,2023-08-08,240,265.0,63600.0,Delivered On Time
PO000940,M23,S03,Vindhya Herb Traders,2023-08-21,2023-09-05,2023-09-05,200,265.0,53000.0,Delivered On Time
PO000941,M23,S03,Vindhya Herb Traders,2023-09-11,2023-09-26,2023-09-26,320,265.0,84800.0,Delivered On Time
PO000942,M23,S03,Vindhya Herb Traders,2023-09-25,2023-10-10,2023-10-10,330,265.0,87450.0,Delivered On Time
PO000943,M23,S03,Vindhya Herb Traders,2023-10-09,2023-10-24,2023-10-24,290,265.0,76850.0,Delivered On Time
PO000944,M23,S03,Vindhya Herb Traders,2023-10-23,2023-11-07,2023-11-07,220,265.0,58300.0,Delivered On Time
PO000945,M23,S03,Vindhya Herb Traders,2023-11-06,2023-11-21,2023-11-21,270,265.0,71550.0,Delivered On Time
PO000946,M23,S03,Vindhya Herb Traders,2023-11-20,2023-12-05,2023-12-05,220,265.0,58300.0,Delivered On Time
PO000947,M23,S03,Vindhya Herb Traders,2023-12-04,2023-12-19,2023-12-19,290,265.0,76850.0,Delivered On Time
PO000948,M23,S03,Vindhya Herb Traders,2023-12-18,2024-01-02,2024-01-02,260,265.0,68900.0,Delivered On Time
PO000949,M23,S03,Vindhya Herb Traders,2024-01-01,2024-01-16,2024-01-16,250,265.0,66250.0,Delivered On Time
PO000950,M23,S03,Vindhya Herb Traders,2024-01-29,2024-02-13,2024-02-13,240,265.0,63600.0,Delivered On Time
PO000951,M23,S03,Vindhya Herb Traders,2024-03-04,2024-03-19,2024-03-19,210,265.0,55650.0,Delivered On Time
PO000952,M23,S03,Vindhya Herb Traders,2024-04-08,2024-04-23,2024-04-23,250,265.0,66250.0,Delivered On Time
PO000953,M23,S03,Vindhya Herb Traders,2024-05-06,2024-05-21,2024-05-21,220,265.0,58300.0,Delivered On Time
PO000954,M23,S03,Vindhya Herb Traders,2024-06-03,2024-06-18,2024-06-18,250,265.0,66250.0,Delivered On Time
PO000955,M23,S03,Vindhya Herb Traders,2024-07-01,2024-07-16,2024-07-16,230,265.0,60950.0,Delivered On Time
PO000956,M23,S03,Vindhya Herb Traders,2024-07-22,2024-08-06,2024-08-06,200,265.0,53000.0,Delivered On Time
PO000957,M23,S03,Vindhya Herb Traders,2024-08-12,2024-08-27,2024-08-27,210,265.0,55650.0,Delivered On Time
PO000958,M23,S03,Vindhya Herb Traders,2024-09-02,2024-09-17,2024-09-17,240,265.0,63600.0,Delivered On Time
PO000959,M23,S03,Vindhya Herb Traders,2024-09-16,2024-10-01,2024-10-01,250,265.0,66250.0,Delivered On Time
PO000960,M23,S03,Vindhya Herb Traders,2024-09-30,2024-10-15,2024-10-15,250,265.0,66250.0,Delivered On Time
PO000961,M23,S03,Vindhya Herb Traders,2024-10-14,2024-10-29,2024-10-29,250,265.0,66250.0,Delivered On Time
PO000962,M23,S03,Vindhya Herb Traders,2024-10-28,2024-11-12,2024-11-12,260,265.0,68900.0,Delivered On Time
PO000963,M23,S03,Vindhya Herb Traders,2024-11-18,2024-12-03,2024-12-03,260,265.0,68900.0,Delivered On Time
PO000964,M24,S03,Vindhya Herb Traders,2023-06-19,2023-07-04,2023-07-04,50,300.0,15000.0,Delivered On Time
PO000965,M24,S03,Vindhya Herb Traders,2023-07-24,2023-08-08,2023-08-15,50,300.0,15000.0,Delivered Late
PO000966,M24,S03,Vindhya Herb Traders,2023-08-21,2023-09-05,2023-09-05,50,300.0,15000.0,Delivered On Time
PO000967,M24,S03,Vindhya Herb Traders,2023-09-11,2023-09-26,2023-09-26,70,300.0,21000.0,Delivered On Time
PO000968,M24,S03,Vindhya Herb Traders,2023-09-25,2023-10-10,2023-10-17,60,300.0,18000.0,Delivered Late
PO000969,M24,S03,Vindhya Herb Traders,2023-10-09,2023-10-24,2023-10-24,60,300.0,18000.0,Delivered On Time
PO000970,M24,S03,Vindhya Herb Traders,2023-10-30,2023-11-14,2023-11-14,70,300.0,21000.0,Delivered On Time
PO000971,M24,S03,Vindhya Herb Traders,2023-11-13,2023-11-28,2023-12-05,70,300.0,21000.0,Delivered Late
PO000972,M24,S03,Vindhya Herb Traders,2023-11-27,2023-12-12,2023-12-12,50,300.0,15000.0,Delivered On Time
PO000973,M24,S03,Vindhya Herb Traders,2023-12-11,2023-12-26,2023-12-26,70,300.0,21000.0,Delivered On Time
PO000974,M24,S03,Vindhya Herb Traders,2023-12-25,2024-01-09,2024-01-09,60,300.0,18000.0,Delivered On Time
PO000975,M24,S03,Vindhya Herb Traders,2024-01-22,2024-02-06,2024-02-06,60,300.0,18000.0,Delivered On Time
PO000976,M24,S03,Vindhya Herb Traders,2024-02-26,2024-03-12,2024-03-19,50,300.0,15000.0,Delivered Late
PO000977,M24,S03,Vindhya Herb Traders,2024-04-08,2024-04-23,2024-04-23,60,300.0,18000.0,Delivered On Time
PO000978,M24,S03,Vindhya Herb Traders,2024-05-20,2024-06-04,2024-06-04,60,300.0,18000.0,Delivered On Time
PO000979,M24,S03,Vindhya Herb Traders,2024-06-17,2024-07-02,2024-07-02,50,300.0,15000.0,Delivered On Time
PO000980,M24,S03,Vindhya Herb Traders,2024-07-15,2024-07-30,2024-07-30,50,300.0,15000.0,Delivered On Time
PO000981,M24,S03,Vindhya Herb Traders,2024-08-12,2024-08-27,2024-08-27,60,300.0,18000.0,Delivered On Time
PO000982,M24,S03,Vindhya Herb Traders,2024-09-09,2024-09-24,2024-10-01,70,300.0,21000.0,Delivered Late
PO000983,M24,S03,Vindhya Herb Traders,2024-09-23,2024-10-08,2024-10-08,70,300.0,21000.0,Delivered On Time
PO000984,M24,S03,Vindhya Herb Traders,2024-10-07,2024-10-22,2024-10-22,60,300.0,18000.0,Delivered On Time
PO000985,M24,S03,Vindhya Herb Traders,2024-10-21,2024-11-05,2024-11-05,60,300.0,18000.0,Delivered On Time
PO000986,M24,S03,Vindhya Herb Traders,2024-11-04,2024-11-19,2024-11-19,60,300.0,18000.0,Delivered On Time
PO000987,M24,S03,Vindhya Herb Traders,2024-12-02,2024-12-17,2024-12-17,60,300.0,18000.0,Delivered On Time
PO000988,M25,S06,Malwa Carton & Print,2022-01-03,2022-01-12,2022-01-12,5880,6.5,38220.0,Delivered On Time
PO000989,M25,S06,Malwa Carton & Print,2022-01-24,2022-02-02,2022-02-02,4870,6.5,31655.0,Delivered On Time
PO000990,M25,S06,Malwa Carton & Print,2022-02-21,2022-03-02,2022-03-02,5540,6.5,36010.0,Delivered On Time
PO000991,M25,S06,Malwa Carton & Print,2022-03-21,2022-03-30,2022-03-30,5580,6.5,36270.0,Delivered On Time
PO000992,M25,S06,Malwa Carton & Print,2022-04-18,2022-04-27,2022-04-27,6240,6.5,40560.0,Delivered On Time
PO000993,M25,S06,Malwa Carton & Print,2022-05-09,2022-05-18,2022-05-18,5620,6.5,36530.0,Delivered On Time
PO000994,M25,S06,Malwa Carton & Print,2022-05-30,2022-06-08,2022-06-08,5690,6.5,36985.0,Delivered On Time
PO000995,M25,S06,Malwa Carton & Print,2022-06-20,2022-06-29,2022-06-29,5730,6.5,37245.0,Delivered On Time
PO000996,M25,S06,Malwa Carton & Print,2022-07-11,2022-07-20,2022-07-20,5850,6.5,38025.0,Delivered On Time
PO000997,M25,S06,Malwa Carton & Print,2022-08-01,2022-08-10,2022-08-10,6080,6.5,39520.0,Delivered On Time
PO000998,M25,S06,Malwa Carton & Print,2022-08-22,2022-08-31,2022-08-31,6630,6.5,43095.0,Delivered On Time
PO000999,M25,S06,Malwa Carton & Print,2022-09-05,2022-09-14,2022-09-14,4990,6.5,32435.0,Delivered On Time
PO001000,M25,S06,Malwa Carton & Print,2022-09-19,2022-09-28,2022-09-28,4680,6.5,30420.0,Delivered On Time
PO001001,M25,S06,Malwa Carton & Print,2022-10-03,2022-10-12,2022-10-12,4680,6.5,30420.0,Delivered On Time
PO001002,M25,S06,Malwa Carton & Print,2022-10-17,2022-10-26,2022-10-26,5070,6.5,32955.0,Delivered On Time
PO001003,M25,S06,Malwa Carton & Print,2022-10-31,2022-11-09,2022-11-09,5270,6.5,34255.0,Delivered On Time
PO001004,M25,S06,Malwa Carton & Print,2022-11-14,2022-11-23,2022-11-23,5050,6.5,32825.0,Delivered On Time
PO001005,M25,S06,Malwa Carton & Print,2022-11-28,2022-12-07,2022-12-07,4620,6.5,30030.0,Delivered On Time
PO001006,M25,S06,Malwa Carton & Print,2022-12-12,2022-12-21,2022-12-21,4840,6.5,31460.0,Delivered On Time
PO001007,M25,S06,Malwa Carton & Print,2022-12-26,2023-01-04,2023-01-04,4710,6.5,30615.0,Delivered On Time
PO001008,M25,S06,Malwa Carton & Print,2023-01-09,2023-01-18,2023-01-18,5080,6.5,33020.0,Delivered On Time
PO001009,M25,S06,Malwa Carton & Print,2023-01-30,2023-02-08,2023-02-08,4860,6.5,31590.0,Delivered On Time
PO001010,M25,S06,Malwa Carton & Print,2023-02-20,2023-03-01,2023-03-01,4980,6.5,32370.0,Delivered On Time
PO001011,M25,S06,Malwa Carton & Print,2023-03-13,2023-03-22,2023-03-22,5060,6.5,32890.0,Delivered On Time
PO001012,M25,S06,Malwa Carton & Print,2023-04-03,2023-04-12,2023-04-12,4980,6.5,32370.0,Delivered On Time
PO001013,M25,S06,Malwa Carton & Print,2023-04-24,2023-05-03,2023-05-03,5620,6.5,36530.0,Delivered On Time
PO001014,M25,S06,Malwa Carton & Print,2023-05-15,2023-05-24,2023-05-24,6050,6.5,39325.0,Delivered On Time
PO001015,M25,S06,Malwa Carton & Print,2023-06-05,2023-06-14,2023-06-14,6260,6.5,40690.0,Delivered On Time
PO001016,M25,S06,Malwa Carton & Print,2023-06-19,2023-06-28,2023-06-28,4410,6.5,28665.0,Delivered On Time
PO001017,M25,S06,Malwa Carton & Print,2023-07-10,2023-07-19,2023-07-19,6440,6.5,41860.0,Delivered On Time
PO001018,M25,S06,Malwa Carton & Print,2023-07-31,2023-08-09,2023-08-09,6540,6.5,42510.0,Delivered On Time
PO001019,M25,S06,Malwa Carton & Print,2023-08-21,2023-08-30,2023-08-30,6210,6.5,40365.0,Delivered On Time
PO001020,M25,S06,Malwa Carton & Print,2023-09-04,2023-09-13,2023-09-13,5120,6.5,33280.0,Delivered On Time
PO001021,M25,S06,Malwa Carton & Print,2023-09-18,2023-09-27,2023-09-27,4870,6.5,31655.0,Delivered On Time
PO001022,M25,S06,Malwa Carton & Print,2023-10-02,2023-10-11,2023-10-11,5930,6.5,38545.0,Delivered On Time
PO001023,M25,S06,Malwa Carton & Print,2023-10-16,2023-10-25,2023-10-25,5210,6.5,33865.0,Delivered On Time
PO001024,M25,S06,Malwa Carton & Print,2023-10-30,2023-11-08,2023-11-08,5180,6.5,33670.0,Delivered On Time
PO001025,M25,S06,Malwa Carton & Print,2023-11-13,2023-11-22,2023-11-22,5120,6.5,33280.0,Delivered On Time
PO001026,M25,S06,Malwa Carton & Print,2023-11-27,2023-12-06,2023-12-06,5110,6.5,33215.0,Delivered On Time
PO001027,M25,S06,Malwa Carton & Print,2023-12-11,2023-12-20,2023-12-20,5370,6.5,34905.0,Delivered On Time
PO001028,M25,S06,Malwa Carton & Print,2023-12-25,2024-01-03,2024-01-03,5240,6.5,34060.0,Delivered On Time
PO001029,M25,S06,Malwa Carton & Print,2024-01-08,2024-01-17,2024-01-17,5480,6.5,35620.0,Delivered On Time
PO001030,M25,S06,Malwa Carton & Print,2024-01-29,2024-02-07,2024-02-14,5900,6.5,38350.0,Delivered Late
PO001031,M25,S06,Malwa Carton & Print,2024-02-19,2024-02-28,2024-02-28,5770,6.5,37505.0,Delivered On Time
PO001032,M25,S06,Malwa Carton & Print,2024-03-11,2024-03-20,2024-03-20,5730,6.5,37245.0,Delivered On Time
PO001033,M25,S06,Malwa Carton & Print,2024-04-01,2024-04-10,2024-04-10,5550,6.5,36075.0,Delivered On Time
PO001034,M25,S06,Malwa Carton & Print,2024-04-22,2024-05-01,2024-05-01,6750,6.5,43875.0,Delivered On Time
PO001035,M25,S06,Malwa Carton & Print,2024-05-06,2024-05-15,2024-05-15,5240,6.5,34060.0,Delivered On Time
PO001036,M25,S06,Malwa Carton & Print,2024-05-20,2024-05-29,2024-05-29,5230,6.5,33995.0,Delivered On Time
PO001037,M25,S06,Malwa Carton & Print,2024-06-03,2024-06-12,2024-06-12,5110,6.5,33215.0,Delivered On Time
PO001038,M25,S06,Malwa Carton & Print,2024-06-17,2024-06-26,2024-06-26,4780,6.5,31070.0,Delivered On Time
PO001039,M25,S06,Malwa Carton & Print,2024-07-01,2024-07-10,2024-07-10,5110,6.5,33215.0,Delivered On Time
PO001040,M25,S06,Malwa Carton & Print,2024-07-15,2024-07-24,2024-07-24,5450,6.5,35425.0,Delivered On Time
PO001041,M25,S06,Malwa Carton & Print,2024-07-29,2024-08-07,2024-08-07,4980,6.5,32370.0,Delivered On Time
PO001042,M25,S06,Malwa Carton & Print,2024-08-12,2024-08-21,2024-08-21,5460,6.5,35490.0,Delivered On Time
PO001043,M25,S06,Malwa Carton & Print,2024-08-26,2024-09-04,2024-09-04,6690,6.5,43485.0,Delivered On Time
PO001044,M25,S06,Malwa Carton & Print,2024-09-09,2024-09-18,2024-09-18,6060,6.5,39390.0,Delivered On Time
PO001045,M25,S06,Malwa Carton & Print,2024-09-23,2024-10-02,2024-10-02,6550,6.5,42575.0,Delivered On Time
PO001046,M25,S06,Malwa Carton & Print,2024-10-07,2024-10-16,2024-10-16,5810,6.5,37765.0,Delivered On Time
PO001047,M25,S06,Malwa Carton & Print,2024-10-21,2024-10-30,2024-10-30,5720,6.5,37180.0,Delivered On Time
PO001048,M25,S06,Malwa Carton & Print,2024-11-04,2024-11-13,2024-11-13,5900,6.5,38350.0,Delivered On Time
PO001049,M25,S06,Malwa Carton & Print,2024-11-25,2024-12-04,2024-12-04,5970,6.5,38805.0,Delivered On Time
PO001050,M25,S06,Malwa Carton & Print,2024-12-09,2024-12-18,2024-12-18,4460,6.5,28990.0,Delivered On Time
PO001051,M26,S06,Malwa Carton & Print,2022-01-03,2022-01-12,2022-01-12,1300,8.5,11050.0,Delivered On Time
PO001052,M26,S06,Malwa Carton & Print,2022-01-24,2022-02-02,2022-02-02,1010,8.5,8585.0,Delivered On Time
PO001053,M26,S06,Malwa Carton & Print,2022-02-28,2022-03-09,2022-03-09,1200,8.5,10200.0,Delivered On Time
PO001054,M26,S06,Malwa Carton & Print,2022-03-28,2022-04-06,2022-04-06,1200,8.5,10200.0,Delivered On Time
PO001055,M26,S06,Malwa Carton & Print,2022-04-25,2022-05-04,2022-05-04,1440,8.5,12240.0,Delivered On Time
PO001056,M26,S06,Malwa Carton & Print,2022-05-16,2022-05-25,2022-05-25,1240,8.5,10540.0,Delivered On Time
PO001057,M26,S06,Malwa Carton & Print,2022-06-06,2022-06-15,2022-06-22,1230,8.5,10455.0,Delivered Late
PO001058,M26,S06,Malwa Carton & Print,2022-06-27,2022-07-06,2022-07-06,1310,8.5,11135.0,Delivered On Time
PO001059,M26,S06,Malwa Carton & Print,2022-07-18,2022-07-27,2022-07-27,1400,8.5,11900.0,Delivered On Time
PO001060,M26,S06,Malwa Carton & Print,2022-08-08,2022-08-17,2022-08-17,1220,8.5,10370.0,Delivered On Time
PO001061,M26,S06,Malwa Carton & Print,2022-08-22,2022-08-31,2022-08-31,1100,8.5,9350.0,Delivered On Time
PO001062,M26,S06,Malwa Carton & Print,2022-09-12,2022-09-21,2022-09-21,1130,8.5,9605.0,Delivered On Time
PO001063,M26,S06,Malwa Carton & Print,2022-09-26,2022-10-05,2022-10-05,1000,8.5,8500.0,Delivered On Time
PO001064,M26,S06,Malwa Carton & Print,2022-10-10,2022-10-19,2022-10-19,1070,8.5,9095.0,Delivered On Time
PO001065,M26,S06,Malwa Carton & Print,2022-10-24,2022-11-02,2022-11-02,1010,8.5,8585.0,Delivered On Time
PO001066,M26,S06,Malwa Carton & Print,2022-11-07,2022-11-16,2022-11-16,1310,8.5,11135.0,Delivered On Time
PO001067,M26,S06,Malwa Carton & Print,2022-11-21,2022-11-30,2022-11-30,1150,8.5,9775.0,Delivered On Time
PO001068,M26,S06,Malwa Carton & Print,2022-12-05,2022-12-14,2022-12-14,1100,8.5,9350.0,Delivered On Time
PO001069,M26,S06,Malwa Carton & Print,2022-12-19,2022-12-28,2022-12-28,1160,8.5,9860.0,Delivered On Time
PO001070,M26,S06,Malwa Carton & Print,2023-01-02,2023-01-11,2023-01-11,970,8.5,8245.0,Delivered On Time
PO001071,M26,S06,Malwa Carton & Print,2023-01-23,2023-02-01,2023-02-01,1090,8.5,9265.0,Delivered On Time
PO001072,M26,S06,Malwa Carton & Print,2023-02-20,2023-03-01,2023-03-01,1250,8.5,10625.0,Delivered On Time
PO001073,M26,S06,Malwa Carton & Print,2023-03-20,2023-03-29,2023-03-29,1100,8.5,9350.0,Delivered On Time
PO001074,M26,S06,Malwa Carton & Print,2023-04-17,2023-04-26,2023-04-26,1250,8.5,10625.0,Delivered On Time
PO001075,M26,S06,Malwa Carton & Print,2023-05-08,2023-05-17,2023-05-17,1260,8.5,10710.0,Delivered On Time
PO001076,M26,S06,Malwa Carton & Print,2023-05-22,2023-05-31,2023-05-31,1000,8.5,8500.0,Delivered On Time
PO001077,M26,S06,Malwa Carton & Print,2023-06-05,2023-06-14,2023-06-14,1070,8.5,9095.0,Delivered On Time
PO001078,M26,S06,Malwa Carton & Print,2023-06-19,2023-06-28,2023-06-28,1000,8.5,8500.0,Delivered On Time
PO001079,M26,S06,Malwa Carton & Print,2023-07-10,2023-07-19,2023-07-19,1440,8.5,12240.0,Delivered On Time
PO001080,M26,S06,Malwa Carton & Print,2023-07-24,2023-08-02,2023-08-02,980,8.5,8330.0,Delivered On Time
PO001081,M26,S06,Malwa Carton & Print,2023-08-07,2023-08-16,2023-08-16,980,8.5,8330.0,Delivered On Time
PO001082,M26,S06,Malwa Carton & Print,2023-08-28,2023-09-06,2023-09-06,1340,8.5,11390.0,Delivered On Time
PO001083,M26,S06,Malwa Carton & Print,2023-09-18,2023-09-27,2023-09-27,1360,8.5,11560.0,Delivered On Time
PO001084,M26,S06,Malwa Carton & Print,2023-10-02,2023-10-11,2023-10-11,1340,8.5,11390.0,Delivered On Time
PO001085,M26,S06,Malwa Carton & Print,2023-10-16,2023-10-25,2023-10-25,1300,8.5,11050.0,Delivered On Time
PO001086,M26,S06,Malwa Carton & Print,2023-10-30,2023-11-08,2023-11-08,1180,8.5,10030.0,Delivered On Time
PO001087,M26,S06,Malwa Carton & Print,2023-11-13,2023-11-22,2023-11-22,1200,8.5,10200.0,Delivered On Time
PO001088,M26,S06,Malwa Carton & Print,2023-11-27,2023-12-06,2023-12-06,1270,8.5,10795.0,Delivered On Time
PO001089,M26,S06,Malwa Carton & Print,2023-12-18,2023-12-27,2023-12-27,1530,8.5,13005.0,Delivered On Time
PO001090,M26,S06,Malwa Carton & Print,2024-01-01,2024-01-10,2024-01-10,1430,8.5,12155.0,Delivered On Time
PO001091,M26,S06,Malwa Carton & Print,2024-01-15,2024-01-24,2024-01-24,1110,8.5,9435.0,Delivered On Time
PO001092,M26,S06,Malwa Carton & Print,2024-02-05,2024-02-14,2024-02-14,1110,8.5,9435.0,Delivered On Time
PO001093,M26,S06,Malwa Carton & Print,2024-02-26,2024-03-06,2024-03-06,960,8.5,8160.0,Delivered On Time
PO001094,M26,S06,Malwa Carton & Print,2024-03-18,2024-03-27,2024-03-27,1050,8.5,8925.0,Delivered On Time
PO001095,M26,S06,Malwa Carton & Print,2024-04-08,2024-04-17,2024-04-17,1030,8.5,8755.0,Delivered On Time
PO001096,M26,S06,Malwa Carton & Print,2024-04-29,2024-05-08,2024-05-08,1210,8.5,10285.0,Delivered On Time
PO001097,M26,S06,Malwa Carton & Print,2024-05-13,2024-05-22,2024-05-22,1170,8.5,9945.0,Delivered On Time
PO001098,M26,S06,Malwa Carton & Print,2024-05-27,2024-06-05,2024-06-05,1080,8.5,9180.0,Delivered On Time
PO001099,M26,S06,Malwa Carton & Print,2024-06-10,2024-06-19,2024-06-19,1280,8.5,10880.0,Delivered On Time
PO001100,M26,S06,Malwa Carton & Print,2024-06-24,2024-07-03,2024-07-03,1200,8.5,10200.0,Delivered On Time
PO001101,M26,S06,Malwa Carton & Print,2024-07-08,2024-07-17,2024-07-17,1250,8.5,10625.0,Delivered On Time
PO001102,M26,S06,Malwa Carton & Print,2024-07-22,2024-07-31,2024-07-31,1150,8.5,9775.0,Delivered On Time
PO001103,M26,S06,Malwa Carton & Print,2024-08-05,2024-08-14,2024-08-14,1080,8.5,9180.0,Delivered On Time
PO001104,M26,S06,Malwa Carton & Print,2024-08-19,2024-08-28,2024-08-28,1090,8.5,9265.0,Delivered On Time
PO001105,M26,S06,Malwa Carton & Print,2024-09-02,2024-09-11,2024-09-11,1090,8.5,9265.0,Delivered On Time
PO001106,M26,S06,Malwa Carton & Print,2024-09-16,2024-09-25,2024-09-25,1360,8.5,11560.0,Delivered On Time
PO001107,M26,S06,Malwa Carton & Print,2024-09-30,2024-10-09,2024-10-09,1510,8.5,12835.0,Delivered On Time
PO001108,M26,S06,Malwa Carton & Print,2024-10-14,2024-10-23,2024-10-23,1560,8.5,13260.0,Delivered On Time
PO001109,M26,S06,Malwa Carton & Print,2024-10-28,2024-11-06,2024-11-06,1370,8.5,11645.0,Delivered On Time
PO001110,M26,S06,Malwa Carton & Print,2024-11-11,2024-11-20,2024-11-20,1400,8.5,11900.0,Delivered On Time
PO001111,M26,S06,Malwa Carton & Print,2024-12-09,2024-12-18,2024-12-18,1550,8.5,13175.0,Delivered On Time
PO001112,M27,S06,Malwa Carton & Print,2022-01-10,2022-01-19,2022-01-19,1280,11.0,14080.0,Delivered On Time
PO001113,M27,S06,Malwa Carton & Print,2022-02-14,2022-02-23,2022-02-23,1490,11.0,16390.0,Delivered On Time
PO001114,M27,S06,Malwa Carton & Print,2022-03-14,2022-03-23,2022-03-23,1260,11.0,13860.0,Delivered On Time
PO001115,M27,S06,Malwa Carton & Print,2022-04-18,2022-04-27,2022-04-27,1620,11.0,17820.0,Delivered On Time
PO001116,M27,S06,Malwa Carton & Print,2022-05-09,2022-05-18,2022-05-18,1410,11.0,15510.0,Delivered On Time
PO001117,M27,S06,Malwa Carton & Print,2022-05-30,2022-06-08,2022-06-08,1340,11.0,14740.0,Delivered On Time
PO001118,M27,S06,Malwa Carton & Print,2022-06-20,2022-06-29,2022-06-29,1290,11.0,14190.0,Delivered On Time
PO001119,M27,S06,Malwa Carton & Print,2022-07-11,2022-07-20,2022-07-27,1380,11.0,15180.0,Delivered Late
PO001120,M27,S06,Malwa Carton & Print,2022-08-01,2022-08-10,2022-08-10,1390,11.0,15290.0,Delivered On Time
PO001121,M27,S06,Malwa Carton & Print,2022-08-22,2022-08-31,2022-08-31,1560,11.0,17160.0,Delivered On Time
PO001122,M27,S06,Malwa Carton & Print,2022-09-12,2022-09-21,2022-09-21,1620,11.0,17820.0,Delivered On Time
PO001123,M27,S06,Malwa Carton & Print,2022-10-03,2022-10-12,2022-10-12,1400,11.0,15400.0,Delivered On Time
PO001124,M27,S06,Malwa Carton & Print,2022-10-24,2022-11-02,2022-11-02,1310,11.0,14410.0,Delivered On Time
PO001125,M27,S06,Malwa Carton & Print,2022-11-14,2022-11-23,2022-11-23,1390,11.0,15290.0,Delivered On Time
PO001126,M27,S06,Malwa Carton & Print,2022-12-05,2022-12-14,2022-12-14,1650,11.0,18150.0,Delivered On Time
PO001127,M27,S06,Malwa Carton & Print,2022-12-19,2022-12-28,2022-12-28,1240,11.0,13640.0,Delivered On Time
PO001128,M27,S06,Malwa Carton & Print,2023-01-02,2023-01-11,2023-01-11,1280,11.0,14080.0,Delivered On Time
PO001129,M27,S06,Malwa Carton & Print,2023-01-16,2023-01-25,2023-01-25,1300,11.0,14300.0,Delivered On Time
PO001130,M27,S06,Malwa Carton & Print,2023-02-06,2023-02-15,2023-02-15,1340,11.0,14740.0,Delivered On Time
PO001131,M27,S06,Malwa Carton & Print,2023-02-27,2023-03-08,2023-03-08,1420,11.0,15620.0,Delivered On Time
PO001132,M27,S06,Malwa Carton & Print,2023-03-20,2023-03-29,2023-03-29,1360,11.0,14960.0,Delivered On Time
PO001133,M27,S06,Malwa Carton & Print,2023-04-10,2023-04-19,2023-04-19,1390,11.0,15290.0,Delivered On Time
PO001134,M27,S06,Malwa Carton & Print,2023-04-24,2023-05-03,2023-05-10,1250,11.0,13750.0,Delivered Late
PO001135,M27,S06,Malwa Carton & Print,2023-05-15,2023-05-24,2023-05-24,1560,11.0,17160.0,Delivered On Time
PO001136,M27,S06,Malwa Carton & Print,2023-06-05,2023-06-14,2023-06-14,1820,11.0,20020.0,Delivered On Time
PO001137,M27,S06,Malwa Carton & Print,2023-06-26,2023-07-05,2023-07-05,1750,11.0,19250.0,Delivered On Time
PO001138,M27,S06,Malwa Carton & Print,2023-07-10,2023-07-19,2023-07-19,1200,11.0,13200.0,Delivered On Time
PO001139,M27,S06,Malwa Carton & Print,2023-07-31,2023-08-09,2023-08-09,1630,11.0,17930.0,Delivered On Time
PO001140,M27,S06,Malwa Carton & Print,2023-08-21,2023-08-30,2023-08-30,1830,11.0,20130.0,Delivered On Time
PO001141,M27,S06,Malwa Carton & Print,2023-09-04,2023-09-13,2023-09-13,1730,11.0,19030.0,Delivered On Time
PO001142,M27,S06,Malwa Carton & Print,2023-09-18,2023-09-27,2023-09-27,1520,11.0,16720.0,Delivered On Time
PO001143,M27,S06,Malwa Carton & Print,2023-10-02,2023-10-11,2023-10-11,1960,11.0,21560.0,Delivered On Time
PO001144,M27,S06,Malwa Carton & Print,2023-10-16,2023-10-25,2023-10-25,1740,11.0,19140.0,Delivered On Time
PO001145,M27,S06,Malwa Carton & Print,2023-10-30,2023-11-08,2023-11-08,1380,11.0,15180.0,Delivered On Time
PO001146,M27,S06,Malwa Carton & Print,2023-11-13,2023-11-22,2023-11-22,1420,11.0,15620.0,Delivered On Time
PO001147,M27,S06,Malwa Carton & Print,2023-11-27,2023-12-06,2023-12-06,1610,11.0,17710.0,Delivered On Time
PO001148,M27,S06,Malwa Carton & Print,2023-12-11,2023-12-20,2023-12-20,1560,11.0,17160.0,Delivered On Time
PO001149,M27,S06,Malwa Carton & Print,2023-12-25,2024-01-03,2024-01-03,1480,11.0,16280.0,Delivered On Time
PO001150,M27,S06,Malwa Carton & Print,2024-01-08,2024-01-17,2024-01-17,1550,11.0,17050.0,Delivered On Time
PO001151,M27,S06,Malwa Carton & Print,2024-01-29,2024-02-07,2024-02-07,1670,11.0,18370.0,Delivered On Time
PO001152,M27,S06,Malwa Carton & Print,2024-02-12,2024-02-21,2024-02-21,1170,11.0,12870.0,Delivered On Time
PO001153,M27,S06,Malwa Carton & Print,2024-03-04,2024-03-13,2024-03-13,1530,11.0,16830.0,Delivered On Time
PO001154,M27,S06,Malwa Carton & Print,2024-03-25,2024-04-03,2024-04-03,1580,11.0,17380.0,Delivered On Time
PO001155,M27,S06,Malwa Carton & Print,2024-04-15,2024-04-24,2024-04-24,1770,11.0,19470.0,Delivered On Time
PO001156,M27,S06,Malwa Carton & Print,2024-04-29,2024-05-08,2024-05-08,1540,11.0,16940.0,Delivered On Time
PO001157,M27,S06,Malwa Carton & Print,2024-05-13,2024-05-22,2024-05-22,1470,11.0,16170.0,Delivered On Time
PO001158,M27,S06,Malwa Carton & Print,2024-05-27,2024-06-05,2024-06-05,1550,11.0,17050.0,Delivered On Time
PO001159,M27,S06,Malwa Carton & Print,2024-06-10,2024-06-19,2024-06-19,1390,11.0,15290.0,Delivered On Time
PO001160,M27,S06,Malwa Carton & Print,2024-06-24,2024-07-03,2024-07-03,1410,11.0,15510.0,Delivered On Time
PO001161,M27,S06,Malwa Carton & Print,2024-07-08,2024-07-17,2024-07-17,1650,11.0,18150.0,Delivered On Time
PO001162,M27,S06,Malwa Carton & Print,2024-07-22,2024-07-31,2024-07-31,1550,11.0,17050.0,Delivered On Time
PO001163,M27,S06,Malwa Carton & Print,2024-08-05,2024-08-14,2024-08-14,1540,11.0,16940.0,Delivered On Time
PO001164,M27,S06,Malwa Carton & Print,2024-08-19,2024-08-28,2024-08-28,1550,11.0,17050.0,Delivered On Time
PO001165,M27,S06,Malwa Carton & Print,2024-09-02,2024-09-11,2024-09-11,1470,11.0,16170.0,Delivered On Time
PO001166,M27,S06,Malwa Carton & Print,2024-09-16,2024-09-25,2024-09-25,1910,11.0,21010.0,Delivered On Time
PO001167,M27,S06,Malwa Carton & Print,2024-09-30,2024-10-09,2024-10-09,1930,11.0,21230.0,Delivered On Time
PO001168,M27,S06,Malwa Carton & Print,2024-10-14,2024-10-23,2024-10-23,1670,11.0,18370.0,Delivered On Time
PO001169,M27,S06,Malwa Carton & Print,2024-10-28,2024-11-06,2024-11-06,1710,11.0,18810.0,Delivered On Time
PO001170,M27,S06,Malwa Carton & Print,2024-11-11,2024-11-20,2024-11-20,1600,11.0,17600.0,Delivered On Time
PO001171,M27,S06,Malwa Carton & Print,2024-12-09,2024-12-18,2024-12-18,2100,11.0,23100.0,Delivered On Time
PO001172,M28,S06,Malwa Carton & Print,2022-01-03,2022-01-12,2022-01-12,900,9.5,8550.0,Delivered On Time
PO001173,M28,S06,Malwa Carton & Print,2022-01-24,2022-02-02,2022-02-02,800,9.5,7600.0,Delivered On Time
PO001174,M28,S06,Malwa Carton & Print,2022-02-21,2022-03-02,2022-03-02,700,9.5,6650.0,Delivered On Time
PO001175,M28,S06,Malwa Carton & Print,2022-03-21,2022-03-30,2022-03-30,710,9.5,6745.0,Delivered On Time
PO001176,M28,S06,Malwa Carton & Print,2022-04-25,2022-05-04,2022-05-04,770,9.5,7315.0,Delivered On Time
PO001177,M28,S06,Malwa Carton & Print,2022-05-30,2022-06-08,2022-06-08,840,9.5,7980.0,Delivered On Time
PO001178,M28,S06,Malwa Carton & Print,2022-06-27,2022-07-06,2022-07-06,820,9.5,7790.0,Delivered On Time
PO001179,M28,S06,Malwa Carton & Print,2022-07-25,2022-08-03,2022-08-03,750,9.5,7125.0,Delivered On Time
PO001180,M28,S06,Malwa Carton & Print,2022-08-15,2022-08-24,2022-08-24,680,9.5,6460.0,Delivered On Time
PO001181,M28,S06,Malwa Carton & Print,2022-09-05,2022-09-14,2022-09-14,1020,9.5,9690.0,Delivered On Time
PO001182,M28,S06,Malwa Carton & Print,2022-09-19,2022-09-28,2022-09-28,820,9.5,7790.0,Delivered On Time
PO001183,M28,S06,Malwa Carton & Print,2022-10-03,2022-10-12,2022-10-12,1030,9.5,9785.0,Delivered On Time
PO001184,M28,S06,Malwa Carton & Print,2022-10-17,2022-10-26,2022-10-26,1050,9.5,9975.0,Delivered On Time
PO001185,M28,S06,Malwa Carton & Print,2022-10-31,2022-11-09,2022-11-09,1150,9.5,10925.0,Delivered On Time
PO001186,M28,S06,Malwa Carton & Print,2022-11-14,2022-11-23,2022-11-23,960,9.5,9120.0,Delivered On Time
PO001187,M28,S06,Malwa Carton & Print,2022-11-28,2022-12-07,2022-12-07,890,9.5,8455.0,Delivered On Time
PO001188,M28,S06,Malwa Carton & Print,2022-12-12,2022-12-21,2022-12-21,1170,9.5,11115.0,Delivered On Time
PO001189,M28,S06,Malwa Carton & Print,2022-12-26,2023-01-04,2023-01-04,910,9.5,8645.0,Delivered On Time
PO001190,M28,S06,Malwa Carton & Print,2023-01-09,2023-01-18,2023-01-18,1120,9.5,10640.0,Delivered On Time
PO001191,M28,S06,Malwa Carton & Print,2023-02-06,2023-02-15,2023-02-22,800,9.5,7600.0,Delivered Late
PO001192,M28,S06,Malwa Carton & Print,2023-03-06,2023-03-15,2023-03-15,740,9.5,7030.0,Delivered On Time
PO001193,M28,S06,Malwa Carton & Print,2023-04-03,2023-04-12,2023-04-12,720,9.5,6840.0,Delivered On Time
PO001194,M28,S06,Malwa Carton & Print,2023-05-01,2023-05-10,2023-05-10,720,9.5,6840.0,Delivered On Time
PO001195,M28,S06,Malwa Carton & Print,2023-05-29,2023-06-07,2023-06-07,810,9.5,7695.0,Delivered On Time
PO001196,M28,S06,Malwa Carton & Print,2023-06-26,2023-07-05,2023-07-05,860,9.5,8170.0,Delivered On Time
PO001197,M28,S06,Malwa Carton & Print,2023-07-17,2023-07-26,2023-07-26,680,9.5,6460.0,Delivered On Time
PO001198,M28,S06,Malwa Carton & Print,2023-08-07,2023-08-16,2023-08-16,660,9.5,6270.0,Delivered On Time
PO001199,M28,S06,Malwa Carton & Print,2023-08-28,2023-09-06,2023-09-06,800,9.5,7600.0,Delivered On Time
PO001200,M28,S06,Malwa Carton & Print,2023-09-11,2023-09-20,2023-09-20,730,9.5,6935.0,Delivered On Time
PO001201,M28,S06,Malwa Carton & Print,2023-09-25,2023-10-04,2023-10-04,1190,9.5,11305.0,Delivered On Time
PO001202,M28,S06,Malwa Carton & Print,2023-10-02,2023-10-11,2023-10-11,720,9.5,6840.0,Delivered On Time
PO001203,M28,S06,Malwa Carton & Print,2023-10-16,2023-10-25,2023-10-25,970,9.5,9215.0,Delivered On Time
PO001204,M28,S06,Malwa Carton & Print,2023-10-30,2023-11-08,2023-11-08,1140,9.5,10830.0,Delivered On Time
PO001205,M28,S06,Malwa Carton & Print,2023-11-13,2023-11-22,2023-11-22,1170,9.5,11115.0,Delivered On Time
PO001206,M28,S06,Malwa Carton & Print,2023-11-27,2023-12-06,2023-12-06,970,9.5,9215.0,Delivered On Time
PO001207,M28,S06,Malwa Carton & Print,2023-12-11,2023-12-20,2023-12-20,1140,9.5,10830.0,Delivered On Time
PO001208,M28,S06,Malwa Carton & Print,2023-12-25,2024-01-03,2024-01-03,1240,9.5,11780.0,Delivered On Time
PO001209,M28,S06,Malwa Carton & Print,2024-01-08,2024-01-17,2024-01-17,1080,9.5,10260.0,Delivered On Time
PO001210,M28,S06,Malwa Carton & Print,2024-01-29,2024-02-07,2024-02-07,730,9.5,6935.0,Delivered On Time
PO001211,M28,S06,Malwa Carton & Print,2024-02-26,2024-03-06,2024-03-06,800,9.5,7600.0,Delivered On Time
PO001212,M28,S06,Malwa Carton & Print,2024-03-25,2024-04-03,2024-04-03,790,9.5,7505.0,Delivered On Time
PO001213,M28,S06,Malwa Carton & Print,2024-04-15,2024-04-24,2024-04-24,690,9.5,6555.0,Delivered On Time
PO001214,M28,S06,Malwa Carton & Print,2024-05-06,2024-05-15,2024-05-22,700,9.5,6650.0,Delivered Late
PO001215,M28,S06,Malwa Carton & Print,2024-05-27,2024-06-05,2024-06-05,830,9.5,7885.0,Delivered On Time
PO001216,M28,S06,Malwa Carton & Print,2024-06-17,2024-06-26,2024-06-26,670,9.5,6365.0,Delivered On Time
PO001217,M28,S06,Malwa Carton & Print,2024-07-08,2024-07-17,2024-07-17,750,9.5,7125.0,Delivered On Time
PO001218,M28,S06,Malwa Carton & Print,2024-07-29,2024-08-07,2024-08-14,740,9.5,7030.0,Delivered Late
PO001219,M28,S06,Malwa Carton & Print,2024-08-19,2024-08-28,2024-08-28,980,9.5,9310.0,Delivered On Time
PO001220,M28,S06,Malwa Carton & Print,2024-09-09,2024-09-18,2024-09-18,950,9.5,9025.0,Delivered On Time
PO001221,M28,S06,Malwa Carton & Print,2024-09-23,2024-10-02,2024-10-02,1270,9.5,12065.0,Delivered On Time
PO001222,M28,S06,Malwa Carton & Print,2024-09-30,2024-10-09,2024-10-09,700,9.5,6650.0,Delivered On Time
PO001223,M28,S06,Malwa Carton & Print,2024-10-07,2024-10-16,2024-10-16,710,9.5,6745.0,Delivered On Time
PO001224,M28,S06,Malwa Carton & Print,2024-10-21,2024-10-30,2024-10-30,1200,9.5,11400.0,Delivered On Time
PO001225,M28,S06,Malwa Carton & Print,2024-10-28,2024-11-06,2024-11-06,720,9.5,6840.0,Delivered On Time
PO001226,M28,S06,Malwa Carton & Print,2024-11-04,2024-11-13,2024-11-13,690,9.5,6555.0,Delivered On Time
PO001227,M28,S06,Malwa Carton & Print,2024-11-18,2024-11-27,2024-11-27,820,9.5,7790.0,Delivered On Time
PO001228,M28,S06,Malwa Carton & Print,2024-12-09,2024-12-18,2024-12-18,970,9.5,9215.0,Delivered On Time
PO001229,M29,S06,Malwa Carton & Print,2023-06-26,2023-07-05,2023-07-05,460,3.5,1610.0,Delivered On Time
PO001230,M29,S06,Malwa Carton & Print,2023-07-24,2023-08-02,2023-08-02,430,3.5,1505.0,Delivered On Time
PO001231,M29,S06,Malwa Carton & Print,2023-08-21,2023-08-30,2023-08-30,480,3.5,1680.0,Delivered On Time
PO001232,M29,S06,Malwa Carton & Print,2023-09-04,2023-09-13,2023-09-13,450,3.5,1575.0,Delivered On Time
PO001233,M29,S06,Malwa Carton & Print,2023-09-18,2023-09-27,2023-10-04,400,3.5,1400.0,Delivered Late
PO001234,M29,S06,Malwa Carton & Print,2023-10-02,2023-10-11,2023-10-11,590,3.5,2065.0,Delivered On Time
PO001235,M29,S06,Malwa Carton & Print,2023-10-16,2023-10-25,2023-10-25,620,3.5,2170.0,Delivered On Time
PO001236,M29,S06,Malwa Carton & Print,2023-10-30,2023-11-08,2023-11-08,490,3.5,1715.0,Delivered On Time
PO001237,M29,S06,Malwa Carton & Print,2023-11-13,2023-11-22,2023-11-22,530,3.5,1855.0,Delivered On Time
PO001238,M29,S06,Malwa Carton & Print,2023-11-27,2023-12-06,2023-12-06,720,3.5,2520.0,Delivered On Time
PO001239,M29,S06,Malwa Carton & Print,2023-12-11,2023-12-20,2023-12-20,530,3.5,1855.0,Delivered On Time
PO001240,M29,S06,Malwa Carton & Print,2023-12-25,2024-01-03,2024-01-03,690,3.5,2415.0,Delivered On Time
PO001241,M29,S06,Malwa Carton & Print,2024-01-08,2024-01-17,2024-01-17,480,3.5,1680.0,Delivered On Time
PO001242,M29,S06,Malwa Carton & Print,2024-01-29,2024-02-07,2024-02-07,420,3.5,1470.0,Delivered On Time
PO001243,M29,S06,Malwa Carton & Print,2024-02-26,2024-03-06,2024-03-06,440,3.5,1540.0,Delivered On Time
PO001244,M29,S06,Malwa Carton & Print,2024-03-25,2024-04-03,2024-04-03,400,3.5,1400.0,Delivered On Time
PO001245,M29,S06,Malwa Carton & Print,2024-04-29,2024-05-08,2024-05-08,440,3.5,1540.0,Delivered On Time
PO001246,M29,S06,Malwa Carton & Print,2024-05-27,2024-06-05,2024-06-05,440,3.5,1540.0,Delivered On Time
PO001247,M29,S06,Malwa Carton & Print,2024-06-17,2024-06-26,2024-06-26,430,3.5,1505.0,Delivered On Time
PO001248,M29,S06,Malwa Carton & Print,2024-07-15,2024-07-24,2024-07-24,480,3.5,1680.0,Delivered On Time
PO001249,M29,S06,Malwa Carton & Print,2024-08-05,2024-08-14,2024-08-21,390,3.5,1365.0,Delivered Late
PO001250,M29,S06,Malwa Carton & Print,2024-08-26,2024-09-04,2024-09-04,440,3.5,1540.0,Delivered On Time
PO001251,M29,S06,Malwa Carton & Print,2024-09-09,2024-09-18,2024-09-18,400,3.5,1400.0,Delivered On Time
PO001252,M29,S06,Malwa Carton & Print,2024-09-23,2024-10-02,2024-10-02,650,3.5,2275.0,Delivered On Time
PO001253,M29,S06,Malwa Carton & Print,2024-10-07,2024-10-16,2024-10-16,530,3.5,1855.0,Delivered On Time
PO001254,M29,S06,Malwa Carton & Print,2024-10-14,2024-10-23,2024-10-23,380,3.5,1330.0,Delivered On Time
PO001255,M29,S06,Malwa Carton & Print,2024-10-28,2024-11-06,2024-11-06,630,3.5,2205.0,Delivered On Time
PO001256,M29,S06,Malwa Carton & Print,2024-11-11,2024-11-20,2024-11-20,640,3.5,2240.0,Delivered On Time
PO001257,M29,S06,Malwa Carton & Print,2024-12-09,2024-12-18,2024-12-18,600,3.5,2100.0,Delivered On Time
PO001258,M30,S06,Malwa Carton & Print,2021-12-27,2022-01-05,2022-01-05,8560,4.0,34240.0,Delivered On Time
PO001259,M30,S06,Malwa Carton & Print,2022-01-17,2022-01-26,2022-01-26,8410,4.0,33640.0,Delivered On Time
PO001260,M30,S06,Malwa Carton & Print,2022-02-14,2022-02-23,2022-02-23,8210,4.0,32840.0,Delivered On Time
PO001261,M30,S06,Malwa Carton & Print,2022-03-14,2022-03-23,2022-03-23,8610,4.0,34440.0,Delivered On Time
PO001262,M30,S06,Malwa Carton & Print,2022-04-11,2022-04-20,2022-04-20,8750,4.0,35000.0,Delivered On Time
PO001263,M30,S06,Malwa Carton & Print,2022-05-02,2022-05-11,2022-05-11,8550,4.0,34200.0,Delivered On Time
PO001264,M30,S06,Malwa Carton & Print,2022-05-23,2022-06-01,2022-06-01,8880,4.0,35520.0,Delivered On Time
PO001265,M30,S06,Malwa Carton & Print,2022-06-13,2022-06-22,2022-06-22,8860,4.0,35440.0,Delivered On Time
PO001266,M30,S06,Malwa Carton & Print,2022-07-04,2022-07-13,2022-07-13,9150,4.0,36600.0,Delivered On Time
PO001267,M30,S06,Malwa Carton & Print,2022-07-25,2022-08-03,2022-08-03,9250,4.0,37000.0,Delivered On Time
PO001268,M30,S06,Malwa Carton & Print,2022-08-15,2022-08-24,2022-08-24,10140,4.0,40560.0,Delivered On Time
PO001269,M30,S06,Malwa Carton & Print,2022-09-05,2022-09-14,2022-09-14,10950,4.0,43800.0,Delivered On Time
PO001270,M30,S06,Malwa Carton & Print,2022-09-19,2022-09-28,2022-09-28,7560,4.0,30240.0,Delivered On Time
PO001271,M30,S06,Malwa Carton & Print,2022-10-03,2022-10-12,2022-10-12,7690,4.0,30760.0,Delivered On Time
PO001272,M30,S06,Malwa Carton & Print,2022-10-17,2022-10-26,2022-10-26,8060,4.0,32240.0,Delivered On Time
PO001273,M30,S06,Malwa Carton & Print,2022-10-31,2022-11-09,2022-11-09,8420,4.0,33680.0,Delivered On Time
PO001274,M30,S06,Malwa Carton & Print,2022-11-14,2022-11-23,2022-11-23,8240,4.0,32960.0,Delivered On Time
PO001275,M30,S06,Malwa Carton & Print,2022-11-28,2022-12-07,2022-12-07,7400,4.0,29600.0,Delivered On Time
PO001276,M30,S06,Malwa Carton & Print,2022-12-12,2022-12-21,2022-12-21,8460,4.0,33840.0,Delivered On Time
PO001277,M30,S06,Malwa Carton & Print,2022-12-26,2023-01-04,2023-01-04,8150,4.0,32600.0,Delivered On Time
PO001278,M30,S06,Malwa Carton & Print,2023-01-09,2023-01-18,2023-01-18,8580,4.0,34320.0,Delivered On Time
PO001279,M30,S06,Malwa Carton & Print,2023-01-30,2023-02-08,2023-02-15,7690,4.0,30760.0,Delivered Late
PO001280,M30,S06,Malwa Carton & Print,2023-02-20,2023-03-01,2023-03-01,7900,4.0,31600.0,Delivered On Time
PO001281,M30,S06,Malwa Carton & Print,2023-03-13,2023-03-22,2023-03-22,7830,4.0,31320.0,Delivered On Time
PO001282,M30,S06,Malwa Carton & Print,2023-04-03,2023-04-12,2023-04-12,7760,4.0,31040.0,Delivered On Time
PO001283,M30,S06,Malwa Carton & Print,2023-04-24,2023-05-03,2023-05-03,8870,4.0,35480.0,Delivered On Time
PO001284,M30,S06,Malwa Carton & Print,2023-05-15,2023-05-24,2023-05-24,9580,4.0,38320.0,Delivered On Time
PO001285,M30,S06,Malwa Carton & Print,2023-06-05,2023-06-14,2023-06-14,10660,4.0,42640.0,Delivered On Time
PO001286,M30,S06,Malwa Carton & Print,2023-06-26,2023-07-05,2023-07-05,10780,4.0,43120.0,Delivered On Time
PO001287,M30,S06,Malwa Carton & Print,2023-07-17,2023-07-26,2023-07-26,10550,4.0,42200.0,Delivered On Time
PO001288,M30,S06,Malwa Carton & Print,2023-08-07,2023-08-16,2023-08-16,10590,4.0,42360.0,Delivered On Time
PO001289,M30,S06,Malwa Carton & Print,2023-08-28,2023-09-06,2023-09-06,10680,4.0,42720.0,Delivered On Time
PO001290,M30,S06,Malwa Carton & Print,2023-09-11,2023-09-20,2023-09-20,8710,4.0,34840.0,Delivered On Time
PO001291,M30,S06,Malwa Carton & Print,2023-09-25,2023-10-04,2023-10-04,10810,4.0,43240.0,Delivered On Time
PO001292,M30,S06,Malwa Carton & Print,2023-10-09,2023-10-18,2023-10-18,10480,4.0,41920.0,Delivered On Time
PO001293,M30,S06,Malwa Carton & Print,2023-10-23,2023-11-01,2023-11-01,9950,4.0,39800.0,Delivered On Time
PO001294,M30,S06,Malwa Carton & Print,2023-11-06,2023-11-15,2023-11-15,8870,4.0,35480.0,Delivered On Time
PO001295,M30,S06,Malwa Carton & Print,2023-11-20,2023-11-29,2023-11-29,9540,4.0,38160.0,Delivered On Time
PO001296,M30,S06,Malwa Carton & Print,2023-12-04,2023-12-13,2023-12-13,9590,4.0,38360.0,Delivered On Time
PO001297,M30,S06,Malwa Carton & Print,2023-12-18,2023-12-27,2023-12-27,9770,4.0,39080.0,Delivered On Time
PO001298,M30,S06,Malwa Carton & Print,2024-01-01,2024-01-10,2024-01-10,10130,4.0,40520.0,Delivered On Time
PO001299,M30,S06,Malwa Carton & Print,2024-01-15,2024-01-24,2024-01-24,8660,4.0,34640.0,Delivered On Time
PO001300,M30,S06,Malwa Carton & Print,2024-02-05,2024-02-14,2024-02-14,9500,4.0,38000.0,Delivered On Time
PO001301,M30,S06,Malwa Carton & Print,2024-02-26,2024-03-06,2024-03-06,9320,4.0,37280.0,Delivered On Time
PO001302,M30,S06,Malwa Carton & Print,2024-03-18,2024-03-27,2024-03-27,8670,4.0,34680.0,Delivered On Time
PO001303,M30,S06,Malwa Carton & Print,2024-04-08,2024-04-17,2024-04-17,9560,4.0,38240.0,Delivered On Time
PO001304,M30,S06,Malwa Carton & Print,2024-04-22,2024-05-01,2024-05-01,7680,4.0,30720.0,Delivered On Time
PO001305,M30,S06,Malwa Carton & Print,2024-05-06,2024-05-15,2024-05-15,8390,4.0,33560.0,Delivered On Time
PO001306,M30,S06,Malwa Carton & Print,2024-05-20,2024-05-29,2024-05-29,8580,4.0,34320.0,Delivered On Time
PO001307,M30,S06,Malwa Carton & Print,2024-06-03,2024-06-12,2024-06-12,8730,4.0,34920.0,Delivered On Time
PO001308,M30,S06,Malwa Carton & Print,2024-06-17,2024-06-26,2024-06-26,8090,4.0,32360.0,Delivered On Time
PO001309,M30,S06,Malwa Carton & Print,2024-07-01,2024-07-10,2024-07-10,8750,4.0,35000.0,Delivered On Time
PO001310,M30,S06,Malwa Carton & Print,2024-07-15,2024-07-24,2024-07-24,8800,4.0,35200.0,Delivered On Time
PO001311,M30,S06,Malwa Carton & Print,2024-07-29,2024-08-07,2024-08-07,8290,4.0,33160.0,Delivered On Time
PO001312,M30,S06,Malwa Carton & Print,2024-08-12,2024-08-21,2024-08-21,8820,4.0,35280.0,Delivered On Time
PO001313,M30,S06,Malwa Carton & Print,2024-08-26,2024-09-04,2024-09-04,10640,4.0,42560.0,Delivered On Time
PO001314,M30,S06,Malwa Carton & Print,2024-09-09,2024-09-18,2024-09-18,9880,4.0,39520.0,Delivered On Time
PO001315,M30,S06,Malwa Carton & Print,2024-09-23,2024-10-02,2024-10-02,12080,4.0,48320.0,Delivered On Time
PO001316,M30,S06,Malwa Carton & Print,2024-10-07,2024-10-16,2024-10-16,10710,4.0,42840.0,Delivered On Time
PO001317,M30,S06,Malwa Carton & Print,2024-10-21,2024-10-30,2024-10-30,10770,4.0,43080.0,Delivered On Time
PO001318,M30,S06,Malwa Carton & Print,2024-11-04,2024-11-13,2024-11-13,11220,4.0,44880.0,Delivered On Time
PO001319,M30,S06,Malwa Carton & Print,2024-11-25,2024-12-04,2024-12-04,10560,4.0,42240.0,Delivered On Time
PO001320,M30,S06,Malwa Carton & Print,2024-12-09,2024-12-18,2024-12-18,7580,4.0,30320.0,Delivered On Time
PO001321,M31,S06,Malwa Carton & Print,2021-12-27,2022-01-05,2022-01-05,8560,1.2,10272.0,Delivered On Time
PO001322,M31,S06,Malwa Carton & Print,2022-01-17,2022-01-26,2022-01-26,8410,1.2,10092.0,Delivered On Time
PO001323,M31,S06,Malwa Carton & Print,2022-02-14,2022-02-23,2022-02-23,8210,1.2,9852.0,Delivered On Time
PO001324,M31,S06,Malwa Carton & Print,2022-03-14,2022-03-23,2022-03-23,8610,1.2,10332.0,Delivered On Time
PO001325,M31,S06,Malwa Carton & Print,2022-04-11,2022-04-20,2022-04-20,8750,1.2,10500.0,Delivered On Time
PO001326,M31,S06,Malwa Carton & Print,2022-05-02,2022-05-11,2022-05-11,8550,1.2,10260.0,Delivered On Time
PO001327,M31,S06,Malwa Carton & Print,2022-05-23,2022-06-01,2022-06-01,8880,1.2,10656.0,Delivered On Time
PO001328,M31,S06,Malwa Carton & Print,2022-06-13,2022-06-22,2022-06-22,8860,1.2,10632.0,Delivered On Time
PO001329,M31,S06,Malwa Carton & Print,2022-07-04,2022-07-13,2022-07-13,9150,1.2,10980.0,Delivered On Time
PO001330,M31,S06,Malwa Carton & Print,2022-07-25,2022-08-03,2022-08-03,9250,1.2,11100.0,Delivered On Time
PO001331,M31,S06,Malwa Carton & Print,2022-08-15,2022-08-24,2022-08-24,10140,1.2,12168.0,Delivered On Time
PO001332,M31,S06,Malwa Carton & Print,2022-09-05,2022-09-14,2022-09-14,10950,1.2,13140.0,Delivered On Time
PO001333,M31,S06,Malwa Carton & Print,2022-09-19,2022-09-28,2022-09-28,7560,1.2,9072.0,Delivered On Time
PO001334,M31,S06,Malwa Carton & Print,2022-10-03,2022-10-12,2022-10-12,7690,1.2,9228.0,Delivered On Time
PO001335,M31,S06,Malwa Carton & Print,2022-10-17,2022-10-26,2022-10-26,8060,1.2,9672.0,Delivered On Time
PO001336,M31,S06,Malwa Carton & Print,2022-10-31,2022-11-09,2022-11-09,8420,1.2,10104.0,Delivered On Time
PO001337,M31,S06,Malwa Carton & Print,2022-11-14,2022-11-23,2022-11-23,8240,1.2,9888.0,Delivered On Time
PO001338,M31,S06,Malwa Carton & Print,2022-11-28,2022-12-07,2022-12-07,7400,1.2,8880.0,Delivered On Time
PO001339,M31,S06,Malwa Carton & Print,2022-12-12,2022-12-21,2022-12-21,8460,1.2,10152.0,Delivered On Time
PO001340,M31,S06,Malwa Carton & Print,2022-12-26,2023-01-04,2023-01-04,8150,1.2,9780.0,Delivered On Time
PO001341,M31,S06,Malwa Carton & Print,2023-01-09,2023-01-18,2023-01-18,8580,1.2,10296.0,Delivered On Time
PO001342,M31,S06,Malwa Carton & Print,2023-01-30,2023-02-08,2023-02-08,7690,1.2,9228.0,Delivered On Time
PO001343,M31,S06,Malwa Carton & Print,2023-02-20,2023-03-01,2023-03-01,7900,1.2,9480.0,Delivered On Time
PO001344,M31,S06,Malwa Carton & Print,2023-03-13,2023-03-22,2023-03-22,7830,1.2,9396.0,Delivered On Time
PO001345,M31,S06,Malwa Carton & Print,2023-04-03,2023-04-12,2023-04-12,7760,1.2,9312.0,Delivered On Time
PO001346,M31,S06,Malwa Carton & Print,2023-04-24,2023-05-03,2023-05-03,8870,1.2,10644.0,Delivered On Time
PO001347,M31,S06,Malwa Carton & Print,2023-05-15,2023-05-24,2023-05-24,9580,1.2,11496.0,Delivered On Time
PO001348,M31,S06,Malwa Carton & Print,2023-06-05,2023-06-14,2023-06-14,10660,1.2,12792.0,Delivered On Time
PO001349,M31,S06,Malwa Carton & Print,2023-06-26,2023-07-05,2023-07-05,10780,1.2,12936.0,Delivered On Time
PO001350,M31,S06,Malwa Carton & Print,2023-07-17,2023-07-26,2023-07-26,10550,1.2,12660.0,Delivered On Time
PO001351,M31,S06,Malwa Carton & Print,2023-08-07,2023-08-16,2023-08-16,10590,1.2,12708.0,Delivered On Time
PO001352,M31,S06,Malwa Carton & Print,2023-08-28,2023-09-06,2023-09-06,10680,1.2,12816.0,Delivered On Time
PO001353,M31,S06,Malwa Carton & Print,2023-09-11,2023-09-20,2023-09-20,8710,1.2,10452.0,Delivered On Time
PO001354,M31,S06,Malwa Carton & Print,2023-09-25,2023-10-04,2023-10-04,10810,1.2,12972.0,Delivered On Time
PO001355,M31,S06,Malwa Carton & Print,2023-10-09,2023-10-18,2023-10-18,10480,1.2,12576.0,Delivered On Time
PO001356,M31,S06,Malwa Carton & Print,2023-10-23,2023-11-01,2023-11-01,9950,1.2,11940.0,Delivered On Time
PO001357,M31,S06,Malwa Carton & Print,2023-11-06,2023-11-15,2023-11-15,8870,1.2,10644.0,Delivered On Time
PO001358,M31,S06,Malwa Carton & Print,2023-11-20,2023-11-29,2023-11-29,9540,1.2,11448.0,Delivered On Time
PO001359,M31,S06,Malwa Carton & Print,2023-12-04,2023-12-13,2023-12-13,9590,1.2,11508.0,Delivered On Time
PO001360,M31,S06,Malwa Carton & Print,2023-12-18,2023-12-27,2023-12-27,9770,1.2,11724.0,Delivered On Time
PO001361,M31,S06,Malwa Carton & Print,2024-01-01,2024-01-10,2024-01-10,10130,1.2,12156.0,Delivered On Time
PO001362,M31,S06,Malwa Carton & Print,2024-01-15,2024-01-24,2024-01-24,8660,1.2,10392.0,Delivered On Time
PO001363,M31,S06,Malwa Carton & Print,2024-02-05,2024-02-14,2024-02-14,9500,1.2,11400.0,Delivered On Time
PO001364,M31,S06,Malwa Carton & Print,2024-02-26,2024-03-06,2024-03-06,9320,1.2,11184.0,Delivered On Time
PO001365,M31,S06,Malwa Carton & Print,2024-03-18,2024-03-27,2024-03-27,8670,1.2,10404.0,Delivered On Time
PO001366,M31,S06,Malwa Carton & Print,2024-04-08,2024-04-17,2024-04-17,9560,1.2,11472.0,Delivered On Time
PO001367,M31,S06,Malwa Carton & Print,2024-04-22,2024-05-01,2024-05-01,7680,1.2,9216.0,Delivered On Time
PO001368,M31,S06,Malwa Carton & Print,2024-05-06,2024-05-15,2024-05-15,8390,1.2,10068.0,Delivered On Time
PO001369,M31,S06,Malwa Carton & Print,2024-05-20,2024-05-29,2024-05-29,8580,1.2,10296.0,Delivered On Time
PO001370,M31,S06,Malwa Carton & Print,2024-06-03,2024-06-12,2024-06-12,8730,1.2,10476.0,Delivered On Time
PO001371,M31,S06,Malwa Carton & Print,2024-06-17,2024-06-26,2024-06-26,8090,1.2,9708.0,Delivered On Time
PO001372,M31,S06,Malwa Carton & Print,2024-07-01,2024-07-10,2024-07-10,8750,1.2,10500.0,Delivered On Time
PO001373,M31,S06,Malwa Carton & Print,2024-07-15,2024-07-24,2024-07-31,8800,1.2,10560.0,Delivered Late
PO001374,M31,S06,Malwa Carton & Print,2024-07-29,2024-08-07,2024-08-07,8290,1.2,9948.0,Delivered On Time
PO001375,M31,S06,Malwa Carton & Print,2024-08-12,2024-08-21,2024-08-21,8820,1.2,10584.0,Delivered On Time
PO001376,M31,S06,Malwa Carton & Print,2024-08-26,2024-09-04,2024-09-04,10640,1.2,12768.0,Delivered On Time
PO001377,M31,S06,Malwa Carton & Print,2024-09-09,2024-09-18,2024-09-18,9880,1.2,11856.0,Delivered On Time
PO001378,M31,S06,Malwa Carton & Print,2024-09-23,2024-10-02,2024-10-02,12080,1.2,14496.0,Delivered On Time
PO001379,M31,S06,Malwa Carton & Print,2024-10-07,2024-10-16,2024-10-16,10710,1.2,12852.0,Delivered On Time
PO001380,M31,S06,Malwa Carton & Print,2024-10-21,2024-10-30,2024-10-30,10770,1.2,12924.0,Delivered On Time
PO001381,M31,S06,Malwa Carton & Print,2024-11-04,2024-11-13,2024-11-13,11220,1.2,13464.0,Delivered On Time
PO001382,M31,S06,Malwa Carton & Print,2024-11-25,2024-12-04,2024-12-04,10560,1.2,12672.0,Delivered On Time
PO001383,M31,S06,Malwa Carton & Print,2024-12-09,2024-12-18,2024-12-18,7580,1.2,9096.0,Delivered On Time
PO001384,M32,S07,Sanjeevani Excipients Ltd,2022-01-03,2022-01-17,2022-01-17,50,150.0,7500.0,Delivered On Time
PO001385,M32,S07,Sanjeevani Excipients Ltd,2022-01-31,2022-02-14,2022-02-14,40,150.0,6000.0,Delivered On Time
PO001386,M32,S07,Sanjeevani Excipients Ltd,2022-02-28,2022-03-14,2022-03-21,40,150.0,6000.0,Delivered Late
PO001387,M32,S07,Sanjeevani Excipients Ltd,2022-03-28,2022-04-11,2022-04-11,50,150.0,7500.0,Delivered On Time
PO001388,M32,S07,Sanjeevani Excipients Ltd,2022-04-25,2022-05-09,2022-05-09,50,150.0,7500.0,Delivered On Time
PO001389,M32,S07,Sanjeevani Excipients Ltd,2022-05-23,2022-06-06,2022-06-06,50,150.0,7500.0,Delivered On Time
PO001390,M32,S07,Sanjeevani Excipients Ltd,2022-06-13,2022-06-27,2022-06-27,40,150.0,6000.0,Delivered On Time
PO001391,M32,S07,Sanjeevani Excipients Ltd,2022-07-04,2022-07-18,2022-07-18,40,150.0,6000.0,Delivered On Time
PO001392,M32,S07,Sanjeevani Excipients Ltd,2022-07-25,2022-08-08,2022-08-08,50,150.0,7500.0,Delivered On Time
PO001393,M32,S07,Sanjeevani Excipients Ltd,2022-08-15,2022-08-29,2022-08-29,50,150.0,7500.0,Delivered On Time
PO001394,M32,S07,Sanjeevani Excipients Ltd,2022-09-05,2022-09-19,2022-09-26,50,150.0,7500.0,Delivered Late
PO001395,M32,S07,Sanjeevani Excipients Ltd,2022-09-19,2022-10-03,2022-10-03,40,150.0,6000.0,Delivered On Time
PO001396,M32,S07,Sanjeevani Excipients Ltd,2022-10-10,2022-10-24,2022-10-24,50,150.0,7500.0,Delivered On Time
PO001397,M32,S07,Sanjeevani Excipients Ltd,2022-10-31,2022-11-14,2022-11-14,60,150.0,9000.0,Delivered On Time
PO001398,M32,S07,Sanjeevani Excipients Ltd,2022-11-21,2022-12-05,2022-12-05,50,150.0,7500.0,Delivered On Time
PO001399,M32,S07,Sanjeevani Excipients Ltd,2022-12-05,2022-12-19,2022-12-19,40,150.0,6000.0,Delivered On Time
PO001400,M32,S07,Sanjeevani Excipients Ltd,2022-12-26,2023-01-09,2023-01-09,50,150.0,7500.0,Delivered On Time
PO001401,M32,S07,Sanjeevani Excipients Ltd,2023-01-16,2023-01-30,2023-01-30,50,150.0,7500.0,Delivered On Time
PO001402,M32,S07,Sanjeevani Excipients Ltd,2023-02-13,2023-02-27,2023-02-27,50,150.0,7500.0,Delivered On Time
PO001403,M32,S07,Sanjeevani Excipients Ltd,2023-03-06,2023-03-20,2023-03-20,40,150.0,6000.0,Delivered On Time
PO001404,M32,S07,Sanjeevani Excipients Ltd,2023-03-27,2023-04-10,2023-04-10,40,150.0,6000.0,Delivered On Time
PO001405,M32,S07,Sanjeevani Excipients Ltd,2023-04-17,2023-05-01,2023-05-01,40,150.0,6000.0,Delivered On Time
PO001406,M32,S07,Sanjeevani Excipients Ltd,2023-05-08,2023-05-22,2023-05-22,40,150.0,6000.0,Delivered On Time
PO001407,M32,S07,Sanjeevani Excipients Ltd,2023-05-29,2023-06-12,2023-06-12,40,150.0,6000.0,Delivered On Time
PO001408,M32,S07,Sanjeevani Excipients Ltd,2023-06-19,2023-07-03,2023-07-03,40,150.0,6000.0,Delivered On Time
PO001409,M32,S07,Sanjeevani Excipients Ltd,2023-07-10,2023-07-24,2023-07-24,50,150.0,7500.0,Delivered On Time
PO001410,M32,S07,Sanjeevani Excipients Ltd,2023-07-31,2023-08-14,2023-08-14,40,150.0,6000.0,Delivered On Time
PO001411,M32,S07,Sanjeevani Excipients Ltd,2023-08-21,2023-09-04,2023-09-04,50,150.0,7500.0,Delivered On Time
PO001412,M32,S07,Sanjeevani Excipients Ltd,2023-09-04,2023-09-18,2023-09-18,40,150.0,6000.0,Delivered On Time
PO001413,M32,S07,Sanjeevani Excipients Ltd,2023-09-18,2023-10-02,2023-10-02,40,150.0,6000.0,Delivered On Time
PO001414,M32,S07,Sanjeevani Excipients Ltd,2023-10-02,2023-10-16,2023-10-16,40,150.0,6000.0,Delivered On Time
PO001415,M32,S07,Sanjeevani Excipients Ltd,2023-10-16,2023-10-30,2023-10-30,40,150.0,6000.0,Delivered On Time
PO001416,M32,S07,Sanjeevani Excipients Ltd,2023-11-06,2023-11-20,2023-11-20,60,150.0,9000.0,Delivered On Time
PO001417,M32,S07,Sanjeevani Excipients Ltd,2023-11-27,2023-12-11,2023-12-11,50,150.0,7500.0,Delivered On Time
PO001418,M32,S07,Sanjeevani Excipients Ltd,2023-12-11,2023-12-25,2023-12-25,40,150.0,6000.0,Delivered On Time
PO001419,M32,S07,Sanjeevani Excipients Ltd,2024-01-01,2024-01-15,2024-01-15,60,150.0,9000.0,Delivered On Time
PO001420,M32,S07,Sanjeevani Excipients Ltd,2024-01-22,2024-02-05,2024-02-05,50,150.0,7500.0,Delivered On Time
PO001421,M32,S07,Sanjeevani Excipients Ltd,2024-02-12,2024-02-26,2024-03-04,40,150.0,6000.0,Delivered Late
PO001422,M32,S07,Sanjeevani Excipients Ltd,2024-03-04,2024-03-18,2024-03-18,40,150.0,6000.0,Delivered On Time
PO001423,M32,S07,Sanjeevani Excipients Ltd,2024-03-25,2024-04-08,2024-04-15,50,150.0,7500.0,Delivered Late
PO001424,M32,S07,Sanjeevani Excipients Ltd,2024-04-15,2024-04-29,2024-04-29,40,150.0,6000.0,Delivered On Time
PO001425,M32,S07,Sanjeevani Excipients Ltd,2024-04-29,2024-05-13,2024-05-13,40,150.0,6000.0,Delivered On Time
PO001426,M32,S07,Sanjeevani Excipients Ltd,2024-05-13,2024-05-27,2024-05-27,40,150.0,6000.0,Delivered On Time
PO001427,M32,S07,Sanjeevani Excipients Ltd,2024-06-03,2024-06-17,2024-06-17,50,150.0,7500.0,Delivered On Time
PO001428,M32,S07,Sanjeevani Excipients Ltd,2024-06-24,2024-07-08,2024-07-08,50,150.0,7500.0,Delivered On Time
PO001429,M32,S07,Sanjeevani Excipients Ltd,2024-07-08,2024-07-22,2024-07-22,40,150.0,6000.0,Delivered On Time
PO001430,M32,S07,Sanjeevani Excipients Ltd,2024-07-29,2024-08-12,2024-08-12,50,150.0,7500.0,Delivered On Time
PO001431,M32,S07,Sanjeevani Excipients Ltd,2024-08-12,2024-08-26,2024-08-26,40,150.0,6000.0,Delivered On Time
PO001432,M32,S07,Sanjeevani Excipients Ltd,2024-08-26,2024-09-09,2024-09-09,50,150.0,7500.0,Delivered On Time
PO001433,M32,S07,Sanjeevani Excipients Ltd,2024-09-09,2024-09-23,2024-09-30,50,150.0,7500.0,Delivered Late
PO001434,M32,S07,Sanjeevani Excipients Ltd,2024-09-23,2024-10-07,2024-10-07,50,150.0,7500.0,Delivered On Time
PO001435,M32,S07,Sanjeevani Excipients Ltd,2024-10-07,2024-10-21,2024-10-21,40,150.0,6000.0,Delivered On Time
PO001436,M32,S07,Sanjeevani Excipients Ltd,2024-10-21,2024-11-04,2024-11-04,40,150.0,6000.0,Delivered On Time
PO001437,M32,S07,Sanjeevani Excipients Ltd,2024-11-04,2024-11-18,2024-11-18,40,150.0,6000.0,Delivered On Time
PO001438,M32,S07,Sanjeevani Excipients Ltd,2024-11-25,2024-12-09,2024-12-16,50,150.0,7500.0,Delivered Late
