BatchID,ProductID,ProductionWeekEnd,QuantityProduced,RejectQty,GoodQty,RawMaterialCost,LaborCost,OverheadCost,TotalProductionCost,UnitProductionCost
B000001,P001,2022-01-30,55,1,54,1793.0,268.95,179.3,2241.25,40.75
B000002,P001,2022-02-06,92,2,90,2999.2,449.88,299.92,3749.0,40.75
B000003,P001,2022-02-13,93,2,91,3031.8,454.77,303.18,3789.75,40.75
B000004,P001,2022-02-20,146,3,143,4759.6,713.94,475.96,5949.5,40.75
B000005,P001,2022-02-27,128,3,125,4172.8,625.92,417.28,5216.0,40.75
B000006,P001,2022-03-06,148,3,145,4824.8,723.72,482.48,6031.0,40.75
B000007,P001,2022-03-13,107,2,105,3488.2,523.23,348.82,4360.25,40.75
B000008,P001,2022-03-20,130,3,127,4238.0,635.7,423.8,5297.5,40.75
B000009,P001,2022-03-27,143,3,140,4661.8,699.27,466.18,5827.25,40.75
B000010,P001,2022-04-03,100,2,98,3260.0,489.0,326.0,4075.0,40.75
B000011,P001,2022-04-10,144,3,141,4694.4,704.16,469.44,5868.0,40.75
B000012,P001,2022-04-17,91,2,89,2966.6,444.99,296.66,3708.25,40.75
B000013,P001,2022-04-24,141,3,138,4596.6,689.49,459.66,5745.75,40.75
B000014,P001,2022-05-01,154,3,151,5020.4,753.06,502.04,6275.5,40.75
B000015,P001,2022-05-08,114,2,112,3716.4,557.46,371.64,4645.5,40.75
B000016,P001,2022-05-15,264,5,259,8606.4,1290.96,860.64,10758.0,40.75
B000017,P001,2022-05-22,337,7,330,10986.2,1647.93,1098.62,13732.75,40.75
B000018,P001,2022-05-29,276,6,270,8997.6,1349.64,899.76,11247.0,40.75
B000019,P001,2022-06-05,243,5,238,7921.8,1188.27,792.18,9902.25,40.75
B000020,P001,2022-06-12,234,5,229,7628.4,1144.26,762.84,9535.5,40.75
B000021,P001,2022-06-19,233,5,228,7595.8,1139.37,759.58,9494.75,40.75
B000022,P001,2022-06-26,365,7,358,11899.0,1784.85,1189.9,14873.75,40.75
B000023,P001,2022-07-03,294,6,288,9584.4,1437.66,958.44,11980.5,40.75
B000024,P001,2022-07-10,222,4,218,7237.2,1085.58,723.72,9046.5,40.75
B000025,P001,2022-07-17,331,7,324,10790.6,1618.59,1079.06,13488.25,40.75
B000026,P001,2022-07-24,318,6,312,10366.8,1555.02,1036.68,12958.5,40.75
B000027,P001,2022-07-31,234,5,229,7628.4,1144.26,762.84,9535.5,40.75
B000028,P001,2022-08-07,309,6,303,10073.4,1511.01,1007.34,12591.75,40.75
B000029,P001,2022-08-14,315,6,309,10269.0,1540.35,1026.9,12836.25,40.75
B000030,P001,2022-08-21,271,5,266,8834.6,1325.19,883.46,11043.25,40.75
B000031,P001,2022-08-28,328,7,321,10692.8,1603.92,1069.28,13366.0,40.75
B000032,P001,2022-09-04,243,5,238,7921.8,1188.27,792.18,9902.25,40.75
B000033,P001,2022-09-11,357,7,350,11638.2,1745.73,1163.82,14547.75,40.75
B000034,P001,2022-09-18,210,4,206,6846.0,1026.9,684.6,8557.5,40.75
B000035,P001,2022-09-25,176,4,172,5737.6,860.64,573.76,7172.0,40.75
B000036,P001,2022-10-02,236,5,231,7693.6,1154.04,769.36,9617.0,40.75
B000037,P001,2022-10-09,211,4,207,6878.6,1031.79,687.86,8598.25,40.75
B000038,P001,2022-10-16,125,2,123,4075.0,611.25,407.5,5093.75,40.75
B000039,P001,2022-10-23,83,2,81,2705.8,405.87,270.58,3382.25,40.75
B000040,P001,2022-10-30,96,2,94,3129.6,469.44,312.96,3912.0,40.75
B000041,P001,2022-11-06,121,2,119,3944.6,591.69,394.46,4930.75,40.75
B000042,P001,2022-11-13,126,3,123,4107.6,616.14,410.76,5134.5,40.75
B000043,P001,2022-11-20,82,2,80,2673.2,400.98,267.32,3341.5,40.75
B000044,P001,2022-11-27,104,2,102,3390.4,508.56,339.04,4238.0,40.75
B000045,P001,2022-12-04,115,2,113,3749.0,562.35,374.9,4686.25,40.75
B000046,P001,2022-12-11,81,2,79,2640.6,396.09,264.06,3300.75,40.75
B000047,P001,2022-12-18,117,2,115,3814.2,572.13,381.42,4767.75,40.75
B000048,P001,2022-12-25,77,2,75,2510.2,376.53,251.02,3137.75,40.75
B000049,P001,2023-01-01,144,3,141,4694.4,704.16,469.44,5868.0,40.75
B000050,P001,2023-01-08,80,2,78,2608.0,391.2,260.8,3260.0,40.75
B000051,P001,2023-01-15,77,2,75,2510.2,376.53,251.02,3137.75,40.75
B000052,P001,2023-01-22,144,3,141,4694.4,704.16,469.44,5868.0,40.75
B000053,P001,2023-01-29,72,1,71,2347.2,352.08,234.72,2934.0,40.75
B000054,P001,2023-02-05,64,1,63,2086.4,312.96,208.64,2608.0,40.75
B000055,P001,2023-02-12,117,2,115,3814.2,572.13,381.42,4767.75,40.75
B000056,P001,2023-02-19,168,3,165,5476.8,821.52,547.68,6846.0,40.75
B000057,P001,2023-02-26,147,3,144,4792.2,718.83,479.22,5990.25,40.75
B000058,P001,2023-03-05,164,3,161,5346.4,801.96,534.64,6683.0,40.75
B000059,P001,2023-03-12,193,4,189,6291.8,943.77,629.18,7864.75,40.75
B000060,P001,2023-03-19,164,3,161,5346.4,801.96,534.64,6683.0,40.75
B000061,P001,2023-03-26,136,3,133,4433.6,665.04,443.36,5542.0,40.75
B000062,P001,2023-04-02,218,4,214,7106.8,1066.02,710.68,8883.5,40.75
B000063,P001,2023-04-09,142,3,139,4629.2,694.38,462.92,5786.5,40.75
B000064,P001,2023-04-16,146,3,143,4759.6,713.94,475.96,5949.5,40.75
B000065,P001,2023-04-23,168,3,165,5476.8,821.52,547.68,6846.0,40.75
B000066,P001,2023-04-30,165,3,162,5379.0,806.85,537.9,6723.75,40.75
B000067,P001,2023-05-07,164,3,161,5346.4,801.96,534.64,6683.0,40.75
B000068,P001,2023-05-14,210,4,206,6846.0,1026.9,684.6,8557.5,40.75
B000069,P001,2023-05-21,349,7,342,11377.4,1706.61,1137.74,14221.75,40.75
B000070,P001,2023-05-28,360,7,353,11736.0,1760.4,1173.6,14670.0,40.75
B000071,P001,2023-06-04,357,7,350,11638.2,1745.73,1163.82,14547.75,40.75
B000072,P001,2023-06-11,298,6,292,9714.8,1457.22,971.48,12143.5,40.75
B000073,P001,2023-06-18,338,7,331,11018.8,1652.82,1101.88,13773.5,40.75
B000074,P001,2023-06-25,249,5,244,8117.4,1217.61,811.74,10146.75,40.75
B000075,P001,2023-07-02,418,8,410,13626.8,2044.02,1362.68,17033.5,40.75
B000076,P001,2023-07-09,374,7,367,12192.4,1828.86,1219.24,15240.5,40.75
B000077,P001,2023-07-16,319,6,313,10399.4,1559.91,1039.94,12999.25,40.75
B000078,P001,2023-07-23,380,8,372,12388.0,1858.2,1238.8,15485.0,40.75
B000079,P001,2023-07-30,305,6,299,9943.0,1491.45,994.3,12428.75,40.75
B000080,P001,2023-08-06,318,6,312,10366.8,1555.02,1036.68,12958.5,40.75
B000081,P001,2023-08-13,281,6,275,9160.6,1374.09,916.06,11450.75,40.75
B000082,P001,2023-08-20,431,9,422,14050.6,2107.59,1405.06,17563.25,40.75
B000083,P001,2023-08-27,356,7,349,11605.6,1740.84,1160.56,14507.0,40.75
B000084,P001,2023-09-03,389,8,381,12681.4,1902.21,1268.14,15851.75,40.75
B000085,P001,2023-09-10,273,5,268,8899.8,1334.97,889.98,11124.75,40.75
B000086,P001,2023-09-17,180,4,176,5868.0,880.2,586.8,7335.0,40.75
B000087,P001,2023-09-24,143,3,140,4661.8,699.27,466.18,5827.25,40.75
B000088,P001,2023-10-01,224,4,220,7302.4,1095.36,730.24,9128.0,40.75
B000089,P001,2023-10-08,112,2,110,3651.2,547.68,365.12,4564.0,40.75
B000090,P001,2023-10-15,119,2,117,3879.4,581.91,387.94,4849.25,40.75
B000091,P001,2023-10-22,99,2,97,3227.4,484.11,322.74,4034.25,40.75
B000092,P001,2023-10-29,134,3,131,4368.4,655.26,436.84,5460.5,40.75
B000093,P001,2023-11-05,105,2,103,3423.0,513.45,342.3,4278.75,40.75
B000094,P001,2023-11-12,63,1,62,2053.8,308.07,205.38,2567.25,40.75
B000095,P001,2023-11-19,132,3,129,4303.2,645.48,430.32,5379.0,40.75
B000096,P001,2023-11-26,105,2,103,3423.0,513.45,342.3,4278.75,40.75
B000097,P001,2023-12-03,83,2,81,2705.8,405.87,270.58,3382.25,40.75
B000098,P001,2023-12-10,115,2,113,3749.0,562.35,374.9,4686.25,40.75
B000099,P001,2023-12-17,70,1,69,2282.0,342.3,228.2,2852.5,40.75
B000100,P001,2023-12-24,156,3,153,5085.6,762.84,508.56,6357.0,40.75
B000101,P001,2023-12-31,103,2,101,3357.8,503.67,335.78,4197.25,40.75
B000102,P001,2024-01-07,96,2,94,3129.6,469.44,312.96,3912.0,40.75
B000103,P001,2024-01-14,102,2,100,3325.2,498.78,332.52,4156.5,40.75
B000104,P001,2024-01-21,102,2,100,3325.2,498.78,332.52,4156.5,40.75
B000105,P001,2024-01-28,96,2,94,3129.6,469.44,312.96,3912.0,40.75
B000106,P001,2024-02-04,85,2,83,2771.0,415.65,277.1,3463.75,40.75
B000107,P001,2024-02-11,100,2,98,3260.0,489.0,326.0,4075.0,40.75
B000108,P001,2024-02-18,264,5,259,8606.4,1290.96,860.64,10758.0,40.75
B000109,P001,2024-02-25,167,3,164,5444.2,816.63,544.42,6805.25,40.75
B000110,P001,2024-03-03,145,3,142,4727.0,709.05,472.7,5908.75,40.75
B000111,P001,2024-03-10,159,3,156,5183.4,777.51,518.34,6479.25,40.75
B000112,P001,2024-03-17,192,4,188,6259.2,938.88,625.92,7824.0,40.75
B000113,P001,2024-03-24,230,5,225,7498.0,1124.7,749.8,9372.5,40.75
B000114,P001,2024-03-31,164,3,161,5346.4,801.96,534.64,6683.0,40.75
B000115,P001,2024-04-07,215,4,211,7009.0,1051.35,700.9,8761.25,40.75
B000116,P001,2024-04-14,173,3,170,5639.8,845.97,563.98,7049.75,40.75
B000117,P001,2024-04-21,203,4,199,6617.8,992.67,661.78,8272.25,40.75
B000118,P001,2024-04-28,163,3,160,5313.8,797.07,531.38,6642.25,40.75
B000119,P001,2024-05-05,143,3,140,4661.8,699.27,466.18,5827.25,40.75
B000120,P001,2024-05-12,217,4,213,7074.2,1061.13,707.42,8842.75,40.75
B000121,P001,2024-05-19,362,7,355,11801.2,1770.18,1180.12,14751.5,40.75
B000122,P001,2024-05-26,457,9,448,14898.2,2234.73,1489.82,18622.75,40.75
B000123,P001,2024-06-02,355,7,348,11573.0,1735.95,1157.3,14466.25,40.75
B000124,P001,2024-06-09,274,5,269,8932.4,1339.86,893.24,11165.5,40.75
B000125,P001,2024-06-16,526,11,515,17147.6,2572.14,1714.76,21434.5,40.75
B000126,P001,2024-06-23,306,6,300,9975.6,1496.34,997.56,12469.5,40.75
B000127,P001,2024-06-30,308,6,302,10040.8,1506.12,1004.08,12551.0,40.75
B000128,P001,2024-07-07,281,6,275,9160.6,1374.09,916.06,11450.75,40.75
B000129,P001,2024-07-14,364,7,357,11866.4,1779.96,1186.64,14833.0,40.75
B000130,P001,2024-07-21,333,7,326,10855.8,1628.37,1085.58,13569.75,40.75
B000131,P001,2024-07-28,393,8,385,12811.8,1921.77,1281.18,16014.75,40.75
B000132,P001,2024-08-04,415,8,407,13529.0,2029.35,1352.9,16911.25,40.75
B000133,P001,2024-08-11,488,10,478,15908.8,2386.32,1590.88,19886.0,40.75
B000134,P001,2024-08-18,222,4,218,7237.2,1085.58,723.72,9046.5,40.75
B000135,P001,2024-08-25,453,9,444,14767.8,2215.17,1476.78,18459.75,40.75
B000136,P001,2024-09-01,440,9,431,14344.0,2151.6,1434.4,17930.0,40.75
B000137,P001,2024-09-08,425,8,417,13855.0,2078.25,1385.5,17318.75,40.75
B000138,P001,2024-09-15,262,5,257,8541.2,1281.18,854.12,10676.5,40.75
B000139,P001,2024-09-22,190,4,186,6194.0,929.1,619.4,7742.5,40.75
B000140,P001,2024-09-29,133,3,130,4335.8,650.37,433.58,5419.75,40.75
B000141,P001,2024-10-06,247,5,242,8052.2,1207.83,805.22,10065.25,40.75
B000142,P001,2024-10-13,171,3,168,5574.6,836.19,557.46,6968.25,40.75
B000143,P001,2024-10-20,125,2,123,4075.0,611.25,407.5,5093.75,40.75
B000144,P001,2024-10-27,107,2,105,3488.2,523.23,348.82,4360.25,40.75
B000145,P001,2024-11-03,83,2,81,2705.8,405.87,270.58,3382.25,40.75
B000146,P001,2024-11-10,129,3,126,4205.4,630.81,420.54,5256.75,40.75
B000147,P001,2024-11-17,114,2,112,3716.4,557.46,371.64,4645.5,40.75
B000148,P001,2024-11-24,98,2,96,3194.8,479.22,319.48,3993.5,40.75
B000149,P001,2024-12-01,168,3,165,5476.8,821.52,547.68,6846.0,40.75
B000150,P001,2024-12-08,120,2,118,3912.0,586.8,391.2,4890.0,40.75
B000151,P001,2024-12-15,37,1,36,1206.2,180.93,120.62,1507.75,40.75
B000152,P001,2024-12-22,143,3,140,4661.8,699.27,466.18,5827.25,40.75
B000153,P001,2024-12-29,120,2,118,3912.0,586.8,391.2,4890.0,40.75
B000154,P001,2025-01-05,330,7,323,10758.0,1613.7,1075.8,13447.5,40.75
B000155,P002,2022-02-06,60,1,59,2184.0,327.6,218.4,2730.0,45.5
B000156,P002,2022-02-13,71,1,70,2584.4,387.66,258.44,3230.5,45.5
B000157,P002,2022-02-20,145,3,142,5278.0,791.7,527.8,6597.5,45.5
B000158,P002,2022-02-27,132,3,129,4804.8,720.72,480.48,6006.0,45.5
B000159,P002,2022-03-06,114,2,112,4149.6,622.44,414.96,5187.0,45.5
B000160,P002,2022-03-13,120,2,118,4368.0,655.2,436.8,5460.0,45.5
B000161,P002,2022-03-20,171,3,168,6224.4,933.66,622.44,7780.5,45.5
B000162,P002,2022-03-27,153,3,150,5569.2,835.38,556.92,6961.5,45.5
B000163,P002,2022-04-03,103,2,101,3749.2,562.38,374.92,4686.5,45.5
B000164,P002,2022-04-10,146,3,143,5314.4,797.16,531.44,6643.0,45.5
B000165,P002,2022-04-17,112,2,110,4076.8,611.52,407.68,5096.0,45.5
B000166,P002,2022-04-24,131,3,128,4768.4,715.26,476.84,5960.5,45.5
B000167,P002,2022-05-01,128,3,125,4659.2,698.88,465.92,5824.0,45.5
B000168,P002,2022-05-08,133,3,130,4841.2,726.18,484.12,6051.5,45.5
B000169,P002,2022-05-15,247,5,242,8990.8,1348.62,899.08,11238.5,45.5
B000170,P002,2022-05-22,233,5,228,8481.2,1272.18,848.12,10601.5,45.5
B000171,P002,2022-05-29,266,5,261,9682.4,1452.36,968.24,12103.0,45.5
B000172,P002,2022-06-05,392,8,384,14268.8,2140.32,1426.88,17836.0,45.5
B000173,P002,2022-06-12,287,6,281,10446.8,1567.02,1044.68,13058.5,45.5
B000174,P002,2022-06-19,313,6,307,11393.2,1708.98,1139.32,14241.5,45.5
B000175,P002,2022-06-26,272,5,267,9900.8,1485.12,990.08,12376.0,45.5
B000176,P002,2022-07-03,288,6,282,10483.2,1572.48,1048.32,13104.0,45.5
B000177,P002,2022-07-10,348,7,341,12667.2,1900.08,1266.72,15834.0,45.5
B000178,P002,2022-07-17,300,6,294,10920.0,1638.0,1092.0,13650.0,45.5
B000179,P002,2022-07-24,317,6,311,11538.8,1730.82,1153.88,14423.5,45.5
B000180,P002,2022-07-31,264,5,259,9609.6,1441.44,960.96,12012.0,45.5
B000181,P002,2022-08-07,299,6,293,10883.6,1632.54,1088.36,13604.5,45.5
B000182,P002,2022-08-14,344,7,337,12521.6,1878.24,1252.16,15652.0,45.5
B000183,P002,2022-08-21,222,4,218,8080.8,1212.12,808.08,10101.0,45.5
B000184,P002,2022-08-28,199,4,195,7243.6,1086.54,724.36,9054.5,45.5
B000185,P002,2022-09-04,217,4,213,7898.8,1184.82,789.88,9873.5,45.5
B000186,P002,2022-09-11,248,5,243,9027.2,1354.08,902.72,11284.0,45.5
B000187,P002,2022-09-18,186,4,182,6770.4,1015.56,677.04,8463.0,45.5
B000188,P002,2022-09-25,164,3,161,5969.6,895.44,596.96,7462.0,45.5
B000189,P002,2022-10-02,212,4,208,7716.8,1157.52,771.68,9646.0,45.5
B000190,P002,2022-10-09,96,2,94,3494.4,524.16,349.44,4368.0,45.5
B000191,P002,2022-10-16,70,1,69,2548.0,382.2,254.8,3185.0,45.5
B000192,P002,2022-10-23,127,3,124,4622.8,693.42,462.28,5778.5,45.5
B000193,P002,2022-10-30,95,2,93,3458.0,518.7,345.8,4322.5,45.5
B000194,P002,2022-11-06,84,2,82,3057.6,458.64,305.76,3822.0,45.5
B000195,P002,2022-11-13,96,2,94,3494.4,524.16,349.44,4368.0,45.5
B000196,P002,2022-11-20,81,2,79,2948.4,442.26,294.84,3685.5,45.5
B000197,P002,2022-11-27,115,2,113,4186.0,627.9,418.6,5232.5,45.5
B000198,P002,2022-12-04,70,1,69,2548.0,382.2,254.8,3185.0,45.5
B000199,P002,2022-12-11,75,2,73,2730.0,409.5,273.0,3412.5,45.5
B000200,P002,2022-12-18,109,2,107,3967.6,595.14,396.76,4959.5,45.5
B000201,P002,2022-12-25,68,1,67,2475.2,371.28,247.52,3094.0,45.5
B000202,P002,2023-01-01,102,2,100,3712.8,556.92,371.28,4641.0,45.5
B000203,P002,2023-01-08,86,2,84,3130.4,469.56,313.04,3913.0,45.5
B000204,P002,2023-01-15,97,2,95,3530.8,529.62,353.08,4413.5,45.5
B000205,P002,2023-01-22,79,2,77,2875.6,431.34,287.56,3594.5,45.5
B000206,P002,2023-01-29,94,2,92,3421.6,513.24,342.16,4277.0,45.5
B000207,P002,2023-02-05,72,1,71,2620.8,393.12,262.08,3276.0,45.5
B000208,P002,2023-02-12,93,2,91,3385.2,507.78,338.52,4231.5,45.5
B000209,P002,2023-02-19,91,2,89,3312.4,496.86,331.24,4140.5,45.5
B000210,P002,2023-02-26,131,3,128,4768.4,715.26,476.84,5960.5,45.5
B000211,P002,2023-03-05,169,3,166,6151.6,922.74,615.16,7689.5,45.5
B000212,P002,2023-03-12,159,3,156,5787.6,868.14,578.76,7234.5,45.5
B000213,P002,2023-03-19,139,3,136,5059.6,758.94,505.96,6324.5,45.5
B000214,P002,2023-03-26,141,3,138,5132.4,769.86,513.24,6415.5,45.5
B000215,P002,2023-04-02,182,4,178,6624.8,993.72,662.48,8281.0,45.5
B000216,P002,2023-04-09,162,3,159,5896.8,884.52,589.68,7371.0,45.5
B000217,P002,2023-04-16,130,3,127,4732.0,709.8,473.2,5915.0,45.5
B000218,P002,2023-04-23,154,3,151,5605.6,840.84,560.56,7007.0,45.5
B000219,P002,2023-04-30,180,4,176,6552.0,982.8,655.2,8190.0,45.5
B000220,P002,2023-05-07,179,4,175,6515.6,977.34,651.56,8144.5,45.5
B000221,P002,2023-05-14,317,6,311,11538.8,1730.82,1153.88,14423.5,45.5
B000222,P002,2023-05-21,229,5,224,8335.6,1250.34,833.56,10419.5,45.5
B000223,P002,2023-05-28,344,7,337,12521.6,1878.24,1252.16,15652.0,45.5
B000224,P002,2023-06-04,367,7,360,13358.8,2003.82,1335.88,16698.5,45.5
B000225,P002,2023-06-11,339,7,332,12339.6,1850.94,1233.96,15424.5,45.5
B000226,P002,2023-06-18,355,7,348,12922.0,1938.3,1292.2,16152.5,45.5
B000227,P002,2023-06-25,412,8,404,14996.8,2249.52,1499.68,18746.0,45.5
B000228,P002,2023-07-02,282,6,276,10264.8,1539.72,1026.48,12831.0,45.5
B000229,P002,2023-07-09,366,7,359,13322.4,1998.36,1332.24,16653.0,45.5
B000230,P002,2023-07-16,270,5,265,9828.0,1474.2,982.8,12285.0,45.5
B000231,P002,2023-07-23,437,9,428,15906.8,2386.02,1590.68,19883.5,45.5
B000232,P002,2023-07-30,313,6,307,11393.2,1708.98,1139.32,14241.5,45.5
B000233,P002,2023-08-06,255,5,250,9282.0,1392.3,928.2,11602.5,45.5
B000234,P002,2023-08-13,337,7,330,12266.8,1840.02,1226.68,15333.5,45.5
B000235,P002,2023-08-20,310,6,304,11284.0,1692.6,1128.4,14105.0,45.5
B000236,P002,2023-08-27,447,9,438,16270.8,2440.62,1627.08,20338.5,45.5
B000237,P002,2023-09-03,317,6,311,11538.8,1730.82,1153.88,14423.5,45.5
B000238,P002,2023-09-10,377,8,369,13722.8,2058.42,1372.28,17153.5,45.5
B000239,P002,2023-09-17,106,2,104,3858.4,578.76,385.84,4823.0,45.5
B000240,P002,2023-09-24,114,2,112,4149.6,622.44,414.96,5187.0,45.5
B000241,P002,2023-10-01,227,5,222,8262.8,1239.42,826.28,10328.5,45.5
B000242,P002,2023-10-08,167,3,164,6078.8,911.82,607.88,7598.5,45.5
B000243,P002,2023-10-15,145,3,142,5278.0,791.7,527.8,6597.5,45.5
B000244,P002,2023-10-22,88,2,86,3203.2,480.48,320.32,4004.0,45.5
B000245,P002,2023-10-29,73,1,72,2657.2,398.58,265.72,3321.5,45.5
B000246,P002,2023-11-05,131,3,128,4768.4,715.26,476.84,5960.5,45.5
B000247,P002,2023-11-12,88,2,86,3203.2,480.48,320.32,4004.0,45.5
B000248,P002,2023-11-19,73,1,72,2657.2,398.58,265.72,3321.5,45.5
B000249,P002,2023-11-26,49,1,48,1783.6,267.54,178.36,2229.5,45.5
B000250,P002,2023-12-03,112,2,110,4076.8,611.52,407.68,5096.0,45.5
B000251,P002,2023-12-10,115,2,113,4186.0,627.9,418.6,5232.5,45.5
B000252,P002,2023-12-17,80,2,78,2912.0,436.8,291.2,3640.0,45.5
B000253,P002,2023-12-24,76,2,74,2766.4,414.96,276.64,3458.0,45.5
B000254,P002,2023-12-31,89,2,87,3239.6,485.94,323.96,4049.5,45.5
B000255,P002,2024-01-07,127,3,124,4622.8,693.42,462.28,5778.5,45.5
B000256,P002,2024-01-14,29,1,28,1055.6,158.34,105.56,1319.5,45.5
B000257,P002,2024-01-21,63,1,62,2293.2,343.98,229.32,2866.5,45.5
B000258,P002,2024-01-28,117,2,115,4258.8,638.82,425.88,5323.5,45.5
B000259,P002,2024-02-04,88,2,86,3203.2,480.48,320.32,4004.0,45.5
B000260,P002,2024-02-11,86,2,84,3130.4,469.56,313.04,3913.0,45.5
B000261,P002,2024-02-18,201,4,197,7316.4,1097.46,731.64,9145.5,45.5
B000262,P002,2024-02-25,158,3,155,5751.2,862.68,575.12,7189.0,45.5
B000263,P002,2024-03-03,243,5,238,8845.2,1326.78,884.52,11056.5,45.5
B000264,P002,2024-03-10,214,4,210,7789.6,1168.44,778.96,9737.0,45.5
B000265,P002,2024-03-17,156,3,153,5678.4,851.76,567.84,7098.0,45.5
B000266,P002,2024-03-24,141,3,138,5132.4,769.86,513.24,6415.5,45.5
B000267,P002,2024-03-31,167,3,164,6078.8,911.82,607.88,7598.5,45.5
B000268,P002,2024-04-07,189,4,185,6879.6,1031.94,687.96,8599.5,45.5
B000269,P002,2024-04-14,171,3,168,6224.4,933.66,622.44,7780.5,45.5
B000270,P002,2024-04-21,134,3,131,4877.6,731.64,487.76,6097.0,45.5
B000271,P002,2024-04-28,141,3,138,5132.4,769.86,513.24,6415.5,45.5
B000272,P002,2024-05-05,176,4,172,6406.4,960.96,640.64,8008.0,45.5
B000273,P002,2024-05-12,197,4,193,7170.8,1075.62,717.08,8963.5,45.5
B000274,P002,2024-05-19,469,9,460,17071.6,2560.74,1707.16,21339.5,45.5
B000275,P002,2024-05-26,410,8,402,14924.0,2238.6,1492.4,18655.0,45.5
B000276,P002,2024-06-02,363,7,356,13213.2,1981.98,1321.32,16516.5,45.5
B000277,P002,2024-06-09,388,8,380,14123.2,2118.48,1412.32,17654.0,45.5
B000278,P002,2024-06-16,459,9,450,16707.6,2506.14,1670.76,20884.5,45.5
B000279,P002,2024-06-23,433,9,424,15761.2,2364.18,1576.12,19701.5,45.5
B000280,P002,2024-06-30,393,8,385,14305.2,2145.78,1430.52,17881.5,45.5
B000281,P002,2024-07-07,419,8,411,15251.6,2287.74,1525.16,19064.5,45.5
B000282,P002,2024-07-14,364,7,357,13249.6,1987.44,1324.96,16562.0,45.5
B000283,P002,2024-07-21,328,7,321,11939.2,1790.88,1193.92,14924.0,45.5
B000284,P002,2024-07-28,510,10,500,18564.0,2784.6,1856.4,23205.0,45.5
B000285,P002,2024-08-04,252,5,247,9172.8,1375.92,917.28,11466.0,45.5
B000286,P002,2024-08-11,449,9,440,16343.6,2451.54,1634.36,20429.5,45.5
B000287,P002,2024-08-18,350,7,343,12740.0,1911.0,1274.0,15925.0,45.5
B000288,P002,2024-08-25,427,9,418,15542.8,2331.42,1554.28,19428.5,45.5
B000289,P002,2024-09-01,443,9,434,16125.2,2418.78,1612.52,20156.5,45.5
B000290,P002,2024-09-08,390,8,382,14196.0,2129.4,1419.6,17745.0,45.5
B000291,P002,2024-09-15,268,5,263,9755.2,1463.28,975.52,12194.0,45.5
B000292,P002,2024-09-22,217,4,213,7898.8,1184.82,789.88,9873.5,45.5
B000293,P002,2024-09-29,151,3,148,5496.4,824.46,549.64,6870.5,45.5
B000294,P002,2024-10-06,217,4,213,7898.8,1184.82,789.88,9873.5,45.5
B000295,P002,2024-10-13,138,3,135,5023.2,753.48,502.32,6279.0,45.5
B000296,P002,2024-10-20,152,3,149,5532.8,829.92,553.28,6916.0,45.5
B000297,P002,2024-10-27,102,2,100,3712.8,556.92,371.28,4641.0,45.5
B000298,P002,2024-11-03,125,2,123,4550.0,682.5,455.0,5687.5,45.5
B000299,P002,2024-11-10,66,1,65,2402.4,360.36,240.24,3003.0,45.5
B000300,P002,2024-11-17,100,2,98,3640.0,546.0,364.0,4550.0,45.5
B000301,P002,2024-11-24,125,2,123,4550.0,682.5,455.0,5687.5,45.5
B000302,P002,2024-12-01,63,1,62,2293.2,343.98,229.32,2866.5,45.5
B000303,P002,2024-12-08,100,2,98,3640.0,546.0,364.0,4550.0,45.5
B000304,P002,2024-12-15,44,1,43,1601.6,240.24,160.16,2002.0,45.5
B000305,P002,2024-12-22,103,2,101,3749.2,562.38,374.92,4686.5,45.5
B000306,P002,2024-12-29,144,3,141,5241.6,786.24,524.16,6552.0,45.5
B000307,P002,2025-01-05,316,6,310,11502.4,1725.36,1150.24,14378.0,45.5
B000308,P003,2022-01-02,375,8,367,16500.0,2475.0,1650.0,20625.0,55.0
B000309,P003,2022-01-09,276,6,270,12144.0,1821.6,1214.4,15180.0,55.0
B000310,P003,2022-01-16,243,5,238,10692.0,1603.8,1069.2,13365.0,55.0
B000311,P003,2022-01-23,231,5,226,10164.0,1524.6,1016.4,12705.0,55.0
B000312,P003,2022-01-30,138,3,135,6072.0,910.8,607.2,7590.0,55.0
B000313,P003,2022-02-06,308,6,302,13552.0,2032.8,1355.2,16940.0,55.0
B000314,P003,2022-02-13,124,2,122,5456.0,818.4,545.6,6820.0,55.0
B000315,P003,2022-02-20,59,1,58,2596.0,389.4,259.6,3245.0,55.0
B000316,P003,2022-02-27,105,2,103,4620.0,693.0,462.0,5775.0,55.0
B000317,P003,2022-03-06,103,2,101,4532.0,679.8,453.2,5665.0,55.0
B000318,P003,2022-03-13,60,1,59,2640.0,396.0,264.0,3300.0,55.0
B000319,P003,2022-03-20,104,2,102,4576.0,686.4,457.6,5720.0,55.0
B000320,P003,2022-03-27,92,2,90,4048.0,607.2,404.8,5060.0,55.0
B000321,P003,2022-04-03,101,2,99,4444.0,666.6,444.4,5555.0,55.0
B000322,P003,2022-04-10,82,2,80,3608.0,541.2,360.8,4510.0,55.0
B000323,P003,2022-04-17,85,2,83,3740.0,561.0,374.0,4675.0,55.0
B000324,P003,2022-04-24,101,2,99,4444.0,666.6,444.4,5555.0,55.0
B000325,P003,2022-05-01,82,2,80,3608.0,541.2,360.8,4510.0,55.0
B000326,P003,2022-05-08,78,2,76,3432.0,514.8,343.2,4290.0,55.0
B000327,P003,2022-05-15,88,2,86,3872.0,580.8,387.2,4840.0,55.0
B000328,P003,2022-05-22,82,2,80,3608.0,541.2,360.8,4510.0,55.0
B000329,P003,2022-05-29,125,2,123,5500.0,825.0,550.0,6875.0,55.0
B000330,P003,2022-06-05,109,2,107,4796.0,719.4,479.6,5995.0,55.0
B000331,P003,2022-06-12,124,2,122,5456.0,818.4,545.6,6820.0,55.0
B000332,P003,2022-06-19,98,2,96,4312.0,646.8,431.2,5390.0,55.0
B000333,P003,2022-06-26,119,2,117,5236.0,785.4,523.6,6545.0,55.0
B000334,P003,2022-07-03,71,1,70,3124.0,468.6,312.4,3905.0,55.0
B000335,P003,2022-07-10,151,3,148,6644.0,996.6,664.4,8305.0,55.0
B000336,P003,2022-07-17,78,2,76,3432.0,514.8,343.2,4290.0,55.0
B000337,P003,2022-07-24,103,2,101,4532.0,679.8,453.2,5665.0,55.0
B000338,P003,2022-07-31,133,3,130,5852.0,877.8,585.2,7315.0,55.0
B000339,P003,2022-08-07,128,3,125,5632.0,844.8,563.2,7040.0,55.0
B000340,P003,2022-08-14,39,1,38,1716.0,257.4,171.6,2145.0,55.0
B000341,P003,2022-08-21,153,3,150,6732.0,1009.8,673.2,8415.0,55.0
B000342,P003,2022-08-28,97,2,95,4268.0,640.2,426.8,5335.0,55.0
B000343,P003,2022-09-04,94,2,92,4136.0,620.4,413.6,5170.0,55.0
B000344,P003,2022-09-11,116,2,114,5104.0,765.6,510.4,6380.0,55.0
B000345,P003,2022-09-18,135,3,132,5940.0,891.0,594.0,7425.0,55.0
B000346,P003,2022-09-25,137,3,134,6028.0,904.2,602.8,7535.0,55.0
B000347,P003,2022-10-02,217,4,213,9548.0,1432.2,954.8,11935.0,55.0
B000348,P003,2022-10-09,149,3,146,6556.0,983.4,655.6,8195.0,55.0
B000349,P003,2022-10-16,216,4,212,9504.0,1425.6,950.4,11880.0,55.0
B000350,P003,2022-10-23,266,5,261,11704.0,1755.6,1170.4,14630.0,55.0
B000351,P003,2022-10-30,226,5,221,9944.0,1491.6,994.4,12430.0,55.0
B000352,P003,2022-11-06,357,7,350,15708.0,2356.2,1570.8,19635.0,55.0
B000353,P003,2022-11-13,335,7,328,14740.0,2211.0,1474.0,18425.0,55.0
B000354,P003,2022-11-20,258,5,253,11352.0,1702.8,1135.2,14190.0,55.0
B000355,P003,2022-11-27,331,7,324,14564.0,2184.6,1456.4,18205.0,55.0
B000356,P003,2022-12-04,241,5,236,10604.0,1590.6,1060.4,13255.0,55.0
B000357,P003,2022-12-11,293,6,287,12892.0,1933.8,1289.2,16115.0,55.0
B000358,P003,2022-12-18,235,5,230,10340.0,1551.0,1034.0,12925.0,55.0
B000359,P003,2022-12-25,329,7,322,14476.0,2171.4,1447.6,18095.0,55.0
B000360,P003,2023-01-01,295,6,289,12980.0,1947.0,1298.0,16225.0,55.0
B000361,P003,2023-01-08,267,5,262,11748.0,1762.2,1174.8,14685.0,55.0
B000362,P003,2023-01-15,269,5,264,11836.0,1775.4,1183.6,14795.0,55.0
B000363,P003,2023-01-22,201,4,197,8844.0,1326.6,884.4,11055.0,55.0
B000364,P003,2023-01-29,347,7,340,15268.0,2290.2,1526.8,19085.0,55.0
B000365,P003,2023-02-05,326,7,319,14344.0,2151.6,1434.4,17930.0,55.0
B000366,P003,2023-02-12,114,2,112,5016.0,752.4,501.6,6270.0,55.0
B000367,P003,2023-02-19,131,3,128,5764.0,864.6,576.4,7205.0,55.0
B000368,P003,2023-02-26,86,2,84,3784.0,567.6,378.4,4730.0,55.0
B000369,P003,2023-03-05,115,2,113,5060.0,759.0,506.0,6325.0,55.0
B000370,P003,2023-03-12,118,2,116,5192.0,778.8,519.2,6490.0,55.0
B000371,P003,2023-03-19,95,2,93,4180.0,627.0,418.0,5225.0,55.0
B000372,P003,2023-03-26,89,2,87,3916.0,587.4,391.6,4895.0,55.0
B000373,P003,2023-04-02,119,2,117,5236.0,785.4,523.6,6545.0,55.0
B000374,P003,2023-04-09,92,2,90,4048.0,607.2,404.8,5060.0,55.0
B000375,P003,2023-04-16,86,2,84,3784.0,567.6,378.4,4730.0,55.0
B000376,P003,2023-04-23,97,2,95,4268.0,640.2,426.8,5335.0,55.0
B000377,P003,2023-04-30,85,2,83,3740.0,561.0,374.0,4675.0,55.0
B000378,P003,2023-05-07,92,2,90,4048.0,607.2,404.8,5060.0,55.0
B000379,P003,2023-05-14,99,2,97,4356.0,653.4,435.6,5445.0,55.0
B000380,P003,2023-05-21,132,3,129,5808.0,871.2,580.8,7260.0,55.0
B000381,P003,2023-05-28,93,2,91,4092.0,613.8,409.2,5115.0,55.0
B000382,P003,2023-06-04,112,2,110,4928.0,739.2,492.8,6160.0,55.0
B000383,P003,2023-06-11,128,3,125,5632.0,844.8,563.2,7040.0,55.0
B000384,P003,2023-06-18,142,3,139,6248.0,937.2,624.8,7810.0,55.0
B000385,P003,2023-06-25,87,2,85,3828.0,574.2,382.8,4785.0,55.0
B000386,P003,2023-07-02,119,2,117,5236.0,785.4,523.6,6545.0,55.0
B000387,P003,2023-07-09,121,2,119,5324.0,798.6,532.4,6655.0,55.0
B000388,P003,2023-07-16,98,2,96,4312.0,646.8,431.2,5390.0,55.0
B000389,P003,2023-07-23,120,2,118,5280.0,792.0,528.0,6600.0,55.0
B000390,P003,2023-07-30,139,3,136,6116.0,917.4,611.6,7645.0,55.0
B000391,P003,2023-08-06,87,2,85,3828.0,574.2,382.8,4785.0,55.0
B000392,P003,2023-08-13,85,2,83,3740.0,561.0,374.0,4675.0,55.0
B000393,P003,2023-08-20,97,2,95,4268.0,640.2,426.8,5335.0,55.0
B000394,P003,2023-08-27,112,2,110,4928.0,739.2,492.8,6160.0,55.0
B000395,P003,2023-09-03,126,3,123,5544.0,831.6,554.4,6930.0,55.0
B000396,P003,2023-09-10,103,2,101,4532.0,679.8,453.2,5665.0,55.0
B000397,P003,2023-09-17,165,3,162,7260.0,1089.0,726.0,9075.0,55.0
B000398,P003,2023-09-24,136,3,133,5984.0,897.6,598.4,7480.0,55.0
B000399,P003,2023-10-01,172,3,169,7568.0,1135.2,756.8,9460.0,55.0
B000400,P003,2023-10-08,97,2,95,4268.0,640.2,426.8,5335.0,55.0
B000401,P003,2023-10-15,292,6,286,12848.0,1927.2,1284.8,16060.0,55.0
B000402,P003,2023-10-22,357,7,350,15708.0,2356.2,1570.8,19635.0,55.0
B000403,P003,2023-10-29,384,8,376,16896.0,2534.4,1689.6,21120.0,55.0
B000404,P003,2023-11-05,344,7,337,15136.0,2270.4,1513.6,18920.0,55.0
B000405,P003,2023-11-12,264,5,259,11616.0,1742.4,1161.6,14520.0,55.0
B000406,P003,2023-11-19,330,7,323,14520.0,2178.0,1452.0,18150.0,55.0
B000407,P003,2023-11-26,203,4,199,8932.0,1339.8,893.2,11165.0,55.0
B000408,P003,2023-12-03,265,5,260,11660.0,1749.0,1166.0,14575.0,55.0
B000409,P003,2023-12-10,365,7,358,16060.0,2409.0,1606.0,20075.0,55.0
B000410,P003,2023-12-17,227,5,222,9988.0,1498.2,998.8,12485.0,55.0
B000411,P003,2023-12-24,271,5,266,11924.0,1788.6,1192.4,14905.0,55.0
B000412,P003,2023-12-31,479,10,469,21076.0,3161.4,2107.6,26345.0,55.0
B000413,P003,2024-01-07,286,6,280,12584.0,1887.6,1258.4,15730.0,55.0
B000414,P003,2024-01-14,356,7,349,15664.0,2349.6,1566.4,19580.0,55.0
B000415,P003,2024-01-21,254,5,249,11176.0,1676.4,1117.6,13970.0,55.0
B000416,P003,2024-01-28,299,6,293,13156.0,1973.4,1315.6,16445.0,55.0
B000417,P003,2024-02-04,209,4,205,9196.0,1379.4,919.6,11495.0,55.0
B000418,P003,2024-02-11,182,4,178,8008.0,1201.2,800.8,10010.0,55.0
B000419,P003,2024-02-18,84,2,82,3696.0,554.4,369.6,4620.0,55.0
B000420,P003,2024-02-25,117,2,115,5148.0,772.2,514.8,6435.0,55.0
B000421,P003,2024-03-03,128,3,125,5632.0,844.8,563.2,7040.0,55.0
B000422,P003,2024-03-10,84,2,82,3696.0,554.4,369.6,4620.0,55.0
B000423,P003,2024-03-17,156,3,153,6864.0,1029.6,686.4,8580.0,55.0
B000424,P003,2024-03-24,103,2,101,4532.0,679.8,453.2,5665.0,55.0
B000425,P003,2024-03-31,84,2,82,3696.0,554.4,369.6,4620.0,55.0
B000426,P003,2024-04-07,121,2,119,5324.0,798.6,532.4,6655.0,55.0
B000427,P003,2024-04-14,122,2,120,5368.0,805.2,536.8,6710.0,55.0
B000428,P003,2024-04-21,146,3,143,6424.0,963.6,642.4,8030.0,55.0
B000429,P003,2024-04-28,160,3,157,7040.0,1056.0,704.0,8800.0,55.0
B000430,P003,2024-05-05,115,2,113,5060.0,759.0,506.0,6325.0,55.0
B000431,P003,2024-05-12,115,2,113,5060.0,759.0,506.0,6325.0,55.0
B000432,P003,2024-05-19,177,4,173,7788.0,1168.2,778.8,9735.0,55.0
B000433,P003,2024-05-26,152,3,149,6688.0,1003.2,668.8,8360.0,55.0
B000434,P003,2024-06-02,96,2,94,4224.0,633.6,422.4,5280.0,55.0
B000435,P003,2024-06-09,158,3,155,6952.0,1042.8,695.2,8690.0,55.0
B000436,P003,2024-06-16,120,2,118,5280.0,792.0,528.0,6600.0,55.0
B000437,P003,2024-06-23,155,3,152,6820.0,1023.0,682.0,8525.0,55.0
B000438,P003,2024-06-30,166,3,163,7304.0,1095.6,730.4,9130.0,55.0
B000439,P003,2024-07-07,122,2,120,5368.0,805.2,536.8,6710.0,55.0
B000440,P003,2024-07-14,170,3,167,7480.0,1122.0,748.0,9350.0,55.0
B000441,P003,2024-07-21,133,3,130,5852.0,877.8,585.2,7315.0,55.0
B000442,P003,2024-07-28,145,3,142,6380.0,957.0,638.0,7975.0,55.0
B000443,P003,2024-08-04,105,2,103,4620.0,693.0,462.0,5775.0,55.0
B000444,P003,2024-08-11,200,4,196,8800.0,1320.0,880.0,11000.0,55.0
B000445,P003,2024-08-18,147,3,144,6468.0,970.2,646.8,8085.0,55.0
B000446,P003,2024-08-25,124,2,122,5456.0,818.4,545.6,6820.0,55.0
B000447,P003,2024-09-01,111,2,109,4884.0,732.6,488.4,6105.0,55.0
B000448,P003,2024-09-08,127,3,124,5588.0,838.2,558.8,6985.0,55.0
B000449,P003,2024-09-15,316,6,310,13904.0,2085.6,1390.4,17380.0,55.0
B000450,P003,2024-09-22,271,5,266,11924.0,1788.6,1192.4,14905.0,55.0
B000451,P003,2024-09-29,150,3,147,6600.0,990.0,660.0,8250.0,55.0
B000452,P003,2024-10-06,299,6,293,13156.0,1973.4,1315.6,16445.0,55.0
B000453,P003,2024-10-13,224,4,220,9856.0,1478.4,985.6,12320.0,55.0
B000454,P003,2024-10-20,486,10,476,21384.0,3207.6,2138.4,26730.0,55.0
B000455,P003,2024-10-27,300,6,294,13200.0,1980.0,1320.0,16500.0,55.0
B000456,P003,2024-11-03,346,7,339,15224.0,2283.6,1522.4,19030.0,55.0
B000457,P003,2024-11-10,410,8,402,18040.0,2706.0,1804.0,22550.0,55.0
B000458,P003,2024-11-17,397,8,389,17468.0,2620.2,1746.8,21835.0,55.0
B000459,P003,2024-11-24,384,8,376,16896.0,2534.4,1689.6,21120.0,55.0
B000460,P003,2024-12-01,329,7,322,14476.0,2171.4,1447.6,18095.0,55.0
B000461,P003,2024-12-08,332,7,325,14608.0,2191.2,1460.8,18260.0,55.0
B000462,P003,2024-12-15,129,3,126,5676.0,851.4,567.6,7095.0,55.0
B000463,P003,2024-12-22,226,5,221,9944.0,1491.6,994.4,12430.0,55.0
B000464,P003,2024-12-29,26,1,25,1144.0,171.6,114.4,1430.0,55.0
B000465,P003,2025-01-05,282,6,276,12408.0,1861.2,1240.8,15510.0,55.0
B000466,P004,2022-01-02,82,2,80,2140.2,321.03,214.02,2675.25,32.62
B000467,P004,2022-01-09,313,6,307,8169.3,1225.4,816.93,10211.63,32.63
B000468,P004,2022-01-16,246,5,241,6420.6,963.09,642.06,8025.75,32.62
B000469,P004,2022-01-23,254,5,249,6629.4,994.41,662.94,8286.75,32.62
B000470,P004,2022-01-30,182,4,178,4750.2,712.53,475.02,5937.75,32.62
B000471,P004,2022-02-06,343,7,336,8952.3,1342.84,895.23,11190.37,32.62
B000472,P004,2022-02-13,115,2,113,3001.5,450.22,300.15,3751.87,32.62
B000473,P004,2022-02-20,109,2,107,2844.9,426.74,284.49,3556.13,32.63
B000474,P004,2022-02-27,59,1,58,1539.9,230.98,153.99,1924.87,32.62
B000475,P004,2022-03-06,101,2,99,2636.1,395.42,263.61,3295.13,32.63
B000476,P004,2022-03-13,109,2,107,2844.9,426.74,284.49,3556.13,32.63
B000477,P004,2022-03-20,65,1,64,1696.5,254.48,169.65,2120.63,32.63
B000478,P004,2022-03-27,109,2,107,2844.9,426.74,284.49,3556.13,32.63
B000479,P004,2022-04-03,60,1,59,1566.0,234.9,156.6,1957.5,32.62
B000480,P004,2022-04-10,99,2,97,2583.9,387.58,258.39,3229.87,32.62
B000481,P004,2022-04-17,110,2,108,2871.0,430.65,287.1,3588.75,32.62
B000482,P004,2022-04-24,49,1,48,1278.9,191.84,127.89,1598.63,32.63
B000483,P004,2022-05-01,85,2,83,2218.5,332.78,221.85,2773.13,32.63
B000484,P004,2022-05-08,64,1,63,1670.4,250.56,167.04,2088.0,32.62
B000485,P004,2022-05-15,73,1,72,1905.3,285.79,190.53,2381.62,32.62
B000486,P004,2022-05-22,104,2,102,2714.4,407.16,271.44,3393.0,32.62
B000487,P004,2022-05-29,81,2,79,2114.1,317.11,211.41,2642.62,32.62
B000488,P004,2022-06-05,79,2,77,2061.9,309.29,206.19,2577.38,32.63
B000489,P004,2022-06-12,110,2,108,2871.0,430.65,287.1,3588.75,32.62
B000490,P004,2022-06-19,108,2,106,2818.8,422.82,281.88,3523.5,32.62
B000491,P004,2022-06-26,106,2,104,2766.6,414.99,276.66,3458.25,32.62
B000492,P004,2022-07-03,123,2,121,3210.3,481.54,321.03,4012.87,32.62
B000493,P004,2022-07-10,145,3,142,3784.5,567.67,378.45,4730.62,32.62
B000494,P004,2022-07-17,83,2,81,2166.3,324.94,216.63,2707.87,32.62
B000495,P004,2022-07-24,128,3,125,3340.8,501.12,334.08,4176.0,32.62
B000496,P004,2022-07-31,113,2,111,2949.3,442.4,294.93,3686.63,32.63
B000497,P004,2022-08-07,73,1,72,1905.3,285.79,190.53,2381.62,32.62
B000498,P004,2022-08-14,102,2,100,2662.2,399.33,266.22,3327.75,32.62
B000499,P004,2022-08-21,144,3,141,3758.4,563.76,375.84,4698.0,32.62
B000500,P004,2022-08-28,113,2,111,2949.3,442.4,294.93,3686.63,32.63
B000501,P004,2022-09-04,87,2,85,2270.7,340.6,227.07,2838.37,32.62
B000502,P004,2022-09-11,139,3,136,3627.9,544.18,362.79,4534.87,32.62
B000503,P004,2022-09-18,186,4,182,4854.6,728.19,485.46,6068.25,32.62
B000504,P004,2022-09-25,203,4,199,5298.3,794.74,529.83,6622.87,32.62
B000505,P004,2022-10-02,134,3,131,3497.4,524.61,349.74,4371.75,32.62
B000506,P004,2022-10-09,182,4,178,4750.2,712.53,475.02,5937.75,32.62
B000507,P004,2022-10-16,331,7,324,8639.1,1295.86,863.91,10798.87,32.62
B000508,P004,2022-10-23,215,4,211,5611.5,841.72,561.15,7014.37,32.62
B000509,P004,2022-10-30,309,6,303,8064.9,1209.73,806.49,10081.12,32.62
B000510,P004,2022-11-06,256,5,251,6681.6,1002.24,668.16,8352.0,32.62
B000511,P004,2022-11-13,254,5,249,6629.4,994.41,662.94,8286.75,32.62
B000512,P004,2022-11-20,289,6,283,7542.9,1131.44,754.29,9428.63,32.63
B000513,P004,2022-11-27,219,4,215,5715.9,857.38,571.59,7144.87,32.62
B000514,P004,2022-12-04,267,5,262,6968.7,1045.3,696.87,8710.87,32.62
B000515,P004,2022-12-11,242,5,237,6316.2,947.43,631.62,7895.25,32.62
B000516,P004,2022-12-18,222,4,218,5794.2,869.13,579.42,7242.75,32.62
B000517,P004,2022-12-25,224,4,220,5846.4,876.96,584.64,7308.0,32.62
B000518,P004,2023-01-01,299,6,293,7803.9,1170.58,780.39,9754.87,32.62
B000519,P004,2023-01-08,194,4,190,5063.4,759.51,506.34,6329.25,32.62
B000520,P004,2023-01-15,213,4,209,5559.3,833.9,555.93,6949.13,32.63
B000521,P004,2023-01-22,316,6,310,8247.6,1237.14,824.76,10309.5,32.62
B000522,P004,2023-01-29,265,5,260,6916.5,1037.47,691.65,8645.62,32.62
B000523,P004,2023-02-05,356,7,349,9291.6,1393.74,929.16,11614.5,32.62
B000524,P004,2023-02-12,155,3,152,4045.5,606.82,404.55,5056.87,32.62
B000525,P004,2023-02-19,136,3,133,3549.6,532.44,354.96,4437.0,32.62
B000526,P004,2023-02-26,93,2,91,2427.3,364.1,242.73,3034.13,32.63
B000527,P004,2023-03-05,100,2,98,2610.0,391.5,261.0,3262.5,32.62
B000528,P004,2023-03-12,91,2,89,2375.1,356.26,237.51,2968.87,32.62
B000529,P004,2023-03-19,79,2,77,2061.9,309.29,206.19,2577.38,32.63
B000530,P004,2023-03-26,100,2,98,2610.0,391.5,261.0,3262.5,32.62
B000531,P004,2023-04-02,95,2,93,2479.5,371.92,247.95,3099.37,32.62
B000532,P004,2023-04-09,99,2,97,2583.9,387.58,258.39,3229.87,32.62
B000533,P004,2023-04-16,111,2,109,2897.1,434.56,289.71,3621.37,32.62
B000534,P004,2023-04-23,103,2,101,2688.3,403.24,268.83,3360.37,32.62
B000535,P004,2023-04-30,153,3,150,3993.3,599.0,399.33,4991.63,32.63
B000536,P004,2023-05-07,90,2,88,2349.0,352.35,234.9,2936.25,32.62
B000537,P004,2023-05-14,206,4,202,5376.6,806.49,537.66,6720.75,32.62
B000538,P004,2023-05-21,72,1,71,1879.2,281.88,187.92,2349.0,32.62
B000539,P004,2023-05-28,115,2,113,3001.5,450.22,300.15,3751.87,32.62
B000540,P004,2023-06-04,110,2,108,2871.0,430.65,287.1,3588.75,32.62
B000541,P004,2023-06-11,112,2,110,2923.2,438.48,292.32,3654.0,32.62
B000542,P004,2023-06-18,107,2,105,2792.7,418.9,279.27,3490.87,32.62
B000543,P004,2023-06-25,110,2,108,2871.0,430.65,287.1,3588.75,32.62
B000544,P004,2023-07-02,81,2,79,2114.1,317.11,211.41,2642.62,32.62
B000545,P004,2023-07-09,190,4,186,4959.0,743.85,495.9,6198.75,32.62
B000546,P004,2023-07-16,136,3,133,3549.6,532.44,354.96,4437.0,32.62
B000547,P004,2023-07-23,85,2,83,2218.5,332.78,221.85,2773.13,32.63
B000548,P004,2023-07-30,112,2,110,2923.2,438.48,292.32,3654.0,32.62
B000549,P004,2023-08-06,91,2,89,2375.1,356.26,237.51,2968.87,32.62
B000550,P004,2023-08-13,127,3,124,3314.7,497.2,331.47,4143.37,32.62
B000551,P004,2023-08-20,98,2,96,2557.8,383.67,255.78,3197.25,32.62
B000552,P004,2023-08-27,134,3,131,3497.4,524.61,349.74,4371.75,32.62
B000553,P004,2023-09-03,108,2,106,2818.8,422.82,281.88,3523.5,32.62
B000554,P004,2023-09-10,182,4,178,4750.2,712.53,475.02,5937.75,32.62
B000555,P004,2023-09-17,161,3,158,4202.1,630.32,420.21,5252.63,32.63
B000556,P004,2023-09-24,200,4,196,5220.0,783.0,522.0,6525.0,32.62
B000557,P004,2023-10-01,271,5,266,7073.1,1060.96,707.31,8841.37,32.62
B000558,P004,2023-10-08,126,3,123,3288.6,493.29,328.86,4110.75,32.62
B000559,P004,2023-10-15,317,6,311,8273.7,1241.06,827.37,10342.13,32.63
B000560,P004,2023-10-22,389,8,381,10152.9,1522.94,1015.29,12691.13,32.63
B000561,P004,2023-10-29,350,7,343,9135.0,1370.25,913.5,11418.75,32.62
B000562,P004,2023-11-05,211,4,207,5507.1,826.06,550.71,6883.87,32.62
B000563,P004,2023-11-12,356,7,349,9291.6,1393.74,929.16,11614.5,32.62
B000564,P004,2023-11-19,262,5,257,6838.2,1025.73,683.82,8547.75,32.62
B000565,P004,2023-11-26,419,8,411,10935.9,1640.38,1093.59,13669.87,32.62
B000566,P004,2023-12-03,279,6,273,7281.9,1092.28,728.19,9102.37,32.62
B000567,P004,2023-12-10,265,5,260,6916.5,1037.47,691.65,8645.62,32.62
B000568,P004,2023-12-17,312,6,306,8143.2,1221.48,814.32,10179.0,32.62
B000569,P004,2023-12-24,329,7,322,8586.9,1288.03,858.69,10733.62,32.62
B000570,P004,2023-12-31,236,5,231,6159.6,923.94,615.96,7699.5,32.62
B000571,P004,2024-01-07,294,6,288,7673.4,1151.01,767.34,9591.75,32.62
B000572,P004,2024-01-14,323,6,317,8430.3,1264.54,843.03,10537.87,32.62
B000573,P004,2024-01-21,277,6,271,7229.7,1084.46,722.97,9037.13,32.63
B000574,P004,2024-01-28,280,6,274,7308.0,1096.2,730.8,9135.0,32.62
B000575,P004,2024-02-04,405,8,397,10570.5,1585.58,1057.05,13213.13,32.63
B000576,P004,2024-02-11,282,6,276,7360.2,1104.03,736.02,9200.25,32.62
B000577,P004,2024-02-18,146,3,143,3810.6,571.59,381.06,4763.25,32.62
B000578,P004,2024-02-25,141,3,138,3680.1,552.02,368.01,4600.13,32.63
B000579,P004,2024-03-03,96,2,94,2505.6,375.84,250.56,3132.0,32.62
B000580,P004,2024-03-10,107,2,105,2792.7,418.9,279.27,3490.87,32.62
B000581,P004,2024-03-17,96,2,94,2505.6,375.84,250.56,3132.0,32.62
B000582,P004,2024-03-24,112,2,110,2923.2,438.48,292.32,3654.0,32.62
B000583,P004,2024-03-31,120,2,118,3132.0,469.8,313.2,3915.0,32.62
B000584,P004,2024-04-07,119,2,117,3105.9,465.88,310.59,3882.37,32.62
B000585,P004,2024-04-14,84,2,82,2192.4,328.86,219.24,2740.5,32.62
B000586,P004,2024-04-21,171,3,168,4463.1,669.46,446.31,5578.87,32.62
B000587,P004,2024-04-28,152,3,149,3967.2,595.08,396.72,4959.0,32.62
B000588,P004,2024-05-05,139,3,136,3627.9,544.18,362.79,4534.87,32.62
B000589,P004,2024-05-12,124,2,122,3236.4,485.46,323.64,4045.5,32.62
B000590,P004,2024-05-19,135,3,132,3523.5,528.52,352.35,4404.37,32.62
B000591,P004,2024-05-26,112,2,110,2923.2,438.48,292.32,3654.0,32.62
B000592,P004,2024-06-02,161,3,158,4202.1,630.32,420.21,5252.63,32.63
B000593,P004,2024-06-09,93,2,91,2427.3,364.1,242.73,3034.13,32.63
B000594,P004,2024-06-16,147,3,144,3836.7,575.5,383.67,4795.87,32.62
B000595,P004,2024-06-23,151,3,148,3941.1,591.16,394.11,4926.37,32.62
B000596,P004,2024-06-30,141,3,138,3680.1,552.02,368.01,4600.13,32.63
B000597,P004,2024-07-07,169,3,166,4410.9,661.63,441.09,5513.62,32.62
B000598,P004,2024-07-14,135,3,132,3523.5,528.52,352.35,4404.37,32.62
B000599,P004,2024-07-21,101,2,99,2636.1,395.42,263.61,3295.13,32.63
B000600,P004,2024-07-28,105,2,103,2740.5,411.08,274.05,3425.63,32.63
B000601,P004,2024-08-04,119,2,117,3105.9,465.88,310.59,3882.37,32.62
B000602,P004,2024-08-11,232,5,227,6055.2,908.28,605.52,7569.0,32.62
B000603,P004,2024-08-18,186,4,182,4854.6,728.19,485.46,6068.25,32.62
B000604,P004,2024-08-25,149,3,146,3888.9,583.34,388.89,4861.13,32.63
B000605,P004,2024-09-01,159,3,156,4149.9,622.48,414.99,5187.37,32.62
B000606,P004,2024-09-08,139,3,136,3627.9,544.18,362.79,4534.87,32.62
B000607,P004,2024-09-15,288,6,282,7516.8,1127.52,751.68,9396.0,32.62
B000608,P004,2024-09-22,251,5,246,6551.1,982.66,655.11,8188.87,32.62
B000609,P004,2024-09-29,198,4,194,5167.8,775.17,516.78,6459.75,32.62
B000610,P004,2024-10-06,366,7,359,9552.6,1432.89,955.26,11940.75,32.62
B000611,P004,2024-10-13,302,6,296,7882.2,1182.33,788.22,9852.75,32.62
B000612,P004,2024-10-20,333,7,326,8691.3,1303.7,869.13,10864.13,32.63
B000613,P004,2024-10-27,290,6,284,7569.0,1135.35,756.9,9461.25,32.62
B000614,P004,2024-11-03,336,7,329,8769.6,1315.44,876.96,10962.0,32.62
B000615,P004,2024-11-10,353,7,346,9213.3,1382.0,921.33,11516.63,32.63
B000616,P004,2024-11-17,339,7,332,8847.9,1327.18,884.79,11059.87,32.62
B000617,P004,2024-11-24,366,7,359,9552.6,1432.89,955.26,11940.75,32.62
B000618,P004,2024-12-01,392,8,384,10231.2,1534.68,1023.12,12789.0,32.62
B000619,P004,2024-12-08,320,6,314,8352.0,1252.8,835.2,10440.0,32.62
B000620,P004,2024-12-15,72,1,71,1879.2,281.88,187.92,2349.0,32.62
B000621,P004,2024-12-22,190,4,186,4959.0,743.85,495.9,6198.75,32.62
B000622,P004,2024-12-29,13,0,13,339.3,50.9,33.93,424.13,32.63
B000623,P004,2025-01-05,330,7,323,8613.0,1291.95,861.3,10766.25,32.62
B000624,P005,2022-01-02,264,5,259,10335.6,1550.34,1033.56,12919.5,48.94
B000625,P005,2022-01-09,180,4,176,7047.0,1057.05,704.7,8808.75,48.94
B000626,P005,2022-01-16,87,2,85,3406.05,510.91,340.6,4257.56,48.94
B000627,P005,2022-01-23,222,4,218,8691.3,1303.7,869.13,10864.13,48.94
B000628,P005,2022-01-30,112,2,110,4384.8,657.72,438.48,5481.0,48.94
B000629,P005,2022-02-06,260,5,255,10179.0,1526.85,1017.9,12723.75,48.94
B000630,P005,2022-02-13,86,2,84,3366.9,505.04,336.69,4208.63,48.94
B000631,P005,2022-02-20,60,1,59,2349.0,352.35,234.9,2936.25,48.94
B000632,P005,2022-02-27,94,2,92,3680.1,552.02,368.01,4600.13,48.94
B000633,P005,2022-03-06,83,2,81,3249.45,487.42,324.94,4061.81,48.94
B000634,P005,2022-03-13,75,2,73,2936.25,440.44,293.62,3670.31,48.94
B000635,P005,2022-03-20,81,2,79,3171.15,475.67,317.12,3963.94,48.94
B000636,P005,2022-03-27,82,2,80,3210.3,481.54,321.03,4012.87,48.94
B000637,P005,2022-04-03,75,2,73,2936.25,440.44,293.62,3670.31,48.94
B000638,P005,2022-04-10,81,2,79,3171.15,475.67,317.12,3963.94,48.94
B000639,P005,2022-04-17,82,2,80,3210.3,481.54,321.03,4012.87,48.94
B000640,P005,2022-04-24,52,1,51,2035.8,305.37,203.58,2544.75,48.94
B000641,P005,2022-05-01,81,2,79,3171.15,475.67,317.12,3963.94,48.94
B000642,P005,2022-05-08,86,2,84,3366.9,505.04,336.69,4208.63,48.94
B000643,P005,2022-05-15,105,2,103,4110.75,616.61,411.08,5138.44,48.94
B000644,P005,2022-05-22,94,2,92,3680.1,552.02,368.01,4600.13,48.94
B000645,P005,2022-05-29,71,1,70,2779.65,416.95,277.97,3474.57,48.94
B000646,P005,2022-06-05,100,2,98,3915.0,587.25,391.5,4893.75,48.94
B000647,P005,2022-06-12,66,1,65,2583.9,387.58,258.39,3229.87,48.94
B000648,P005,2022-06-19,79,2,77,3092.85,463.93,309.29,3866.07,48.94
B000649,P005,2022-06-26,92,2,90,3601.8,540.27,360.18,4502.25,48.94
B000650,P005,2022-07-03,62,1,61,2427.3,364.1,242.73,3034.13,48.94
B000651,P005,2022-07-10,87,2,85,3406.05,510.91,340.6,4257.56,48.94
B000652,P005,2022-07-17,118,2,116,4619.7,692.96,461.97,5774.63,48.94
B000653,P005,2022-07-24,127,3,124,4972.05,745.81,497.21,6215.07,48.94
B000654,P005,2022-07-31,105,2,103,4110.75,616.61,411.08,5138.44,48.94
B000655,P005,2022-08-07,129,3,126,5050.35,757.55,505.04,6312.94,48.94
B000656,P005,2022-08-14,130,3,127,5089.5,763.42,508.95,6361.87,48.94
B000657,P005,2022-08-21,99,2,97,3875.85,581.38,387.58,4844.81,48.94
B000658,P005,2022-08-28,89,2,87,3484.35,522.65,348.44,4355.44,48.94
B000659,P005,2022-09-04,114,2,112,4463.1,669.46,446.31,5578.87,48.94
B000660,P005,2022-09-11,132,3,129,5167.8,775.17,516.78,6459.75,48.94
B000661,P005,2022-09-18,173,3,170,6772.95,1015.94,677.3,8466.19,48.94
B000662,P005,2022-09-25,192,4,188,7516.8,1127.52,751.68,9396.0,48.94
B000663,P005,2022-10-02,152,3,149,5950.8,892.62,595.08,7438.5,48.94
B000664,P005,2022-10-09,125,2,123,4893.75,734.06,489.38,6117.19,48.94
B000665,P005,2022-10-16,221,4,217,8652.15,1297.82,865.22,10815.19,48.94
B000666,P005,2022-10-23,232,5,227,9082.8,1362.42,908.28,11353.5,48.94
B000667,P005,2022-10-30,252,5,247,9865.8,1479.87,986.58,12332.25,48.94
B000668,P005,2022-11-06,218,4,214,8534.7,1280.21,853.47,10668.38,48.94
B000669,P005,2022-11-13,215,4,211,8417.25,1262.59,841.72,10521.56,48.94
B000670,P005,2022-11-20,225,4,221,8808.75,1321.31,880.88,11010.94,48.94
B000671,P005,2022-11-27,313,6,307,12253.95,1838.09,1225.4,15317.44,48.94
B000672,P005,2022-12-04,289,6,283,11314.35,1697.15,1131.44,14142.94,48.94
B000673,P005,2022-12-11,253,5,248,9904.95,1485.74,990.5,12381.19,48.94
B000674,P005,2022-12-18,259,5,254,10139.85,1520.98,1013.99,12674.82,48.94
B000675,P005,2022-12-25,271,5,266,10609.65,1591.45,1060.96,13262.06,48.94
B000676,P005,2023-01-01,280,6,274,10962.0,1644.3,1096.2,13702.5,48.94
B000677,P005,2023-01-08,173,3,170,6772.95,1015.94,677.3,8466.19,48.94
B000678,P005,2023-01-15,234,5,229,9161.1,1374.16,916.11,11451.37,48.94
B000679,P005,2023-01-22,271,5,266,10609.65,1591.45,1060.96,13262.06,48.94
B000680,P005,2023-01-29,322,6,316,12606.3,1890.94,1260.63,15757.87,48.94
B000681,P005,2023-02-05,281,6,275,11001.15,1650.17,1100.12,13751.44,48.94
B000682,P005,2023-02-12,91,2,89,3562.65,534.4,356.27,4453.32,48.94
B000683,P005,2023-02-19,118,2,116,4619.7,692.96,461.97,5774.63,48.94
B000684,P005,2023-02-26,78,2,76,3053.7,458.05,305.37,3817.12,48.94
B000685,P005,2023-03-05,60,1,59,2349.0,352.35,234.9,2936.25,48.94
B000686,P005,2023-03-12,99,2,97,3875.85,581.38,387.58,4844.81,48.94
B000687,P005,2023-03-19,116,2,114,4541.4,681.21,454.14,5676.75,48.94
B000688,P005,2023-03-26,97,2,95,3797.55,569.63,379.76,4746.94,48.94
B000689,P005,2023-04-02,80,2,78,3132.0,469.8,313.2,3915.0,48.94
B000690,P005,2023-04-09,63,1,62,2466.45,369.97,246.64,3083.06,48.94
B000691,P005,2023-04-16,106,2,104,4149.9,622.48,414.99,5187.37,48.94
B000692,P005,2023-04-23,99,2,97,3875.85,581.38,387.58,4844.81,48.94
B000693,P005,2023-04-30,70,1,69,2740.5,411.08,274.05,3425.63,48.94
B000694,P005,2023-05-07,93,2,91,3640.95,546.14,364.1,4551.19,48.94
B000695,P005,2023-05-14,77,2,75,3014.55,452.18,301.46,3768.19,48.94
B000696,P005,2023-05-21,67,1,66,2623.05,393.46,262.3,3278.81,48.94
B000697,P005,2023-05-28,93,2,91,3640.95,546.14,364.1,4551.19,48.94
B000698,P005,2023-06-04,119,2,117,4658.85,698.83,465.89,5823.57,48.94
B000699,P005,2023-06-11,101,2,99,3954.15,593.12,395.42,4942.69,48.94
B000700,P005,2023-06-18,106,2,104,4149.9,622.48,414.99,5187.37,48.94
B000701,P005,2023-06-25,100,2,98,3915.0,587.25,391.5,4893.75,48.94
B000702,P005,2023-07-02,108,2,106,4228.2,634.23,422.82,5285.25,48.94
B000703,P005,2023-07-09,131,3,128,5128.65,769.3,512.86,6410.81,48.94
B000704,P005,2023-07-16,69,1,68,2701.35,405.2,270.14,3376.69,48.94
B000705,P005,2023-07-23,103,2,101,4032.45,604.87,403.24,5040.56,48.94
B000706,P005,2023-07-30,92,2,90,3601.8,540.27,360.18,4502.25,48.94
B000707,P005,2023-08-06,82,2,80,3210.3,481.54,321.03,4012.87,48.94
B000708,P005,2023-08-13,150,3,147,5872.5,880.88,587.25,7340.63,48.94
B000709,P005,2023-08-20,69,1,68,2701.35,405.2,270.14,3376.69,48.94
B000710,P005,2023-08-27,141,3,138,5520.15,828.02,552.02,6900.19,48.94
B000711,P005,2023-09-03,113,2,111,4423.95,663.59,442.4,5529.94,48.94
B000712,P005,2023-09-10,127,3,124,4972.05,745.81,497.21,6215.07,48.94
B000713,P005,2023-09-17,116,2,114,4541.4,681.21,454.14,5676.75,48.94
B000714,P005,2023-09-24,133,3,130,5206.95,781.04,520.7,6508.69,48.94
B000715,P005,2023-10-01,212,4,208,8299.8,1244.97,829.98,10374.75,48.94
B000716,P005,2023-10-08,187,4,183,7321.05,1098.16,732.1,9151.31,48.94
B000717,P005,2023-10-15,281,6,275,11001.15,1650.17,1100.12,13751.44,48.94
B000718,P005,2023-10-22,391,8,383,15307.65,2296.15,1530.76,19134.56,48.94
B000719,P005,2023-10-29,284,6,278,11118.6,1667.79,1111.86,13898.25,48.94
B000720,P005,2023-11-05,208,4,204,8143.2,1221.48,814.32,10179.0,48.94
B000721,P005,2023-11-12,229,5,224,8965.35,1344.8,896.54,11206.69,48.94
B000722,P005,2023-11-19,253,5,248,9904.95,1485.74,990.5,12381.19,48.94
B000723,P005,2023-11-26,172,3,169,6733.8,1010.07,673.38,8417.25,48.94
B000724,P005,2023-12-03,318,6,312,12449.7,1867.46,1244.97,15562.13,48.94
B000725,P005,2023-12-10,158,3,155,6185.7,927.85,618.57,7732.12,48.94
B000726,P005,2023-12-17,277,6,271,10844.55,1626.68,1084.46,13555.69,48.94
B000727,P005,2023-12-24,208,4,204,8143.2,1221.48,814.32,10179.0,48.94
B000728,P005,2023-12-31,289,6,283,11314.35,1697.15,1131.44,14142.94,48.94
B000729,P005,2024-01-07,388,8,380,15190.2,2278.53,1519.02,18987.75,48.94
B000730,P005,2024-01-14,251,5,246,9826.65,1474.0,982.66,12283.31,48.94
B000731,P005,2024-01-21,323,6,317,12645.45,1896.82,1264.54,15806.81,48.94
B000732,P005,2024-01-28,232,5,227,9082.8,1362.42,908.28,11353.5,48.94
B000733,P005,2024-02-04,227,5,222,8887.05,1333.06,888.7,11108.81,48.94
B000734,P005,2024-02-11,110,2,108,4306.5,645.98,430.65,5383.13,48.94
B000735,P005,2024-02-18,153,3,150,5989.95,898.49,599.0,7487.44,48.94
B000736,P005,2024-02-25,77,2,75,3014.55,452.18,301.46,3768.19,48.94
B000737,P005,2024-03-03,119,2,117,4658.85,698.83,465.89,5823.57,48.94
B000738,P005,2024-03-10,111,2,109,4345.65,651.85,434.56,5432.06,48.94
B000739,P005,2024-03-17,147,3,144,5755.05,863.26,575.5,7193.81,48.94
B000740,P005,2024-03-24,159,3,156,6224.85,933.73,622.49,7781.07,48.94
B000741,P005,2024-03-31,75,2,73,2936.25,440.44,293.62,3670.31,48.94
B000742,P005,2024-04-07,94,2,92,3680.1,552.02,368.01,4600.13,48.94
B000743,P005,2024-04-14,93,2,91,3640.95,546.14,364.1,4551.19,48.94
B000744,P005,2024-04-21,100,2,98,3915.0,587.25,391.5,4893.75,48.94
B000745,P005,2024-04-28,118,2,116,4619.7,692.96,461.97,5774.63,48.94
B000746,P005,2024-05-05,99,2,97,3875.85,581.38,387.58,4844.81,48.94
B000747,P005,2024-05-12,55,1,54,2153.25,322.99,215.32,2691.56,48.94
B000748,P005,2024-05-19,148,3,145,5794.2,869.13,579.42,7242.75,48.94
B000749,P005,2024-05-26,143,3,140,5598.45,839.77,559.84,6998.06,48.94
B000750,P005,2024-06-02,114,2,112,4463.1,669.46,446.31,5578.87,48.94
B000751,P005,2024-06-09,144,3,141,5637.6,845.64,563.76,7047.0,48.94
B000752,P005,2024-06-16,113,2,111,4423.95,663.59,442.4,5529.94,48.94
B000753,P005,2024-06-23,154,3,151,6029.1,904.36,602.91,7536.37,48.94
B000754,P005,2024-06-30,93,2,91,3640.95,546.14,364.1,4551.19,48.94
B000755,P005,2024-07-07,105,2,103,4110.75,616.61,411.08,5138.44,48.94
B000756,P005,2024-07-14,73,1,72,2857.95,428.69,285.8,3572.44,48.94
B000757,P005,2024-07-21,140,3,137,5481.0,822.15,548.1,6851.25,48.94
B000758,P005,2024-07-28,128,3,125,5011.2,751.68,501.12,6264.0,48.94
B000759,P005,2024-08-04,116,2,114,4541.4,681.21,454.14,5676.75,48.94
B000760,P005,2024-08-11,169,3,166,6616.35,992.45,661.64,8270.44,48.94
B000761,P005,2024-08-18,106,2,104,4149.9,622.48,414.99,5187.37,48.94
B000762,P005,2024-08-25,165,3,162,6459.75,968.96,645.98,8074.69,48.94
B000763,P005,2024-09-01,104,2,102,4071.6,610.74,407.16,5089.5,48.94
B000764,P005,2024-09-08,180,4,176,7047.0,1057.05,704.7,8808.75,48.94
B000765,P005,2024-09-15,161,3,158,6303.15,945.47,630.32,7878.94,48.94
B000766,P005,2024-09-22,209,4,205,8182.35,1227.35,818.24,10227.94,48.94
B000767,P005,2024-09-29,219,4,215,8573.85,1286.08,857.39,10717.32,48.94
B000768,P005,2024-10-06,217,4,213,8495.55,1274.33,849.56,10619.44,48.94
B000769,P005,2024-10-13,281,6,275,11001.15,1650.17,1100.12,13751.44,48.94
B000770,P005,2024-10-20,464,9,455,18165.6,2724.84,1816.56,22707.0,48.94
B000771,P005,2024-10-27,264,5,259,10335.6,1550.34,1033.56,12919.5,48.94
B000772,P005,2024-11-03,299,6,293,11705.85,1755.88,1170.58,14632.31,48.94
B000773,P005,2024-11-10,356,7,349,13937.4,2090.61,1393.74,17421.75,48.94
B000774,P005,2024-11-17,254,5,249,9944.1,1491.62,994.41,12430.13,48.94
B000775,P005,2024-11-24,281,6,275,11001.15,1650.17,1100.12,13751.44,48.94
B000776,P005,2024-12-01,253,5,248,9904.95,1485.74,990.5,12381.19,48.94
B000777,P005,2024-12-08,299,6,293,11705.85,1755.88,1170.58,14632.31,48.94
B000778,P005,2024-12-15,143,3,140,5598.45,839.77,559.84,6998.06,48.94
B000779,P005,2024-12-22,218,4,214,8534.7,1280.21,853.47,10668.38,48.94
B000780,P005,2024-12-29,63,1,62,2466.45,369.97,246.64,3083.06,48.94
B000781,P005,2025-01-05,191,4,187,7477.65,1121.65,747.76,9347.06,48.94
B000782,P006,2022-01-23,49,1,48,1506.75,226.01,150.68,1883.44,38.44
B000783,P006,2022-01-30,83,2,81,2552.25,382.84,255.23,3190.32,38.44
B000784,P006,2022-02-06,89,2,87,2736.75,410.51,273.68,3420.94,38.44
B000785,P006,2022-02-13,102,2,100,3136.5,470.48,313.65,3920.63,38.44
B000786,P006,2022-02-20,89,2,87,2736.75,410.51,273.68,3420.94,38.44
B000787,P006,2022-02-27,95,2,93,2921.25,438.19,292.12,3651.56,38.44
B000788,P006,2022-03-06,129,3,126,3966.75,595.01,396.68,4958.44,38.44
B000789,P006,2022-03-13,131,3,128,4028.25,604.24,402.83,5035.32,38.44
B000790,P006,2022-03-20,158,3,155,4858.5,728.78,485.85,6073.13,38.44
B000791,P006,2022-03-27,106,2,104,3259.5,488.92,325.95,4074.37,38.44
B000792,P006,2022-04-03,143,3,140,4397.25,659.59,439.72,5496.56,38.44
B000793,P006,2022-04-10,85,2,83,2613.75,392.06,261.38,3267.19,38.44
B000794,P006,2022-04-17,105,2,103,3228.75,484.31,322.88,4035.94,38.44
B000795,P006,2022-04-24,170,3,167,5227.5,784.12,522.75,6534.37,38.44
B000796,P006,2022-05-01,120,2,118,3690.0,553.5,369.0,4612.5,38.44
B000797,P006,2022-05-08,95,2,93,2921.25,438.19,292.12,3651.56,38.44
B000798,P006,2022-05-15,295,6,289,9071.25,1360.69,907.12,11339.06,38.44
B000799,P006,2022-05-22,278,6,272,8548.5,1282.27,854.85,10685.62,38.44
B000800,P006,2022-05-29,293,6,287,9009.75,1351.46,900.98,11262.19,38.44
B000801,P006,2022-06-05,284,6,278,8733.0,1309.95,873.3,10916.25,38.44
B000802,P006,2022-06-12,193,4,189,5934.75,890.21,593.48,7418.44,38.44
B000803,P006,2022-06-19,350,7,343,10762.5,1614.38,1076.25,13453.13,38.44
B000804,P006,2022-06-26,272,5,267,8364.0,1254.6,836.4,10455.0,38.44
B000805,P006,2022-07-03,260,5,255,7995.0,1199.25,799.5,9993.75,38.44
B000806,P006,2022-07-10,262,5,257,8056.5,1208.47,805.65,10070.62,38.44
B000807,P006,2022-07-17,303,6,297,9317.25,1397.59,931.72,11646.56,38.44
B000808,P006,2022-07-24,292,6,286,8979.0,1346.85,897.9,11223.75,38.44
B000809,P006,2022-07-31,299,6,293,9194.25,1379.14,919.42,11492.81,38.44
B000810,P006,2022-08-07,332,7,325,10209.0,1531.35,1020.9,12761.25,38.44
B000811,P006,2022-08-14,303,6,297,9317.25,1397.59,931.72,11646.56,38.44
B000812,P006,2022-08-21,321,6,315,9870.75,1480.61,987.08,12338.44,38.44
B000813,P006,2022-08-28,342,7,335,10516.5,1577.48,1051.65,13145.63,38.44
B000814,P006,2022-09-04,264,5,259,8118.0,1217.7,811.8,10147.5,38.44
B000815,P006,2022-09-11,395,8,387,12146.25,1821.94,1214.62,15182.81,38.44
B000816,P006,2022-09-18,109,2,107,3351.75,502.76,335.18,4189.69,38.44
B000817,P006,2022-09-25,125,2,123,3843.75,576.56,384.38,4804.69,38.44
B000818,P006,2022-10-02,155,3,152,4766.25,714.94,476.62,5957.81,38.44
B000819,P006,2022-10-09,101,2,99,3105.75,465.86,310.58,3882.19,38.44
B000820,P006,2022-10-16,124,2,122,3813.0,571.95,381.3,4766.25,38.44
B000821,P006,2022-10-23,58,1,57,1783.5,267.52,178.35,2229.37,38.44
B000822,P006,2022-10-30,92,2,90,2829.0,424.35,282.9,3536.25,38.44
B000823,P006,2022-11-06,124,2,122,3813.0,571.95,381.3,4766.25,38.44
B000824,P006,2022-11-13,58,1,57,1783.5,267.52,178.35,2229.37,38.44
B000825,P006,2022-11-20,92,2,90,2829.0,424.35,282.9,3536.25,38.44
B000826,P006,2022-11-27,126,3,123,3874.5,581.17,387.45,4843.12,38.44
B000827,P006,2022-12-04,101,2,99,3105.75,465.86,310.58,3882.19,38.44
B000828,P006,2022-12-11,111,2,109,3413.25,511.99,341.33,4266.57,38.44
B000829,P006,2022-12-18,64,1,63,1968.0,295.2,196.8,2460.0,38.44
B000830,P006,2022-12-25,99,2,97,3044.25,456.64,304.42,3805.31,38.44
B000831,P006,2023-01-01,111,2,109,3413.25,511.99,341.33,4266.57,38.44
B000832,P006,2023-01-08,32,1,31,984.0,147.6,98.4,1230.0,38.44
B000833,P006,2023-01-15,51,1,50,1568.25,235.24,156.83,1960.32,38.44
B000834,P006,2023-01-22,61,1,60,1875.75,281.36,187.58,2344.69,38.44
B000835,P006,2023-01-29,80,2,78,2460.0,369.0,246.0,3075.0,38.44
B000836,P006,2023-02-05,86,2,84,2644.5,396.68,264.45,3305.63,38.44
B000837,P006,2023-02-12,82,2,80,2521.5,378.22,252.15,3151.87,38.44
B000838,P006,2023-02-19,154,3,151,4735.5,710.32,473.55,5919.37,38.44
B000839,P006,2023-02-26,103,2,101,3167.25,475.09,316.73,3959.07,38.44
B000840,P006,2023-03-05,138,3,135,4243.5,636.52,424.35,5304.37,38.44
B000841,P006,2023-03-12,145,3,142,4458.75,668.81,445.88,5573.44,38.44
B000842,P006,2023-03-19,134,3,131,4120.5,618.07,412.05,5150.62,38.44
B000843,P006,2023-03-26,133,3,130,4089.75,613.46,408.98,5112.19,38.44
B000844,P006,2023-04-02,141,3,138,4335.75,650.36,433.58,5419.69,38.44
B000845,P006,2023-04-09,157,3,154,4827.75,724.16,482.78,6034.69,38.44
B000846,P006,2023-04-16,181,4,177,5565.75,834.86,556.58,6957.19,38.44
B000847,P006,2023-04-23,131,3,128,4028.25,604.24,402.83,5035.32,38.44
B000848,P006,2023-04-30,134,3,131,4120.5,618.07,412.05,5150.62,38.44
B000849,P006,2023-05-07,108,2,106,3321.0,498.15,332.1,4151.25,38.44
B000850,P006,2023-05-14,216,4,212,6642.0,996.3,664.2,8302.5,38.44
B000851,P006,2023-05-21,281,6,275,8640.75,1296.11,864.08,10800.94,38.44
B000852,P006,2023-05-28,304,6,298,9348.0,1402.2,934.8,11685.0,38.44
B000853,P006,2023-06-04,301,6,295,9255.75,1388.36,925.58,11569.69,38.44
B000854,P006,2023-06-11,200,4,196,6150.0,922.5,615.0,7687.5,38.44
B000855,P006,2023-06-18,254,5,249,7810.5,1171.58,781.05,9763.13,38.44
B000856,P006,2023-06-25,258,5,253,7933.5,1190.02,793.35,9916.87,38.44
B000857,P006,2023-07-02,348,7,341,10701.0,1605.15,1070.1,13376.25,38.44
B000858,P006,2023-07-09,336,7,329,10332.0,1549.8,1033.2,12915.0,38.44
B000859,P006,2023-07-16,256,5,251,7872.0,1180.8,787.2,9840.0,38.44
B000860,P006,2023-07-23,283,6,277,8702.25,1305.34,870.22,10877.81,38.44
B000861,P006,2023-07-30,270,5,265,8302.5,1245.38,830.25,10378.13,38.44
B000862,P006,2023-08-06,421,8,413,12945.75,1941.86,1294.58,16182.19,38.44
B000863,P006,2023-08-13,267,5,262,8210.25,1231.54,821.03,10262.82,38.44
B000864,P006,2023-08-20,352,7,345,10824.0,1623.6,1082.4,13530.0,38.44
B000865,P006,2023-08-27,283,6,277,8702.25,1305.34,870.22,10877.81,38.44
B000866,P006,2023-09-03,196,4,192,6027.0,904.05,602.7,7533.75,38.44
B000867,P006,2023-09-10,300,6,294,9225.0,1383.75,922.5,11531.25,38.44
B000868,P006,2023-09-17,136,3,133,4182.0,627.3,418.2,5227.5,38.44
B000869,P006,2023-09-24,148,3,145,4551.0,682.65,455.1,5688.75,38.44
B000870,P006,2023-10-01,157,3,154,4827.75,724.16,482.78,6034.69,38.44
B000871,P006,2023-10-08,99,2,97,3044.25,456.64,304.42,3805.31,38.44
B000872,P006,2023-10-15,166,3,163,5104.5,765.68,510.45,6380.63,38.44
B000873,P006,2023-10-22,134,3,131,4120.5,618.07,412.05,5150.62,38.44
B000874,P006,2023-10-29,74,1,73,2275.5,341.32,227.55,2844.37,38.44
B000875,P006,2023-11-05,68,1,67,2091.0,313.65,209.1,2613.75,38.44
B000876,P006,2023-11-12,132,3,129,4059.0,608.85,405.9,5073.75,38.44
B000877,P006,2023-11-19,74,1,73,2275.5,341.32,227.55,2844.37,38.44
B000878,P006,2023-11-26,55,1,54,1691.25,253.69,169.12,2114.06,38.44
B000879,P006,2023-12-03,103,2,101,3167.25,475.09,316.73,3959.07,38.44
B000880,P006,2023-12-10,51,1,50,1568.25,235.24,156.83,1960.32,38.44
B000881,P006,2023-12-17,82,2,80,2521.5,378.22,252.15,3151.87,38.44
B000882,P006,2023-12-24,78,2,76,2398.5,359.78,239.85,2998.13,38.44
B000883,P006,2023-12-31,103,2,101,3167.25,475.09,316.73,3959.07,38.44
B000884,P006,2024-01-07,63,1,62,1937.25,290.59,193.73,2421.57,38.44
B000885,P006,2024-01-14,83,2,81,2552.25,382.84,255.23,3190.32,38.44
B000886,P006,2024-01-21,82,2,80,2521.5,378.22,252.15,3151.87,38.44
B000887,P006,2024-01-28,106,2,104,3259.5,488.92,325.95,4074.37,38.44
B000888,P006,2024-02-04,76,2,74,2337.0,350.55,233.7,2921.25,38.44
B000889,P006,2024-02-11,94,2,92,2890.5,433.58,289.05,3613.13,38.44
B000890,P006,2024-02-18,144,3,141,4428.0,664.2,442.8,5535.0,38.44
B000891,P006,2024-02-25,155,3,152,4766.25,714.94,476.62,5957.81,38.44
B000892,P006,2024-03-03,166,3,163,5104.5,765.68,510.45,6380.63,38.44
B000893,P006,2024-03-10,97,2,95,2982.75,447.41,298.28,3728.44,38.44
B000894,P006,2024-03-17,156,3,153,4797.0,719.55,479.7,5996.25,38.44
B000895,P006,2024-03-24,213,4,209,6549.75,982.46,654.98,8187.19,38.44
B000896,P006,2024-03-31,166,3,163,5104.5,765.68,510.45,6380.63,38.44
B000897,P006,2024-04-07,232,5,227,7134.0,1070.1,713.4,8917.5,38.44
B000898,P006,2024-04-14,121,2,119,3720.75,558.11,372.08,4650.94,38.44
B000899,P006,2024-04-21,143,3,140,4397.25,659.59,439.72,5496.56,38.44
B000900,P006,2024-04-28,207,4,203,6365.25,954.79,636.53,7956.57,38.44
B000901,P006,2024-05-05,226,5,221,6949.5,1042.42,694.95,8686.87,38.44
B000902,P006,2024-05-12,177,4,173,5442.75,816.41,544.28,6803.44,38.44
B000903,P006,2024-05-19,333,7,326,10239.75,1535.96,1023.98,12799.69,38.44
B000904,P006,2024-05-26,423,8,415,13007.25,1951.09,1300.73,16259.07,38.44
B000905,P006,2024-06-02,384,8,376,11808.0,1771.2,1180.8,14760.0,38.44
B000906,P006,2024-06-09,496,10,486,15252.0,2287.8,1525.2,19065.0,38.44
B000907,P006,2024-06-16,429,9,420,13191.75,1978.76,1319.18,16489.69,38.44
B000908,P006,2024-06-23,363,7,356,11162.25,1674.34,1116.23,13952.82,38.44
B000909,P006,2024-06-30,417,8,409,12822.75,1923.41,1282.28,16028.44,38.44
B000910,P006,2024-07-07,252,5,247,7749.0,1162.35,774.9,9686.25,38.44
B000911,P006,2024-07-14,310,6,304,9532.5,1429.88,953.25,11915.63,38.44
B000912,P006,2024-07-21,413,8,405,12699.75,1904.96,1269.98,15874.69,38.44
B000913,P006,2024-07-28,396,8,388,12177.0,1826.55,1217.7,15221.25,38.44
B000914,P006,2024-08-04,405,8,397,12453.75,1868.06,1245.38,15567.19,38.44
B000915,P006,2024-08-11,396,8,388,12177.0,1826.55,1217.7,15221.25,38.44
B000916,P006,2024-08-18,299,6,293,9194.25,1379.14,919.42,11492.81,38.44
B000917,P006,2024-08-25,339,7,332,10424.25,1563.64,1042.42,13030.31,38.44
B000918,P006,2024-09-01,396,8,388,12177.0,1826.55,1217.7,15221.25,38.44
B000919,P006,2024-09-08,421,8,413,12945.75,1941.86,1294.58,16182.19,38.44
B000920,P006,2024-09-15,155,3,152,4766.25,714.94,476.62,5957.81,38.44
B000921,P006,2024-09-22,218,4,214,6703.5,1005.52,670.35,8379.37,38.44
B000922,P006,2024-09-29,134,3,131,4120.5,618.07,412.05,5150.62,38.44
B000923,P006,2024-10-06,215,4,211,6611.25,991.69,661.12,8264.06,38.44
B000924,P006,2024-10-13,73,1,72,2244.75,336.71,224.48,2805.94,38.44
B000925,P006,2024-10-20,113,2,111,3474.75,521.21,347.48,4343.44,38.44
B000926,P006,2024-10-27,95,2,93,2921.25,438.19,292.12,3651.56,38.44
B000927,P006,2024-11-03,106,2,104,3259.5,488.92,325.95,4074.37,38.44
B000928,P006,2024-11-10,103,2,101,3167.25,475.09,316.73,3959.07,38.44
B000929,P006,2024-11-17,92,2,90,2829.0,424.35,282.9,3536.25,38.44
B000930,P006,2024-11-24,80,2,78,2460.0,369.0,246.0,3075.0,38.44
B000931,P006,2024-12-01,110,2,108,3382.5,507.38,338.25,4228.13,38.44
B000932,P006,2024-12-08,123,2,121,3782.25,567.34,378.22,4727.81,38.44
B000933,P006,2024-12-15,35,1,34,1076.25,161.44,107.62,1345.31,38.44
B000934,P006,2024-12-22,116,2,114,3567.0,535.05,356.7,4458.75,38.44
B000935,P006,2024-12-29,123,2,121,3782.25,567.34,378.22,4727.81,38.44
B000936,P006,2025-01-05,289,6,283,8886.75,1333.01,888.68,11108.44,38.44
B000937,P007,2022-01-02,310,6,304,10090.5,1513.58,1009.05,12613.13,40.69
B000938,P007,2022-01-09,369,7,362,12010.95,1801.64,1201.1,15013.69,40.69
B000939,P007,2022-01-16,180,4,176,5859.0,878.85,585.9,7323.75,40.69
B000940,P007,2022-01-23,284,6,278,9244.2,1386.63,924.42,11555.25,40.69
B000941,P007,2022-01-30,197,4,193,6412.35,961.85,641.24,8015.44,40.69
B000942,P007,2022-02-06,196,4,192,6379.8,956.97,637.98,7974.75,40.69
B000943,P007,2022-02-13,54,1,53,1757.7,263.65,175.77,2197.12,40.69
B000944,P007,2022-02-20,32,1,31,1041.6,156.24,104.16,1302.0,40.69
B000945,P007,2022-02-27,161,3,158,5240.55,786.08,524.06,6550.69,40.69
B000946,P007,2022-03-06,53,1,52,1725.15,258.77,172.52,2156.44,40.69
B000947,P007,2022-03-13,40,1,39,1302.0,195.3,130.2,1627.5,40.69
B000948,P007,2022-03-20,57,1,56,1855.35,278.3,185.54,2319.19,40.69
B000949,P007,2022-03-27,110,2,108,3580.5,537.07,358.05,4475.62,40.69
B000950,P007,2022-04-03,78,2,76,2538.9,380.84,253.89,3173.63,40.69
B000951,P007,2022-04-10,42,1,41,1367.1,205.06,136.71,1708.87,40.69
B000952,P007,2022-04-17,78,2,76,2538.9,380.84,253.89,3173.63,40.69
B000953,P007,2022-04-24,58,1,57,1887.9,283.18,188.79,2359.87,40.69
B000954,P007,2022-05-01,93,2,91,3027.15,454.07,302.72,3783.94,40.69
B000955,P007,2022-05-08,67,1,66,2180.85,327.13,218.08,2726.06,40.69
B000956,P007,2022-05-15,59,1,58,1920.45,288.07,192.04,2400.56,40.69
B000957,P007,2022-05-22,119,2,117,3873.45,581.02,387.34,4841.81,40.69
B000958,P007,2022-05-29,95,2,93,3092.25,463.84,309.23,3865.32,40.69
B000959,P007,2022-06-05,137,3,134,4459.35,668.9,445.94,5574.19,40.69
B000960,P007,2022-06-12,107,2,105,3482.85,522.43,348.28,4353.56,40.69
B000961,P007,2022-06-19,63,1,62,2050.65,307.6,205.07,2563.32,40.69
B000962,P007,2022-06-26,95,2,93,3092.25,463.84,309.23,3865.32,40.69
B000963,P007,2022-07-03,88,2,86,2864.4,429.66,286.44,3580.5,40.69
B000964,P007,2022-07-10,63,1,62,2050.65,307.6,205.07,2563.32,40.69
B000965,P007,2022-07-17,95,2,93,3092.25,463.84,309.23,3865.32,40.69
B000966,P007,2022-07-24,60,1,59,1953.0,292.95,195.3,2441.25,40.69
B000967,P007,2022-07-31,107,2,105,3482.85,522.43,348.28,4353.56,40.69
B000968,P007,2022-08-07,154,3,151,5012.7,751.9,501.27,6265.87,40.69
B000969,P007,2022-08-14,95,2,93,3092.25,463.84,309.23,3865.32,40.69
B000970,P007,2022-08-21,83,2,81,2701.65,405.25,270.17,3377.07,40.69
B000971,P007,2022-08-28,105,2,103,3417.75,512.66,341.78,4272.19,40.69
B000972,P007,2022-09-04,128,3,125,4166.4,624.96,416.64,5208.0,40.69
B000973,P007,2022-09-11,150,3,147,4882.5,732.38,488.25,6103.13,40.69
B000974,P007,2022-09-18,154,3,151,5012.7,751.9,501.27,6265.87,40.69
B000975,P007,2022-09-25,132,3,129,4296.6,644.49,429.66,5370.75,40.69
B000976,P007,2022-10-02,171,3,168,5566.05,834.91,556.6,6957.56,40.69
B000977,P007,2022-10-09,204,4,200,6640.2,996.03,664.02,8300.25,40.69
B000978,P007,2022-10-16,237,5,232,7714.35,1157.15,771.44,9642.94,40.69
B000979,P007,2022-10-23,260,5,255,8463.0,1269.45,846.3,10578.75,40.69
B000980,P007,2022-10-30,218,4,214,7095.9,1064.38,709.59,8869.87,40.69
B000981,P007,2022-11-06,190,4,186,6184.5,927.68,618.45,7730.63,40.69
B000982,P007,2022-11-13,170,3,167,5533.5,830.02,553.35,6916.87,40.69
B000983,P007,2022-11-20,201,4,197,6542.55,981.38,654.26,8178.19,40.69
B000984,P007,2022-11-27,230,5,225,7486.5,1122.97,748.65,9358.12,40.69
B000985,P007,2022-12-04,219,4,215,7128.45,1069.27,712.84,8910.56,40.69
B000986,P007,2022-12-11,302,6,296,9830.1,1474.52,983.01,12287.63,40.69
B000987,P007,2022-12-18,278,6,272,9048.9,1357.33,904.89,11311.12,40.69
B000988,P007,2022-12-25,229,5,224,7453.95,1118.09,745.4,9317.44,40.69
B000989,P007,2023-01-01,349,7,342,11359.95,1703.99,1136.0,14199.94,40.69
B000990,P007,2023-01-08,245,5,240,7974.75,1196.21,797.48,9968.44,40.69
B000991,P007,2023-01-15,246,5,241,8007.3,1201.1,800.73,10009.13,40.69
B000992,P007,2023-01-22,130,3,127,4231.5,634.72,423.15,5289.37,40.69
B000993,P007,2023-01-29,278,6,272,9048.9,1357.33,904.89,11311.12,40.69
B000994,P007,2023-02-05,255,5,250,8300.25,1245.04,830.03,10375.32,40.69
B000995,P007,2023-02-12,101,2,99,3287.55,493.13,328.76,4109.44,40.69
B000996,P007,2023-02-19,69,1,68,2245.95,336.89,224.6,2807.44,40.69
B000997,P007,2023-02-26,91,2,89,2962.05,444.31,296.21,3702.57,40.69
B000998,P007,2023-03-05,103,2,101,3352.65,502.9,335.27,4190.82,40.69
B000999,P007,2023-03-12,76,2,74,2473.8,371.07,247.38,3092.25,40.69
B001000,P007,2023-03-19,105,2,103,3417.75,512.66,341.78,4272.19,40.69
B001001,P007,2023-03-26,112,2,110,3645.6,546.84,364.56,4557.0,40.69
B001002,P007,2023-04-02,112,2,110,3645.6,546.84,364.56,4557.0,40.69
B001003,P007,2023-04-09,104,2,102,3385.2,507.78,338.52,4231.5,40.69
B001004,P007,2023-04-16,109,2,107,3547.95,532.19,354.8,4434.94,40.69
B001005,P007,2023-04-23,79,2,77,2571.45,385.72,257.14,3214.31,40.69
B001006,P007,2023-04-30,83,2,81,2701.65,405.25,270.17,3377.07,40.69
B001007,P007,2023-05-07,92,2,90,2994.6,449.19,299.46,3743.25,40.69
B001008,P007,2023-05-14,94,2,92,3059.7,458.96,305.97,3824.63,40.69
B001009,P007,2023-05-21,120,2,118,3906.0,585.9,390.6,4882.5,40.69
B001010,P007,2023-05-28,114,2,112,3710.7,556.6,371.07,4638.37,40.69
B001011,P007,2023-06-04,79,2,77,2571.45,385.72,257.14,3214.31,40.69
B001012,P007,2023-06-11,89,2,87,2896.95,434.54,289.7,3621.19,40.69
B001013,P007,2023-06-18,101,2,99,3287.55,493.13,328.76,4109.44,40.69
B001014,P007,2023-06-25,69,1,68,2245.95,336.89,224.6,2807.44,40.69
B001015,P007,2023-07-02,123,2,121,4003.65,600.55,400.36,5004.56,40.69
B001016,P007,2023-07-09,134,3,131,4361.7,654.26,436.17,5452.13,40.69
B001017,P007,2023-07-16,105,2,103,3417.75,512.66,341.78,4272.19,40.69
B001018,P007,2023-07-23,147,3,144,4784.85,717.73,478.49,5981.07,40.69
B001019,P007,2023-07-30,144,3,141,4687.2,703.08,468.72,5859.0,40.69
B001020,P007,2023-08-06,103,2,101,3352.65,502.9,335.27,4190.82,40.69
B001021,P007,2023-08-13,73,1,72,2376.15,356.42,237.62,2970.19,40.69
B001022,P007,2023-08-20,71,1,70,2311.05,346.66,231.1,2888.81,40.69
B001023,P007,2023-08-27,133,3,130,4329.15,649.37,432.92,5411.44,40.69
B001024,P007,2023-09-03,79,2,77,2571.45,385.72,257.14,3214.31,40.69
B001025,P007,2023-09-10,115,2,113,3743.25,561.49,374.33,4679.07,40.69
B001026,P007,2023-09-17,120,2,118,3906.0,585.9,390.6,4882.5,40.69
B001027,P007,2023-09-24,153,3,150,4980.15,747.02,498.02,6225.19,40.69
B001028,P007,2023-10-01,192,4,188,6249.6,937.44,624.96,7812.0,40.69
B001029,P007,2023-10-08,170,3,167,5533.5,830.02,553.35,6916.87,40.69
B001030,P007,2023-10-15,233,5,228,7584.15,1137.62,758.42,9480.19,40.69
B001031,P007,2023-10-22,321,6,315,10448.55,1567.28,1044.86,13060.69,40.69
B001032,P007,2023-10-29,251,5,246,8170.05,1225.51,817.01,10212.57,40.69
B001033,P007,2023-11-05,402,8,394,13085.1,1962.76,1308.51,16356.37,40.69
B001034,P007,2023-11-12,328,7,321,10676.4,1601.46,1067.64,13345.5,40.69
B001035,P007,2023-11-19,306,6,300,9960.3,1494.04,996.03,12450.37,40.69
B001036,P007,2023-11-26,274,5,269,8918.7,1337.8,891.87,11148.37,40.69
B001037,P007,2023-12-03,311,6,305,10123.05,1518.46,1012.3,12653.81,40.69
B001038,P007,2023-12-10,248,5,243,8072.4,1210.86,807.24,10090.5,40.69
B001039,P007,2023-12-17,227,5,222,7388.85,1108.33,738.89,9236.07,40.69
B001040,P007,2023-12-24,294,6,288,9569.7,1435.46,956.97,11962.13,40.69
B001041,P007,2023-12-31,290,6,284,9439.5,1415.92,943.95,11799.37,40.69
B001042,P007,2024-01-07,347,7,340,11294.85,1694.23,1129.49,14118.57,40.69
B001043,P007,2024-01-14,206,4,202,6705.3,1005.8,670.53,8381.63,40.69
B001044,P007,2024-01-21,330,7,323,10741.5,1611.22,1074.15,13426.87,40.69
B001045,P007,2024-01-28,249,5,244,8104.95,1215.74,810.5,10131.19,40.69
B001046,P007,2024-02-04,325,6,319,10578.75,1586.81,1057.88,13223.44,40.69
B001047,P007,2024-02-11,183,4,179,5956.65,893.5,595.66,7445.81,40.69
B001048,P007,2024-02-18,115,2,113,3743.25,561.49,374.33,4679.07,40.69
B001049,P007,2024-02-25,68,1,67,2213.4,332.01,221.34,2766.75,40.69
B001050,P007,2024-03-03,141,3,138,4589.55,688.43,458.96,5736.94,40.69
B001051,P007,2024-03-10,124,2,122,4036.2,605.43,403.62,5045.25,40.69
B001052,P007,2024-03-17,105,2,103,3417.75,512.66,341.78,4272.19,40.69
B001053,P007,2024-03-24,132,3,129,4296.6,644.49,429.66,5370.75,40.69
B001054,P007,2024-03-31,66,1,65,2148.3,322.24,214.83,2685.37,40.69
B001055,P007,2024-04-07,91,2,89,2962.05,444.31,296.21,3702.57,40.69
B001056,P007,2024-04-14,93,2,91,3027.15,454.07,302.72,3783.94,40.69
B001057,P007,2024-04-21,139,3,136,4524.45,678.67,452.44,5655.56,40.69
B001058,P007,2024-04-28,91,2,89,2962.05,444.31,296.21,3702.57,40.69
B001059,P007,2024-05-05,130,3,127,4231.5,634.72,423.15,5289.37,40.69
B001060,P007,2024-05-12,142,3,139,4622.1,693.32,462.21,5777.63,40.69
B001061,P007,2024-05-19,155,3,152,5045.25,756.79,504.52,6306.56,40.69
B001062,P007,2024-05-26,140,3,137,4557.0,683.55,455.7,5696.25,40.69
B001063,P007,2024-06-02,174,3,171,5663.7,849.56,566.37,7079.63,40.69
B001064,P007,2024-06-09,157,3,154,5110.35,766.55,511.04,6387.94,40.69
B001065,P007,2024-06-16,118,2,116,3840.9,576.14,384.09,4801.13,40.69
B001066,P007,2024-06-23,77,2,75,2506.35,375.95,250.64,3132.94,40.69
B001067,P007,2024-06-30,169,3,166,5500.95,825.14,550.1,6876.19,40.69
B001068,P007,2024-07-07,124,2,122,4036.2,605.43,403.62,5045.25,40.69
B001069,P007,2024-07-14,150,3,147,4882.5,732.38,488.25,6103.13,40.69
B001070,P007,2024-07-21,132,3,129,4296.6,644.49,429.66,5370.75,40.69
B001071,P007,2024-07-28,134,3,131,4361.7,654.26,436.17,5452.13,40.69
B001072,P007,2024-08-04,132,3,129,4296.6,644.49,429.66,5370.75,40.69
B001073,P007,2024-08-11,138,3,135,4491.9,673.78,449.19,5614.87,40.69
B001074,P007,2024-08-18,130,3,127,4231.5,634.72,423.15,5289.37,40.69
B001075,P007,2024-08-25,155,3,152,5045.25,756.79,504.52,6306.56,40.69
B001076,P007,2024-09-01,134,3,131,4361.7,654.26,436.17,5452.13,40.69
B001077,P007,2024-09-08,158,3,155,5142.9,771.44,514.29,6428.63,40.69
B001078,P007,2024-09-15,170,3,167,5533.5,830.02,553.35,6916.87,40.69
B001079,P007,2024-09-22,175,4,171,5696.25,854.44,569.62,7120.31,40.69
B001080,P007,2024-09-29,117,2,115,3808.35,571.25,380.84,4760.44,40.69
B001081,P007,2024-10-06,285,6,279,9276.75,1391.51,927.68,11595.94,40.69
B001082,P007,2024-10-13,255,5,250,8300.25,1245.04,830.03,10375.32,40.69
B001083,P007,2024-10-20,366,7,359,11913.3,1787.0,1191.33,14891.63,40.69
B001084,P007,2024-10-27,326,7,319,10611.3,1591.7,1061.13,13264.13,40.69
B001085,P007,2024-11-03,393,8,385,12792.15,1918.82,1279.22,15990.19,40.69
B001086,P007,2024-11-10,366,7,359,11913.3,1787.0,1191.33,14891.63,40.69
B001087,P007,2024-11-17,337,7,330,10969.35,1645.4,1096.94,13711.69,40.69
B001088,P007,2024-11-24,276,6,270,8983.8,1347.57,898.38,11229.75,40.69
B001089,P007,2024-12-01,278,6,272,9048.9,1357.33,904.89,11311.12,40.69
B001090,P007,2024-12-08,298,6,292,9699.9,1454.98,969.99,12124.87,40.69
B001091,P007,2024-12-15,118,2,116,3840.9,576.14,384.09,4801.13,40.69
B001092,P007,2024-12-22,204,4,200,6640.2,996.03,664.02,8300.25,40.69
B001093,P007,2024-12-29,26,1,25,846.3,126.94,84.63,1057.87,40.69
B001094,P007,2025-01-05,259,5,254,8430.45,1264.57,843.04,10538.06,40.69
B001095,P008,2022-01-16,39,1,38,1316.25,197.44,131.62,1645.31,42.19
B001096,P008,2022-01-23,110,2,108,3712.5,556.88,371.25,4640.63,42.19
B001097,P008,2022-01-30,99,2,97,3341.25,501.19,334.12,4176.56,42.19
B001098,P008,2022-02-06,110,2,108,3712.5,556.88,371.25,4640.63,42.19
B001099,P008,2022-02-13,155,3,152,5231.25,784.69,523.12,6539.06,42.19
B001100,P008,2022-02-20,145,3,142,4893.75,734.06,489.38,6117.19,42.19
B001101,P008,2022-02-27,172,3,169,5805.0,870.75,580.5,7256.25,42.19
B001102,P008,2022-03-06,112,2,110,3780.0,567.0,378.0,4725.0,42.19
B001103,P008,2022-03-13,127,3,124,4286.25,642.94,428.62,5357.81,42.19
B001104,P008,2022-03-20,119,2,117,4016.25,602.44,401.62,5020.31,42.19
B001105,P008,2022-03-27,136,3,133,4590.0,688.5,459.0,5737.5,42.19
B001106,P008,2022-04-03,137,3,134,4623.75,693.56,462.38,5779.69,42.19
B001107,P008,2022-04-10,136,3,133,4590.0,688.5,459.0,5737.5,42.19
B001108,P008,2022-04-17,111,2,109,3746.25,561.94,374.62,4682.81,42.19
B001109,P008,2022-04-24,136,3,133,4590.0,688.5,459.0,5737.5,42.19
B001110,P008,2022-05-01,201,4,197,6783.75,1017.56,678.38,8479.69,42.19
B001111,P008,2022-05-08,159,3,156,5366.25,804.94,536.62,6707.81,42.19
B001112,P008,2022-05-15,152,3,149,5130.0,769.5,513.0,6412.5,42.19
B001113,P008,2022-05-22,108,2,106,3645.0,546.75,364.5,4556.25,42.19
B001114,P008,2022-05-29,82,2,80,2767.5,415.12,276.75,3459.37,42.19
B001115,P008,2022-06-05,111,2,109,3746.25,561.94,374.62,4682.81,42.19
B001116,P008,2022-06-12,131,3,128,4421.25,663.19,442.12,5526.56,42.19
B001117,P008,2022-06-19,157,3,154,5298.75,794.81,529.88,6623.44,42.19
B001118,P008,2022-06-26,171,3,168,5771.25,865.69,577.12,7214.06,42.19
B001119,P008,2022-07-03,176,4,172,5940.0,891.0,594.0,7425.0,42.19
B001120,P008,2022-07-10,126,3,123,4252.5,637.88,425.25,5315.63,42.19
B001121,P008,2022-07-17,155,3,152,5231.25,784.69,523.12,6539.06,42.19
B001122,P008,2022-07-24,115,2,113,3881.25,582.19,388.12,4851.56,42.19
B001123,P008,2022-07-31,125,2,123,4218.75,632.81,421.88,5273.44,42.19
B001124,P008,2022-08-07,125,2,123,4218.75,632.81,421.88,5273.44,42.19
B001125,P008,2022-08-14,103,2,101,3476.25,521.44,347.62,4345.31,42.19
B001126,P008,2022-08-21,146,3,143,4927.5,739.12,492.75,6159.37,42.19
B001127,P008,2022-08-28,191,4,187,6446.25,966.94,644.62,8057.81,42.19
B001128,P008,2022-09-04,140,3,137,4725.0,708.75,472.5,5906.25,42.19
B001129,P008,2022-09-11,247,5,242,8336.25,1250.44,833.62,10420.31,42.19
B001130,P008,2022-09-18,245,5,240,8268.75,1240.31,826.88,10335.94,42.19
B001131,P008,2022-09-25,281,6,275,9483.75,1422.56,948.38,11854.69,42.19
B001132,P008,2022-10-02,251,5,246,8471.25,1270.69,847.12,10589.06,42.19
B001133,P008,2022-10-09,267,5,262,9011.25,1351.69,901.12,11264.06,42.19
B001134,P008,2022-10-16,151,3,148,5096.25,764.44,509.62,6370.31,42.19
B001135,P008,2022-10-23,147,3,144,4961.25,744.19,496.12,6201.56,42.19
B001136,P008,2022-10-30,178,4,174,6007.5,901.12,600.75,7509.37,42.19
B001137,P008,2022-11-06,165,3,162,5568.75,835.31,556.88,6960.94,42.19
B001138,P008,2022-11-13,145,3,142,4893.75,734.06,489.38,6117.19,42.19
B001139,P008,2022-11-20,160,3,157,5400.0,810.0,540.0,6750.0,42.19
B001140,P008,2022-11-27,115,2,113,3881.25,582.19,388.12,4851.56,42.19
B001141,P008,2022-12-04,120,2,118,4050.0,607.5,405.0,5062.5,42.19
B001142,P008,2022-12-11,213,4,209,7188.75,1078.31,718.88,8985.94,42.19
B001143,P008,2022-12-18,136,3,133,4590.0,688.5,459.0,5737.5,42.19
B001144,P008,2022-12-25,117,2,115,3948.75,592.31,394.88,4935.94,42.19
B001145,P008,2023-01-01,148,3,145,4995.0,749.25,499.5,6243.75,42.19
B001146,P008,2023-01-08,156,3,153,5265.0,789.75,526.5,6581.25,42.19
B001147,P008,2023-01-15,113,2,111,3813.75,572.06,381.38,4767.19,42.19
B001148,P008,2023-01-22,188,4,184,6345.0,951.75,634.5,7931.25,42.19
B001149,P008,2023-01-29,145,3,142,4893.75,734.06,489.38,6117.19,42.19
B001150,P008,2023-02-05,106,2,104,3577.5,536.62,357.75,4471.87,42.19
B001151,P008,2023-02-12,178,4,174,6007.5,901.12,600.75,7509.37,42.19
B001152,P008,2023-02-19,179,4,175,6041.25,906.19,604.12,7551.56,42.19
B001153,P008,2023-02-26,132,3,129,4455.0,668.25,445.5,5568.75,42.19
B001154,P008,2023-03-05,159,3,156,5366.25,804.94,536.62,6707.81,42.19
B001155,P008,2023-03-12,157,3,154,5298.75,794.81,529.88,6623.44,42.19
B001156,P008,2023-03-19,114,2,112,3847.5,577.12,384.75,4809.37,42.19
B001157,P008,2023-03-26,133,3,130,4488.75,673.31,448.88,5610.94,42.19
B001158,P008,2023-04-02,211,4,207,7121.25,1068.19,712.12,8901.56,42.19
B001159,P008,2023-04-09,157,3,154,5298.75,794.81,529.88,6623.44,42.19
B001160,P008,2023-04-16,159,3,156,5366.25,804.94,536.62,6707.81,42.19
B001161,P008,2023-04-23,196,4,192,6615.0,992.25,661.5,8268.75,42.19
B001162,P008,2023-04-30,191,4,187,6446.25,966.94,644.62,8057.81,42.19
B001163,P008,2023-05-07,152,3,149,5130.0,769.5,513.0,6412.5,42.19
B001164,P008,2023-05-14,205,4,201,6918.75,1037.81,691.88,8648.44,42.19
B001165,P008,2023-05-21,193,4,189,6513.75,977.06,651.38,8142.19,42.19
B001166,P008,2023-05-28,103,2,101,3476.25,521.44,347.62,4345.31,42.19
B001167,P008,2023-06-04,156,3,153,5265.0,789.75,526.5,6581.25,42.19
B001168,P008,2023-06-11,146,3,143,4927.5,739.12,492.75,6159.37,42.19
B001169,P008,2023-06-18,119,2,117,4016.25,602.44,401.62,5020.31,42.19
B001170,P008,2023-06-25,127,3,124,4286.25,642.94,428.62,5357.81,42.19
B001171,P008,2023-07-02,160,3,157,5400.0,810.0,540.0,6750.0,42.19
B001172,P008,2023-07-09,134,3,131,4522.5,678.38,452.25,5653.13,42.19
B001173,P008,2023-07-16,113,2,111,3813.75,572.06,381.38,4767.19,42.19
B001174,P008,2023-07-23,67,1,66,2261.25,339.19,226.12,2826.56,42.19
B001175,P008,2023-07-30,162,3,159,5467.5,820.12,546.75,6834.37,42.19
B001176,P008,2023-08-06,165,3,162,5568.75,835.31,556.88,6960.94,42.19
B001177,P008,2023-08-13,144,3,141,4860.0,729.0,486.0,6075.0,42.19
B001178,P008,2023-08-20,90,2,88,3037.5,455.62,303.75,3796.87,42.19
B001179,P008,2023-08-27,157,3,154,5298.75,794.81,529.88,6623.44,42.19
B001180,P008,2023-09-03,177,4,173,5973.75,896.06,597.38,7467.19,42.19
B001181,P008,2023-09-10,116,2,114,3915.0,587.25,391.5,4893.75,42.19
B001182,P008,2023-09-17,219,4,215,7391.25,1108.69,739.12,9239.06,42.19
B001183,P008,2023-09-24,180,4,176,6075.0,911.25,607.5,7593.75,42.19
B001184,P008,2023-10-01,289,6,283,9753.75,1463.06,975.38,12192.19,42.19
B001185,P008,2023-10-08,257,5,252,8673.75,1301.06,867.38,10842.19,42.19
B001186,P008,2023-10-15,223,4,219,7526.25,1128.94,752.62,9407.81,42.19
B001187,P008,2023-10-22,251,5,246,8471.25,1270.69,847.12,10589.06,42.19
B001188,P008,2023-10-29,184,4,180,6210.0,931.5,621.0,7762.5,42.19
B001189,P008,2023-11-05,170,3,167,5737.5,860.62,573.75,7171.87,42.19
B001190,P008,2023-11-12,85,2,83,2868.75,430.31,286.88,3585.94,42.19
B001191,P008,2023-11-19,138,3,135,4657.5,698.62,465.75,5821.87,42.19
B001192,P008,2023-11-26,168,3,165,5670.0,850.5,567.0,7087.5,42.19
B001193,P008,2023-12-03,142,3,139,4792.5,718.88,479.25,5990.63,42.19
B001194,P008,2023-12-10,108,2,106,3645.0,546.75,364.5,4556.25,42.19
B001195,P008,2023-12-17,160,3,157,5400.0,810.0,540.0,6750.0,42.19
B001196,P008,2023-12-24,134,3,131,4522.5,678.38,452.25,5653.13,42.19
B001197,P008,2023-12-31,99,2,97,3341.25,501.19,334.12,4176.56,42.19
B001198,P008,2024-01-07,192,4,188,6480.0,972.0,648.0,8100.0,42.19
B001199,P008,2024-01-14,125,2,123,4218.75,632.81,421.88,5273.44,42.19
B001200,P008,2024-01-21,131,3,128,4421.25,663.19,442.12,5526.56,42.19
B001201,P008,2024-01-28,211,4,207,7121.25,1068.19,712.12,8901.56,42.19
B001202,P008,2024-02-04,132,3,129,4455.0,668.25,445.5,5568.75,42.19
B001203,P008,2024-02-11,126,3,123,4252.5,637.88,425.25,5315.63,42.19
B001204,P008,2024-02-18,183,4,179,6176.25,926.44,617.62,7720.31,42.19
B001205,P008,2024-02-25,231,5,226,7796.25,1169.44,779.62,9745.31,42.19
B001206,P008,2024-03-03,226,5,221,7627.5,1144.12,762.75,9534.37,42.19
B001207,P008,2024-03-10,176,4,172,5940.0,891.0,594.0,7425.0,42.19
B001208,P008,2024-03-17,171,3,168,5771.25,865.69,577.12,7214.06,42.19
B001209,P008,2024-03-24,141,3,138,4758.75,713.81,475.88,5948.44,42.19
B001210,P008,2024-03-31,140,3,137,4725.0,708.75,472.5,5906.25,42.19
B001211,P008,2024-04-07,216,4,212,7290.0,1093.5,729.0,9112.5,42.19
B001212,P008,2024-04-14,136,3,133,4590.0,688.5,459.0,5737.5,42.19
B001213,P008,2024-04-21,210,4,206,7087.5,1063.12,708.75,8859.37,42.19
B001214,P008,2024-04-28,215,4,211,7256.25,1088.44,725.62,9070.31,42.19
B001215,P008,2024-05-05,214,4,210,7222.5,1083.38,722.25,9028.13,42.19
B001216,P008,2024-05-12,177,4,173,5973.75,896.06,597.38,7467.19,42.19
B001217,P008,2024-05-19,191,4,187,6446.25,966.94,644.62,8057.81,42.19
B001218,P008,2024-05-26,209,4,205,7053.75,1058.06,705.38,8817.19,42.19
B001219,P008,2024-06-02,134,3,131,4522.5,678.38,452.25,5653.13,42.19
B001220,P008,2024-06-09,137,3,134,4623.75,693.56,462.38,5779.69,42.19
B001221,P008,2024-06-16,211,4,207,7121.25,1068.19,712.12,8901.56,42.19
B001222,P008,2024-06-23,174,3,171,5872.5,880.88,587.25,7340.63,42.19
B001223,P008,2024-06-30,203,4,199,6851.25,1027.69,685.12,8564.06,42.19
B001224,P008,2024-07-07,173,3,170,5838.75,875.81,583.88,7298.44,42.19
B001225,P008,2024-07-14,173,3,170,5838.75,875.81,583.88,7298.44,42.19
B001226,P008,2024-07-21,132,3,129,4455.0,668.25,445.5,5568.75,42.19
B001227,P008,2024-07-28,162,3,159,5467.5,820.12,546.75,6834.37,42.19
B001228,P008,2024-08-04,155,3,152,5231.25,784.69,523.12,6539.06,42.19
B001229,P008,2024-08-11,188,4,184,6345.0,951.75,634.5,7931.25,42.19
B001230,P008,2024-08-18,175,4,171,5906.25,885.94,590.62,7382.81,42.19
B001231,P008,2024-08-25,156,3,153,5265.0,789.75,526.5,6581.25,42.19
B001232,P008,2024-09-01,197,4,193,6648.75,997.31,664.88,8310.94,42.19
B001233,P008,2024-09-08,150,3,147,5062.5,759.38,506.25,6328.13,42.19
B001234,P008,2024-09-15,283,6,277,9551.25,1432.69,955.12,11939.06,42.19
B001235,P008,2024-09-22,387,8,379,13061.25,1959.19,1306.12,16326.56,42.19
B001236,P008,2024-09-29,269,5,264,9078.75,1361.81,907.88,11348.44,42.19
B001237,P008,2024-10-06,286,6,280,9652.5,1447.88,965.25,12065.63,42.19
B001238,P008,2024-10-13,203,4,199,6851.25,1027.69,685.12,8564.06,42.19
B001239,P008,2024-10-20,217,4,213,7323.75,1098.56,732.38,9154.69,42.19
B001240,P008,2024-10-27,210,4,206,7087.5,1063.12,708.75,8859.37,42.19
B001241,P008,2024-11-03,107,2,105,3611.25,541.69,361.12,4514.06,42.19
B001242,P008,2024-11-10,74,1,73,2497.5,374.62,249.75,3121.87,42.19
B001243,P008,2024-11-17,167,3,164,5636.25,845.44,563.62,7045.31,42.19
B001244,P008,2024-11-24,231,5,226,7796.25,1169.44,779.62,9745.31,42.19
B001245,P008,2024-12-01,182,4,178,6142.5,921.38,614.25,7678.13,42.19
B001246,P008,2024-12-08,197,4,193,6648.75,997.31,664.88,8310.94,42.19
B001247,P008,2024-12-15,60,1,59,2025.0,303.75,202.5,2531.25,42.19
B001248,P008,2024-12-22,126,3,123,4252.5,637.88,425.25,5315.63,42.19
B001249,P008,2024-12-29,58,1,57,1957.5,293.62,195.75,2446.87,42.19
B001250,P008,2025-01-05,294,6,288,9922.5,1488.38,992.25,12403.13,42.19
B001251,P009,2022-01-02,299,6,293,37733.8,5660.07,3773.38,47167.25,157.75
B001252,P009,2022-01-09,236,5,231,29783.2,4467.48,2978.32,37229.0,157.75
B001253,P009,2022-01-16,285,6,279,35967.0,5395.05,3596.7,44958.75,157.75
B001254,P009,2022-01-23,234,5,229,29530.8,4429.62,2953.08,36913.5,157.75
B001255,P009,2022-01-30,238,5,233,30035.6,4505.34,3003.56,37544.5,157.75
B001256,P009,2022-02-06,127,3,124,16027.4,2404.11,1602.74,20034.25,157.75
B001257,P009,2022-02-13,88,2,86,11105.6,1665.84,1110.56,13882.0,157.75
B001258,P009,2022-02-20,65,1,64,8203.0,1230.45,820.3,10253.75,157.75
B001259,P009,2022-02-27,75,2,73,9465.0,1419.75,946.5,11831.25,157.75
B001260,P009,2022-03-06,87,2,85,10979.4,1646.91,1097.94,13724.25,157.75
B001261,P009,2022-03-13,65,1,64,8203.0,1230.45,820.3,10253.75,157.75
B001262,P009,2022-03-20,19,0,19,2397.8,359.67,239.78,2997.25,157.75
B001263,P009,2022-03-27,81,2,79,10222.2,1533.33,1022.22,12777.75,157.75
B001264,P009,2022-04-03,74,1,73,9338.8,1400.82,933.88,11673.5,157.75
B001265,P009,2022-04-10,70,1,69,8834.0,1325.1,883.4,11042.5,157.75
B001266,P009,2022-04-17,82,2,80,10348.4,1552.26,1034.84,12935.5,157.75
B001267,P009,2022-04-24,69,1,68,8707.8,1306.17,870.78,10884.75,157.75
B001268,P009,2022-05-01,69,1,68,8707.8,1306.17,870.78,10884.75,157.75
B001269,P009,2022-05-08,46,1,45,5805.2,870.78,580.52,7256.5,157.75
B001270,P009,2022-05-15,94,2,92,11862.8,1779.42,1186.28,14828.5,157.75
B001271,P009,2022-05-22,56,1,55,7067.2,1060.08,706.72,8834.0,157.75
B001272,P009,2022-05-29,71,1,70,8960.2,1344.03,896.02,11200.25,157.75
B001273,P009,2022-06-05,60,1,59,7572.0,1135.8,757.2,9465.0,157.75
B001274,P009,2022-06-12,56,1,55,7067.2,1060.08,706.72,8834.0,157.75
B001275,P009,2022-06-19,71,1,70,8960.2,1344.03,896.02,11200.25,157.75
B001276,P009,2022-06-26,71,1,70,8960.2,1344.03,896.02,11200.25,157.75
B001277,P009,2022-07-03,73,1,72,9212.6,1381.89,921.26,11515.75,157.75
B001278,P009,2022-07-10,62,1,61,7824.4,1173.66,782.44,9780.5,157.75
B001279,P009,2022-07-17,78,2,76,9843.6,1476.54,984.36,12304.5,157.75
B001280,P009,2022-07-24,86,2,84,10853.2,1627.98,1085.32,13566.5,157.75
B001281,P009,2022-07-31,63,1,62,7950.6,1192.59,795.06,9938.25,157.75
B001282,P009,2022-08-07,78,2,76,9843.6,1476.54,984.36,12304.5,157.75
B001283,P009,2022-08-14,90,2,88,11358.0,1703.7,1135.8,14197.5,157.75
B001284,P009,2022-08-21,69,1,68,8707.8,1306.17,870.78,10884.75,157.75
B001285,P009,2022-08-28,74,1,73,9338.8,1400.82,933.88,11673.5,157.75
B001286,P009,2022-09-04,99,2,97,12493.8,1874.07,1249.38,15617.25,157.75
B001287,P009,2022-09-11,146,3,143,18425.2,2763.78,1842.52,23031.5,157.75
B001288,P009,2022-09-18,148,3,145,18677.6,2801.64,1867.76,23347.0,157.75
B001289,P009,2022-09-25,100,2,98,12620.0,1893.0,1262.0,15775.0,157.75
B001290,P009,2022-10-02,162,3,159,20444.4,3066.66,2044.44,25555.5,157.75
B001291,P009,2022-10-09,115,2,113,14513.0,2176.95,1451.3,18141.25,157.75
B001292,P009,2022-10-16,196,4,192,24735.2,3710.28,2473.52,30919.0,157.75
B001293,P009,2022-10-23,285,6,279,35967.0,5395.05,3596.7,44958.75,157.75
B001294,P009,2022-10-30,248,5,243,31297.6,4694.64,3129.76,39122.0,157.75
B001295,P009,2022-11-06,236,5,231,29783.2,4467.48,2978.32,37229.0,157.75
B001296,P009,2022-11-13,197,4,193,24861.4,3729.21,2486.14,31076.75,157.75
B001297,P009,2022-11-20,202,4,198,25492.4,3823.86,2549.24,31865.5,157.75
B001298,P009,2022-11-27,273,5,268,34452.6,5167.89,3445.26,43065.75,157.75
B001299,P009,2022-12-04,230,5,225,29026.0,4353.9,2902.6,36282.5,157.75
B001300,P009,2022-12-11,260,5,255,32812.0,4921.8,3281.2,41015.0,157.75
B001301,P009,2022-12-18,189,4,185,23851.8,3577.77,2385.18,29814.75,157.75
B001302,P009,2022-12-25,219,4,215,27637.8,4145.67,2763.78,34547.25,157.75
B001303,P009,2023-01-01,274,5,269,34578.8,5186.82,3457.88,43223.5,157.75
B001304,P009,2023-01-08,196,4,192,24735.2,3710.28,2473.52,30919.0,157.75
B001305,P009,2023-01-15,226,5,221,28521.2,4278.18,2852.12,35651.5,157.75
B001306,P009,2023-01-22,214,4,210,27006.8,4051.02,2700.68,33758.5,157.75
B001307,P009,2023-01-29,191,4,187,24104.2,3615.63,2410.42,30130.25,157.75
B001308,P009,2023-02-05,224,4,220,28268.8,4240.32,2826.88,35336.0,157.75
B001309,P009,2023-02-12,108,2,106,13629.6,2044.44,1362.96,17037.0,157.75
B001310,P009,2023-02-19,99,2,97,12493.8,1874.07,1249.38,15617.25,157.75
B001311,P009,2023-02-26,45,1,44,5679.0,851.85,567.9,7098.75,157.75
B001312,P009,2023-03-05,83,2,81,10474.6,1571.19,1047.46,13093.25,157.75
B001313,P009,2023-03-12,99,2,97,12493.8,1874.07,1249.38,15617.25,157.75
B001314,P009,2023-03-19,83,2,81,10474.6,1571.19,1047.46,13093.25,157.75
B001315,P009,2023-03-26,96,2,94,12115.2,1817.28,1211.52,15144.0,157.75
B001316,P009,2023-04-02,94,2,92,11862.8,1779.42,1186.28,14828.5,157.75
B001317,P009,2023-04-09,106,2,104,13377.2,2006.58,1337.72,16721.5,157.75
B001318,P009,2023-04-16,85,2,83,10727.0,1609.05,1072.7,13408.75,157.75
B001319,P009,2023-04-23,107,2,105,13503.4,2025.51,1350.34,16879.25,157.75
B001320,P009,2023-04-30,112,2,110,14134.4,2120.16,1413.44,17668.0,157.75
B001321,P009,2023-05-07,100,2,98,12620.0,1893.0,1262.0,15775.0,157.75
B001322,P009,2023-05-14,121,2,119,15270.2,2290.53,1527.02,19087.75,157.75
B001323,P009,2023-05-21,94,2,92,11862.8,1779.42,1186.28,14828.5,157.75
B001324,P009,2023-05-28,86,2,84,10853.2,1627.98,1085.32,13566.5,157.75
B001325,P009,2023-06-04,62,1,61,7824.4,1173.66,782.44,9780.5,157.75
B001326,P009,2023-06-11,91,2,89,11484.2,1722.63,1148.42,14355.25,157.75
B001327,P009,2023-06-18,74,1,73,9338.8,1400.82,933.88,11673.5,157.75
B001328,P009,2023-06-25,92,2,90,11610.4,1741.56,1161.04,14513.0,157.75
B001329,P009,2023-07-02,86,2,84,10853.2,1627.98,1085.32,13566.5,157.75
B001330,P009,2023-07-09,123,2,121,15522.6,2328.39,1552.26,19403.25,157.75
B001331,P009,2023-07-16,105,2,103,13251.0,1987.65,1325.1,16563.75,157.75
B001332,P009,2023-07-23,131,3,128,16532.2,2479.83,1653.22,20665.25,157.75
B001333,P009,2023-07-30,60,1,59,7572.0,1135.8,757.2,9465.0,157.75
B001334,P009,2023-08-06,44,1,43,5552.8,832.92,555.28,6941.0,157.75
B001335,P009,2023-08-13,123,2,121,15522.6,2328.39,1552.26,19403.25,157.75
B001336,P009,2023-08-20,59,1,58,7445.8,1116.87,744.58,9307.25,157.75
B001337,P009,2023-08-27,46,1,45,5805.2,870.78,580.52,7256.5,157.75
B001338,P009,2023-09-03,125,2,123,15775.0,2366.25,1577.5,19718.75,157.75
B001339,P009,2023-09-10,90,2,88,11358.0,1703.7,1135.8,14197.5,157.75
B001340,P009,2023-09-17,170,3,167,21454.0,3218.1,2145.4,26817.5,157.75
B001341,P009,2023-09-24,167,3,164,21075.4,3161.31,2107.54,26344.25,157.75
B001342,P009,2023-10-01,160,3,157,20192.0,3028.8,2019.2,25240.0,157.75
B001343,P009,2023-10-08,115,2,113,14513.0,2176.95,1451.3,18141.25,157.75
B001344,P009,2023-10-15,361,7,354,45558.2,6833.73,4555.82,56947.75,157.75
B001345,P009,2023-10-22,323,6,317,40762.6,6114.39,4076.26,50953.25,157.75
B001346,P009,2023-10-29,387,8,379,48839.4,7325.91,4883.94,61049.25,157.75
B001347,P009,2023-11-05,364,7,357,45936.8,6890.52,4593.68,57421.0,157.75
B001348,P009,2023-11-12,247,5,242,31171.4,4675.71,3117.14,38964.25,157.75
B001349,P009,2023-11-19,250,5,245,31550.0,4732.5,3155.0,39437.5,157.75
B001350,P009,2023-11-26,173,3,170,21832.6,3274.89,2183.26,27290.75,157.75
B001351,P009,2023-12-03,161,3,158,20318.2,3047.73,2031.82,25397.75,157.75
B001352,P009,2023-12-10,209,4,205,26375.8,3956.37,2637.58,32969.75,157.75
B001353,P009,2023-12-17,276,6,270,34831.2,5224.68,3483.12,43539.0,157.75
B001354,P009,2023-12-24,330,7,323,41646.0,6246.9,4164.6,52057.5,157.75
B001355,P009,2023-12-31,231,5,226,29152.2,4372.83,2915.22,36440.25,157.75
B001356,P009,2024-01-07,238,5,233,30035.6,4505.34,3003.56,37544.5,157.75
B001357,P009,2024-01-14,299,6,293,37733.8,5660.07,3773.38,47167.25,157.75
B001358,P009,2024-01-21,258,5,253,32559.6,4883.94,3255.96,40699.5,157.75
B001359,P009,2024-01-28,302,6,296,38112.4,5716.86,3811.24,47640.5,157.75
B001360,P009,2024-02-04,256,5,251,32307.2,4846.08,3230.72,40384.0,157.75
B001361,P009,2024-02-11,161,3,158,20318.2,3047.73,2031.82,25397.75,157.75
B001362,P009,2024-02-18,81,2,79,10222.2,1533.33,1022.22,12777.75,157.75
B001363,P009,2024-02-25,91,2,89,11484.2,1722.63,1148.42,14355.25,157.75
B001364,P009,2024-03-03,93,2,91,11736.6,1760.49,1173.66,14670.75,157.75
B001365,P009,2024-03-10,103,2,101,12998.6,1949.79,1299.86,16248.25,157.75
B001366,P009,2024-03-17,116,2,114,14639.2,2195.88,1463.92,18299.0,157.75
B001367,P009,2024-03-24,108,2,106,13629.6,2044.44,1362.96,17037.0,157.75
B001368,P009,2024-03-31,96,2,94,12115.2,1817.28,1211.52,15144.0,157.75
B001369,P009,2024-04-07,148,3,145,18677.6,2801.64,1867.76,23347.0,157.75
B001370,P009,2024-04-14,90,2,88,11358.0,1703.7,1135.8,14197.5,157.75
B001371,P009,2024-04-21,114,2,112,14386.8,2158.02,1438.68,17983.5,157.75
B001372,P009,2024-04-28,111,2,109,14008.2,2101.23,1400.82,17510.25,157.75
B001373,P009,2024-05-05,125,2,123,15775.0,2366.25,1577.5,19718.75,157.75
B001374,P009,2024-05-12,94,2,92,11862.8,1779.42,1186.28,14828.5,157.75
B001375,P009,2024-05-19,106,2,104,13377.2,2006.58,1337.72,16721.5,157.75
B001376,P009,2024-05-26,135,3,132,17037.0,2555.55,1703.7,21296.25,157.75
B001377,P009,2024-06-02,111,2,109,14008.2,2101.23,1400.82,17510.25,157.75
B001378,P009,2024-06-09,143,3,140,18046.6,2706.99,1804.66,22558.25,157.75
B001379,P009,2024-06-16,102,2,100,12872.4,1930.86,1287.24,16090.5,157.75
B001380,P009,2024-06-23,62,1,61,7824.4,1173.66,782.44,9780.5,157.75
B001381,P009,2024-06-30,109,2,107,13755.8,2063.37,1375.58,17194.75,157.75
B001382,P009,2024-07-07,111,2,109,14008.2,2101.23,1400.82,17510.25,157.75
B001383,P009,2024-07-14,182,4,178,22968.4,3445.26,2296.84,28710.5,157.75
B001384,P009,2024-07-21,84,2,82,10600.8,1590.12,1060.08,13251.0,157.75
B001385,P009,2024-07-28,160,3,157,20192.0,3028.8,2019.2,25240.0,157.75
B001386,P009,2024-08-04,133,3,130,16784.6,2517.69,1678.46,20980.75,157.75
B001387,P009,2024-08-11,134,3,131,16910.8,2536.62,1691.08,21138.5,157.75
B001388,P009,2024-08-18,104,2,102,13124.8,1968.72,1312.48,16406.0,157.75
B001389,P009,2024-08-25,127,3,124,16027.4,2404.11,1602.74,20034.25,157.75
B001390,P009,2024-09-01,128,3,125,16153.6,2423.04,1615.36,20192.0,157.75
B001391,P009,2024-09-08,109,2,107,13755.8,2063.37,1375.58,17194.75,157.75
B001392,P009,2024-09-15,176,4,172,22211.2,3331.68,2221.12,27764.0,157.75
B001393,P009,2024-09-22,152,3,149,19182.4,2877.36,1918.24,23978.0,157.75
B001394,P009,2024-09-29,191,4,187,24104.2,3615.63,2410.42,30130.25,157.75
B001395,P009,2024-10-06,238,5,233,30035.6,4505.34,3003.56,37544.5,157.75
B001396,P009,2024-10-13,271,5,266,34200.2,5130.03,3420.02,42750.25,157.75
B001397,P009,2024-10-20,396,8,388,49975.2,7496.28,4997.52,62469.0,157.75
B001398,P009,2024-10-27,400,8,392,50480.0,7572.0,5048.0,63100.0,157.75
B001399,P009,2024-11-03,310,6,304,39122.0,5868.3,3912.2,48902.5,157.75
B001400,P009,2024-11-10,284,6,278,35840.8,5376.12,3584.08,44801.0,157.75
B001401,P009,2024-11-17,360,7,353,45432.0,6814.8,4543.2,56790.0,157.75
B001402,P009,2024-11-24,265,5,260,33443.0,5016.45,3344.3,41803.75,157.75
B001403,P009,2024-12-01,277,6,271,34957.4,5243.61,3495.74,43696.75,157.75
B001404,P009,2024-12-08,237,5,232,29909.4,4486.41,2990.94,37386.75,157.75
B001405,P009,2024-12-15,77,2,75,9717.4,1457.61,971.74,12146.75,157.75
B001406,P009,2024-12-22,154,3,151,19434.8,2915.22,1943.48,24293.5,157.75
B001407,P009,2024-12-29,1,0,1,126.2,18.93,12.62,157.75,157.75
B001408,P009,2025-01-05,294,6,288,37102.8,5565.42,3710.28,46378.5,157.75
B001409,P010,2022-01-09,43,1,42,5237.4,785.61,523.74,6546.75,152.25
B001410,P010,2022-01-16,72,1,71,8769.6,1315.44,876.96,10962.0,152.25
B001411,P010,2022-01-23,91,2,89,11083.8,1662.57,1108.38,13854.75,152.25
B001412,P010,2022-01-30,69,1,68,8404.2,1260.63,840.42,10505.25,152.25
B001413,P010,2022-02-06,70,1,69,8526.0,1278.9,852.6,10657.5,152.25
B001414,P010,2022-02-13,138,3,135,16808.4,2521.26,1680.84,21010.5,152.25
B001415,P010,2022-02-20,142,3,139,17295.6,2594.34,1729.56,21619.5,152.25
B001416,P010,2022-02-27,84,2,82,10231.2,1534.68,1023.12,12789.0,152.25
B001417,P010,2022-03-06,138,3,135,16808.4,2521.26,1680.84,21010.5,152.25
B001418,P010,2022-03-13,132,3,129,16077.6,2411.64,1607.76,20097.0,152.25
B001419,P010,2022-03-20,113,2,111,13763.4,2064.51,1376.34,17204.25,152.25
B001420,P010,2022-03-27,146,3,143,17782.8,2667.42,1778.28,22228.5,152.25
B001421,P010,2022-04-03,153,3,150,18635.4,2795.31,1863.54,23294.25,152.25
B001422,P010,2022-04-10,155,3,152,18879.0,2831.85,1887.9,23598.75,152.25
B001423,P010,2022-04-17,123,2,121,14981.4,2247.21,1498.14,18726.75,152.25
B001424,P010,2022-04-24,115,2,113,14007.0,2101.05,1400.7,17508.75,152.25
B001425,P010,2022-05-01,84,2,82,10231.2,1534.68,1023.12,12789.0,152.25
B001426,P010,2022-05-08,101,2,99,12301.8,1845.27,1230.18,15377.25,152.25
B001427,P010,2022-05-15,182,4,178,22167.6,3325.14,2216.76,27709.5,152.25
B001428,P010,2022-05-22,105,2,103,12789.0,1918.35,1278.9,15986.25,152.25
B001429,P010,2022-05-29,147,3,144,17904.6,2685.69,1790.46,22380.75,152.25
B001430,P010,2022-06-05,142,3,139,17295.6,2594.34,1729.56,21619.5,152.25
B001431,P010,2022-06-12,113,2,111,13763.4,2064.51,1376.34,17204.25,152.25
B001432,P010,2022-06-19,130,3,127,15834.0,2375.1,1583.4,19792.5,152.25
B001433,P010,2022-06-26,121,2,119,14737.8,2210.67,1473.78,18422.25,152.25
B001434,P010,2022-07-03,91,2,89,11083.8,1662.57,1108.38,13854.75,152.25
B001435,P010,2022-07-10,142,3,139,17295.6,2594.34,1729.56,21619.5,152.25
B001436,P010,2022-07-17,78,2,76,9500.4,1425.06,950.04,11875.5,152.25
B001437,P010,2022-07-24,108,2,106,13154.4,1973.16,1315.44,16443.0,152.25
B001438,P010,2022-07-31,98,2,96,11936.4,1790.46,1193.64,14920.5,152.25
B001439,P010,2022-08-07,126,3,123,15346.8,2302.02,1534.68,19183.5,152.25
B001440,P010,2022-08-14,133,3,130,16199.4,2429.91,1619.94,20249.25,152.25
B001441,P010,2022-08-21,92,2,90,11205.6,1680.84,1120.56,14007.0,152.25
B001442,P010,2022-08-28,94,2,92,11449.2,1717.38,1144.92,14311.5,152.25
B001443,P010,2022-09-04,93,2,91,11327.4,1699.11,1132.74,14159.25,152.25
B001444,P010,2022-09-11,202,4,198,24603.6,3690.54,2460.36,30754.5,152.25
B001445,P010,2022-09-18,219,4,215,26674.2,4001.13,2667.42,33342.75,152.25
B001446,P010,2022-09-25,246,5,241,29962.8,4494.42,2996.28,37453.5,152.25
B001447,P010,2022-10-02,252,5,247,30693.6,4604.04,3069.36,38367.0,152.25
B001448,P010,2022-10-09,265,5,260,32277.0,4841.55,3227.7,40346.25,152.25
B001449,P010,2022-10-16,126,3,123,15346.8,2302.02,1534.68,19183.5,152.25
B001450,P010,2022-10-23,154,3,151,18757.2,2813.58,1875.72,23446.5,152.25
B001451,P010,2022-10-30,134,3,131,16321.2,2448.18,1632.12,20401.5,152.25
B001452,P010,2022-11-06,129,3,126,15712.2,2356.83,1571.22,19640.25,152.25
B001453,P010,2022-11-13,143,3,140,17417.4,2612.61,1741.74,21771.75,152.25
B001454,P010,2022-11-20,148,3,145,18026.4,2703.96,1802.64,22533.0,152.25
B001455,P010,2022-11-27,169,3,166,20584.2,3087.63,2058.42,25730.25,152.25
B001456,P010,2022-12-04,110,2,108,13398.0,2009.7,1339.8,16747.5,152.25
B001457,P010,2022-12-11,97,2,95,11814.6,1772.19,1181.46,14768.25,152.25
B001458,P010,2022-12-18,140,3,137,17052.0,2557.8,1705.2,21315.0,152.25
B001459,P010,2022-12-25,104,2,102,12667.2,1900.08,1266.72,15834.0,152.25
B001460,P010,2023-01-01,194,4,190,23629.2,3544.38,2362.92,29536.5,152.25
B001461,P010,2023-01-08,136,3,133,16564.8,2484.72,1656.48,20706.0,152.25
B001462,P010,2023-01-15,81,2,79,9865.8,1479.87,986.58,12332.25,152.25
B001463,P010,2023-01-22,113,2,111,13763.4,2064.51,1376.34,17204.25,152.25
B001464,P010,2023-01-29,106,2,104,12910.8,1936.62,1291.08,16138.5,152.25
B001465,P010,2023-02-05,156,3,153,19000.8,2850.12,1900.08,23751.0,152.25
B001466,P010,2023-02-12,140,3,137,17052.0,2557.8,1705.2,21315.0,152.25
B001467,P010,2023-02-19,193,4,189,23507.4,3526.11,2350.74,29384.25,152.25
B001468,P010,2023-02-26,133,3,130,16199.4,2429.91,1619.94,20249.25,152.25
B001469,P010,2023-03-05,111,2,109,13519.8,2027.97,1351.98,16899.75,152.25
B001470,P010,2023-03-12,153,3,150,18635.4,2795.31,1863.54,23294.25,152.25
B001471,P010,2023-03-19,154,3,151,18757.2,2813.58,1875.72,23446.5,152.25
B001472,P010,2023-03-26,151,3,148,18391.8,2758.77,1839.18,22989.75,152.25
B001473,P010,2023-04-02,189,4,185,23020.2,3453.03,2302.02,28775.25,152.25
B001474,P010,2023-04-09,167,3,164,20340.6,3051.09,2034.06,25425.75,152.25
B001475,P010,2023-04-16,106,2,104,12910.8,1936.62,1291.08,16138.5,152.25
B001476,P010,2023-04-23,128,3,125,15590.4,2338.56,1559.04,19488.0,152.25
B001477,P010,2023-04-30,130,3,127,15834.0,2375.1,1583.4,19792.5,152.25
B001478,P010,2023-05-07,109,2,107,13276.2,1991.43,1327.62,16595.25,152.25
B001479,P010,2023-05-14,127,3,124,15468.6,2320.29,1546.86,19335.75,152.25
B001480,P010,2023-05-21,114,2,112,13885.2,2082.78,1388.52,17356.5,152.25
B001481,P010,2023-05-28,102,2,100,12423.6,1863.54,1242.36,15529.5,152.25
B001482,P010,2023-06-04,130,3,127,15834.0,2375.1,1583.4,19792.5,152.25
B001483,P010,2023-06-11,160,3,157,19488.0,2923.2,1948.8,24360.0,152.25
B001484,P010,2023-06-18,169,3,166,20584.2,3087.63,2058.42,25730.25,152.25
B001485,P010,2023-06-25,123,2,121,14981.4,2247.21,1498.14,18726.75,152.25
B001486,P010,2023-07-02,183,4,179,22289.4,3343.41,2228.94,27861.75,152.25
B001487,P010,2023-07-09,92,2,90,11205.6,1680.84,1120.56,14007.0,152.25
B001488,P010,2023-07-16,103,2,101,12545.4,1881.81,1254.54,15681.75,152.25
B001489,P010,2023-07-23,117,2,115,14250.6,2137.59,1425.06,17813.25,152.25
B001490,P010,2023-07-30,134,3,131,16321.2,2448.18,1632.12,20401.5,152.25
B001491,P010,2023-08-06,153,3,150,18635.4,2795.31,1863.54,23294.25,152.25
B001492,P010,2023-08-13,82,2,80,9987.6,1498.14,998.76,12484.5,152.25
B001493,P010,2023-08-20,112,2,110,13641.6,2046.24,1364.16,17052.0,152.25
B001494,P010,2023-08-27,94,2,92,11449.2,1717.38,1144.92,14311.5,152.25
B001495,P010,2023-09-03,151,3,148,18391.8,2758.77,1839.18,22989.75,152.25
B001496,P010,2023-09-10,134,3,131,16321.2,2448.18,1632.12,20401.5,152.25
B001497,P010,2023-09-17,261,5,256,31789.8,4768.47,3178.98,39737.25,152.25
B001498,P010,2023-09-24,149,3,146,18148.2,2722.23,1814.82,22685.25,152.25
B001499,P010,2023-10-01,402,8,394,48963.6,7344.54,4896.36,61204.5,152.25
B001500,P010,2023-10-08,215,4,211,26187.0,3928.05,2618.7,32733.75,152.25
B001501,P010,2023-10-15,162,3,159,19731.6,2959.74,1973.16,24664.5,152.25
B001502,P010,2023-10-22,196,4,192,23872.8,3580.92,2387.28,29841.0,152.25
B001503,P010,2023-10-29,116,2,114,14128.8,2119.32,1412.88,17661.0,152.25
B001504,P010,2023-11-05,139,3,136,16930.2,2539.53,1693.02,21162.75,152.25
B001505,P010,2023-11-12,153,3,150,18635.4,2795.31,1863.54,23294.25,152.25
B001506,P010,2023-11-19,152,3,149,18513.6,2777.04,1851.36,23142.0,152.25
B001507,P010,2023-11-26,114,2,112,13885.2,2082.78,1388.52,17356.5,152.25
B001508,P010,2023-12-03,160,3,157,19488.0,2923.2,1948.8,24360.0,152.25
B001509,P010,2023-12-10,123,2,121,14981.4,2247.21,1498.14,18726.75,152.25
B001510,P010,2023-12-17,113,2,111,13763.4,2064.51,1376.34,17204.25,152.25
B001511,P010,2023-12-24,157,3,154,19122.6,2868.39,1912.26,23903.25,152.25
B001512,P010,2023-12-31,96,2,94,11692.8,1753.92,1169.28,14616.0,152.25
B001513,P010,2024-01-07,151,3,148,18391.8,2758.77,1839.18,22989.75,152.25
B001514,P010,2024-01-14,90,2,88,10962.0,1644.3,1096.2,13702.5,152.25
B001515,P010,2024-01-21,91,2,89,11083.8,1662.57,1108.38,13854.75,152.25
B001516,P010,2024-01-28,128,3,125,15590.4,2338.56,1559.04,19488.0,152.25
B001517,P010,2024-02-04,126,3,123,15346.8,2302.02,1534.68,19183.5,152.25
B001518,P010,2024-02-11,158,3,155,19244.4,2886.66,1924.44,24055.5,152.25
B001519,P010,2024-02-18,212,4,208,25821.6,3873.24,2582.16,32277.0,152.25
B001520,P010,2024-02-25,219,4,215,26674.2,4001.13,2667.42,33342.75,152.25
B001521,P010,2024-03-03,230,5,225,28014.0,4202.1,2801.4,35017.5,152.25
B001522,P010,2024-03-10,164,3,161,19975.2,2996.28,1997.52,24969.0,152.25
B001523,P010,2024-03-17,170,3,167,20706.0,3105.9,2070.6,25882.5,152.25
B001524,P010,2024-03-24,147,3,144,17904.6,2685.69,1790.46,22380.75,152.25
B001525,P010,2024-03-31,147,3,144,17904.6,2685.69,1790.46,22380.75,152.25
B001526,P010,2024-04-07,194,4,190,23629.2,3544.38,2362.92,29536.5,152.25
B001527,P010,2024-04-14,98,2,96,11936.4,1790.46,1193.64,14920.5,152.25
B001528,P010,2024-04-21,190,4,186,23142.0,3471.3,2314.2,28927.5,152.25
B001529,P010,2024-04-28,215,4,211,26187.0,3928.05,2618.7,32733.75,152.25
B001530,P010,2024-05-05,196,4,192,23872.8,3580.92,2387.28,29841.0,152.25
B001531,P010,2024-05-12,219,4,215,26674.2,4001.13,2667.42,33342.75,152.25
B001532,P010,2024-05-19,123,2,121,14981.4,2247.21,1498.14,18726.75,152.25
B001533,P010,2024-05-26,193,4,189,23507.4,3526.11,2350.74,29384.25,152.25
B001534,P010,2024-06-02,201,4,197,24481.8,3672.27,2448.18,30602.25,152.25
B001535,P010,2024-06-09,140,3,137,17052.0,2557.8,1705.2,21315.0,152.25
B001536,P010,2024-06-16,165,3,162,20097.0,3014.55,2009.7,25121.25,152.25
B001537,P010,2024-06-23,230,5,225,28014.0,4202.1,2801.4,35017.5,152.25
B001538,P010,2024-06-30,169,3,166,20584.2,3087.63,2058.42,25730.25,152.25
B001539,P010,2024-07-07,74,1,73,9013.2,1351.98,901.32,11266.5,152.25
B001540,P010,2024-07-14,143,3,140,17417.4,2612.61,1741.74,21771.75,152.25
B001541,P010,2024-07-21,110,2,108,13398.0,2009.7,1339.8,16747.5,152.25
B001542,P010,2024-07-28,194,4,190,23629.2,3544.38,2362.92,29536.5,152.25
B001543,P010,2024-08-04,146,3,143,17782.8,2667.42,1778.28,22228.5,152.25
B001544,P010,2024-08-11,146,3,143,17782.8,2667.42,1778.28,22228.5,152.25
B001545,P010,2024-08-18,188,4,184,22898.4,3434.76,2289.84,28623.0,152.25
B001546,P010,2024-08-25,182,4,178,22167.6,3325.14,2216.76,27709.5,152.25
B001547,P010,2024-09-01,147,3,144,17904.6,2685.69,1790.46,22380.75,152.25
B001548,P010,2024-09-08,199,4,195,24238.2,3635.73,2423.82,30297.75,152.25
B001549,P010,2024-09-15,216,4,212,26308.8,3946.32,2630.88,32886.0,152.25
B001550,P010,2024-09-22,274,5,269,33373.2,5005.98,3337.32,41716.5,152.25
B001551,P010,2024-09-29,214,4,210,26065.2,3909.78,2606.52,32581.5,152.25
B001552,P010,2024-10-06,249,5,244,30328.2,4549.23,3032.82,37910.25,152.25
B001553,P010,2024-10-13,324,6,318,39463.2,5919.48,3946.32,49329.0,152.25
B001554,P010,2024-10-20,213,4,209,25943.4,3891.51,2594.34,32429.25,152.25
B001555,P010,2024-10-27,108,2,106,13154.4,1973.16,1315.44,16443.0,152.25
B001556,P010,2024-11-03,106,2,104,12910.8,1936.62,1291.08,16138.5,152.25
B001557,P010,2024-11-10,168,3,165,20462.4,3069.36,2046.24,25578.0,152.25
B001558,P010,2024-11-17,116,2,114,14128.8,2119.32,1412.88,17661.0,152.25
B001559,P010,2024-11-24,110,2,108,13398.0,2009.7,1339.8,16747.5,152.25
B001560,P010,2024-12-01,118,2,116,14372.4,2155.86,1437.24,17965.5,152.25
B001561,P010,2024-12-08,159,3,156,19366.2,2904.93,1936.62,24207.75,152.25
B001562,P010,2024-12-15,74,1,73,9013.2,1351.98,901.32,11266.5,152.25
B001563,P010,2024-12-22,115,2,113,14007.0,2101.05,1400.7,17508.75,152.25
B001564,P010,2024-12-29,31,1,30,3775.8,566.37,377.58,4719.75,152.25
B001565,P010,2025-01-05,286,6,280,34834.8,5225.22,3483.48,43543.5,152.25
B001566,P011,2022-01-30,1,0,1,104.2,15.63,10.42,130.25,130.25
B001567,P011,2022-02-06,97,2,95,10107.4,1516.11,1010.74,12634.25,130.25
B001568,P011,2022-02-13,55,1,54,5731.0,859.65,573.1,7163.75,130.25
B001569,P011,2022-02-20,51,1,50,5314.2,797.13,531.42,6642.75,130.25
B001570,P011,2022-02-27,77,2,75,8023.4,1203.51,802.34,10029.25,130.25
B001571,P011,2022-03-06,145,3,142,15109.0,2266.35,1510.9,18886.25,130.25
B001572,P011,2022-03-13,143,3,140,14900.6,2235.09,1490.06,18625.75,130.25
B001573,P011,2022-03-20,122,2,120,12712.4,1906.86,1271.24,15890.5,130.25
B001574,P011,2022-03-27,127,3,124,13233.4,1985.01,1323.34,16541.75,130.25
B001575,P011,2022-04-03,102,2,100,10628.4,1594.26,1062.84,13285.5,130.25
B001576,P011,2022-04-10,99,2,97,10315.8,1547.37,1031.58,12894.75,130.25
B001577,P011,2022-04-17,99,2,97,10315.8,1547.37,1031.58,12894.75,130.25
B001578,P011,2022-04-24,124,2,122,12920.8,1938.12,1292.08,16151.0,130.25
B001579,P011,2022-05-01,112,2,110,11670.4,1750.56,1167.04,14588.0,130.25
B001580,P011,2022-05-08,99,2,97,10315.8,1547.37,1031.58,12894.75,130.25
B001581,P011,2022-05-15,225,4,221,23445.0,3516.75,2344.5,29306.25,130.25
B001582,P011,2022-05-22,258,5,253,26883.6,4032.54,2688.36,33604.5,130.25
B001583,P011,2022-05-29,253,5,248,26362.6,3954.39,2636.26,32953.25,130.25
B001584,P011,2022-06-05,312,6,306,32510.4,4876.56,3251.04,40638.0,130.25
B001585,P011,2022-06-12,286,6,280,29801.2,4470.18,2980.12,37251.5,130.25
B001586,P011,2022-06-19,262,5,257,27300.4,4095.06,2730.04,34125.5,130.25
B001587,P011,2022-06-26,228,5,223,23757.6,3563.64,2375.76,29697.0,130.25
B001588,P011,2022-07-03,231,5,226,24070.2,3610.53,2407.02,30087.75,130.25
B001589,P011,2022-07-10,261,5,256,27196.2,4079.43,2719.62,33995.25,130.25
B001590,P011,2022-07-17,281,6,275,29280.2,4392.03,2928.02,36600.25,130.25
B001591,P011,2022-07-24,299,6,293,31155.8,4673.37,3115.58,38944.75,130.25
B001592,P011,2022-07-31,271,5,266,28238.2,4235.73,2823.82,35297.75,130.25
B001593,P011,2022-08-07,243,5,238,25320.6,3798.09,2532.06,31650.75,130.25
B001594,P011,2022-08-14,277,6,271,28863.4,4329.51,2886.34,36079.25,130.25
B001595,P011,2022-08-21,222,4,218,23132.4,3469.86,2313.24,28915.5,130.25
B001596,P011,2022-08-28,342,7,335,35636.4,5345.46,3563.64,44545.5,130.25
B001597,P011,2022-09-04,269,5,264,28029.8,4204.47,2802.98,35037.25,130.25
B001598,P011,2022-09-11,275,6,269,28655.0,4298.25,2865.5,35818.75,130.25
B001599,P011,2022-09-18,106,2,104,11045.2,1656.78,1104.52,13806.5,130.25
B001600,P011,2022-09-25,89,2,87,9273.8,1391.07,927.38,11592.25,130.25
B001601,P011,2022-10-02,166,3,163,17297.2,2594.58,1729.72,21621.5,130.25
B001602,P011,2022-10-09,226,5,221,23549.2,3532.38,2354.92,29436.5,130.25
B001603,P011,2022-10-16,72,1,71,7502.4,1125.36,750.24,9378.0,130.25
B001604,P011,2022-10-23,110,2,108,11462.0,1719.3,1146.2,14327.5,130.25
B001605,P011,2022-10-30,76,2,74,7919.2,1187.88,791.92,9899.0,130.25
B001606,P011,2022-11-06,74,1,73,7710.8,1156.62,771.08,9638.5,130.25
B001607,P011,2022-11-13,105,2,103,10941.0,1641.15,1094.1,13676.25,130.25
B001608,P011,2022-11-20,75,2,73,7815.0,1172.25,781.5,9768.75,130.25
B001609,P011,2022-11-27,79,2,77,8231.8,1234.77,823.18,10289.75,130.25
B001610,P011,2022-12-04,62,1,61,6460.4,969.06,646.04,8075.5,130.25
B001611,P011,2022-12-11,118,2,116,12295.6,1844.34,1229.56,15369.5,130.25
B001612,P011,2022-12-18,95,2,93,9899.0,1484.85,989.9,12373.75,130.25
B001613,P011,2022-12-25,72,1,71,7502.4,1125.36,750.24,9378.0,130.25
B001614,P011,2023-01-01,88,2,86,9169.6,1375.44,916.96,11462.0,130.25
B001615,P011,2023-01-08,95,2,93,9899.0,1484.85,989.9,12373.75,130.25
B001616,P011,2023-01-15,72,1,71,7502.4,1125.36,750.24,9378.0,130.25
B001617,P011,2023-01-22,80,2,78,8336.0,1250.4,833.6,10420.0,130.25
B001618,P011,2023-01-29,87,2,85,9065.4,1359.81,906.54,11331.75,130.25
B001619,P011,2023-02-05,48,1,47,5001.6,750.24,500.16,6252.0,130.25
B001620,P011,2023-02-12,80,2,78,8336.0,1250.4,833.6,10420.0,130.25
B001621,P011,2023-02-19,178,4,174,18547.6,2782.14,1854.76,23184.5,130.25
B001622,P011,2023-02-26,108,2,106,11253.6,1688.04,1125.36,14067.0,130.25
B001623,P011,2023-03-05,132,3,129,13754.4,2063.16,1375.44,17193.0,130.25
B001624,P011,2023-03-12,183,4,179,19068.6,2860.29,1906.86,23835.75,130.25
B001625,P011,2023-03-19,128,3,125,13337.6,2000.64,1333.76,16672.0,130.25
B001626,P011,2023-03-26,136,3,133,14171.2,2125.68,1417.12,17714.0,130.25
B001627,P011,2023-04-02,95,2,93,9899.0,1484.85,989.9,12373.75,130.25
B001628,P011,2023-04-09,122,2,120,12712.4,1906.86,1271.24,15890.5,130.25
B001629,P011,2023-04-16,130,3,127,13546.0,2031.9,1354.6,16932.5,130.25
B001630,P011,2023-04-23,146,3,143,15213.2,2281.98,1521.32,19016.5,130.25
B001631,P011,2023-04-30,153,3,150,15942.6,2391.39,1594.26,19928.25,130.25
B001632,P011,2023-05-07,124,2,122,12920.8,1938.12,1292.08,16151.0,130.25
B001633,P011,2023-05-14,283,6,277,29488.6,4423.29,2948.86,36860.75,130.25
B001634,P011,2023-05-21,308,6,302,32093.6,4814.04,3209.36,40117.0,130.25
B001635,P011,2023-05-28,249,5,244,25945.8,3891.87,2594.58,32432.25,130.25
B001636,P011,2023-06-04,246,5,241,25633.2,3844.98,2563.32,32041.5,130.25
B001637,P011,2023-06-11,175,4,171,18235.0,2735.25,1823.5,22793.75,130.25
B001638,P011,2023-06-18,220,4,216,22924.0,3438.6,2292.4,28655.0,130.25
B001639,P011,2023-06-25,251,5,246,26154.2,3923.13,2615.42,32692.75,130.25
B001640,P011,2023-07-02,334,7,327,34802.8,5220.42,3480.28,43503.5,130.25
B001641,P011,2023-07-09,296,6,290,30843.2,4626.48,3084.32,38554.0,130.25
B001642,P011,2023-07-16,188,4,184,19589.6,2938.44,1958.96,24487.0,130.25
B001643,P011,2023-07-23,235,5,230,24487.0,3673.05,2448.7,30608.75,130.25
B001644,P011,2023-07-30,269,5,264,28029.8,4204.47,2802.98,35037.25,130.25
B001645,P011,2023-08-06,322,6,316,33552.4,5032.86,3355.24,41940.5,130.25
B001646,P011,2023-08-13,268,5,263,27925.6,4188.84,2792.56,34907.0,130.25
B001647,P011,2023-08-20,223,4,219,23236.6,3485.49,2323.66,29045.75,130.25
B001648,P011,2023-08-27,280,6,274,29176.0,4376.4,2917.6,36470.0,130.25
B001649,P011,2023-09-03,243,5,238,25320.6,3798.09,2532.06,31650.75,130.25
B001650,P011,2023-09-10,235,5,230,24487.0,3673.05,2448.7,30608.75,130.25
B001651,P011,2023-09-17,136,3,133,14171.2,2125.68,1417.12,17714.0,130.25
B001652,P011,2023-09-24,205,4,201,21361.0,3204.15,2136.1,26701.25,130.25
B001653,P011,2023-10-01,190,4,186,19798.0,2969.7,1979.8,24747.5,130.25
B001654,P011,2023-10-08,110,2,108,11462.0,1719.3,1146.2,14327.5,130.25
B001655,P011,2023-10-15,122,2,120,12712.4,1906.86,1271.24,15890.5,130.25
B001656,P011,2023-10-22,63,1,62,6564.6,984.69,656.46,8205.75,130.25
B001657,P011,2023-10-29,125,2,123,13025.0,1953.75,1302.5,16281.25,130.25
B001658,P011,2023-11-05,119,2,117,12399.8,1859.97,1239.98,15499.75,130.25
B001659,P011,2023-11-12,46,1,45,4793.2,718.98,479.32,5991.5,130.25
B001660,P011,2023-11-19,90,2,88,9378.0,1406.7,937.8,11722.5,130.25
B001661,P011,2023-11-26,119,2,117,12399.8,1859.97,1239.98,15499.75,130.25
B001662,P011,2023-12-03,59,1,58,6147.8,922.17,614.78,7684.75,130.25
B001663,P011,2023-12-10,83,2,81,8648.6,1297.29,864.86,10810.75,130.25
B001664,P011,2023-12-17,161,3,158,16776.2,2516.43,1677.62,20970.25,130.25
B001665,P011,2023-12-24,67,1,66,6981.4,1047.21,698.14,8726.75,130.25
B001666,P011,2023-12-31,88,2,86,9169.6,1375.44,916.96,11462.0,130.25
B001667,P011,2024-01-07,101,2,99,10524.2,1578.63,1052.42,13155.25,130.25
B001668,P011,2024-01-14,77,2,75,8023.4,1203.51,802.34,10029.25,130.25
B001669,P011,2024-01-21,80,2,78,8336.0,1250.4,833.6,10420.0,130.25
B001670,P011,2024-01-28,73,1,72,7606.6,1140.99,760.66,9508.25,130.25
B001671,P011,2024-02-04,102,2,100,10628.4,1594.26,1062.84,13285.5,130.25
B001672,P011,2024-02-11,98,2,96,10211.6,1531.74,1021.16,12764.5,130.25
B001673,P011,2024-02-18,103,2,101,10732.6,1609.89,1073.26,13415.75,130.25
B001674,P011,2024-02-25,123,2,121,12816.6,1922.49,1281.66,16020.75,130.25
B001675,P011,2024-03-03,174,3,171,18130.8,2719.62,1813.08,22663.5,130.25
B001676,P011,2024-03-10,147,3,144,15317.4,2297.61,1531.74,19146.75,130.25
B001677,P011,2024-03-17,140,3,137,14588.0,2188.2,1458.8,18235.0,130.25
B001678,P011,2024-03-24,176,4,172,18339.2,2750.88,1833.92,22924.0,130.25
B001679,P011,2024-03-31,168,3,165,17505.6,2625.84,1750.56,21882.0,130.25
B001680,P011,2024-04-07,123,2,121,12816.6,1922.49,1281.66,16020.75,130.25
B001681,P011,2024-04-14,135,3,132,14067.0,2110.05,1406.7,17583.75,130.25
B001682,P011,2024-04-21,188,4,184,19589.6,2938.44,1958.96,24487.0,130.25
B001683,P011,2024-04-28,109,2,107,11357.8,1703.67,1135.78,14197.25,130.25
B001684,P011,2024-05-05,135,3,132,14067.0,2110.05,1406.7,17583.75,130.25
B001685,P011,2024-05-12,214,4,210,22298.8,3344.82,2229.88,27873.5,130.25
B001686,P011,2024-05-19,356,7,349,37095.2,5564.28,3709.52,46369.0,130.25
B001687,P011,2024-05-26,350,7,343,36470.0,5470.5,3647.0,45587.5,130.25
B001688,P011,2024-06-02,302,6,296,31468.4,4720.26,3146.84,39335.5,130.25
B001689,P011,2024-06-09,348,7,341,36261.6,5439.24,3626.16,45327.0,130.25
B001690,P011,2024-06-16,342,7,335,35636.4,5345.46,3563.64,44545.5,130.25
B001691,P011,2024-06-23,316,6,310,32927.2,4939.08,3292.72,41159.0,130.25
B001692,P011,2024-06-30,396,8,388,41263.2,6189.48,4126.32,51579.0,130.25
B001693,P011,2024-07-07,290,6,284,30218.0,4532.7,3021.8,37772.5,130.25
B001694,P011,2024-07-14,297,6,291,30947.4,4642.11,3094.74,38684.25,130.25
B001695,P011,2024-07-21,382,8,374,39804.4,5970.66,3980.44,49755.5,130.25
B001696,P011,2024-07-28,436,9,427,45431.2,6814.68,4543.12,56789.0,130.25
B001697,P011,2024-08-04,273,5,268,28446.6,4266.99,2844.66,35558.25,130.25
B001698,P011,2024-08-11,362,7,355,37720.4,5658.06,3772.04,47150.5,130.25
B001699,P011,2024-08-18,308,6,302,32093.6,4814.04,3209.36,40117.0,130.25
B001700,P011,2024-08-25,241,5,236,25112.2,3766.83,2511.22,31390.25,130.25
B001701,P011,2024-09-01,408,8,400,42513.6,6377.04,4251.36,53142.0,130.25
B001702,P011,2024-09-08,299,6,293,31155.8,4673.37,3115.58,38944.75,130.25
B001703,P011,2024-09-15,245,5,240,25529.0,3829.35,2552.9,31911.25,130.25
B001704,P011,2024-09-22,165,3,162,17193.0,2578.95,1719.3,21491.25,130.25
B001705,P011,2024-09-29,195,4,191,20319.0,3047.85,2031.9,25398.75,130.25
B001706,P011,2024-10-06,230,5,225,23966.0,3594.9,2396.6,29957.5,130.25
B001707,P011,2024-10-13,143,3,140,14900.6,2235.09,1490.06,18625.75,130.25
B001708,P011,2024-10-20,100,2,98,10420.0,1563.0,1042.0,13025.0,130.25
B001709,P011,2024-10-27,69,1,68,7189.8,1078.47,718.98,8987.25,130.25
B001710,P011,2024-11-03,98,2,96,10211.6,1531.74,1021.16,12764.5,130.25
B001711,P011,2024-11-10,104,2,102,10836.8,1625.52,1083.68,13546.0,130.25
B001712,P011,2024-11-17,131,3,128,13650.2,2047.53,1365.02,17062.75,130.25
B001713,P011,2024-11-24,104,2,102,10836.8,1625.52,1083.68,13546.0,130.25
B001714,P011,2024-12-01,123,2,121,12816.6,1922.49,1281.66,16020.75,130.25
B001715,P011,2024-12-08,75,2,73,7815.0,1172.25,781.5,9768.75,130.25
B001716,P011,2024-12-15,58,1,57,6043.6,906.54,604.36,7554.5,130.25
B001717,P011,2024-12-22,122,2,120,12712.4,1906.86,1271.24,15890.5,130.25
B001718,P011,2024-12-29,75,2,73,7815.0,1172.25,781.5,9768.75,130.25
B001719,P011,2025-01-05,269,5,264,28029.8,4204.47,2802.98,35037.25,130.25
B001720,P012,2022-01-02,304,6,298,20170.4,3025.56,2017.04,25213.0,82.94
B001721,P012,2022-01-09,290,6,284,19241.5,2886.22,1924.15,24051.87,82.94
B001722,P012,2022-01-16,190,4,186,12606.5,1890.98,1260.65,15758.13,82.94
B001723,P012,2022-01-23,259,5,254,17184.65,2577.7,1718.46,21480.81,82.94
B001724,P012,2022-01-30,200,4,196,13270.0,1990.5,1327.0,16587.5,82.94
B001725,P012,2022-02-06,187,4,183,12407.45,1861.12,1240.75,15509.32,82.94
B001726,P012,2022-02-13,136,3,133,9023.6,1353.54,902.36,11279.5,82.94
B001727,P012,2022-02-20,67,1,66,4445.45,666.82,444.54,5556.81,82.94
B001728,P012,2022-02-27,50,1,49,3317.5,497.62,331.75,4146.87,82.94
B001729,P012,2022-03-06,115,2,113,7630.25,1144.54,763.03,9537.82,82.94
B001730,P012,2022-03-13,66,1,65,4379.1,656.86,437.91,5473.87,82.94
B001731,P012,2022-03-20,67,1,66,4445.45,666.82,444.54,5556.81,82.94
B001732,P012,2022-03-27,92,2,90,6104.2,915.63,610.42,7630.25,82.94
B001733,P012,2022-04-03,76,2,74,5042.6,756.39,504.26,6303.25,82.94
B001734,P012,2022-04-10,90,2,88,5971.5,895.72,597.15,7464.37,82.94
B001735,P012,2022-04-17,131,3,128,8691.85,1303.78,869.18,10864.81,82.94
B001736,P012,2022-04-24,90,2,88,5971.5,895.72,597.15,7464.37,82.94
B001737,P012,2022-05-01,72,1,71,4777.2,716.58,477.72,5971.5,82.94
B001738,P012,2022-05-08,71,1,70,4710.85,706.63,471.08,5888.56,82.94
B001739,P012,2022-05-15,88,2,86,5838.8,875.82,583.88,7298.5,82.94
B001740,P012,2022-05-22,75,2,73,4976.25,746.44,497.62,6220.31,82.94
B001741,P012,2022-05-29,47,1,46,3118.45,467.77,311.85,3898.07,82.94
B001742,P012,2022-06-05,90,2,88,5971.5,895.72,597.15,7464.37,82.94
B001743,P012,2022-06-12,110,2,108,7298.5,1094.77,729.85,9123.12,82.94
B001744,P012,2022-06-19,78,2,76,5175.3,776.3,517.53,6469.13,82.94
B001745,P012,2022-06-26,101,2,99,6701.35,1005.2,670.14,8376.69,82.94
B001746,P012,2022-07-03,94,2,92,6236.9,935.53,623.69,7796.12,82.94
B001747,P012,2022-07-10,120,2,118,7962.0,1194.3,796.2,9952.5,82.94
B001748,P012,2022-07-17,125,2,123,8293.75,1244.06,829.38,10367.19,82.94
B001749,P012,2022-07-24,89,2,87,5905.15,885.77,590.52,7381.44,82.94
B001750,P012,2022-07-31,74,1,73,4909.9,736.48,490.99,6137.37,82.94
B001751,P012,2022-08-07,129,3,126,8559.15,1283.87,855.92,10698.94,82.94
B001752,P012,2022-08-14,97,2,95,6435.95,965.39,643.6,8044.94,82.94
B001753,P012,2022-08-21,71,1,70,4710.85,706.63,471.08,5888.56,82.94
B001754,P012,2022-08-28,116,2,114,7696.6,1154.49,769.66,9620.75,82.94
B001755,P012,2022-09-04,45,1,44,2985.75,447.86,298.58,3732.19,82.94
B001756,P012,2022-09-11,139,3,136,9222.65,1383.4,922.26,11528.31,82.94
B001757,P012,2022-09-18,168,3,165,11146.8,1672.02,1114.68,13933.5,82.94
B001758,P012,2022-09-25,104,2,102,6900.4,1035.06,690.04,8625.5,82.94
B001759,P012,2022-10-02,107,2,105,7099.45,1064.92,709.94,8874.31,82.94
B001760,P012,2022-10-09,118,2,116,7829.3,1174.4,782.93,9786.63,82.94
B001761,P012,2022-10-16,330,7,323,21895.5,3284.32,2189.55,27369.37,82.94
B001762,P012,2022-10-23,120,2,118,7962.0,1194.3,796.2,9952.5,82.94
B001763,P012,2022-10-30,323,6,317,21431.05,3214.66,2143.1,26788.81,82.94
B001764,P012,2022-11-06,136,3,133,9023.6,1353.54,902.36,11279.5,82.94
B001765,P012,2022-11-13,322,6,316,21364.7,3204.7,2136.47,26705.87,82.94
B001766,P012,2022-11-20,142,3,139,9421.7,1413.26,942.17,11777.13,82.94
B001767,P012,2022-11-27,256,5,251,16985.6,2547.84,1698.56,21232.0,82.94
B001768,P012,2022-12-04,204,4,200,13535.4,2030.31,1353.54,16919.25,82.94
B001769,P012,2022-12-11,258,5,253,17118.3,2567.74,1711.83,21397.87,82.94
B001770,P012,2022-12-18,206,4,202,13668.1,2050.22,1366.81,17085.13,82.94
B001771,P012,2022-12-25,284,6,278,18843.4,2826.51,1884.34,23554.25,82.94
B001772,P012,2023-01-01,249,5,244,16521.15,2478.17,1652.12,20651.44,82.94
B001773,P012,2023-01-08,246,5,241,16322.1,2448.32,1632.21,20402.63,82.94
B001774,P012,2023-01-15,279,6,273,18511.65,2776.75,1851.17,23139.57,82.94
B001775,P012,2023-01-22,280,6,274,18578.0,2786.7,1857.8,23222.5,82.94
B001776,P012,2023-01-29,198,4,194,13137.3,1970.59,1313.73,16421.62,82.94
B001777,P012,2023-02-05,233,5,228,15459.55,2318.93,1545.96,19324.44,82.94
B001778,P012,2023-02-12,106,2,104,7033.1,1054.96,703.31,8791.37,82.94
B001779,P012,2023-02-19,64,1,63,4246.4,636.96,424.64,5308.0,82.94
B001780,P012,2023-02-26,86,2,84,5706.1,855.92,570.61,7132.63,82.94
B001781,P012,2023-03-05,82,2,80,5440.7,816.1,544.07,6800.87,82.94
B001782,P012,2023-03-12,75,2,73,4976.25,746.44,497.62,6220.31,82.94
B001783,P012,2023-03-19,124,2,122,8227.4,1234.11,822.74,10284.25,82.94
B001784,P012,2023-03-26,71,1,70,4710.85,706.63,471.08,5888.56,82.94
B001785,P012,2023-04-02,95,2,93,6303.25,945.49,630.33,7879.07,82.94
B001786,P012,2023-04-09,88,2,86,5838.8,875.82,583.88,7298.5,82.94
B001787,P012,2023-04-16,57,1,56,3781.95,567.29,378.2,4727.44,82.94
B001788,P012,2023-04-23,87,2,85,5772.45,865.87,577.24,7215.56,82.94
B001789,P012,2023-04-30,88,2,86,5838.8,875.82,583.88,7298.5,82.94
B001790,P012,2023-05-07,58,1,57,3848.3,577.24,384.83,4810.37,82.94
B001791,P012,2023-05-14,113,2,111,7497.55,1124.63,749.76,9371.94,82.94
B001792,P012,2023-05-21,63,1,62,4180.05,627.01,418.01,5225.07,82.94
B001793,P012,2023-05-28,92,2,90,6104.2,915.63,610.42,7630.25,82.94
B001794,P012,2023-06-04,77,2,75,5108.95,766.34,510.9,6386.19,82.94
B001795,P012,2023-06-11,123,2,121,8161.05,1224.16,816.1,10201.31,82.94
B001796,P012,2023-06-18,144,3,141,9554.4,1433.16,955.44,11943.0,82.94
B001797,P012,2023-06-25,73,1,72,4843.55,726.53,484.36,6054.44,82.94
B001798,P012,2023-07-02,154,3,151,10217.9,1532.68,1021.79,12772.37,82.94
B001799,P012,2023-07-09,113,2,111,7497.55,1124.63,749.76,9371.94,82.94
B001800,P012,2023-07-16,131,3,128,8691.85,1303.78,869.18,10864.81,82.94
B001801,P012,2023-07-23,122,2,120,8094.7,1214.2,809.47,10118.37,82.94
B001802,P012,2023-07-30,59,1,58,3914.65,587.2,391.46,4893.31,82.94
B001803,P012,2023-08-06,110,2,108,7298.5,1094.77,729.85,9123.12,82.94
B001804,P012,2023-08-13,140,3,137,9289.0,1393.35,928.9,11611.25,82.94
B001805,P012,2023-08-20,80,2,78,5308.0,796.2,530.8,6635.0,82.94
B001806,P012,2023-08-27,106,2,104,7033.1,1054.96,703.31,8791.37,82.94
B001807,P012,2023-09-03,87,2,85,5772.45,865.87,577.24,7215.56,82.94
B001808,P012,2023-09-10,98,2,96,6502.3,975.34,650.23,8127.87,82.94
B001809,P012,2023-09-17,94,2,92,6236.9,935.53,623.69,7796.12,82.94
B001810,P012,2023-09-24,150,3,147,9952.5,1492.88,995.25,12440.63,82.94
B001811,P012,2023-10-01,165,3,162,10947.75,1642.16,1094.78,13684.69,82.94
B001812,P012,2023-10-08,124,2,122,8227.4,1234.11,822.74,10284.25,82.94
B001813,P012,2023-10-15,268,5,263,17781.8,2667.27,1778.18,22227.25,82.94
B001814,P012,2023-10-22,274,5,269,18179.9,2726.98,1817.99,22724.87,82.94
B001815,P012,2023-10-29,297,6,291,19705.95,2955.89,1970.6,24632.44,82.94
B001816,P012,2023-11-05,340,7,333,22559.0,3383.85,2255.9,28198.75,82.94
B001817,P012,2023-11-12,299,6,293,19838.65,2975.8,1983.87,24798.32,82.94
B001818,P012,2023-11-19,350,7,343,23222.5,3483.38,2322.25,29028.13,82.94
B001819,P012,2023-11-26,214,4,210,14198.9,2129.84,1419.89,17748.63,82.94
B001820,P012,2023-12-03,247,5,242,16388.45,2458.27,1638.85,20485.57,82.94
B001821,P012,2023-12-10,248,5,243,16454.8,2468.22,1645.48,20568.5,82.94
B001822,P012,2023-12-17,239,5,234,15857.65,2378.65,1585.76,19822.06,82.94
B001823,P012,2023-12-24,349,7,342,23156.15,3473.42,2315.62,28945.19,82.94
B001824,P012,2023-12-31,176,4,172,11677.6,1751.64,1167.76,14597.0,82.94
B001825,P012,2024-01-07,150,3,147,9952.5,1492.88,995.25,12440.63,82.94
B001826,P012,2024-01-14,206,4,202,13668.1,2050.22,1366.81,17085.13,82.94
B001827,P012,2024-01-21,306,6,300,20303.1,3045.46,2030.31,25378.87,82.94
B001828,P012,2024-01-28,262,5,257,17383.7,2607.55,1738.37,21729.62,82.94
B001829,P012,2024-02-04,235,5,230,15592.25,2338.84,1559.22,19490.31,82.94
B001830,P012,2024-02-11,151,3,148,10018.85,1502.83,1001.89,12523.57,82.94
B001831,P012,2024-02-18,135,3,132,8957.25,1343.59,895.72,11196.56,82.94
B001832,P012,2024-02-25,121,2,119,8028.35,1204.25,802.84,10035.44,82.94
B001833,P012,2024-03-03,92,2,90,6104.2,915.63,610.42,7630.25,82.94
B001834,P012,2024-03-10,100,2,98,6635.0,995.25,663.5,8293.75,82.94
B001835,P012,2024-03-17,128,3,125,8492.8,1273.92,849.28,10616.0,82.94
B001836,P012,2024-03-24,71,1,70,4710.85,706.63,471.08,5888.56,82.94
B001837,P012,2024-03-31,101,2,99,6701.35,1005.2,670.14,8376.69,82.94
B001838,P012,2024-04-07,102,2,100,6767.7,1015.16,676.77,8459.63,82.94
B001839,P012,2024-04-14,77,2,75,5108.95,766.34,510.9,6386.19,82.94
B001840,P012,2024-04-21,91,2,89,6037.85,905.68,603.79,7547.32,82.94
B001841,P012,2024-04-28,84,2,82,5573.4,836.01,557.34,6966.75,82.94
B001842,P012,2024-05-05,89,2,87,5905.15,885.77,590.52,7381.44,82.94
B001843,P012,2024-05-12,92,2,90,6104.2,915.63,610.42,7630.25,82.94
B001844,P012,2024-05-19,115,2,113,7630.25,1144.54,763.03,9537.82,82.94
B001845,P012,2024-05-26,92,2,90,6104.2,915.63,610.42,7630.25,82.94
B001846,P012,2024-06-02,89,2,87,5905.15,885.77,590.52,7381.44,82.94
B001847,P012,2024-06-09,123,2,121,8161.05,1224.16,816.1,10201.31,82.94
B001848,P012,2024-06-16,114,2,112,7563.9,1134.58,756.39,9454.87,82.94
B001849,P012,2024-06-23,127,3,124,8426.45,1263.97,842.65,10533.07,82.94
B001850,P012,2024-06-30,110,2,108,7298.5,1094.77,729.85,9123.12,82.94
B001851,P012,2024-07-07,111,2,109,7364.85,1104.73,736.49,9206.07,82.94
B001852,P012,2024-07-14,157,3,154,10416.95,1562.54,1041.7,13021.19,82.94
B001853,P012,2024-07-21,100,2,98,6635.0,995.25,663.5,8293.75,82.94
B001854,P012,2024-07-28,85,2,83,5639.75,845.96,563.98,7049.69,82.94
B001855,P012,2024-08-04,155,3,152,10284.25,1542.64,1028.42,12855.31,82.94
B001856,P012,2024-08-11,135,3,132,8957.25,1343.59,895.72,11196.56,82.94
B001857,P012,2024-08-18,96,2,94,6369.6,955.44,636.96,7962.0,82.94
B001858,P012,2024-08-25,127,3,124,8426.45,1263.97,842.65,10533.07,82.94
B001859,P012,2024-09-01,143,3,140,9488.05,1423.21,948.8,11860.06,82.94
B001860,P012,2024-09-08,119,2,117,7895.65,1184.35,789.56,9869.56,82.94
B001861,P012,2024-09-15,162,3,159,10748.7,1612.3,1074.87,13435.87,82.94
B001862,P012,2024-09-22,224,4,220,14862.4,2229.36,1486.24,18578.0,82.94
B001863,P012,2024-09-29,130,3,127,8625.5,1293.82,862.55,10781.87,82.94
B001864,P012,2024-10-06,305,6,299,20236.75,3035.51,2023.68,25295.94,82.94
B001865,P012,2024-10-13,338,7,331,22426.3,3363.94,2242.63,28032.87,82.94
B001866,P012,2024-10-20,372,7,365,24682.2,3702.33,2468.22,30852.75,82.94
B001867,P012,2024-10-27,258,5,253,17118.3,2567.74,1711.83,21397.87,82.94
B001868,P012,2024-11-03,249,5,244,16521.15,2478.17,1652.12,20651.44,82.94
B001869,P012,2024-11-10,542,11,531,35961.7,5394.25,3596.17,44952.12,82.94
B001870,P012,2024-11-17,213,4,209,14132.55,2119.88,1413.26,17665.69,82.94
B001871,P012,2024-11-24,309,6,303,20502.15,3075.32,2050.22,25627.69,82.94
B001872,P012,2024-12-01,310,6,304,20568.5,3085.28,2056.85,25710.63,82.94
B001873,P012,2024-12-08,268,5,263,17781.8,2667.27,1778.18,22227.25,82.94
B001874,P012,2024-12-15,68,1,67,4511.8,676.77,451.18,5639.75,82.94
B001875,P012,2024-12-22,164,3,161,10881.4,1632.21,1088.14,13601.75,82.94
B001876,P012,2024-12-29,4,0,4,265.4,39.81,26.54,331.75,82.94
B001877,P012,2025-01-05,290,6,284,19241.5,2886.22,1924.15,24051.87,82.94
B001878,P013,2022-01-30,48,1,47,2342.4,351.36,234.24,2928.0,61.0
B001879,P013,2022-02-06,64,1,63,3123.2,468.48,312.32,3904.0,61.0
B001880,P013,2022-02-13,99,2,97,4831.2,724.68,483.12,6039.0,61.0
B001881,P013,2022-02-20,67,1,66,3269.6,490.44,326.96,4087.0,61.0
B001882,P013,2022-02-27,76,2,74,3708.8,556.32,370.88,4636.0,61.0
B001883,P013,2022-03-06,126,3,123,6148.8,922.32,614.88,7686.0,61.0
B001884,P013,2022-03-13,82,2,80,4001.6,600.24,400.16,5002.0,61.0
B001885,P013,2022-03-20,71,1,70,3464.8,519.72,346.48,4331.0,61.0
B001886,P013,2022-03-27,100,2,98,4880.0,732.0,488.0,6100.0,61.0
B001887,P013,2022-04-03,127,3,124,6197.6,929.64,619.76,7747.0,61.0
B001888,P013,2022-04-10,95,2,93,4636.0,695.4,463.6,5795.0,61.0
B001889,P013,2022-04-17,65,1,64,3172.0,475.8,317.2,3965.0,61.0
B001890,P013,2022-04-24,197,4,193,9613.6,1442.04,961.36,12017.0,61.0
B001891,P013,2022-05-01,112,2,110,5465.6,819.84,546.56,6832.0,61.0
B001892,P013,2022-05-08,162,3,159,7905.6,1185.84,790.56,9882.0,61.0
B001893,P013,2022-05-15,217,4,213,10589.6,1588.44,1058.96,13237.0,61.0
B001894,P013,2022-05-22,333,7,326,16250.4,2437.56,1625.04,20313.0,61.0
B001895,P013,2022-05-29,194,4,190,9467.2,1420.08,946.72,11834.0,61.0
B001896,P013,2022-06-05,275,6,269,13420.0,2013.0,1342.0,16775.0,61.0
B001897,P013,2022-06-12,263,5,258,12834.4,1925.16,1283.44,16043.0,61.0
B001898,P013,2022-06-19,282,6,276,13761.6,2064.24,1376.16,17202.0,61.0
B001899,P013,2022-06-26,216,4,212,10540.8,1581.12,1054.08,13176.0,61.0
B001900,P013,2022-07-03,207,4,203,10101.6,1515.24,1010.16,12627.0,61.0
B001901,P013,2022-07-10,181,4,177,8832.8,1324.92,883.28,11041.0,61.0
B001902,P013,2022-07-17,313,6,307,15274.4,2291.16,1527.44,19093.0,61.0
B001903,P013,2022-07-24,235,5,230,11468.0,1720.2,1146.8,14335.0,61.0
B001904,P013,2022-07-31,274,5,269,13371.2,2005.68,1337.12,16714.0,61.0
B001905,P013,2022-08-07,282,6,276,13761.6,2064.24,1376.16,17202.0,61.0
B001906,P013,2022-08-14,285,6,279,13908.0,2086.2,1390.8,17385.0,61.0
B001907,P013,2022-08-21,205,4,201,10004.0,1500.6,1000.4,12505.0,61.0
B001908,P013,2022-08-28,274,5,269,13371.2,2005.68,1337.12,16714.0,61.0
B001909,P013,2022-09-04,252,5,247,12297.6,1844.64,1229.76,15372.0,61.0
B001910,P013,2022-09-11,347,7,340,16933.6,2540.04,1693.36,21167.0,61.0
B001911,P013,2022-09-18,133,3,130,6490.4,973.56,649.04,8113.0,61.0
B001912,P013,2022-09-25,125,2,123,6100.0,915.0,610.0,7625.0,61.0
B001913,P013,2022-10-02,109,2,107,5319.2,797.88,531.92,6649.0,61.0
B001914,P013,2022-10-09,148,3,145,7222.4,1083.36,722.24,9028.0,61.0
B001915,P013,2022-10-16,106,2,104,5172.8,775.92,517.28,6466.0,61.0
B001916,P013,2022-10-23,40,1,39,1952.0,292.8,195.2,2440.0,61.0
B001917,P013,2022-10-30,107,2,105,5221.6,783.24,522.16,6527.0,61.0
B001918,P013,2022-11-06,105,2,103,5124.0,768.6,512.4,6405.0,61.0
B001919,P013,2022-11-13,68,1,67,3318.4,497.76,331.84,4148.0,61.0
B001920,P013,2022-11-20,83,2,81,4050.4,607.56,405.04,5063.0,61.0
B001921,P013,2022-11-27,63,1,62,3074.4,461.16,307.44,3843.0,61.0
B001922,P013,2022-12-04,105,2,103,5124.0,768.6,512.4,6405.0,61.0
B001923,P013,2022-12-11,84,2,82,4099.2,614.88,409.92,5124.0,61.0
B001924,P013,2022-12-18,63,1,62,3074.4,461.16,307.44,3843.0,61.0
B001925,P013,2022-12-25,70,1,69,3416.0,512.4,341.6,4270.0,61.0
B001926,P013,2023-01-01,66,1,65,3220.8,483.12,322.08,4026.0,61.0
B001927,P013,2023-01-08,60,1,59,2928.0,439.2,292.8,3660.0,61.0
B001928,P013,2023-01-15,119,2,117,5807.2,871.08,580.72,7259.0,61.0
B001929,P013,2023-01-22,56,1,55,2732.8,409.92,273.28,3416.0,61.0
B001930,P013,2023-01-29,65,1,64,3172.0,475.8,317.2,3965.0,61.0
B001931,P013,2023-02-05,109,2,107,5319.2,797.88,531.92,6649.0,61.0
B001932,P013,2023-02-12,61,1,60,2976.8,446.52,297.68,3721.0,61.0
B001933,P013,2023-02-19,97,2,95,4733.6,710.04,473.36,5917.0,61.0
B001934,P013,2023-02-26,126,3,123,6148.8,922.32,614.88,7686.0,61.0
B001935,P013,2023-03-05,153,3,150,7466.4,1119.96,746.64,9333.0,61.0
B001936,P013,2023-03-12,164,3,161,8003.2,1200.48,800.32,10004.0,61.0
B001937,P013,2023-03-19,120,2,118,5856.0,878.4,585.6,7320.0,61.0
B001938,P013,2023-03-26,124,2,122,6051.2,907.68,605.12,7564.0,61.0
B001939,P013,2023-04-02,121,2,119,5904.8,885.72,590.48,7381.0,61.0
B001940,P013,2023-04-09,131,3,128,6392.8,958.92,639.28,7991.0,61.0
B001941,P013,2023-04-16,105,2,103,5124.0,768.6,512.4,6405.0,61.0
B001942,P013,2023-04-23,131,3,128,6392.8,958.92,639.28,7991.0,61.0
B001943,P013,2023-04-30,106,2,104,5172.8,775.92,517.28,6466.0,61.0
B001944,P013,2023-05-07,105,2,103,5124.0,768.6,512.4,6405.0,61.0
B001945,P013,2023-05-14,222,4,218,10833.6,1625.04,1083.36,13542.0,61.0
B001946,P013,2023-05-21,255,5,250,12444.0,1866.6,1244.4,15555.0,61.0
B001947,P013,2023-05-28,254,5,249,12395.2,1859.28,1239.52,15494.0,61.0
B001948,P013,2023-06-04,278,6,272,13566.4,2034.96,1356.64,16958.0,61.0
B001949,P013,2023-06-11,269,5,264,13127.2,1969.08,1312.72,16409.0,61.0
B001950,P013,2023-06-18,262,5,257,12785.6,1917.84,1278.56,15982.0,61.0
B001951,P013,2023-06-25,294,6,288,14347.2,2152.08,1434.72,17934.0,61.0
B001952,P013,2023-07-02,344,7,337,16787.2,2518.08,1678.72,20984.0,61.0
B001953,P013,2023-07-09,327,7,320,15957.6,2393.64,1595.76,19947.0,61.0
B001954,P013,2023-07-16,229,5,224,11175.2,1676.28,1117.52,13969.0,61.0
B001955,P013,2023-07-23,320,6,314,15616.0,2342.4,1561.6,19520.0,61.0
B001956,P013,2023-07-30,219,4,215,10687.2,1603.08,1068.72,13359.0,61.0
B001957,P013,2023-08-06,276,6,270,13468.8,2020.32,1346.88,16836.0,61.0
B001958,P013,2023-08-13,253,5,248,12346.4,1851.96,1234.64,15433.0,61.0
B001959,P013,2023-08-20,271,5,266,13224.8,1983.72,1322.48,16531.0,61.0
B001960,P013,2023-08-27,354,7,347,17275.2,2591.28,1727.52,21594.0,61.0
B001961,P013,2023-09-03,276,6,270,13468.8,2020.32,1346.88,16836.0,61.0
B001962,P013,2023-09-10,317,6,311,15469.6,2320.44,1546.96,19337.0,61.0
B001963,P013,2023-09-17,157,3,154,7661.6,1149.24,766.16,9577.0,61.0
B001964,P013,2023-09-24,102,2,100,4977.6,746.64,497.76,6222.0,61.0
B001965,P013,2023-10-01,173,3,170,8442.4,1266.36,844.24,10553.0,61.0
B001966,P013,2023-10-08,61,1,60,2976.8,446.52,297.68,3721.0,61.0
B001967,P013,2023-10-15,63,1,62,3074.4,461.16,307.44,3843.0,61.0
B001968,P013,2023-10-22,128,3,125,6246.4,936.96,624.64,7808.0,61.0
B001969,P013,2023-10-29,61,1,60,2976.8,446.52,297.68,3721.0,61.0
B001970,P013,2023-11-05,63,1,62,3074.4,461.16,307.44,3843.0,61.0
B001971,P013,2023-11-12,81,2,79,3952.8,592.92,395.28,4941.0,61.0
B001972,P013,2023-11-19,106,2,104,5172.8,775.92,517.28,6466.0,61.0
B001973,P013,2023-11-26,67,1,66,3269.6,490.44,326.96,4087.0,61.0
B001974,P013,2023-12-03,77,2,75,3757.6,563.64,375.76,4697.0,61.0
B001975,P013,2023-12-10,108,2,106,5270.4,790.56,527.04,6588.0,61.0
B001976,P013,2023-12-17,67,1,66,3269.6,490.44,326.96,4087.0,61.0
B001977,P013,2023-12-24,128,3,125,6246.4,936.96,624.64,7808.0,61.0
B001978,P013,2023-12-31,98,2,96,4782.4,717.36,478.24,5978.0,61.0
B001979,P013,2024-01-07,112,2,110,5465.6,819.84,546.56,6832.0,61.0
B001980,P013,2024-01-14,118,2,116,5758.4,863.76,575.84,7198.0,61.0
B001981,P013,2024-01-21,122,2,120,5953.6,893.04,595.36,7442.0,61.0
B001982,P013,2024-01-28,70,1,69,3416.0,512.4,341.6,4270.0,61.0
B001983,P013,2024-02-04,85,2,83,4148.0,622.2,414.8,5185.0,61.0
B001984,P013,2024-02-11,97,2,95,4733.6,710.04,473.36,5917.0,61.0
B001985,P013,2024-02-18,191,4,187,9320.8,1398.12,932.08,11651.0,61.0
B001986,P013,2024-02-25,92,2,90,4489.6,673.44,448.96,5612.0,61.0
B001987,P013,2024-03-03,170,3,167,8296.0,1244.4,829.6,10370.0,61.0
B001988,P013,2024-03-10,111,2,109,5416.8,812.52,541.68,6771.0,61.0
B001989,P013,2024-03-17,146,3,143,7124.8,1068.72,712.48,8906.0,61.0
B001990,P013,2024-03-24,127,3,124,6197.6,929.64,619.76,7747.0,61.0
B001991,P013,2024-03-31,135,3,132,6588.0,988.2,658.8,8235.0,61.0
B001992,P013,2024-04-07,182,4,178,8881.6,1332.24,888.16,11102.0,61.0
B001993,P013,2024-04-14,160,3,157,7808.0,1171.2,780.8,9760.0,61.0
B001994,P013,2024-04-21,174,3,171,8491.2,1273.68,849.12,10614.0,61.0
B001995,P013,2024-04-28,121,2,119,5904.8,885.72,590.48,7381.0,61.0
B001996,P013,2024-05-05,176,4,172,8588.8,1288.32,858.88,10736.0,61.0
B001997,P013,2024-05-12,225,4,221,10980.0,1647.0,1098.0,13725.0,61.0
B001998,P013,2024-05-19,257,5,252,12541.6,1881.24,1254.16,15677.0,61.0
B001999,P013,2024-05-26,200,4,196,9760.0,1464.0,976.0,12200.0,61.0
B002000,P013,2024-06-02,326,7,319,15908.8,2386.32,1590.88,19886.0,61.0
B002001,P013,2024-06-09,369,7,362,18007.2,2701.08,1800.72,22509.0,61.0
B002002,P013,2024-06-16,300,6,294,14640.0,2196.0,1464.0,18300.0,61.0
B002003,P013,2024-06-23,320,6,314,15616.0,2342.4,1561.6,19520.0,61.0
B002004,P013,2024-06-30,401,8,393,19568.8,2935.32,1956.88,24461.0,61.0
B002005,P013,2024-07-07,357,7,350,17421.6,2613.24,1742.16,21777.0,61.0
B002006,P013,2024-07-14,375,8,367,18300.0,2745.0,1830.0,22875.0,61.0
B002007,P013,2024-07-21,359,7,352,17519.2,2627.88,1751.92,21899.0,61.0
B002008,P013,2024-07-28,437,9,428,21325.6,3198.84,2132.56,26657.0,61.0
B002009,P013,2024-08-04,318,6,312,15518.4,2327.76,1551.84,19398.0,61.0
B002010,P013,2024-08-11,385,8,377,18788.0,2818.2,1878.8,23485.0,61.0
B002011,P013,2024-08-18,329,7,322,16055.2,2408.28,1605.52,20069.0,61.0
B002012,P013,2024-08-25,321,6,315,15664.8,2349.72,1566.48,19581.0,61.0
B002013,P013,2024-09-01,242,5,237,11809.6,1771.44,1180.96,14762.0,61.0
B002014,P013,2024-09-08,367,7,360,17909.6,2686.44,1790.96,22387.0,61.0
B002015,P013,2024-09-15,186,4,182,9076.8,1361.52,907.68,11346.0,61.0
B002016,P013,2024-09-22,170,3,167,8296.0,1244.4,829.6,10370.0,61.0
B002017,P013,2024-09-29,130,3,127,6344.0,951.6,634.4,7930.0,61.0
B002018,P013,2024-10-06,205,4,201,10004.0,1500.6,1000.4,12505.0,61.0
B002019,P013,2024-10-13,108,2,106,5270.4,790.56,527.04,6588.0,61.0
B002020,P013,2024-10-20,152,3,149,7417.6,1112.64,741.76,9272.0,61.0
B002021,P013,2024-10-27,62,1,61,3025.6,453.84,302.56,3782.0,61.0
B002022,P013,2024-11-03,98,2,96,4782.4,717.36,478.24,5978.0,61.0
B002023,P013,2024-11-10,93,2,91,4538.4,680.76,453.84,5673.0,61.0
B002024,P013,2024-11-17,121,2,119,5904.8,885.72,590.48,7381.0,61.0
B002025,P013,2024-11-24,121,2,119,5904.8,885.72,590.48,7381.0,61.0
B002026,P013,2024-12-01,148,3,145,7222.4,1083.36,722.24,9028.0,61.0
B002027,P013,2024-12-08,55,1,54,2684.0,402.6,268.4,3355.0,61.0
B002028,P013,2024-12-15,50,1,49,2440.0,366.0,244.0,3050.0,61.0
B002029,P013,2024-12-22,147,3,144,7173.6,1076.04,717.36,8967.0,61.0
B002030,P013,2024-12-29,55,1,54,2684.0,402.6,268.4,3355.0,61.0
B002031,P013,2025-01-05,270,5,265,13176.0,1976.4,1317.6,16470.0,61.0
B002032,P014,2022-01-02,332,7,325,24617.8,3692.67,2461.78,30772.25,92.69
B002033,P014,2022-01-09,204,4,200,15126.6,2268.99,1512.66,18908.25,92.69
B002034,P014,2022-01-16,231,5,226,17128.65,2569.3,1712.87,21410.82,92.69
B002035,P014,2022-01-23,331,7,324,24543.65,3681.55,2454.37,30679.57,92.69
B002036,P014,2022-01-30,188,4,184,13940.2,2091.03,1394.02,17425.25,92.69
B002037,P014,2022-02-06,175,4,171,12976.25,1946.44,1297.62,16220.31,92.69
B002038,P014,2022-02-13,126,3,123,9342.9,1401.44,934.29,11678.63,92.69
B002039,P014,2022-02-20,90,2,88,6673.5,1001.02,667.35,8341.87,92.69
B002040,P014,2022-02-27,71,1,70,5264.65,789.7,526.46,6580.81,92.69
B002041,P014,2022-03-06,67,1,66,4968.05,745.21,496.81,6210.07,92.69
B002042,P014,2022-03-13,88,2,86,6525.2,978.78,652.52,8156.5,92.69
B002043,P014,2022-03-20,71,1,70,5264.65,789.7,526.46,6580.81,92.69
B002044,P014,2022-03-27,63,1,62,4671.45,700.72,467.14,5839.31,92.69
B002045,P014,2022-04-03,84,2,82,6228.6,934.29,622.86,7785.75,92.69
B002046,P014,2022-04-10,77,2,75,5709.55,856.43,570.96,7136.94,92.69
B002047,P014,2022-04-17,91,2,89,6747.65,1012.15,674.76,8434.56,92.69
B002048,P014,2022-04-24,72,1,71,5338.8,800.82,533.88,6673.5,92.69
B002049,P014,2022-05-01,69,1,68,5116.35,767.45,511.64,6395.44,92.69
B002050,P014,2022-05-08,85,2,83,6302.75,945.41,630.28,7878.44,92.69
B002051,P014,2022-05-15,72,1,71,5338.8,800.82,533.88,6673.5,92.69
B002052,P014,2022-05-22,82,2,80,6080.3,912.04,608.03,7600.37,92.69
B002053,P014,2022-05-29,96,2,94,7118.4,1067.76,711.84,8898.0,92.69
B002054,P014,2022-06-05,78,2,76,5783.7,867.56,578.37,7229.63,92.69
B002055,P014,2022-06-12,95,2,93,7044.25,1056.64,704.42,8805.31,92.69
B002056,P014,2022-06-19,89,2,87,6599.35,989.9,659.94,8249.19,92.69
B002057,P014,2022-06-26,94,2,92,6970.1,1045.52,697.01,8712.63,92.69
B002058,P014,2022-07-03,68,1,67,5042.2,756.33,504.22,6302.75,92.69
B002059,P014,2022-07-10,91,2,89,6747.65,1012.15,674.76,8434.56,92.69
B002060,P014,2022-07-17,75,2,73,5561.25,834.19,556.12,6951.56,92.69
B002061,P014,2022-07-24,80,2,78,5932.0,889.8,593.2,7415.0,92.69
B002062,P014,2022-07-31,73,1,72,5412.95,811.94,541.29,6766.18,92.69
B002063,P014,2022-08-07,81,2,79,6006.15,900.92,600.62,7507.69,92.69
B002064,P014,2022-08-14,103,2,101,7637.45,1145.62,763.74,9546.81,92.69
B002065,P014,2022-08-21,103,2,101,7637.45,1145.62,763.74,9546.81,92.69
B002066,P014,2022-08-28,79,2,77,5857.85,878.68,585.79,7322.32,92.69
B002067,P014,2022-09-04,79,2,77,5857.85,878.68,585.79,7322.32,92.69
B002068,P014,2022-09-11,140,3,137,10381.0,1557.15,1038.1,12976.25,92.69
B002069,P014,2022-09-18,167,3,164,12383.05,1857.46,1238.3,15478.81,92.69
B002070,P014,2022-09-25,120,2,118,8898.0,1334.7,889.8,11122.5,92.69
B002071,P014,2022-10-02,140,3,137,10381.0,1557.15,1038.1,12976.25,92.69
B002072,P014,2022-10-09,166,3,163,12308.9,1846.33,1230.89,15386.12,92.69
B002073,P014,2022-10-16,177,4,173,13124.55,1968.68,1312.46,16405.69,92.69
B002074,P014,2022-10-23,218,4,214,16164.7,2424.7,1616.47,20205.87,92.69
B002075,P014,2022-10-30,165,3,162,12234.75,1835.21,1223.48,15293.44,92.69
B002076,P014,2022-11-06,239,5,234,17721.85,2658.28,1772.18,22152.31,92.69
B002077,P014,2022-11-13,194,4,190,14385.1,2157.76,1438.51,17981.37,92.69
B002078,P014,2022-11-20,202,4,198,14978.3,2246.74,1497.83,18722.87,92.69
B002079,P014,2022-11-27,310,6,304,22986.5,3447.98,2298.65,28733.13,92.69
B002080,P014,2022-12-04,371,7,364,27509.65,4126.45,2750.96,34387.06,92.69
B002081,P014,2022-12-11,329,7,322,24395.35,3659.3,2439.54,30494.19,92.69
B002082,P014,2022-12-18,205,4,201,15200.75,2280.11,1520.08,19000.94,92.69
B002083,P014,2022-12-25,237,5,232,17573.55,2636.03,1757.36,21966.94,92.69
B002084,P014,2023-01-01,198,4,194,14681.7,2202.26,1468.17,18352.13,92.69
B002085,P014,2023-01-08,224,4,220,16609.6,2491.44,1660.96,20762.0,92.69
B002086,P014,2023-01-15,229,5,224,16980.35,2547.05,1698.04,21225.44,92.69
B002087,P014,2023-01-22,244,5,239,18092.6,2713.89,1809.26,22615.75,92.69
B002088,P014,2023-01-29,131,3,128,9713.65,1457.05,971.36,12142.06,92.69
B002089,P014,2023-02-05,207,4,203,15349.05,2302.36,1534.9,19186.31,92.69
B002090,P014,2023-02-12,76,2,74,5635.4,845.31,563.54,7044.25,92.69
B002091,P014,2023-02-19,135,3,132,10010.25,1501.54,1001.03,12512.82,92.69
B002092,P014,2023-02-26,99,2,97,7340.85,1101.13,734.08,9176.06,92.69
B002093,P014,2023-03-05,62,1,61,4597.3,689.6,459.73,5746.63,92.69
B002094,P014,2023-03-12,69,1,68,5116.35,767.45,511.64,6395.44,92.69
B002095,P014,2023-03-19,95,2,93,7044.25,1056.64,704.42,8805.31,92.69
B002096,P014,2023-03-26,62,1,61,4597.3,689.6,459.73,5746.63,92.69
B002097,P014,2023-04-02,79,2,77,5857.85,878.68,585.79,7322.32,92.69
B002098,P014,2023-04-09,77,2,75,5709.55,856.43,570.96,7136.94,92.69
B002099,P014,2023-04-16,82,2,80,6080.3,912.04,608.03,7600.37,92.69
B002100,P014,2023-04-23,89,2,87,6599.35,989.9,659.94,8249.19,92.69
B002101,P014,2023-04-30,71,1,70,5264.65,789.7,526.46,6580.81,92.69
B002102,P014,2023-05-07,86,2,84,6376.9,956.53,637.69,7971.12,92.69
B002103,P014,2023-05-14,100,2,98,7415.0,1112.25,741.5,9268.75,92.69
B002104,P014,2023-05-21,90,2,88,6673.5,1001.02,667.35,8341.87,92.69
B002105,P014,2023-05-28,38,1,37,2817.7,422.66,281.77,3522.13,92.69
B002106,P014,2023-06-04,109,2,107,8082.35,1212.35,808.24,10102.94,92.69
B002107,P014,2023-06-11,108,2,106,8008.2,1201.23,800.82,10010.25,92.69
B002108,P014,2023-06-18,101,2,99,7489.15,1123.37,748.92,9361.44,92.69
B002109,P014,2023-06-25,87,2,85,6451.05,967.66,645.1,8063.81,92.69
B002110,P014,2023-07-02,111,2,109,8230.65,1234.6,823.06,10288.31,92.69
B002111,P014,2023-07-09,102,2,100,7563.3,1134.49,756.33,9454.12,92.69
B002112,P014,2023-07-16,103,2,101,7637.45,1145.62,763.74,9546.81,92.69
B002113,P014,2023-07-23,93,2,91,6895.95,1034.39,689.6,8619.94,92.69
B002114,P014,2023-07-30,113,2,111,8378.95,1256.84,837.9,10473.69,92.69
B002115,P014,2023-08-06,127,3,124,9417.05,1412.56,941.7,11771.31,92.69
B002116,P014,2023-08-13,145,3,142,10751.75,1612.76,1075.18,13439.69,92.69
B002117,P014,2023-08-20,87,2,85,6451.05,967.66,645.1,8063.81,92.69
B002118,P014,2023-08-27,83,2,81,6154.45,923.17,615.45,7693.07,92.69
B002119,P014,2023-09-03,72,1,71,5338.8,800.82,533.88,6673.5,92.69
B002120,P014,2023-09-10,102,2,100,7563.3,1134.49,756.33,9454.12,92.69
B002121,P014,2023-09-17,172,3,169,12753.8,1913.07,1275.38,15942.25,92.69
B002122,P014,2023-09-24,148,3,145,10974.2,1646.13,1097.42,13717.75,92.69
B002123,P014,2023-10-01,169,3,166,12531.35,1879.7,1253.14,15664.19,92.69
B002124,P014,2023-10-08,102,2,100,7563.3,1134.49,756.33,9454.12,92.69
B002125,P014,2023-10-15,240,5,235,17796.0,2669.4,1779.6,22245.0,92.69
B002126,P014,2023-10-22,319,6,313,23653.85,3548.08,2365.38,29567.31,92.69
B002127,P014,2023-10-29,258,5,253,19130.7,2869.6,1913.07,23913.37,92.69
B002128,P014,2023-11-05,258,5,253,19130.7,2869.6,1913.07,23913.37,92.69
B002129,P014,2023-11-12,258,5,253,19130.7,2869.6,1913.07,23913.37,92.69
B002130,P014,2023-11-19,231,5,226,17128.65,2569.3,1712.87,21410.82,92.69
B002131,P014,2023-11-26,213,4,209,15793.95,2369.09,1579.4,19742.44,92.69
B002132,P014,2023-12-03,229,5,224,16980.35,2547.05,1698.04,21225.44,92.69
B002133,P014,2023-12-10,296,6,290,21948.4,3292.26,2194.84,27435.5,92.69
B002134,P014,2023-12-17,215,4,211,15942.25,2391.34,1594.22,19927.81,92.69
B002135,P014,2023-12-24,271,5,266,20094.65,3014.2,2009.46,25118.31,92.69
B002136,P014,2023-12-31,263,5,258,19501.45,2925.22,1950.15,24376.82,92.69
B002137,P014,2024-01-07,104,2,102,7711.6,1156.74,771.16,9639.5,92.69
B002138,P014,2024-01-14,305,6,299,22615.75,3392.36,2261.58,28269.69,92.69
B002139,P014,2024-01-21,349,7,342,25878.35,3881.75,2587.84,32347.94,92.69
B002140,P014,2024-01-28,322,6,316,23876.3,3581.44,2387.63,29845.37,92.69
B002141,P014,2024-02-04,318,6,312,23579.7,3536.96,2357.97,29474.63,92.69
B002142,P014,2024-02-11,222,4,218,16461.3,2469.19,1646.13,20576.62,92.69
B002143,P014,2024-02-18,108,2,106,8008.2,1201.23,800.82,10010.25,92.69
B002144,P014,2024-02-25,106,2,104,7859.9,1178.98,785.99,9824.87,92.69
B002145,P014,2024-03-03,95,2,93,7044.25,1056.64,704.42,8805.31,92.69
B002146,P014,2024-03-10,64,1,63,4745.6,711.84,474.56,5932.0,92.69
B002147,P014,2024-03-17,91,2,89,6747.65,1012.15,674.76,8434.56,92.69
B002148,P014,2024-03-24,119,2,117,8823.85,1323.58,882.39,11029.82,92.69
B002149,P014,2024-03-31,88,2,86,6525.2,978.78,652.52,8156.5,92.69
B002150,P014,2024-04-07,115,2,113,8527.25,1279.09,852.72,10659.06,92.69
B002151,P014,2024-04-14,93,2,91,6895.95,1034.39,689.6,8619.94,92.69
B002152,P014,2024-04-21,116,2,114,8601.4,1290.21,860.14,10751.75,92.69
B002153,P014,2024-04-28,71,1,70,5264.65,789.7,526.46,6580.81,92.69
B002154,P014,2024-05-05,105,2,103,7785.75,1167.86,778.58,9732.19,92.69
B002155,P014,2024-05-12,51,1,50,3781.65,567.25,378.16,4727.06,92.69
B002156,P014,2024-05-19,70,1,69,5190.5,778.58,519.05,6488.13,92.69
B002157,P014,2024-05-26,105,2,103,7785.75,1167.86,778.58,9732.19,92.69
B002158,P014,2024-06-02,149,3,146,11048.35,1657.25,1104.84,13810.44,92.69
B002159,P014,2024-06-09,120,2,118,8898.0,1334.7,889.8,11122.5,92.69
B002160,P014,2024-06-16,110,2,108,8156.5,1223.47,815.65,10195.62,92.69
B002161,P014,2024-06-23,108,2,106,8008.2,1201.23,800.82,10010.25,92.69
B002162,P014,2024-06-30,166,3,163,12308.9,1846.33,1230.89,15386.12,92.69
B002163,P014,2024-07-07,129,3,126,9565.35,1434.8,956.54,11956.69,92.69
B002164,P014,2024-07-14,134,3,131,9936.1,1490.42,993.61,12420.13,92.69
B002165,P014,2024-07-21,78,2,76,5783.7,867.56,578.37,7229.63,92.69
B002166,P014,2024-07-28,148,3,145,10974.2,1646.13,1097.42,13717.75,92.69
B002167,P014,2024-08-04,112,2,110,8304.8,1245.72,830.48,10381.0,92.69
B002168,P014,2024-08-11,100,2,98,7415.0,1112.25,741.5,9268.75,92.69
B002169,P014,2024-08-18,97,2,95,7192.55,1078.88,719.26,8990.69,92.69
B002170,P014,2024-08-25,85,2,83,6302.75,945.41,630.28,7878.44,92.69
B002171,P014,2024-09-01,162,3,159,12012.3,1801.84,1201.23,15015.37,92.69
B002172,P014,2024-09-08,84,2,82,6228.6,934.29,622.86,7785.75,92.69
B002173,P014,2024-09-15,179,4,175,13272.85,1990.93,1327.28,16591.06,92.69
B002174,P014,2024-09-22,258,5,253,19130.7,2869.6,1913.07,23913.37,92.69
B002175,P014,2024-09-29,174,3,171,12902.1,1935.32,1290.21,16127.63,92.69
B002176,P014,2024-10-06,181,4,177,13421.15,2013.17,1342.12,16776.44,92.69
B002177,P014,2024-10-13,229,5,224,16980.35,2547.05,1698.04,21225.44,92.69
B002178,P014,2024-10-20,367,7,360,27213.05,4081.96,2721.3,34016.31,92.69
B002179,P014,2024-10-27,291,6,285,21577.65,3236.65,2157.77,26972.07,92.69
B002180,P014,2024-11-03,345,7,338,25581.75,3837.26,2558.18,31977.19,92.69
B002181,P014,2024-11-10,239,5,234,17721.85,2658.28,1772.18,22152.31,92.69
B002182,P014,2024-11-17,245,5,240,18166.75,2725.01,1816.68,22708.44,92.69
B002183,P014,2024-11-24,355,7,348,26323.25,3948.49,2632.32,32904.06,92.69
B002184,P014,2024-12-01,400,8,392,29660.0,4449.0,2966.0,37075.0,92.69
B002185,P014,2024-12-08,219,4,215,16238.85,2435.83,1623.89,20298.57,92.69
B002186,P014,2024-12-15,60,1,59,4449.0,667.35,444.9,5561.25,92.69
B002187,P014,2024-12-22,134,3,131,9936.1,1490.42,993.61,12420.13,92.69
B002188,P014,2024-12-29,36,1,35,2669.4,400.41,266.94,3336.75,92.69
B002189,P014,2025-01-05,279,6,273,20687.85,3103.18,2068.78,25859.81,92.69
B002190,P015,2022-01-02,153,3,150,6438.24,965.74,643.82,8047.8,52.6
B002191,P015,2022-01-09,200,4,196,8416.0,1262.4,841.6,10520.0,52.6
B002192,P015,2022-01-16,152,3,149,6396.16,959.42,639.62,7995.2,52.6
B002193,P015,2022-01-23,149,3,146,6269.92,940.49,626.99,7837.4,52.6
B002194,P015,2022-01-30,180,4,176,7574.4,1136.16,757.44,9468.0,52.6
B002195,P015,2022-02-06,119,2,117,5007.52,751.13,500.75,6259.4,52.6
B002196,P015,2022-02-13,108,2,106,4544.64,681.7,454.46,5680.8,52.6
B002197,P015,2022-02-20,46,1,45,1935.68,290.35,193.57,2419.6,52.6
B002198,P015,2022-02-27,45,1,44,1893.6,284.04,189.36,2367.0,52.6
B002199,P015,2022-03-06,94,2,92,3955.52,593.33,395.55,4944.4,52.6
B002200,P015,2022-03-13,46,1,45,1935.68,290.35,193.57,2419.6,52.6
B002201,P015,2022-03-20,45,1,44,1893.6,284.04,189.36,2367.0,52.6
B002202,P015,2022-03-27,65,1,64,2735.2,410.28,273.52,3419.0,52.6
B002203,P015,2022-04-03,79,2,77,3324.32,498.65,332.43,4155.4,52.6
B002204,P015,2022-04-10,75,2,73,3156.0,473.4,315.6,3945.0,52.6
B002205,P015,2022-04-17,57,1,56,2398.56,359.78,239.86,2998.2,52.6
B002206,P015,2022-04-24,54,1,53,2272.32,340.85,227.23,2840.4,52.6
B002207,P015,2022-05-01,74,1,73,3113.92,467.09,311.39,3892.4,52.6
B002208,P015,2022-05-08,59,1,58,2482.72,372.41,248.27,3103.4,52.6
B002209,P015,2022-05-15,90,2,88,3787.2,568.08,378.72,4734.0,52.6
B002210,P015,2022-05-22,84,2,82,3534.72,530.21,353.47,4418.4,52.6
B002211,P015,2022-05-29,49,1,48,2061.92,309.29,206.19,2577.4,52.6
B002212,P015,2022-06-05,53,1,52,2230.24,334.54,223.02,2787.8,52.6
B002213,P015,2022-06-12,83,2,81,3492.64,523.9,349.26,4365.8,52.6
B002214,P015,2022-06-19,49,1,48,2061.92,309.29,206.19,2577.4,52.6
B002215,P015,2022-06-26,29,1,28,1220.32,183.05,122.03,1525.4,52.6
B002216,P015,2022-07-03,44,1,43,1851.52,277.73,185.15,2314.4,52.6
B002217,P015,2022-07-10,85,2,83,3576.8,536.52,357.68,4471.0,52.6
B002218,P015,2022-07-17,61,1,60,2566.88,385.03,256.69,3208.6,52.6
B002219,P015,2022-07-24,53,1,52,2230.24,334.54,223.02,2787.8,52.6
B002220,P015,2022-07-31,71,1,70,2987.68,448.15,298.77,3734.6,52.6
B002221,P015,2022-08-07,60,1,59,2524.8,378.72,252.48,3156.0,52.6
B002222,P015,2022-08-14,71,1,70,2987.68,448.15,298.77,3734.6,52.6
B002223,P015,2022-08-21,83,2,81,3492.64,523.9,349.26,4365.8,52.6
B002224,P015,2022-08-28,103,2,101,4334.24,650.14,433.42,5417.8,52.6
B002225,P015,2022-09-04,61,1,60,2566.88,385.03,256.69,3208.6,52.6
B002226,P015,2022-09-11,105,2,103,4418.4,662.76,441.84,5523.0,52.6
B002227,P015,2022-09-18,109,2,107,4586.72,688.01,458.67,5733.4,52.6
B002228,P015,2022-09-25,161,3,158,6774.88,1016.23,677.49,8468.6,52.6
B002229,P015,2022-10-02,136,3,133,5722.88,858.43,572.29,7153.6,52.6
B002230,P015,2022-10-09,55,1,54,2314.4,347.16,231.44,2893.0,52.6
B002231,P015,2022-10-16,172,3,169,7237.76,1085.66,723.78,9047.2,52.6
B002232,P015,2022-10-23,175,4,171,7364.0,1104.6,736.4,9205.0,52.6
B002233,P015,2022-10-30,251,5,246,10562.08,1584.31,1056.21,13202.6,52.6
B002234,P015,2022-11-06,189,4,185,7953.12,1192.97,795.31,9941.4,52.6
B002235,P015,2022-11-13,304,6,298,12792.32,1918.85,1279.23,15990.4,52.6
B002236,P015,2022-11-20,258,5,253,10856.64,1628.5,1085.66,13570.8,52.6
B002237,P015,2022-11-27,167,3,164,7027.36,1054.1,702.74,8784.2,52.6
B002238,P015,2022-12-04,297,6,291,12497.76,1874.66,1249.78,15622.2,52.6
B002239,P015,2022-12-11,216,4,212,9089.28,1363.39,908.93,11361.6,52.6
B002240,P015,2022-12-18,219,4,215,9215.52,1382.33,921.55,11519.4,52.6
B002241,P015,2022-12-25,152,3,149,6396.16,959.42,639.62,7995.2,52.6
B002242,P015,2023-01-01,157,3,154,6606.56,990.98,660.66,8258.2,52.6
B002243,P015,2023-01-08,222,4,218,9341.76,1401.26,934.18,11677.2,52.6
B002244,P015,2023-01-15,236,5,231,9930.88,1489.63,993.09,12413.6,52.6
B002245,P015,2023-01-22,241,5,236,10141.28,1521.19,1014.13,12676.6,52.6
B002246,P015,2023-01-29,146,3,143,6143.68,921.55,614.37,7679.6,52.6
B002247,P015,2023-02-05,228,5,223,9594.24,1439.14,959.42,11992.8,52.6
B002248,P015,2023-02-12,69,1,68,2903.52,435.53,290.35,3629.4,52.6
B002249,P015,2023-02-19,83,2,81,3492.64,523.9,349.26,4365.8,52.6
B002250,P015,2023-02-26,64,1,63,2693.12,403.97,269.31,3366.4,52.6
B002251,P015,2023-03-05,75,2,73,3156.0,473.4,315.6,3945.0,52.6
B002252,P015,2023-03-12,78,2,76,3282.24,492.34,328.22,4102.8,52.6
B002253,P015,2023-03-19,66,1,65,2777.28,416.59,277.73,3471.6,52.6
B002254,P015,2023-03-26,79,2,77,3324.32,498.65,332.43,4155.4,52.6
B002255,P015,2023-04-02,71,1,70,2987.68,448.15,298.77,3734.6,52.6
B002256,P015,2023-04-09,87,2,85,3660.96,549.14,366.1,4576.2,52.6
B002257,P015,2023-04-16,58,1,57,2440.64,366.1,244.06,3050.8,52.6
B002258,P015,2023-04-23,66,1,65,2777.28,416.59,277.73,3471.6,52.6
B002259,P015,2023-04-30,84,2,82,3534.72,530.21,353.47,4418.4,52.6
B002260,P015,2023-05-07,35,1,34,1472.8,220.92,147.28,1841.0,52.6
B002261,P015,2023-05-14,86,2,84,3618.88,542.83,361.89,4523.6,52.6
B002262,P015,2023-05-21,79,2,77,3324.32,498.65,332.43,4155.4,52.6
B002263,P015,2023-05-28,61,1,60,2566.88,385.03,256.69,3208.6,52.6
B002264,P015,2023-06-04,51,1,50,2146.08,321.91,214.61,2682.6,52.6
B002265,P015,2023-06-11,73,1,72,3071.84,460.78,307.18,3839.8,52.6
B002266,P015,2023-06-18,100,2,98,4208.0,631.2,420.8,5260.0,52.6
B002267,P015,2023-06-25,56,1,55,2356.48,353.47,235.65,2945.6,52.6
B002268,P015,2023-07-02,94,2,92,3955.52,593.33,395.55,4944.4,52.6
B002269,P015,2023-07-09,36,1,35,1514.88,227.23,151.49,1893.6,52.6
B002270,P015,2023-07-16,88,2,86,3703.04,555.46,370.3,4628.8,52.6
B002271,P015,2023-07-23,62,1,61,2608.96,391.34,260.9,3261.2,52.6
B002272,P015,2023-07-30,52,1,51,2188.16,328.22,218.82,2735.2,52.6
B002273,P015,2023-08-06,101,2,99,4250.08,637.51,425.01,5312.6,52.6
B002274,P015,2023-08-13,63,1,62,2651.04,397.66,265.1,3313.8,52.6
B002275,P015,2023-08-20,71,1,70,2987.68,448.15,298.77,3734.6,52.6
B002276,P015,2023-08-27,88,2,86,3703.04,555.46,370.3,4628.8,52.6
B002277,P015,2023-09-03,116,2,114,4881.28,732.19,488.13,6101.6,52.6
B002278,P015,2023-09-10,103,2,101,4334.24,650.14,433.42,5417.8,52.6
B002279,P015,2023-09-17,58,1,57,2440.64,366.1,244.06,3050.8,52.6
B002280,P015,2023-09-24,66,1,65,2777.28,416.59,277.73,3471.6,52.6
B002281,P015,2023-10-01,191,4,187,8037.28,1205.59,803.73,10046.6,52.6
B002282,P015,2023-10-08,156,3,153,6564.48,984.67,656.45,8205.6,52.6
B002283,P015,2023-10-15,172,3,169,7237.76,1085.66,723.78,9047.2,52.6
B002284,P015,2023-10-22,204,4,200,8584.32,1287.65,858.43,10730.4,52.6
B002285,P015,2023-10-29,316,6,310,13297.28,1994.59,1329.73,16621.6,52.6
B002286,P015,2023-11-05,205,4,201,8626.4,1293.96,862.64,10783.0,52.6
B002287,P015,2023-11-12,281,6,275,11824.48,1773.67,1182.45,14780.6,52.6
B002288,P015,2023-11-19,231,5,226,9720.48,1458.07,972.05,12150.6,52.6
B002289,P015,2023-11-26,120,2,118,5049.6,757.44,504.96,6312.0,52.6
B002290,P015,2023-12-03,246,5,241,10351.68,1552.75,1035.17,12939.6,52.6
B002291,P015,2023-12-10,188,4,184,7911.04,1186.66,791.1,9888.8,52.6
B002292,P015,2023-12-17,218,4,214,9173.44,1376.02,917.34,11466.8,52.6
B002293,P015,2023-12-24,306,6,300,12876.48,1931.47,1287.65,16095.6,52.6
B002294,P015,2023-12-31,159,3,156,6690.72,1003.61,669.07,8363.4,52.6
B002295,P015,2024-01-07,191,4,187,8037.28,1205.59,803.73,10046.6,52.6
B002296,P015,2024-01-14,120,2,118,5049.6,757.44,504.96,6312.0,52.6
B002297,P015,2024-01-21,232,5,227,9762.56,1464.38,976.26,12203.2,52.6
B002298,P015,2024-01-28,219,4,215,9215.52,1382.33,921.55,11519.4,52.6
B002299,P015,2024-02-04,175,4,171,7364.0,1104.6,736.4,9205.0,52.6
B002300,P015,2024-02-11,130,3,127,5470.4,820.56,547.04,6838.0,52.6
B002301,P015,2024-02-18,80,2,78,3366.4,504.96,336.64,4208.0,52.6
B002302,P015,2024-02-25,98,2,96,4123.84,618.58,412.38,5154.8,52.6
B002303,P015,2024-03-03,109,2,107,4586.72,688.01,458.67,5733.4,52.6
B002304,P015,2024-03-10,70,1,69,2945.6,441.84,294.56,3682.0,52.6
B002305,P015,2024-03-17,63,1,62,2651.04,397.66,265.1,3313.8,52.6
B002306,P015,2024-03-24,92,2,90,3871.36,580.7,387.14,4839.2,52.6
B002307,P015,2024-03-31,70,1,69,2945.6,441.84,294.56,3682.0,52.6
B002308,P015,2024-04-07,110,2,108,4628.8,694.32,462.88,5786.0,52.6
B002309,P015,2024-04-14,110,2,108,4628.8,694.32,462.88,5786.0,52.6
B002310,P015,2024-04-21,60,1,59,2524.8,378.72,252.48,3156.0,52.6
B002311,P015,2024-04-28,70,1,69,2945.6,441.84,294.56,3682.0,52.6
B002312,P015,2024-05-05,60,1,59,2524.8,378.72,252.48,3156.0,52.6
B002313,P015,2024-05-12,108,2,106,4544.64,681.7,454.46,5680.8,52.6
B002314,P015,2024-05-19,162,3,159,6816.96,1022.54,681.7,8521.2,52.6
B002315,P015,2024-05-26,104,2,102,4376.32,656.45,437.63,5470.4,52.6
B002316,P015,2024-06-02,98,2,96,4123.84,618.58,412.38,5154.8,52.6
B002317,P015,2024-06-09,67,1,66,2819.36,422.9,281.94,3524.2,52.6
B002318,P015,2024-06-16,97,2,95,4081.76,612.26,408.18,5102.2,52.6
B002319,P015,2024-06-23,95,2,93,3997.6,599.64,399.76,4997.0,52.6
B002320,P015,2024-06-30,99,2,97,4165.92,624.89,416.59,5207.4,52.6
B002321,P015,2024-07-07,117,2,115,4923.36,738.5,492.34,6154.2,52.6
B002322,P015,2024-07-14,109,2,107,4586.72,688.01,458.67,5733.4,52.6
B002323,P015,2024-07-21,83,2,81,3492.64,523.9,349.26,4365.8,52.6
B002324,P015,2024-07-28,98,2,96,4123.84,618.58,412.38,5154.8,52.6
B002325,P015,2024-08-04,82,2,80,3450.56,517.58,345.06,4313.2,52.6
B002326,P015,2024-08-11,87,2,85,3660.96,549.14,366.1,4576.2,52.6
B002327,P015,2024-08-18,73,1,72,3071.84,460.78,307.18,3839.8,52.6
B002328,P015,2024-08-25,94,2,92,3955.52,593.33,395.55,4944.4,52.6
B002329,P015,2024-09-01,35,1,34,1472.8,220.92,147.28,1841.0,52.6
B002330,P015,2024-09-08,95,2,93,3997.6,599.64,399.76,4997.0,52.6
B002331,P015,2024-09-15,123,2,121,5175.84,776.38,517.58,6469.8,52.6
B002332,P015,2024-09-22,178,4,174,7490.24,1123.54,749.02,9362.8,52.6
B002333,P015,2024-09-29,95,2,93,3997.6,599.64,399.76,4997.0,52.6
B002334,P015,2024-10-06,176,4,172,7406.08,1110.91,740.61,9257.6,52.6
B002335,P015,2024-10-13,192,4,188,8079.36,1211.9,807.94,10099.2,52.6
B002336,P015,2024-10-20,290,6,284,12203.2,1830.48,1220.32,15254.0,52.6
B002337,P015,2024-10-27,221,4,217,9299.68,1394.95,929.97,11624.6,52.6
B002338,P015,2024-11-03,283,6,277,11908.64,1786.3,1190.86,14885.8,52.6
B002339,P015,2024-11-10,184,4,180,7742.72,1161.41,774.27,9678.4,52.6
B002340,P015,2024-11-17,255,5,250,10730.4,1609.56,1073.04,13413.0,52.6
B002341,P015,2024-11-24,207,4,203,8710.56,1306.58,871.06,10888.2,52.6
B002342,P015,2024-12-01,293,6,287,12329.44,1849.42,1232.94,15411.8,52.6
B002343,P015,2024-12-08,200,4,196,8416.0,1262.4,841.6,10520.0,52.6
B002344,P015,2024-12-15,90,2,88,3787.2,568.08,378.72,4734.0,52.6
B002345,P015,2024-12-22,142,3,139,5975.36,896.3,597.54,7469.2,52.6
B002346,P015,2024-12-29,35,1,34,1472.8,220.92,147.28,1841.0,52.6
B002347,P015,2025-01-05,191,4,187,8037.28,1205.59,803.73,10046.6,52.6
B002348,P016,2022-01-09,71,1,70,2848.52,427.28,284.85,3560.65,50.15
B002349,P016,2022-01-16,46,1,45,1845.52,276.83,184.55,2306.9,50.15
B002350,P016,2022-01-23,82,2,80,3289.84,493.48,328.98,4112.3,50.15
B002351,P016,2022-01-30,98,2,96,3931.76,589.76,393.18,4914.7,50.15
B002352,P016,2022-02-06,67,1,66,2688.04,403.21,268.8,3360.05,50.15
B002353,P016,2022-02-13,107,2,105,4292.84,643.93,429.28,5366.05,50.15
B002354,P016,2022-02-20,103,2,101,4132.36,619.85,413.24,5165.45,50.15
B002355,P016,2022-02-27,112,2,110,4493.44,674.02,449.34,5616.8,50.15
B002356,P016,2022-03-06,143,3,140,5737.16,860.57,573.72,7171.45,50.15
B002357,P016,2022-03-13,129,3,126,5175.48,776.32,517.55,6469.35,50.15
B002358,P016,2022-03-20,131,3,128,5255.72,788.36,525.57,6569.65,50.15
B002359,P016,2022-03-27,112,2,110,4493.44,674.02,449.34,5616.8,50.15
B002360,P016,2022-04-03,113,2,111,4533.56,680.03,453.36,5666.95,50.15
B002361,P016,2022-04-10,134,3,131,5376.08,806.41,537.61,6720.1,50.15
B002362,P016,2022-04-17,88,2,86,3530.56,529.58,353.06,4413.2,50.15
B002363,P016,2022-04-24,81,2,79,3249.72,487.46,324.97,4062.15,50.15
B002364,P016,2022-05-01,149,3,146,5977.88,896.68,597.79,7472.35,50.15
B002365,P016,2022-05-08,139,3,136,5576.68,836.5,557.67,6970.85,50.15
B002366,P016,2022-05-15,143,3,140,5737.16,860.57,573.72,7171.45,50.15
B002367,P016,2022-05-22,117,2,115,4694.04,704.11,469.4,5867.55,50.15
B002368,P016,2022-05-29,100,2,98,4012.0,601.8,401.2,5015.0,50.15
B002369,P016,2022-06-05,110,2,108,4413.2,661.98,441.32,5516.5,50.15
B002370,P016,2022-06-12,69,1,68,2768.28,415.24,276.83,3460.35,50.15
B002371,P016,2022-06-19,66,1,65,2647.92,397.19,264.79,3309.9,50.15
B002372,P016,2022-06-26,91,2,89,3650.92,547.64,365.09,4563.65,50.15
B002373,P016,2022-07-03,61,1,60,2447.32,367.1,244.73,3059.15,50.15
B002374,P016,2022-07-10,74,1,73,2968.88,445.33,296.89,3711.1,50.15
B002375,P016,2022-07-17,83,2,81,3329.96,499.49,333.0,4162.45,50.15
B002376,P016,2022-07-24,56,1,55,2246.72,337.01,224.67,2808.4,50.15
B002377,P016,2022-07-31,143,3,140,5737.16,860.57,573.72,7171.45,50.15
B002378,P016,2022-08-07,117,2,115,4694.04,704.11,469.4,5867.55,50.15
B002379,P016,2022-08-14,153,3,150,6138.36,920.75,613.84,7672.95,50.15
B002380,P016,2022-08-21,103,2,101,4132.36,619.85,413.24,5165.45,50.15
B002381,P016,2022-08-28,115,2,113,4613.8,692.07,461.38,5767.25,50.15
B002382,P016,2022-09-04,127,3,124,5095.24,764.29,509.52,6369.05,50.15
B002383,P016,2022-09-11,67,1,66,2688.04,403.21,268.8,3360.05,50.15
B002384,P016,2022-09-18,139,3,136,5576.68,836.5,557.67,6970.85,50.15
B002385,P016,2022-09-25,231,5,226,9267.72,1390.16,926.77,11584.65,50.15
B002386,P016,2022-10-02,248,5,243,9949.76,1492.46,994.98,12437.2,50.15
B002387,P016,2022-10-09,208,4,204,8344.96,1251.74,834.5,10431.2,50.15
B002388,P016,2022-10-16,141,3,138,5656.92,848.54,565.69,7071.15,50.15
B002389,P016,2022-10-23,84,2,82,3370.08,505.51,337.01,4212.6,50.15
B002390,P016,2022-10-30,103,2,101,4132.36,619.85,413.24,5165.45,50.15
B002391,P016,2022-11-06,71,1,70,2848.52,427.28,284.85,3560.65,50.15
B002392,P016,2022-11-13,132,3,129,5295.84,794.38,529.58,6619.8,50.15
B002393,P016,2022-11-20,146,3,143,5857.52,878.63,585.75,7321.9,50.15
B002394,P016,2022-11-27,128,3,125,5135.36,770.3,513.54,6419.2,50.15
B002395,P016,2022-12-04,112,2,110,4493.44,674.02,449.34,5616.8,50.15
B002396,P016,2022-12-11,94,2,92,3771.28,565.69,377.13,4714.1,50.15
B002397,P016,2022-12-18,93,2,91,3731.16,559.67,373.12,4663.95,50.15
B002398,P016,2022-12-25,129,3,126,5175.48,776.32,517.55,6469.35,50.15
B002399,P016,2023-01-01,80,2,78,3209.6,481.44,320.96,4012.0,50.15
B002400,P016,2023-01-08,76,2,74,3049.12,457.37,304.91,3811.4,50.15
B002401,P016,2023-01-15,89,2,87,3570.68,535.6,357.07,4463.35,50.15
B002402,P016,2023-01-22,166,3,163,6659.92,998.99,665.99,8324.9,50.15
B002403,P016,2023-01-29,136,3,133,5456.32,818.45,545.63,6820.4,50.15
B002404,P016,2023-02-05,74,1,73,2968.88,445.33,296.89,3711.1,50.15
B002405,P016,2023-02-12,88,2,86,3530.56,529.58,353.06,4413.2,50.15
B002406,P016,2023-02-19,84,2,82,3370.08,505.51,337.01,4212.6,50.15
B002407,P016,2023-02-26,154,3,151,6178.48,926.77,617.85,7723.1,50.15
B002408,P016,2023-03-05,132,3,129,5295.84,794.38,529.58,6619.8,50.15
B002409,P016,2023-03-12,115,2,113,4613.8,692.07,461.38,5767.25,50.15
B002410,P016,2023-03-19,128,3,125,5135.36,770.3,513.54,6419.2,50.15
B002411,P016,2023-03-26,146,3,143,5857.52,878.63,585.75,7321.9,50.15
B002412,P016,2023-04-02,102,2,100,4092.24,613.84,409.22,5115.3,50.15
B002413,P016,2023-04-09,69,1,68,2768.28,415.24,276.83,3460.35,50.15
B002414,P016,2023-04-16,136,3,133,5456.32,818.45,545.63,6820.4,50.15
B002415,P016,2023-04-23,125,2,123,5015.0,752.25,501.5,6268.75,50.15
B002416,P016,2023-04-30,116,2,114,4653.92,698.09,465.39,5817.4,50.15
B002417,P016,2023-05-07,117,2,115,4694.04,704.11,469.4,5867.55,50.15
B002418,P016,2023-05-14,124,2,122,4974.88,746.23,497.49,6218.6,50.15
B002419,P016,2023-05-21,133,3,130,5335.96,800.39,533.6,6669.95,50.15
B002420,P016,2023-05-28,54,1,53,2166.48,324.97,216.65,2708.1,50.15
B002421,P016,2023-06-04,133,3,130,5335.96,800.39,533.6,6669.95,50.15
B002422,P016,2023-06-11,108,2,106,4332.96,649.94,433.3,5416.2,50.15
B002423,P016,2023-06-18,114,2,112,4573.68,686.05,457.37,5717.1,50.15
B002424,P016,2023-06-25,118,2,116,4734.16,710.12,473.42,5917.7,50.15
B002425,P016,2023-07-02,124,2,122,4974.88,746.23,497.49,6218.6,50.15
B002426,P016,2023-07-09,114,2,112,4573.68,686.05,457.37,5717.1,50.15
B002427,P016,2023-07-16,135,3,132,5416.2,812.43,541.62,6770.25,50.15
B002428,P016,2023-07-23,87,2,85,3490.44,523.57,349.04,4363.05,50.15
B002429,P016,2023-07-30,144,3,141,5777.28,866.59,577.73,7221.6,50.15
B002430,P016,2023-08-06,95,2,93,3811.4,571.71,381.14,4764.25,50.15
B002431,P016,2023-08-13,162,3,159,6499.44,974.92,649.94,8124.3,50.15
B002432,P016,2023-08-20,120,2,118,4814.4,722.16,481.44,6018.0,50.15
B002433,P016,2023-08-27,150,3,147,6018.0,902.7,601.8,7522.5,50.15
B002434,P016,2023-09-03,72,1,71,2888.64,433.3,288.86,3610.8,50.15
B002435,P016,2023-09-10,84,2,82,3370.08,505.51,337.01,4212.6,50.15
B002436,P016,2023-09-17,109,2,107,4373.08,655.96,437.31,5466.35,50.15
B002437,P016,2023-09-24,181,4,177,7261.72,1089.26,726.17,9077.15,50.15
B002438,P016,2023-10-01,237,5,232,9508.44,1426.27,950.84,11885.55,50.15
B002439,P016,2023-10-08,140,3,137,5616.8,842.52,561.68,7021.0,50.15
B002440,P016,2023-10-15,130,3,127,5215.6,782.34,521.56,6519.5,50.15
B002441,P016,2023-10-22,137,3,134,5496.44,824.47,549.64,6870.55,50.15
B002442,P016,2023-10-29,99,2,97,3971.88,595.78,397.19,4964.85,50.15
B002443,P016,2023-11-05,92,2,90,3691.04,553.66,369.1,4613.8,50.15
B002444,P016,2023-11-12,79,2,77,3169.48,475.42,316.95,3961.85,50.15
B002445,P016,2023-11-19,165,3,162,6619.8,992.97,661.98,8274.75,50.15
B002446,P016,2023-11-26,181,4,177,7261.72,1089.26,726.17,9077.15,50.15
B002447,P016,2023-12-03,138,3,135,5536.56,830.48,553.66,6920.7,50.15
B002448,P016,2023-12-10,126,3,123,5055.12,758.27,505.51,6318.9,50.15
B002449,P016,2023-12-17,136,3,133,5456.32,818.45,545.63,6820.4,50.15
B002450,P016,2023-12-24,88,2,86,3530.56,529.58,353.06,4413.2,50.15
B002451,P016,2023-12-31,80,2,78,3209.6,481.44,320.96,4012.0,50.15
B002452,P016,2024-01-07,87,2,85,3490.44,523.57,349.04,4363.05,50.15
B002453,P016,2024-01-14,160,3,157,6419.2,962.88,641.92,8024.0,50.15
B002454,P016,2024-01-21,179,4,175,7181.48,1077.22,718.15,8976.85,50.15
B002455,P016,2024-01-28,151,3,148,6058.12,908.72,605.81,7572.65,50.15
B002456,P016,2024-02-04,157,3,154,6298.84,944.83,629.88,7873.55,50.15
B002457,P016,2024-02-11,98,2,96,3931.76,589.76,393.18,4914.7,50.15
B002458,P016,2024-02-18,156,3,153,6258.72,938.81,625.87,7823.4,50.15
B002459,P016,2024-02-25,155,3,152,6218.6,932.79,621.86,7773.25,50.15
B002460,P016,2024-03-03,187,4,183,7502.44,1125.37,750.24,9378.05,50.15
B002461,P016,2024-03-10,98,2,96,3931.76,589.76,393.18,4914.7,50.15
B002462,P016,2024-03-17,195,4,191,7823.4,1173.51,782.34,9779.25,50.15
B002463,P016,2024-03-24,198,4,194,7943.76,1191.56,794.38,9929.7,50.15
B002464,P016,2024-03-31,96,2,94,3851.52,577.73,385.15,4814.4,50.15
B002465,P016,2024-04-07,130,3,127,5215.6,782.34,521.56,6519.5,50.15
B002466,P016,2024-04-14,106,2,104,4252.72,637.91,425.27,5315.9,50.15
B002467,P016,2024-04-21,173,3,170,6940.76,1041.11,694.08,8675.95,50.15
B002468,P016,2024-04-28,121,2,119,4854.52,728.18,485.45,6068.15,50.15
B002469,P016,2024-05-05,183,4,179,7341.96,1101.29,734.2,9177.45,50.15
B002470,P016,2024-05-12,203,4,199,8144.36,1221.65,814.44,10180.45,50.15
B002471,P016,2024-05-19,161,3,158,6459.32,968.9,645.93,8074.15,50.15
B002472,P016,2024-05-26,156,3,153,6258.72,938.81,625.87,7823.4,50.15
B002473,P016,2024-06-02,125,2,123,5015.0,752.25,501.5,6268.75,50.15
B002474,P016,2024-06-09,81,2,79,3249.72,487.46,324.97,4062.15,50.15
B002475,P016,2024-06-16,112,2,110,4493.44,674.02,449.34,5616.8,50.15
B002476,P016,2024-06-23,70,1,69,2808.4,421.26,280.84,3510.5,50.15
B002477,P016,2024-06-30,185,4,181,7422.2,1113.33,742.22,9277.75,50.15
B002478,P016,2024-07-07,108,2,106,4332.96,649.94,433.3,5416.2,50.15
B002479,P016,2024-07-14,171,3,168,6860.52,1029.08,686.05,8575.65,50.15
B002480,P016,2024-07-21,89,2,87,3570.68,535.6,357.07,4463.35,50.15
B002481,P016,2024-07-28,154,3,151,6178.48,926.77,617.85,7723.1,50.15
B002482,P016,2024-08-04,84,2,82,3370.08,505.51,337.01,4212.6,50.15
B002483,P016,2024-08-11,176,4,172,7061.12,1059.17,706.11,8826.4,50.15
B002484,P016,2024-08-18,91,2,89,3650.92,547.64,365.09,4563.65,50.15
B002485,P016,2024-08-25,149,3,146,5977.88,896.68,597.79,7472.35,50.15
B002486,P016,2024-09-01,167,3,164,6700.04,1005.01,670.0,8375.05,50.15
B002487,P016,2024-09-08,135,3,132,5416.2,812.43,541.62,6770.25,50.15
B002488,P016,2024-09-15,316,6,310,12677.92,1901.69,1267.79,15847.4,50.15
B002489,P016,2024-09-22,269,5,264,10792.28,1618.84,1079.23,13490.35,50.15
B002490,P016,2024-09-29,149,3,146,5977.88,896.68,597.79,7472.35,50.15
B002491,P016,2024-10-06,304,6,298,12196.48,1829.47,1219.65,15245.6,50.15
B002492,P016,2024-10-13,158,3,155,6338.96,950.84,633.9,7923.7,50.15
B002493,P016,2024-10-20,127,3,124,5095.24,764.29,509.52,6369.05,50.15
B002494,P016,2024-10-27,83,2,81,3329.96,499.49,333.0,4162.45,50.15
B002495,P016,2024-11-03,163,3,160,6539.56,980.93,653.96,8174.45,50.15
B002496,P016,2024-11-10,90,2,88,3610.8,541.62,361.08,4513.5,50.15
B002497,P016,2024-11-17,103,2,101,4132.36,619.85,413.24,5165.45,50.15
B002498,P016,2024-11-24,134,3,131,5376.08,806.41,537.61,6720.1,50.15
B002499,P016,2024-12-01,188,4,184,7542.56,1131.38,754.26,9428.2,50.15
B002500,P016,2024-12-08,112,2,110,4493.44,674.02,449.34,5616.8,50.15
B002501,P016,2024-12-15,10,0,10,401.2,60.18,40.12,501.5,50.15
B002502,P016,2024-12-22,69,1,68,2768.28,415.24,276.83,3460.35,50.15
B002503,P016,2024-12-29,109,2,107,4373.08,655.96,437.31,5466.35,50.15
B002504,P016,2025-01-05,194,4,190,7783.28,1167.49,778.33,9729.1,50.15
B002505,P017,2022-01-02,77,2,75,2108.26,316.24,210.83,2635.33,34.23
B002506,P017,2022-01-09,213,4,209,5831.94,874.79,583.19,7289.92,34.22
B002507,P017,2022-01-16,250,5,245,6845.0,1026.75,684.5,8556.25,34.22
B002508,P017,2022-01-23,204,4,200,5585.52,837.83,558.55,6981.9,34.22
B002509,P017,2022-01-30,79,2,77,2163.02,324.45,216.3,2703.77,34.22
B002510,P017,2022-02-06,171,3,168,4681.98,702.3,468.2,5852.48,34.23
B002511,P017,2022-02-13,88,2,86,2409.44,361.42,240.94,3011.8,34.22
B002512,P017,2022-02-20,47,1,46,1286.86,193.03,128.69,1608.58,34.23
B002513,P017,2022-02-27,65,1,64,1779.7,266.96,177.97,2224.63,34.23
B002514,P017,2022-03-06,76,2,74,2080.88,312.13,208.09,2601.1,34.22
B002515,P017,2022-03-13,47,1,46,1286.86,193.03,128.69,1608.58,34.23
B002516,P017,2022-03-20,65,1,64,1779.7,266.96,177.97,2224.63,34.23
B002517,P017,2022-03-27,54,1,53,1478.52,221.78,147.85,1848.15,34.22
B002518,P017,2022-04-03,39,1,38,1067.82,160.17,106.78,1334.77,34.22
B002519,P017,2022-04-10,48,1,47,1314.24,197.14,131.42,1642.8,34.22
B002520,P017,2022-04-17,82,2,80,2245.16,336.77,224.52,2806.45,34.22
B002521,P017,2022-04-24,76,2,74,2080.88,312.13,208.09,2601.1,34.22
B002522,P017,2022-05-01,56,1,55,1533.28,229.99,153.33,1916.6,34.22
B002523,P017,2022-05-08,57,1,56,1560.66,234.1,156.07,1950.83,34.23
B002524,P017,2022-05-15,75,2,73,2053.5,308.02,205.35,2566.87,34.22
B002525,P017,2022-05-22,58,1,57,1588.04,238.21,158.8,1985.05,34.22
B002526,P017,2022-05-29,66,1,65,1807.08,271.06,180.71,2258.85,34.22
B002527,P017,2022-06-05,62,1,61,1697.56,254.63,169.76,2121.95,34.22
B002528,P017,2022-06-12,59,1,58,1615.42,242.31,161.54,2019.27,34.22
B002529,P017,2022-06-19,86,2,84,2354.68,353.2,235.47,2943.35,34.22
B002530,P017,2022-06-26,64,1,63,1752.32,262.85,175.23,2190.4,34.22
B002531,P017,2022-07-03,70,1,69,1916.6,287.49,191.66,2395.75,34.22
B002532,P017,2022-07-10,54,1,53,1478.52,221.78,147.85,1848.15,34.22
B002533,P017,2022-07-17,63,1,62,1724.94,258.74,172.49,2156.17,34.22
B002534,P017,2022-07-24,75,2,73,2053.5,308.02,205.35,2566.87,34.22
B002535,P017,2022-07-31,67,1,66,1834.46,275.17,183.45,2293.08,34.23
B002536,P017,2022-08-07,44,1,43,1204.72,180.71,120.47,1505.9,34.22
B002537,P017,2022-08-14,77,2,75,2108.26,316.24,210.83,2635.33,34.23
B002538,P017,2022-08-21,67,1,66,1834.46,275.17,183.45,2293.08,34.23
B002539,P017,2022-08-28,41,1,40,1122.58,168.39,112.26,1403.23,34.23
B002540,P017,2022-09-04,78,2,76,2135.64,320.35,213.56,2669.55,34.22
B002541,P017,2022-09-11,104,2,102,2847.52,427.13,284.75,3559.4,34.22
B002542,P017,2022-09-18,141,3,138,3860.58,579.09,386.06,4825.73,34.23
B002543,P017,2022-09-25,131,3,128,3586.78,538.02,358.68,4483.48,34.23
B002544,P017,2022-10-02,118,2,116,3230.84,484.63,323.08,4038.55,34.22
B002545,P017,2022-10-09,135,3,132,3696.3,554.45,369.63,4620.38,34.23
B002546,P017,2022-10-16,107,2,105,2929.66,439.45,292.97,3662.08,34.23
B002547,P017,2022-10-23,212,4,208,5804.56,870.68,580.46,7255.7,34.22
B002548,P017,2022-10-30,147,3,144,4024.86,603.73,402.49,5031.08,34.23
B002549,P017,2022-11-06,201,4,197,5503.38,825.51,550.34,6879.23,34.23
B002550,P017,2022-11-13,225,4,221,6160.5,924.08,616.05,7700.63,34.23
B002551,P017,2022-11-20,224,4,220,6133.12,919.97,613.31,7666.4,34.22
B002552,P017,2022-11-27,196,4,192,5366.48,804.97,536.65,6708.1,34.22
B002553,P017,2022-12-04,257,5,252,7036.66,1055.5,703.67,8795.83,34.23
B002554,P017,2022-12-11,145,3,142,3970.1,595.52,397.01,4962.63,34.23
B002555,P017,2022-12-18,153,3,150,4189.14,628.37,418.91,5236.42,34.22
B002556,P017,2022-12-25,250,5,245,6845.0,1026.75,684.5,8556.25,34.22
B002557,P017,2023-01-01,242,5,237,6625.96,993.89,662.6,8282.45,34.22
B002558,P017,2023-01-08,207,4,203,5667.66,850.15,566.77,7084.58,34.23
B002559,P017,2023-01-15,231,5,226,6324.78,948.72,632.48,7905.98,34.23
B002560,P017,2023-01-22,177,4,173,4846.26,726.94,484.63,6057.83,34.23
B002561,P017,2023-01-29,189,4,185,5174.82,776.22,517.48,6468.52,34.22
B002562,P017,2023-02-05,186,4,182,5092.68,763.9,509.27,6365.85,34.22
B002563,P017,2023-02-12,129,3,126,3532.02,529.8,353.2,4415.02,34.22
B002564,P017,2023-02-19,79,2,77,2163.02,324.45,216.3,2703.77,34.22
B002565,P017,2023-02-26,87,2,85,2382.06,357.31,238.21,2977.58,34.23
B002566,P017,2023-03-05,85,2,83,2327.3,349.1,232.73,2909.13,34.23
B002567,P017,2023-03-12,65,1,64,1779.7,266.96,177.97,2224.63,34.23
B002568,P017,2023-03-19,77,2,75,2108.26,316.24,210.83,2635.33,34.23
B002569,P017,2023-03-26,70,1,69,1916.6,287.49,191.66,2395.75,34.22
B002570,P017,2023-04-02,54,1,53,1478.52,221.78,147.85,1848.15,34.22
B002571,P017,2023-04-09,64,1,63,1752.32,262.85,175.23,2190.4,34.22
B002572,P017,2023-04-16,69,1,68,1889.22,283.38,188.92,2361.52,34.22
B002573,P017,2023-04-23,54,1,53,1478.52,221.78,147.85,1848.15,34.22
B002574,P017,2023-04-30,59,1,58,1615.42,242.31,161.54,2019.27,34.22
B002575,P017,2023-05-07,43,1,42,1177.34,176.6,117.73,1471.67,34.22
B002576,P017,2023-05-14,62,1,61,1697.56,254.63,169.76,2121.95,34.22
B002577,P017,2023-05-21,82,2,80,2245.16,336.77,224.52,2806.45,34.22
B002578,P017,2023-05-28,75,2,73,2053.5,308.02,205.35,2566.87,34.22
B002579,P017,2023-06-04,40,1,39,1095.2,164.28,109.52,1369.0,34.22
B002580,P017,2023-06-11,83,2,81,2272.54,340.88,227.25,2840.67,34.22
B002581,P017,2023-06-18,86,2,84,2354.68,353.2,235.47,2943.35,34.22
B002582,P017,2023-06-25,54,1,53,1478.52,221.78,147.85,1848.15,34.22
B002583,P017,2023-07-02,57,1,56,1560.66,234.1,156.07,1950.83,34.23
B002584,P017,2023-07-09,77,2,75,2108.26,316.24,210.83,2635.33,34.23
B002585,P017,2023-07-16,101,2,99,2765.38,414.81,276.54,3456.73,34.23
B002586,P017,2023-07-23,52,1,51,1423.76,213.56,142.38,1779.7,34.22
B002587,P017,2023-07-30,56,1,55,1533.28,229.99,153.33,1916.6,34.22
B002588,P017,2023-08-06,93,2,91,2546.34,381.95,254.63,3182.92,34.22
B002589,P017,2023-08-13,64,1,63,1752.32,262.85,175.23,2190.4,34.22
B002590,P017,2023-08-20,55,1,54,1505.9,225.89,150.59,1882.38,34.23
B002591,P017,2023-08-27,69,1,68,1889.22,283.38,188.92,2361.52,34.22
B002592,P017,2023-09-03,75,2,73,2053.5,308.02,205.35,2566.87,34.22
B002593,P017,2023-09-10,77,2,75,2108.26,316.24,210.83,2635.33,34.23
B002594,P017,2023-09-17,110,2,108,3011.8,451.77,301.18,3764.75,34.22
B002595,P017,2023-09-24,95,2,93,2601.1,390.16,260.11,3251.37,34.22
B002596,P017,2023-10-01,118,2,116,3230.84,484.63,323.08,4038.55,34.22
B002597,P017,2023-10-08,107,2,105,2929.66,439.45,292.97,3662.08,34.23
B002598,P017,2023-10-15,139,3,136,3805.82,570.87,380.58,4757.27,34.22
B002599,P017,2023-10-22,260,5,255,7118.8,1067.82,711.88,8898.5,34.22
B002600,P017,2023-10-29,196,4,192,5366.48,804.97,536.65,6708.1,34.22
B002601,P017,2023-11-05,210,4,206,5749.8,862.47,574.98,7187.25,34.22
B002602,P017,2023-11-12,176,4,172,4818.88,722.83,481.89,6023.6,34.22
B002603,P017,2023-11-19,287,6,281,7858.06,1178.71,785.81,9822.58,34.23
B002604,P017,2023-11-26,175,4,171,4791.5,718.72,479.15,5989.37,34.22
B002605,P017,2023-12-03,176,4,172,4818.88,722.83,481.89,6023.6,34.22
B002606,P017,2023-12-10,275,6,269,7529.5,1129.42,752.95,9411.87,34.22
B002607,P017,2023-12-17,312,6,306,8542.56,1281.38,854.26,10678.2,34.22
B002608,P017,2023-12-24,167,3,164,4572.46,685.87,457.25,5715.58,34.23
B002609,P017,2023-12-31,280,6,274,7666.4,1149.96,766.64,9583.0,34.22
B002610,P017,2024-01-07,200,4,196,5476.0,821.4,547.6,6845.0,34.22
B002611,P017,2024-01-14,238,5,233,6516.44,977.47,651.64,8145.55,34.22
B002612,P017,2024-01-21,226,5,221,6187.88,928.18,618.79,7734.85,34.22
B002613,P017,2024-01-28,300,6,294,8214.0,1232.1,821.4,10267.5,34.22
B002614,P017,2024-02-04,253,5,248,6927.14,1039.07,692.71,8658.92,34.22
B002615,P017,2024-02-11,179,4,175,4901.02,735.15,490.1,6126.27,34.22
B002616,P017,2024-02-18,109,2,107,2984.42,447.66,298.44,3730.52,34.22
B002617,P017,2024-02-25,89,2,87,2436.82,365.52,243.68,3046.02,34.22
B002618,P017,2024-03-03,45,1,44,1232.1,184.81,123.21,1540.12,34.22
B002619,P017,2024-03-10,124,2,122,3395.12,509.27,339.51,4243.9,34.22
B002620,P017,2024-03-17,105,2,103,2874.9,431.24,287.49,3593.63,34.23
B002621,P017,2024-03-24,93,2,91,2546.34,381.95,254.63,3182.92,34.22
B002622,P017,2024-03-31,50,1,49,1369.0,205.35,136.9,1711.25,34.22
B002623,P017,2024-04-07,70,1,69,1916.6,287.49,191.66,2395.75,34.22
B002624,P017,2024-04-14,105,2,103,2874.9,431.24,287.49,3593.63,34.23
B002625,P017,2024-04-21,112,2,110,3066.56,459.98,306.66,3833.2,34.22
B002626,P017,2024-04-28,126,3,123,3449.88,517.48,344.99,4312.35,34.22
B002627,P017,2024-05-05,63,1,62,1724.94,258.74,172.49,2156.17,34.22
B002628,P017,2024-05-12,50,1,49,1369.0,205.35,136.9,1711.25,34.22
B002629,P017,2024-05-19,125,2,123,3422.5,513.38,342.25,4278.13,34.23
B002630,P017,2024-05-26,63,1,62,1724.94,258.74,172.49,2156.17,34.22
B002631,P017,2024-06-02,60,1,59,1642.8,246.42,164.28,2053.5,34.22
B002632,P017,2024-06-09,84,2,82,2299.92,344.99,229.99,2874.9,34.22
B002633,P017,2024-06-16,95,2,93,2601.1,390.16,260.11,3251.37,34.22
B002634,P017,2024-06-23,77,2,75,2108.26,316.24,210.83,2635.33,34.23
B002635,P017,2024-06-30,101,2,99,2765.38,414.81,276.54,3456.73,34.23
B002636,P017,2024-07-07,87,2,85,2382.06,357.31,238.21,2977.58,34.23
B002637,P017,2024-07-14,72,1,71,1971.36,295.7,197.14,2464.2,34.22
B002638,P017,2024-07-21,118,2,116,3230.84,484.63,323.08,4038.55,34.22
B002639,P017,2024-07-28,115,2,113,3148.7,472.3,314.87,3935.87,34.22
B002640,P017,2024-08-04,76,2,74,2080.88,312.13,208.09,2601.1,34.22
B002641,P017,2024-08-11,108,2,106,2957.04,443.56,295.7,3696.3,34.22
B002642,P017,2024-08-18,124,2,122,3395.12,509.27,339.51,4243.9,34.22
B002643,P017,2024-08-25,116,2,114,3176.08,476.41,317.61,3970.1,34.22
B002644,P017,2024-09-01,134,3,131,3668.92,550.34,366.89,4586.15,34.22
B002645,P017,2024-09-08,125,2,123,3422.5,513.38,342.25,4278.13,34.23
B002646,P017,2024-09-15,116,2,114,3176.08,476.41,317.61,3970.1,34.22
B002647,P017,2024-09-22,205,4,201,5612.9,841.94,561.29,7016.13,34.23
B002648,P017,2024-09-29,210,4,206,5749.8,862.47,574.98,7187.25,34.22
B002649,P017,2024-10-06,196,4,192,5366.48,804.97,536.65,6708.1,34.22
B002650,P017,2024-10-13,319,6,313,8734.22,1310.13,873.42,10917.77,34.22
B002651,P017,2024-10-20,315,6,309,8624.7,1293.71,862.47,10780.88,34.23
B002652,P017,2024-10-27,175,4,171,4791.5,718.72,479.15,5989.37,34.22
B002653,P017,2024-11-03,248,5,243,6790.24,1018.54,679.02,8487.8,34.22
B002654,P017,2024-11-10,228,5,223,6242.64,936.4,624.26,7803.3,34.22
B002655,P017,2024-11-17,151,3,148,4134.38,620.16,413.44,5167.98,34.23
B002656,P017,2024-11-24,245,5,240,6708.1,1006.22,670.81,8385.13,34.23
B002657,P017,2024-12-01,302,6,296,8268.76,1240.31,826.88,10335.95,34.22
B002658,P017,2024-12-08,228,5,223,6242.64,936.4,624.26,7803.3,34.22
B002659,P017,2024-12-15,94,2,92,2573.72,386.06,257.37,3217.15,34.22
B002660,P017,2024-12-22,158,3,155,4326.04,648.91,432.6,5407.55,34.22
B002661,P017,2024-12-29,25,0,25,684.5,102.68,68.45,855.63,34.23
B002662,P017,2025-01-05,190,4,186,5202.2,780.33,520.22,6502.75,34.22
B002663,P018,2022-01-02,166,3,163,6166.9,925.03,616.69,7708.62,46.44
B002664,P018,2022-01-09,157,3,154,5832.55,874.88,583.26,7290.69,46.44
B002665,P018,2022-01-16,94,2,92,3492.1,523.81,349.21,4365.12,46.44
B002666,P018,2022-01-23,247,5,242,9176.05,1376.41,917.6,11470.06,46.44
B002667,P018,2022-01-30,191,4,187,7095.65,1064.35,709.56,8869.56,46.44
B002668,P018,2022-02-06,178,4,174,6612.7,991.9,661.27,8265.87,46.44
B002669,P018,2022-02-13,99,2,97,3677.85,551.68,367.78,4597.31,46.44
B002670,P018,2022-02-20,59,1,58,2191.85,328.78,219.18,2739.81,46.44
B002671,P018,2022-02-27,72,1,71,2674.8,401.22,267.48,3343.5,46.44
B002672,P018,2022-03-06,73,1,72,2711.95,406.79,271.2,3389.94,46.44
B002673,P018,2022-03-13,58,1,57,2154.7,323.2,215.47,2693.37,46.44
B002674,P018,2022-03-20,72,1,71,2674.8,401.22,267.48,3343.5,46.44
B002675,P018,2022-03-27,87,2,85,3232.05,484.81,323.21,4040.07,46.44
B002676,P018,2022-04-03,85,2,83,3157.75,473.66,315.78,3947.19,46.44
B002677,P018,2022-04-10,114,2,112,4235.1,635.26,423.51,5293.87,46.44
B002678,P018,2022-04-17,101,2,99,3752.15,562.82,375.22,4690.19,46.44
B002679,P018,2022-04-24,85,2,83,3157.75,473.66,315.78,3947.19,46.44
B002680,P018,2022-05-01,68,1,67,2526.2,378.93,252.62,3157.75,46.44
B002681,P018,2022-05-08,75,2,73,2786.25,417.94,278.62,3482.81,46.44
B002682,P018,2022-05-15,89,2,87,3306.35,495.95,330.64,4132.94,46.44
B002683,P018,2022-05-22,75,2,73,2786.25,417.94,278.62,3482.81,46.44
B002684,P018,2022-05-29,76,2,74,2823.4,423.51,282.34,3529.25,46.44
B002685,P018,2022-06-05,76,2,74,2823.4,423.51,282.34,3529.25,46.44
B002686,P018,2022-06-12,71,1,70,2637.65,395.65,263.77,3297.07,46.44
B002687,P018,2022-06-19,58,1,57,2154.7,323.2,215.47,2693.37,46.44
B002688,P018,2022-06-26,114,2,112,4235.1,635.26,423.51,5293.87,46.44
B002689,P018,2022-07-03,74,1,73,2749.1,412.36,274.91,3436.37,46.44
B002690,P018,2022-07-10,81,2,79,3009.15,451.37,300.92,3761.44,46.44
B002691,P018,2022-07-17,66,1,65,2451.9,367.78,245.19,3064.87,46.44
B002692,P018,2022-07-24,89,2,87,3306.35,495.95,330.64,4132.94,46.44
B002693,P018,2022-07-31,104,2,102,3863.6,579.54,386.36,4829.5,46.44
B002694,P018,2022-08-07,68,1,67,2526.2,378.93,252.62,3157.75,46.44
B002695,P018,2022-08-14,91,2,89,3380.65,507.1,338.07,4225.82,46.44
B002696,P018,2022-08-21,100,2,98,3715.0,557.25,371.5,4643.75,46.44
B002697,P018,2022-08-28,61,1,60,2266.15,339.92,226.62,2832.69,46.44
B002698,P018,2022-09-04,89,2,87,3306.35,495.95,330.64,4132.94,46.44
B002699,P018,2022-09-11,125,2,123,4643.75,696.56,464.38,5804.69,46.44
B002700,P018,2022-09-18,73,1,72,2711.95,406.79,271.2,3389.94,46.44
B002701,P018,2022-09-25,116,2,114,4309.4,646.41,430.94,5386.75,46.44
B002702,P018,2022-10-02,149,3,146,5535.35,830.3,553.54,6919.19,46.44
B002703,P018,2022-10-09,141,3,138,5238.15,785.72,523.81,6547.68,46.44
B002704,P018,2022-10-16,205,4,201,7615.75,1142.36,761.58,9519.69,46.44
B002705,P018,2022-10-23,186,4,182,6909.9,1036.48,690.99,8637.37,46.44
B002706,P018,2022-10-30,228,5,223,8470.2,1270.53,847.02,10587.75,46.44
B002707,P018,2022-11-06,229,5,224,8507.35,1276.1,850.74,10634.19,46.44
B002708,P018,2022-11-13,318,6,312,11813.7,1772.06,1181.37,14767.13,46.44
B002709,P018,2022-11-20,272,5,267,10104.8,1515.72,1010.48,12631.0,46.44
B002710,P018,2022-11-27,371,7,364,13782.65,2067.4,1378.26,17228.31,46.44
B002711,P018,2022-12-04,228,5,223,8470.2,1270.53,847.02,10587.75,46.44
B002712,P018,2022-12-11,286,6,280,10624.9,1593.74,1062.49,13281.13,46.44
B002713,P018,2022-12-18,164,3,161,6092.6,913.89,609.26,7615.75,46.44
B002714,P018,2022-12-25,202,4,198,7504.3,1125.64,750.43,9380.37,46.44
B002715,P018,2023-01-01,145,3,142,5386.75,808.01,538.68,6733.44,46.44
B002716,P018,2023-01-08,168,3,165,6241.2,936.18,624.12,7801.5,46.44
B002717,P018,2023-01-15,216,4,212,8024.4,1203.66,802.44,10030.5,46.44
B002718,P018,2023-01-22,203,4,199,7541.45,1131.22,754.14,9426.81,46.44
B002719,P018,2023-01-29,144,3,141,5349.6,802.44,534.96,6687.0,46.44
B002720,P018,2023-02-05,243,5,238,9027.45,1354.12,902.75,11284.32,46.44
B002721,P018,2023-02-12,115,2,113,4272.25,640.84,427.22,5340.31,46.44
B002722,P018,2023-02-19,61,1,60,2266.15,339.92,226.62,2832.69,46.44
B002723,P018,2023-02-26,93,2,91,3454.95,518.24,345.5,4318.69,46.44
B002724,P018,2023-03-05,53,1,52,1968.95,295.34,196.9,2461.19,46.44
B002725,P018,2023-03-12,149,3,146,5535.35,830.3,553.54,6919.19,46.44
B002726,P018,2023-03-19,71,1,70,2637.65,395.65,263.77,3297.07,46.44
B002727,P018,2023-03-26,90,2,88,3343.5,501.52,334.35,4179.37,46.44
B002728,P018,2023-04-02,132,3,129,4903.8,735.57,490.38,6129.75,46.44
B002729,P018,2023-04-09,69,1,68,2563.35,384.5,256.33,3204.18,46.44
B002730,P018,2023-04-16,65,1,64,2414.75,362.21,241.48,3018.44,46.44
B002731,P018,2023-04-23,71,1,70,2637.65,395.65,263.77,3297.07,46.44
B002732,P018,2023-04-30,67,1,66,2489.05,373.36,248.91,3111.32,46.44
B002733,P018,2023-05-07,95,2,93,3529.25,529.39,352.92,4411.56,46.44
B002734,P018,2023-05-14,64,1,63,2377.6,356.64,237.76,2972.0,46.44
B002735,P018,2023-05-21,79,2,77,2934.85,440.23,293.48,3668.56,46.44
B002736,P018,2023-05-28,88,2,86,3269.2,490.38,326.92,4086.5,46.44
B002737,P018,2023-06-04,38,1,37,1411.7,211.76,141.17,1764.63,46.44
B002738,P018,2023-06-11,79,2,77,2934.85,440.23,293.48,3668.56,46.44
B002739,P018,2023-06-18,140,3,137,5201.0,780.15,520.1,6501.25,46.44
B002740,P018,2023-06-25,95,2,93,3529.25,529.39,352.92,4411.56,46.44
B002741,P018,2023-07-02,85,2,83,3157.75,473.66,315.78,3947.19,46.44
B002742,P018,2023-07-09,64,1,63,2377.6,356.64,237.76,2972.0,46.44
B002743,P018,2023-07-16,106,2,104,3937.9,590.68,393.79,4922.37,46.44
B002744,P018,2023-07-23,108,2,106,4012.2,601.83,401.22,5015.25,46.44
B002745,P018,2023-07-30,62,1,61,2303.3,345.5,230.33,2879.13,46.44
B002746,P018,2023-08-06,73,1,72,2711.95,406.79,271.2,3389.94,46.44
B002747,P018,2023-08-13,87,2,85,3232.05,484.81,323.21,4040.07,46.44
B002748,P018,2023-08-20,89,2,87,3306.35,495.95,330.64,4132.94,46.44
B002749,P018,2023-08-27,95,2,93,3529.25,529.39,352.92,4411.56,46.44
B002750,P018,2023-09-03,78,2,76,2897.7,434.66,289.77,3622.13,46.44
B002751,P018,2023-09-10,96,2,94,3566.4,534.96,356.64,4458.0,46.44
B002752,P018,2023-09-17,127,3,124,4718.05,707.71,471.81,5897.57,46.44
B002753,P018,2023-09-24,139,3,136,5163.85,774.58,516.39,6454.82,46.44
B002754,P018,2023-10-01,185,4,181,6872.75,1030.91,687.28,8590.94,46.44
B002755,P018,2023-10-08,106,2,104,3937.9,590.68,393.79,4922.37,46.44
B002756,P018,2023-10-15,246,5,241,9138.9,1370.83,913.89,11423.62,46.44
B002757,P018,2023-10-22,155,3,152,5758.25,863.74,575.83,7197.82,46.44
B002758,P018,2023-10-29,258,5,253,9584.7,1437.71,958.47,11980.88,46.44
B002759,P018,2023-11-05,296,6,290,10996.4,1649.46,1099.64,13745.5,46.44
B002760,P018,2023-11-12,169,3,166,6278.35,941.75,627.84,7847.94,46.44
B002761,P018,2023-11-19,343,7,336,12742.45,1911.37,1274.25,15928.07,46.44
B002762,P018,2023-11-26,203,4,199,7541.45,1131.22,754.14,9426.81,46.44
B002763,P018,2023-12-03,247,5,242,9176.05,1376.41,917.6,11470.06,46.44
B002764,P018,2023-12-10,221,4,217,8210.15,1231.52,821.02,10262.69,46.44
B002765,P018,2023-12-17,227,5,222,8433.05,1264.96,843.3,10541.31,46.44
B002766,P018,2023-12-24,161,3,158,5981.15,897.17,598.12,7476.44,46.44
B002767,P018,2023-12-31,206,4,202,7652.9,1147.94,765.29,9566.13,46.44
B002768,P018,2024-01-07,215,4,211,7987.25,1198.09,798.72,9984.06,46.44
B002769,P018,2024-01-14,228,5,223,8470.2,1270.53,847.02,10587.75,46.44
B002770,P018,2024-01-21,250,5,245,9287.5,1393.12,928.75,11609.37,46.44
B002771,P018,2024-01-28,222,4,218,8247.3,1237.09,824.73,10309.12,46.44
B002772,P018,2024-02-04,274,5,269,10179.1,1526.86,1017.91,12723.87,46.44
B002773,P018,2024-02-11,231,5,226,8581.65,1287.25,858.16,10727.06,46.44
B002774,P018,2024-02-18,57,1,56,2117.55,317.63,211.76,2646.94,46.44
B002775,P018,2024-02-25,106,2,104,3937.9,590.68,393.79,4922.37,46.44
B002776,P018,2024-03-03,76,2,74,2823.4,423.51,282.34,3529.25,46.44
B002777,P018,2024-03-10,68,1,67,2526.2,378.93,252.62,3157.75,46.44
B002778,P018,2024-03-17,112,2,110,4160.8,624.12,416.08,5201.0,46.44
B002779,P018,2024-03-24,63,1,62,2340.45,351.07,234.04,2925.56,46.44
B002780,P018,2024-03-31,85,2,83,3157.75,473.66,315.78,3947.19,46.44
B002781,P018,2024-04-07,127,3,124,4718.05,707.71,471.81,5897.57,46.44
B002782,P018,2024-04-14,73,1,72,2711.95,406.79,271.2,3389.94,46.44
B002783,P018,2024-04-21,85,2,83,3157.75,473.66,315.78,3947.19,46.44
B002784,P018,2024-04-28,57,1,56,2117.55,317.63,211.76,2646.94,46.44
B002785,P018,2024-05-05,72,1,71,2674.8,401.22,267.48,3343.5,46.44
B002786,P018,2024-05-12,94,2,92,3492.1,523.81,349.21,4365.12,46.44
B002787,P018,2024-05-19,112,2,110,4160.8,624.12,416.08,5201.0,46.44
B002788,P018,2024-05-26,79,2,77,2934.85,440.23,293.48,3668.56,46.44
B002789,P018,2024-06-02,68,1,67,2526.2,378.93,252.62,3157.75,46.44
B002790,P018,2024-06-09,103,2,101,3826.45,573.97,382.64,4783.06,46.44
B002791,P018,2024-06-16,103,2,101,3826.45,573.97,382.64,4783.06,46.44
B002792,P018,2024-06-23,124,2,122,4606.6,690.99,460.66,5758.25,46.44
B002793,P018,2024-06-30,113,2,111,4197.95,629.69,419.8,5247.44,46.44
B002794,P018,2024-07-07,80,2,78,2972.0,445.8,297.2,3715.0,46.44
B002795,P018,2024-07-14,155,3,152,5758.25,863.74,575.83,7197.82,46.44
B002796,P018,2024-07-21,114,2,112,4235.1,635.26,423.51,5293.87,46.44
B002797,P018,2024-07-28,104,2,102,3863.6,579.54,386.36,4829.5,46.44
B002798,P018,2024-08-04,103,2,101,3826.45,573.97,382.64,4783.06,46.44
B002799,P018,2024-08-11,124,2,122,4606.6,690.99,460.66,5758.25,46.44
B002800,P018,2024-08-18,107,2,105,3975.05,596.26,397.51,4968.82,46.44
B002801,P018,2024-08-25,59,1,58,2191.85,328.78,219.18,2739.81,46.44
B002802,P018,2024-09-01,164,3,161,6092.6,913.89,609.26,7615.75,46.44
B002803,P018,2024-09-08,94,2,92,3492.1,523.81,349.21,4365.12,46.44
B002804,P018,2024-09-15,211,4,207,7838.65,1175.8,783.86,9798.31,46.44
B002805,P018,2024-09-22,201,4,197,7467.15,1120.07,746.72,9333.94,46.44
B002806,P018,2024-09-29,142,3,139,5275.3,791.3,527.53,6594.13,46.44
B002807,P018,2024-10-06,219,4,215,8135.85,1220.38,813.58,10169.81,46.44
B002808,P018,2024-10-13,207,4,203,7690.05,1153.51,769.01,9612.57,46.44
B002809,P018,2024-10-20,260,5,255,9659.0,1448.85,965.9,12073.75,46.44
B002810,P018,2024-10-27,204,4,200,7578.6,1136.79,757.86,9473.25,46.44
B002811,P018,2024-11-03,271,5,266,10067.65,1510.15,1006.76,12584.56,46.44
B002812,P018,2024-11-10,275,6,269,10216.25,1532.44,1021.62,12770.31,46.44
B002813,P018,2024-11-17,212,4,208,7875.8,1181.37,787.58,9844.75,46.44
B002814,P018,2024-11-24,167,3,164,6204.05,930.61,620.41,7755.07,46.44
B002815,P018,2024-12-01,260,5,255,9659.0,1448.85,965.9,12073.75,46.44
B002816,P018,2024-12-08,312,6,306,11590.8,1738.62,1159.08,14488.5,46.44
B002817,P018,2024-12-15,68,1,67,2526.2,378.93,252.62,3157.75,46.44
B002818,P018,2024-12-22,186,4,182,6909.9,1036.48,690.99,8637.37,46.44
B002819,P018,2025-01-05,220,4,216,8173.0,1225.95,817.3,10216.25,46.44
B002820,P019,2022-01-09,66,1,65,2911.26,436.69,291.13,3639.08,55.14
B002821,P019,2022-01-16,77,2,75,3396.47,509.47,339.65,4245.59,55.14
B002822,P019,2022-01-23,89,2,87,3925.79,588.87,392.58,4907.24,55.14
B002823,P019,2022-01-30,68,1,67,2999.48,449.92,299.95,3749.35,55.14
B002824,P019,2022-02-06,83,2,81,3661.13,549.17,366.11,4576.41,55.14
B002825,P019,2022-02-13,71,1,70,3131.81,469.77,313.18,3914.76,55.14
B002826,P019,2022-02-20,130,3,127,5734.3,860.14,573.43,7167.87,55.14
B002827,P019,2022-02-27,141,3,138,6219.51,932.93,621.95,7774.39,55.14
B002828,P019,2022-03-06,87,2,85,3837.57,575.64,383.76,4796.97,55.14
B002829,P019,2022-03-13,98,2,96,4322.78,648.42,432.28,5403.48,55.14
B002830,P019,2022-03-20,131,3,128,5778.41,866.76,577.84,7223.01,55.14
B002831,P019,2022-03-27,97,2,95,4278.67,641.8,427.87,5348.34,55.14
B002832,P019,2022-04-03,89,2,87,3925.79,588.87,392.58,4907.24,55.14
B002833,P019,2022-04-10,163,3,160,7189.93,1078.49,718.99,8987.41,55.14
B002834,P019,2022-04-17,125,2,123,5513.75,827.06,551.38,6892.19,55.14
B002835,P019,2022-04-24,173,3,170,7631.03,1144.65,763.1,9538.78,55.14
B002836,P019,2022-05-01,89,2,87,3925.79,588.87,392.58,4907.24,55.14
B002837,P019,2022-05-08,136,3,133,5998.96,899.84,599.9,7498.7,55.14
B002838,P019,2022-05-15,61,1,60,2690.71,403.61,269.07,3363.39,55.14
B002839,P019,2022-05-22,106,2,104,4675.66,701.35,467.57,5844.58,55.14
B002840,P019,2022-05-29,104,2,102,4587.44,688.12,458.74,5734.3,55.14
B002841,P019,2022-06-05,140,3,137,6175.4,926.31,617.54,7719.25,55.14
B002842,P019,2022-06-12,120,2,118,5293.2,793.98,529.32,6616.5,55.14
B002843,P019,2022-06-19,116,2,114,5116.76,767.51,511.68,6395.95,55.14
B002844,P019,2022-06-26,133,3,130,5866.63,879.99,586.66,7333.28,55.14
B002845,P019,2022-07-03,136,3,133,5998.96,899.84,599.9,7498.7,55.14
B002846,P019,2022-07-10,117,2,115,5160.87,774.13,516.09,6451.09,55.14
B002847,P019,2022-07-17,127,3,124,5601.97,840.3,560.2,7002.47,55.14
B002848,P019,2022-07-24,164,3,161,7234.04,1085.11,723.4,9042.55,55.14
B002849,P019,2022-07-31,63,1,62,2778.93,416.84,277.89,3473.66,55.14
B002850,P019,2022-08-07,71,1,70,3131.81,469.77,313.18,3914.76,55.14
B002851,P019,2022-08-14,126,3,123,5557.86,833.68,555.79,6947.33,55.14
B002852,P019,2022-08-21,67,1,66,2955.37,443.31,295.54,3694.22,55.14
B002853,P019,2022-08-28,138,3,135,6087.18,913.08,608.72,7608.98,55.14
B002854,P019,2022-09-04,102,2,100,4499.22,674.88,449.92,5624.02,55.14
B002855,P019,2022-09-11,142,3,139,6263.62,939.54,626.36,7829.52,55.14
B002856,P019,2022-09-18,249,5,244,10983.39,1647.51,1098.34,13729.24,55.14
B002857,P019,2022-09-25,177,4,173,7807.47,1171.12,780.75,9759.34,55.14
B002858,P019,2022-10-02,191,4,187,8425.01,1263.75,842.5,10531.26,55.14
B002859,P019,2022-10-09,248,5,243,10939.28,1640.89,1093.93,13674.1,55.14
B002860,P019,2022-10-16,143,3,140,6307.73,946.16,630.77,7884.66,55.14
B002861,P019,2022-10-23,135,3,132,5954.85,893.23,595.48,7443.56,55.14
B002862,P019,2022-10-30,105,2,103,4631.55,694.73,463.16,5789.44,55.14
B002863,P019,2022-11-06,155,3,152,6837.05,1025.56,683.7,8546.31,55.14
B002864,P019,2022-11-13,128,3,125,5646.08,846.91,564.61,7057.6,55.14
B002865,P019,2022-11-20,150,3,147,6616.5,992.47,661.65,8270.62,55.14
B002866,P019,2022-11-27,133,3,130,5866.63,879.99,586.66,7333.28,55.14
B002867,P019,2022-12-04,102,2,100,4499.22,674.88,449.92,5624.02,55.14
B002868,P019,2022-12-11,112,2,110,4940.32,741.05,494.03,6175.4,55.14
B002869,P019,2022-12-18,120,2,118,5293.2,793.98,529.32,6616.5,55.14
B002870,P019,2022-12-25,84,2,82,3705.24,555.79,370.52,4631.55,55.14
B002871,P019,2023-01-01,111,2,109,4896.21,734.43,489.62,6120.26,55.14
B002872,P019,2023-01-08,147,3,144,6484.17,972.63,648.42,8105.22,55.14
B002873,P019,2023-01-15,146,3,143,6440.06,966.01,644.01,8050.08,55.14
B002874,P019,2023-01-22,98,2,96,4322.78,648.42,432.28,5403.48,55.14
B002875,P019,2023-01-29,99,2,97,4366.89,655.03,436.69,5458.61,55.14
B002876,P019,2023-02-05,106,2,104,4675.66,701.35,467.57,5844.58,55.14
B002877,P019,2023-02-12,157,3,154,6925.27,1038.79,692.53,8656.59,55.14
B002878,P019,2023-02-19,163,3,160,7189.93,1078.49,718.99,8987.41,55.14
B002879,P019,2023-02-26,130,3,127,5734.3,860.14,573.43,7167.87,55.14
B002880,P019,2023-03-05,154,3,151,6792.94,1018.94,679.29,8491.17,55.14
B002881,P019,2023-03-12,129,3,126,5690.19,853.53,569.02,7112.74,55.14
B002882,P019,2023-03-19,152,3,149,6704.72,1005.71,670.47,8380.9,55.14
B002883,P019,2023-03-26,135,3,132,5954.85,893.23,595.48,7443.56,55.14
B002884,P019,2023-04-02,182,4,178,8028.02,1204.2,802.8,10035.02,55.14
B002885,P019,2023-04-09,113,2,111,4984.43,747.66,498.44,6230.53,55.14
B002886,P019,2023-04-16,166,3,163,7322.26,1098.34,732.23,9152.83,55.14
B002887,P019,2023-04-23,170,3,167,7498.7,1124.8,749.87,9373.37,55.14
B002888,P019,2023-04-30,106,2,104,4675.66,701.35,467.57,5844.58,55.14
B002889,P019,2023-05-07,115,2,113,5072.65,760.9,507.26,6340.81,55.14
B002890,P019,2023-05-14,135,3,132,5954.85,893.23,595.48,7443.56,55.14
B002891,P019,2023-05-21,126,3,123,5557.86,833.68,555.79,6947.33,55.14
B002892,P019,2023-05-28,72,1,71,3175.92,476.39,317.59,3969.9,55.14
B002893,P019,2023-06-04,74,1,73,3264.14,489.62,326.41,4080.17,55.14
B002894,P019,2023-06-11,144,3,141,6351.84,952.78,635.18,7939.8,55.14
B002895,P019,2023-06-18,121,2,119,5337.31,800.6,533.73,6671.64,55.14
B002896,P019,2023-06-25,28,1,27,1235.08,185.26,123.51,1543.85,55.14
B002897,P019,2023-07-02,117,2,115,5160.87,774.13,516.09,6451.09,55.14
B002898,P019,2023-07-09,163,3,160,7189.93,1078.49,718.99,8987.41,55.14
B002899,P019,2023-07-16,81,2,79,3572.91,535.94,357.29,4466.14,55.14
B002900,P019,2023-07-23,151,3,148,6660.61,999.09,666.06,8325.76,55.14
B002901,P019,2023-07-30,118,2,116,5204.98,780.75,520.5,6506.23,55.14
B002902,P019,2023-08-06,115,2,113,5072.65,760.9,507.26,6340.81,55.14
B002903,P019,2023-08-13,123,2,121,5425.53,813.83,542.55,6781.91,55.14
B002904,P019,2023-08-20,96,2,94,4234.56,635.18,423.46,5293.2,55.14
B002905,P019,2023-08-27,158,3,155,6969.38,1045.41,696.94,8711.73,55.14
B002906,P019,2023-09-03,122,2,120,5381.42,807.21,538.14,6726.77,55.14
B002907,P019,2023-09-10,132,3,129,5822.52,873.38,582.25,7278.15,55.14
B002908,P019,2023-09-17,131,3,128,5778.41,866.76,577.84,7223.01,55.14
B002909,P019,2023-09-24,231,5,226,10189.41,1528.41,1018.94,12736.76,55.14
B002910,P019,2023-10-01,326,7,319,14379.86,2156.98,1437.99,17974.83,55.14
B002911,P019,2023-10-08,151,3,148,6660.61,999.09,666.06,8325.76,55.14
B002912,P019,2023-10-15,169,3,166,7454.59,1118.19,745.46,9318.24,55.14
B002913,P019,2023-10-22,124,2,122,5469.64,820.45,546.96,6837.05,55.14
B002914,P019,2023-10-29,153,3,150,6748.83,1012.32,674.88,8436.03,55.14
B002915,P019,2023-11-05,128,3,125,5646.08,846.91,564.61,7057.6,55.14
B002916,P019,2023-11-12,97,2,95,4278.67,641.8,427.87,5348.34,55.14
B002917,P019,2023-11-19,164,3,161,7234.04,1085.11,723.4,9042.55,55.14
B002918,P019,2023-11-26,115,2,113,5072.65,760.9,507.26,6340.81,55.14
B002919,P019,2023-12-03,92,2,90,4058.12,608.72,405.81,5072.65,55.14
B002920,P019,2023-12-10,132,3,129,5822.52,873.38,582.25,7278.15,55.14
B002921,P019,2023-12-17,162,3,159,7145.82,1071.87,714.58,8932.27,55.14
B002922,P019,2023-12-24,123,2,121,5425.53,813.83,542.55,6781.91,55.14
B002923,P019,2023-12-31,97,2,95,4278.67,641.8,427.87,5348.34,55.14
B002924,P019,2024-01-07,164,3,161,7234.04,1085.11,723.4,9042.55,55.14
B002925,P019,2024-01-14,215,4,211,9483.65,1422.55,948.36,11854.56,55.14
B002926,P019,2024-01-21,109,2,107,4807.99,721.2,480.8,6009.99,55.14
B002927,P019,2024-01-28,218,4,214,9615.98,1442.4,961.6,12019.98,55.14
B002928,P019,2024-02-04,129,3,126,5690.19,853.53,569.02,7112.74,55.14
B002929,P019,2024-02-11,82,2,80,3617.02,542.55,361.7,4521.27,55.14
B002930,P019,2024-02-18,163,3,160,7189.93,1078.49,718.99,8987.41,55.14
B002931,P019,2024-02-25,121,2,119,5337.31,800.6,533.73,6671.64,55.14
B002932,P019,2024-03-03,144,3,141,6351.84,952.78,635.18,7939.8,55.14
B002933,P019,2024-03-10,172,3,169,7586.92,1138.04,758.69,9483.65,55.14
B002934,P019,2024-03-17,151,3,148,6660.61,999.09,666.06,8325.76,55.14
B002935,P019,2024-03-24,191,4,187,8425.01,1263.75,842.5,10531.26,55.14
B002936,P019,2024-03-31,143,3,140,6307.73,946.16,630.77,7884.66,55.14
B002937,P019,2024-04-07,190,4,186,8380.9,1257.14,838.09,10476.13,55.14
B002938,P019,2024-04-14,77,2,75,3396.47,509.47,339.65,4245.59,55.14
B002939,P019,2024-04-21,121,2,119,5337.31,800.6,533.73,6671.64,55.14
B002940,P019,2024-04-28,175,4,171,7719.25,1157.89,771.92,9649.06,55.14
B002941,P019,2024-05-05,216,4,212,9527.76,1429.16,952.78,11909.7,55.14
B002942,P019,2024-05-12,138,3,135,6087.18,913.08,608.72,7608.98,55.14
B002943,P019,2024-05-19,141,3,138,6219.51,932.93,621.95,7774.39,55.14
B002944,P019,2024-05-26,187,4,183,8248.57,1237.29,824.86,10310.72,55.14
B002945,P019,2024-06-02,143,3,140,6307.73,946.16,630.77,7884.66,55.14
B002946,P019,2024-06-09,151,3,148,6660.61,999.09,666.06,8325.76,55.14
B002947,P019,2024-06-16,125,2,123,5513.75,827.06,551.38,6892.19,55.14
B002948,P019,2024-06-23,139,3,136,6131.29,919.69,613.13,7664.11,55.14
B002949,P019,2024-06-30,150,3,147,6616.5,992.47,661.65,8270.62,55.14
B002950,P019,2024-07-07,113,2,111,4984.43,747.66,498.44,6230.53,55.14
B002951,P019,2024-07-14,127,3,124,5601.97,840.3,560.2,7002.47,55.14
B002952,P019,2024-07-21,99,2,97,4366.89,655.03,436.69,5458.61,55.14
B002953,P019,2024-07-28,165,3,162,7278.15,1091.72,727.82,9097.69,55.14
B002954,P019,2024-08-04,149,3,146,6572.39,985.86,657.24,8215.49,55.14
B002955,P019,2024-08-11,166,3,163,7322.26,1098.34,732.23,9152.83,55.14
B002956,P019,2024-08-18,113,2,111,4984.43,747.66,498.44,6230.53,55.14
B002957,P019,2024-08-25,178,4,174,7851.58,1177.74,785.16,9814.48,55.14
B002958,P019,2024-09-01,128,3,125,5646.08,846.91,564.61,7057.6,55.14
B002959,P019,2024-09-08,156,3,153,6881.16,1032.17,688.12,8601.45,55.14
B002960,P019,2024-09-15,224,4,220,9880.64,1482.1,988.06,12350.8,55.14
B002961,P019,2024-09-22,256,5,251,11292.16,1693.82,1129.22,14115.2,55.14
B002962,P019,2024-09-29,195,4,191,8601.45,1290.22,860.15,10751.82,55.14
B002963,P019,2024-10-06,394,8,386,17379.34,2606.9,1737.93,21724.17,55.14
B002964,P019,2024-10-13,288,6,282,12703.68,1905.55,1270.37,15879.6,55.14
B002965,P019,2024-10-20,140,3,137,6175.4,926.31,617.54,7719.25,55.14
B002966,P019,2024-10-27,141,3,138,6219.51,932.93,621.95,7774.39,55.14
B002967,P019,2024-11-03,165,3,162,7278.15,1091.72,727.82,9097.69,55.14
B002968,P019,2024-11-10,100,2,98,4411.0,661.65,441.1,5513.75,55.14
B002969,P019,2024-11-17,166,3,163,7322.26,1098.34,732.23,9152.83,55.14
B002970,P019,2024-11-24,123,2,121,5425.53,813.83,542.55,6781.91,55.14
B002971,P019,2024-12-01,124,2,122,5469.64,820.45,546.96,6837.05,55.14
B002972,P019,2024-12-08,165,3,162,7278.15,1091.72,727.82,9097.69,55.14
B002973,P019,2024-12-15,25,0,25,1102.75,165.41,110.28,1378.44,55.14
B002974,P019,2024-12-22,92,2,90,4058.12,608.72,405.81,5072.65,55.14
B002975,P019,2024-12-29,88,2,86,3881.68,582.25,388.17,4852.1,55.14
B002976,P019,2025-01-05,224,4,220,9880.64,1482.1,988.06,12350.8,55.14
B002977,P020,2022-01-16,67,1,66,2294.75,344.21,229.48,2868.44,42.81
B002978,P020,2022-01-23,109,2,107,3733.25,559.99,373.33,4666.57,42.81
B002979,P020,2022-01-30,101,2,99,3459.25,518.89,345.92,4324.06,42.81
B002980,P020,2022-02-06,181,4,177,6199.25,929.89,619.93,7749.07,42.81
B002981,P020,2022-02-13,104,2,102,3562.0,534.3,356.2,4452.5,42.81
B002982,P020,2022-02-20,68,1,67,2329.0,349.35,232.9,2911.25,42.81
B002983,P020,2022-02-27,113,2,111,3870.25,580.54,387.02,4837.81,42.81
B002984,P020,2022-03-06,106,2,104,3630.5,544.57,363.05,4538.12,42.81
B002985,P020,2022-03-13,68,1,67,2329.0,349.35,232.9,2911.25,42.81
B002986,P020,2022-03-20,81,2,79,2774.25,416.14,277.42,3467.81,42.81
B002987,P020,2022-03-27,141,3,138,4829.25,724.39,482.92,6036.56,42.81
B002988,P020,2022-04-03,80,2,78,2740.0,411.0,274.0,3425.0,42.81
B002989,P020,2022-04-10,96,2,94,3288.0,493.2,328.8,4110.0,42.81
B002990,P020,2022-04-17,135,3,132,4623.75,693.56,462.38,5779.69,42.81
B002991,P020,2022-04-24,186,4,182,6370.5,955.58,637.05,7963.13,42.81
B002992,P020,2022-05-01,104,2,102,3562.0,534.3,356.2,4452.5,42.81
B002993,P020,2022-05-08,159,3,156,5445.75,816.86,544.58,6807.19,42.81
B002994,P020,2022-05-15,105,2,103,3596.25,539.44,359.62,4495.31,42.81
B002995,P020,2022-05-22,68,1,67,2329.0,349.35,232.9,2911.25,42.81
B002996,P020,2022-05-29,84,2,82,2877.0,431.55,287.7,3596.25,42.81
B002997,P020,2022-06-05,85,2,83,2911.25,436.69,291.12,3639.06,42.81
B002998,P020,2022-06-12,45,1,44,1541.25,231.19,154.12,1926.56,42.81
B002999,P020,2022-06-19,172,3,169,5891.0,883.65,589.1,7363.75,42.81
B003000,P020,2022-06-26,128,3,125,4384.0,657.6,438.4,5480.0,42.81
B003001,P020,2022-07-03,149,3,146,5103.25,765.49,510.33,6379.07,42.81
B003002,P020,2022-07-10,106,2,104,3630.5,544.57,363.05,4538.12,42.81
B003003,P020,2022-07-17,47,1,46,1609.75,241.46,160.98,2012.19,42.81
B003004,P020,2022-07-24,53,1,52,1815.25,272.29,181.52,2269.06,42.81
B003005,P020,2022-07-31,104,2,102,3562.0,534.3,356.2,4452.5,42.81
B003006,P020,2022-08-07,57,1,56,1952.25,292.84,195.23,2440.32,42.81
B003007,P020,2022-08-14,100,2,98,3425.0,513.75,342.5,4281.25,42.81
B003008,P020,2022-08-21,125,2,123,4281.25,642.19,428.12,5351.56,42.81
B003009,P020,2022-08-28,126,3,123,4315.5,647.32,431.55,5394.37,42.81
B003010,P020,2022-09-04,104,2,102,3562.0,534.3,356.2,4452.5,42.81
B003011,P020,2022-09-11,164,3,161,5617.0,842.55,561.7,7021.25,42.81
B003012,P020,2022-09-18,178,4,174,6096.5,914.48,609.65,7620.63,42.81
B003013,P020,2022-09-25,213,4,209,7295.25,1094.29,729.53,9119.07,42.81
B003014,P020,2022-10-02,183,4,179,6267.75,940.16,626.78,7834.69,42.81
B003015,P020,2022-10-09,227,5,222,7774.75,1166.21,777.48,9718.44,42.81
B003016,P020,2022-10-16,91,2,89,3116.75,467.51,311.68,3895.94,42.81
B003017,P020,2022-10-23,112,2,110,3836.0,575.4,383.6,4795.0,42.81
B003018,P020,2022-10-30,91,2,89,3116.75,467.51,311.68,3895.94,42.81
B003019,P020,2022-11-06,74,1,73,2534.5,380.18,253.45,3168.13,42.81
B003020,P020,2022-11-13,129,3,126,4418.25,662.74,441.83,5522.82,42.81
B003021,P020,2022-11-20,163,3,160,5582.75,837.41,558.28,6978.44,42.81
B003022,P020,2022-11-27,114,2,112,3904.5,585.67,390.45,4880.62,42.81
B003023,P020,2022-12-04,147,3,144,5034.75,755.21,503.48,6293.44,42.81
B003024,P020,2022-12-11,64,1,63,2192.0,328.8,219.2,2740.0,42.81
B003025,P020,2022-12-18,154,3,151,5274.5,791.18,527.45,6593.13,42.81
B003026,P020,2022-12-25,72,1,71,2466.0,369.9,246.6,3082.5,42.81
B003027,P020,2023-01-01,160,3,157,5480.0,822.0,548.0,6850.0,42.81
B003028,P020,2023-01-08,162,3,159,5548.5,832.28,554.85,6935.63,42.81
B003029,P020,2023-01-15,126,3,123,4315.5,647.32,431.55,5394.37,42.81
B003030,P020,2023-01-22,89,2,87,3048.25,457.24,304.82,3810.31,42.81
B003031,P020,2023-01-29,179,4,175,6130.75,919.61,613.08,7663.44,42.81
B003032,P020,2023-02-05,205,4,201,7021.25,1053.19,702.12,8776.56,42.81
B003033,P020,2023-02-12,130,3,127,4452.5,667.88,445.25,5565.63,42.81
B003034,P020,2023-02-19,186,4,182,6370.5,955.58,637.05,7963.13,42.81
B003035,P020,2023-02-26,143,3,140,4897.75,734.66,489.78,6122.19,42.81
B003036,P020,2023-03-05,181,4,177,6199.25,929.89,619.93,7749.07,42.81
B003037,P020,2023-03-12,117,2,115,4007.25,601.09,400.72,5009.06,42.81
B003038,P020,2023-03-19,164,3,161,5617.0,842.55,561.7,7021.25,42.81
B003039,P020,2023-03-26,150,3,147,5137.5,770.62,513.75,6421.87,42.81
B003040,P020,2023-04-02,205,4,201,7021.25,1053.19,702.12,8776.56,42.81
B003041,P020,2023-04-09,163,3,160,5582.75,837.41,558.28,6978.44,42.81
B003042,P020,2023-04-16,126,3,123,4315.5,647.32,431.55,5394.37,42.81
B003043,P020,2023-04-23,193,4,189,6610.25,991.54,661.03,8262.82,42.81
B003044,P020,2023-04-30,136,3,133,4658.0,698.7,465.8,5822.5,42.81
B003045,P020,2023-05-07,160,3,157,5480.0,822.0,548.0,6850.0,42.81
B003046,P020,2023-05-14,104,2,102,3562.0,534.3,356.2,4452.5,42.81
B003047,P020,2023-05-21,140,3,137,4795.0,719.25,479.5,5993.75,42.81
B003048,P020,2023-05-28,121,2,119,4144.25,621.64,414.42,5180.31,42.81
B003049,P020,2023-06-04,121,2,119,4144.25,621.64,414.42,5180.31,42.81
B003050,P020,2023-06-11,104,2,102,3562.0,534.3,356.2,4452.5,42.81
B003051,P020,2023-06-18,79,2,77,2705.75,405.86,270.58,3382.19,42.81
B003052,P020,2023-06-25,143,3,140,4897.75,734.66,489.78,6122.19,42.81
B003053,P020,2023-07-02,74,1,73,2534.5,380.18,253.45,3168.13,42.81
B003054,P020,2023-07-09,152,3,149,5206.0,780.9,520.6,6507.5,42.81
B003055,P020,2023-07-16,139,3,136,4760.75,714.11,476.08,5950.94,42.81
B003056,P020,2023-07-23,112,2,110,3836.0,575.4,383.6,4795.0,42.81
B003057,P020,2023-07-30,189,4,185,6473.25,970.99,647.33,8091.57,42.81
B003058,P020,2023-08-06,87,2,85,2979.75,446.96,297.98,3724.69,42.81
B003059,P020,2023-08-13,109,2,107,3733.25,559.99,373.33,4666.57,42.81
B003060,P020,2023-08-20,92,2,90,3151.0,472.65,315.1,3938.75,42.81
B003061,P020,2023-08-27,110,2,108,3767.5,565.12,376.75,4709.37,42.81
B003062,P020,2023-09-03,132,3,129,4521.0,678.15,452.1,5651.25,42.81
B003063,P020,2023-09-10,118,2,116,4041.5,606.22,404.15,5051.87,42.81
B003064,P020,2023-09-17,167,3,164,5719.75,857.96,571.98,7149.69,42.81
B003065,P020,2023-09-24,157,3,154,5377.25,806.59,537.72,6721.56,42.81
B003066,P020,2023-10-01,236,5,231,8083.0,1212.45,808.3,10103.75,42.81
B003067,P020,2023-10-08,199,4,195,6815.75,1022.36,681.58,8519.69,42.81
B003068,P020,2023-10-15,171,3,168,5856.75,878.51,585.68,7320.94,42.81
B003069,P020,2023-10-22,108,2,106,3699.0,554.85,369.9,4623.75,42.81
B003070,P020,2023-10-29,155,3,152,5308.75,796.31,530.88,6635.94,42.81
B003071,P020,2023-11-05,167,3,164,5719.75,857.96,571.98,7149.69,42.81
B003072,P020,2023-11-12,128,3,125,4384.0,657.6,438.4,5480.0,42.81
B003073,P020,2023-11-19,125,2,123,4281.25,642.19,428.12,5351.56,42.81
B003074,P020,2023-11-26,55,1,54,1883.75,282.56,188.38,2354.69,42.81
B003075,P020,2023-12-03,116,2,114,3973.0,595.95,397.3,4966.25,42.81
B003076,P020,2023-12-10,124,2,122,4247.0,637.05,424.7,5308.75,42.81
B003077,P020,2023-12-17,114,2,112,3904.5,585.67,390.45,4880.62,42.81
B003078,P020,2023-12-24,114,2,112,3904.5,585.67,390.45,4880.62,42.81
B003079,P020,2023-12-31,93,2,91,3185.25,477.79,318.53,3981.57,42.81
B003080,P020,2024-01-07,122,2,120,4178.5,626.78,417.85,5223.13,42.81
B003081,P020,2024-01-14,106,2,104,3630.5,544.57,363.05,4538.12,42.81
B003082,P020,2024-01-21,135,3,132,4623.75,693.56,462.38,5779.69,42.81
B003083,P020,2024-01-28,82,2,80,2808.5,421.28,280.85,3510.63,42.81
B003084,P020,2024-02-04,169,3,166,5788.25,868.24,578.83,7235.32,42.81
B003085,P020,2024-02-11,124,2,122,4247.0,637.05,424.7,5308.75,42.81
B003086,P020,2024-02-18,162,3,159,5548.5,832.28,554.85,6935.63,42.81
B003087,P020,2024-02-25,191,4,187,6541.75,981.26,654.18,8177.19,42.81
B003088,P020,2024-03-03,191,4,187,6541.75,981.26,654.18,8177.19,42.81
B003089,P020,2024-03-10,166,3,163,5685.5,852.82,568.55,7106.87,42.81
B003090,P020,2024-03-17,181,4,177,6199.25,929.89,619.93,7749.07,42.81
B003091,P020,2024-03-24,230,5,225,7877.5,1181.62,787.75,9846.87,42.81
B003092,P020,2024-03-31,119,2,117,4075.75,611.36,407.58,5094.69,42.81
B003093,P020,2024-04-07,178,4,174,6096.5,914.48,609.65,7620.63,42.81
B003094,P020,2024-04-14,133,3,130,4555.25,683.29,455.52,5694.06,42.81
B003095,P020,2024-04-21,202,4,198,6918.5,1037.77,691.85,8648.12,42.81
B003096,P020,2024-04-28,157,3,154,5377.25,806.59,537.72,6721.56,42.81
B003097,P020,2024-05-05,149,3,146,5103.25,765.49,510.33,6379.07,42.81
B003098,P020,2024-05-12,128,3,125,4384.0,657.6,438.4,5480.0,42.81
B003099,P020,2024-05-19,171,3,168,5856.75,878.51,585.68,7320.94,42.81
B003100,P020,2024-05-26,150,3,147,5137.5,770.62,513.75,6421.87,42.81
B003101,P020,2024-06-02,175,4,171,5993.75,899.06,599.38,7492.19,42.81
B003102,P020,2024-06-09,122,2,120,4178.5,626.78,417.85,5223.13,42.81
B003103,P020,2024-06-16,128,3,125,4384.0,657.6,438.4,5480.0,42.81
B003104,P020,2024-06-23,117,2,115,4007.25,601.09,400.72,5009.06,42.81
B003105,P020,2024-06-30,129,3,126,4418.25,662.74,441.83,5522.82,42.81
B003106,P020,2024-07-07,96,2,94,3288.0,493.2,328.8,4110.0,42.81
B003107,P020,2024-07-14,163,3,160,5582.75,837.41,558.28,6978.44,42.81
B003108,P020,2024-07-21,131,3,128,4486.75,673.01,448.68,5608.44,42.81
B003109,P020,2024-07-28,158,3,155,5411.5,811.72,541.15,6764.37,42.81
B003110,P020,2024-08-04,172,3,169,5891.0,883.65,589.1,7363.75,42.81
B003111,P020,2024-08-11,168,3,165,5754.0,863.1,575.4,7192.5,42.81
B003112,P020,2024-08-18,139,3,136,4760.75,714.11,476.08,5950.94,42.81
B003113,P020,2024-08-25,152,3,149,5206.0,780.9,520.6,6507.5,42.81
B003114,P020,2024-09-01,134,3,131,4589.5,688.42,458.95,5736.87,42.81
B003115,P020,2024-09-08,121,2,119,4144.25,621.64,414.42,5180.31,42.81
B003116,P020,2024-09-15,287,6,281,9829.75,1474.46,982.98,12287.19,42.81
B003117,P020,2024-09-22,482,10,472,16508.5,2476.28,1650.85,20635.63,42.81
B003118,P020,2024-09-29,189,4,185,6473.25,970.99,647.33,8091.57,42.81
B003119,P020,2024-10-06,282,6,276,9658.5,1448.78,965.85,12073.13,42.81
B003120,P020,2024-10-13,193,4,189,6610.25,991.54,661.03,8262.82,42.81
B003121,P020,2024-10-20,164,3,161,5617.0,842.55,561.7,7021.25,42.81
B003122,P020,2024-10-27,217,4,213,7432.25,1114.84,743.22,9290.31,42.81
B003123,P020,2024-11-03,151,3,148,5171.75,775.76,517.18,6464.69,42.81
B003124,P020,2024-11-10,162,3,159,5548.5,832.28,554.85,6935.63,42.81
B003125,P020,2024-11-17,129,3,126,4418.25,662.74,441.83,5522.82,42.81
B003126,P020,2024-11-24,125,2,123,4281.25,642.19,428.12,5351.56,42.81
B003127,P020,2024-12-01,118,2,116,4041.5,606.22,404.15,5051.87,42.81
B003128,P020,2024-12-08,132,3,129,4521.0,678.15,452.1,5651.25,42.81
B003129,P020,2024-12-15,48,1,47,1644.0,246.6,164.4,2055.0,42.81
B003130,P020,2024-12-22,88,2,86,3014.0,452.1,301.4,3767.5,42.81
B003131,P020,2024-12-29,70,1,69,2397.5,359.62,239.75,2996.87,42.81
B003132,P020,2025-01-05,246,5,241,8425.5,1263.82,842.55,10531.87,42.81
B003133,P021,2022-01-02,170,3,167,23715.0,3557.25,2371.5,29643.75,174.38
B003134,P021,2022-01-09,255,5,250,35572.5,5335.88,3557.25,44465.63,174.38
B003135,P021,2022-01-16,201,4,197,28039.5,4205.92,2803.95,35049.37,174.37
B003136,P021,2022-01-23,257,5,252,35851.5,5377.72,3585.15,44814.37,174.37
B003137,P021,2022-01-30,221,4,217,30829.5,4624.42,3082.95,38536.87,174.37
B003138,P021,2022-02-06,190,4,186,26505.0,3975.75,2650.5,33131.25,174.38
B003139,P021,2022-02-13,88,2,86,12276.0,1841.4,1227.6,15345.0,174.38
B003140,P021,2022-02-20,79,2,77,11020.5,1653.08,1102.05,13775.63,174.38
B003141,P021,2022-02-27,76,2,74,10602.0,1590.3,1060.2,13252.5,174.38
B003142,P021,2022-03-06,86,2,84,11997.0,1799.55,1199.7,14996.25,174.38
B003143,P021,2022-03-13,79,2,77,11020.5,1653.08,1102.05,13775.63,174.38
B003144,P021,2022-03-20,70,1,69,9765.0,1464.75,976.5,12206.25,174.38
B003145,P021,2022-03-27,55,1,54,7672.5,1150.88,767.25,9590.63,174.38
B003146,P021,2022-04-03,78,2,76,10881.0,1632.15,1088.1,13601.25,174.38
B003147,P021,2022-04-10,93,2,91,12973.5,1946.02,1297.35,16216.87,174.37
B003148,P021,2022-04-17,69,1,68,9625.5,1443.82,962.55,12031.87,174.37
B003149,P021,2022-04-24,78,2,76,10881.0,1632.15,1088.1,13601.25,174.38
B003150,P021,2022-05-01,58,1,57,8091.0,1213.65,809.1,10113.75,174.38
B003151,P021,2022-05-08,86,2,84,11997.0,1799.55,1199.7,14996.25,174.38
B003152,P021,2022-05-15,87,2,85,12136.5,1820.48,1213.65,15170.63,174.38
B003153,P021,2022-05-22,63,1,62,8788.5,1318.28,878.85,10985.63,174.38
B003154,P021,2022-05-29,69,1,68,9625.5,1443.82,962.55,12031.87,174.37
B003155,P021,2022-06-05,98,2,96,13671.0,2050.65,1367.1,17088.75,174.38
B003156,P021,2022-06-12,41,1,40,5719.5,857.92,571.95,7149.37,174.37
B003157,P021,2022-06-19,67,1,66,9346.5,1401.98,934.65,11683.13,174.38
B003158,P021,2022-06-26,121,2,119,16879.5,2531.92,1687.95,21099.37,174.37
B003159,P021,2022-07-03,77,2,75,10741.5,1611.22,1074.15,13426.87,174.37
B003160,P021,2022-07-10,87,2,85,12136.5,1820.48,1213.65,15170.63,174.38
B003161,P021,2022-07-17,94,2,92,13113.0,1966.95,1311.3,16391.25,174.38
B003162,P021,2022-07-24,139,3,136,19390.5,2908.58,1939.05,24238.13,174.38
B003163,P021,2022-07-31,99,2,97,13810.5,2071.57,1381.05,17263.12,174.37
B003164,P021,2022-08-07,77,2,75,10741.5,1611.22,1074.15,13426.87,174.37
B003165,P021,2022-08-14,96,2,94,13392.0,2008.8,1339.2,16740.0,174.38
B003166,P021,2022-08-21,73,1,72,10183.5,1527.52,1018.35,12729.37,174.37
B003167,P021,2022-08-28,71,1,70,9904.5,1485.68,990.45,12380.63,174.38
B003168,P021,2022-09-04,95,2,93,13252.5,1987.88,1325.25,16565.63,174.38
B003169,P021,2022-09-11,161,3,158,22459.5,3368.92,2245.95,28074.37,174.37
B003170,P021,2022-09-18,163,3,160,22738.5,3410.78,2273.85,28423.13,174.38
B003171,P021,2022-09-25,136,3,133,18972.0,2845.8,1897.2,23715.0,174.38
B003172,P021,2022-10-02,157,3,154,21901.5,3285.22,2190.15,27376.87,174.37
B003173,P021,2022-10-09,141,3,138,19669.5,2950.42,1966.95,24586.87,174.37
B003174,P021,2022-10-16,218,4,214,30411.0,4561.65,3041.1,38013.75,174.38
B003175,P021,2022-10-23,200,4,196,27900.0,4185.0,2790.0,34875.0,174.38
B003176,P021,2022-10-30,310,6,304,43245.0,6486.75,4324.5,54056.25,174.38
B003177,P021,2022-11-06,292,6,286,40734.0,6110.1,4073.4,50917.5,174.38
B003178,P021,2022-11-13,213,4,209,29713.5,4457.02,2971.35,37141.87,174.37
B003179,P021,2022-11-20,323,6,317,45058.5,6758.78,4505.85,56323.13,174.38
B003180,P021,2022-11-27,309,6,303,43105.5,6465.82,4310.55,53881.87,174.37
B003181,P021,2022-12-04,189,4,185,26365.5,3954.82,2636.55,32956.87,174.37
B003182,P021,2022-12-11,217,4,213,30271.5,4540.72,3027.15,37839.37,174.37
B003183,P021,2022-12-18,241,5,236,33619.5,5042.92,3361.95,42024.37,174.37
B003184,P021,2022-12-25,174,3,171,24273.0,3640.95,2427.3,30341.25,174.38
B003185,P021,2023-01-01,258,5,253,35991.0,5398.65,3599.1,44988.75,174.38
B003186,P021,2023-01-08,272,5,267,37944.0,5691.6,3794.4,47430.0,174.38
B003187,P021,2023-01-15,165,3,162,23017.5,3452.62,2301.75,28771.87,174.37
B003188,P021,2023-01-22,230,5,225,32085.0,4812.75,3208.5,40106.25,174.38
B003189,P021,2023-01-29,269,5,264,37525.5,5628.82,3752.55,46906.87,174.37
B003190,P021,2023-02-05,311,6,305,43384.5,6507.68,4338.45,54230.63,174.38
B003191,P021,2023-02-12,129,3,126,17995.5,2699.32,1799.55,22494.37,174.37
B003192,P021,2023-02-19,89,2,87,12415.5,1862.32,1241.55,15519.37,174.37
B003193,P021,2023-02-26,98,2,96,13671.0,2050.65,1367.1,17088.75,174.38
B003194,P021,2023-03-05,93,2,91,12973.5,1946.02,1297.35,16216.87,174.37
B003195,P021,2023-03-12,109,2,107,15205.5,2280.82,1520.55,19006.87,174.37
B003196,P021,2023-03-19,115,2,113,16042.5,2406.38,1604.25,20053.13,174.38
B003197,P021,2023-03-26,106,2,104,14787.0,2218.05,1478.7,18483.75,174.38
B003198,P021,2023-04-02,108,2,106,15066.0,2259.9,1506.6,18832.5,174.38
B003199,P021,2023-04-09,88,2,86,12276.0,1841.4,1227.6,15345.0,174.38
B003200,P021,2023-04-16,126,3,123,17577.0,2636.55,1757.7,21971.25,174.38
B003201,P021,2023-04-23,48,1,47,6696.0,1004.4,669.6,8370.0,174.38
B003202,P021,2023-04-30,74,1,73,10323.0,1548.45,1032.3,12903.75,174.38
B003203,P021,2023-05-07,118,2,116,16461.0,2469.15,1646.1,20576.25,174.38
B003204,P021,2023-05-14,47,1,46,6556.5,983.47,655.65,8195.62,174.37
B003205,P021,2023-05-21,75,2,73,10462.5,1569.38,1046.25,13078.13,174.38
B003206,P021,2023-05-28,138,3,135,19251.0,2887.65,1925.1,24063.75,174.38
B003207,P021,2023-06-04,88,2,86,12276.0,1841.4,1227.6,15345.0,174.38
B003208,P021,2023-06-11,134,3,131,18693.0,2803.95,1869.3,23366.25,174.38
B003209,P021,2023-06-18,103,2,101,14368.5,2155.28,1436.85,17960.63,174.38
B003210,P021,2023-06-25,103,2,101,14368.5,2155.28,1436.85,17960.63,174.38
B003211,P021,2023-07-02,131,3,128,18274.5,2741.18,1827.45,22843.13,174.38
B003212,P021,2023-07-09,148,3,145,20646.0,3096.9,2064.6,25807.5,174.38
B003213,P021,2023-07-16,61,1,60,8509.5,1276.42,850.95,10636.87,174.37
B003214,P021,2023-07-23,122,2,120,17019.0,2552.85,1701.9,21273.75,174.38
B003215,P021,2023-07-30,97,2,95,13531.5,2029.72,1353.15,16914.37,174.37
B003216,P021,2023-08-06,69,1,68,9625.5,1443.82,962.55,12031.87,174.37
B003217,P021,2023-08-13,167,3,164,23296.5,3494.48,2329.65,29120.63,174.38
B003218,P021,2023-08-20,120,2,118,16740.0,2511.0,1674.0,20925.0,174.38
B003219,P021,2023-08-27,168,3,165,23436.0,3515.4,2343.6,29295.0,174.38
B003220,P021,2023-09-03,98,2,96,13671.0,2050.65,1367.1,17088.75,174.38
B003221,P021,2023-09-10,74,1,73,10323.0,1548.45,1032.3,12903.75,174.38
B003222,P021,2023-09-17,125,2,123,17437.5,2615.62,1743.75,21796.87,174.37
B003223,P021,2023-09-24,104,2,102,14508.0,2176.2,1450.8,18135.0,174.38
B003224,P021,2023-10-01,274,5,269,38223.0,5733.45,3822.3,47778.75,174.38
B003225,P021,2023-10-08,79,2,77,11020.5,1653.08,1102.05,13775.63,174.38
B003226,P021,2023-10-15,266,5,261,37107.0,5566.05,3710.7,46383.75,174.38
B003227,P021,2023-10-22,317,6,311,44221.5,6633.22,4422.15,55276.87,174.37
B003228,P021,2023-10-29,310,6,304,43245.0,6486.75,4324.5,54056.25,174.38
B003229,P021,2023-11-05,277,6,271,38641.5,5796.22,3864.15,48301.87,174.37
B003230,P021,2023-11-12,274,5,269,38223.0,5733.45,3822.3,47778.75,174.38
B003231,P021,2023-11-19,228,5,223,31806.0,4770.9,3180.6,39757.5,174.38
B003232,P021,2023-11-26,329,7,322,45895.5,6884.32,4589.55,57369.37,174.37
B003233,P021,2023-12-03,284,6,278,39618.0,5942.7,3961.8,49522.5,174.38
B003234,P021,2023-12-10,348,7,341,48546.0,7281.9,4854.6,60682.5,174.38
B003235,P021,2023-12-17,228,5,223,31806.0,4770.9,3180.6,39757.5,174.38
B003236,P021,2023-12-24,228,5,223,31806.0,4770.9,3180.6,39757.5,174.38
B003237,P021,2023-12-31,293,6,287,40873.5,6131.02,4087.35,51091.87,174.37
B003238,P021,2024-01-07,294,6,288,41013.0,6151.95,4101.3,51266.25,174.38
B003239,P021,2024-01-14,324,6,318,45198.0,6779.7,4519.8,56497.5,174.38
B003240,P021,2024-01-21,299,6,293,41710.5,6256.58,4171.05,52138.13,174.38
B003241,P021,2024-01-28,299,6,293,41710.5,6256.58,4171.05,52138.13,174.38
B003242,P021,2024-02-04,328,7,321,45756.0,6863.4,4575.6,57195.0,174.38
B003243,P021,2024-02-11,194,4,190,27063.0,4059.45,2706.3,33828.75,174.38
B003244,P021,2024-02-18,84,2,82,11718.0,1757.7,1171.8,14647.5,174.38
B003245,P021,2024-02-25,88,2,86,12276.0,1841.4,1227.6,15345.0,174.38
B003246,P021,2024-03-03,71,1,70,9904.5,1485.68,990.45,12380.63,174.38
B003247,P021,2024-03-10,94,2,92,13113.0,1966.95,1311.3,16391.25,174.38
B003248,P021,2024-03-17,108,2,106,15066.0,2259.9,1506.6,18832.5,174.38
B003249,P021,2024-03-24,118,2,116,16461.0,2469.15,1646.1,20576.25,174.38
B003250,P021,2024-03-31,106,2,104,14787.0,2218.05,1478.7,18483.75,174.38
B003251,P021,2024-04-07,106,2,104,14787.0,2218.05,1478.7,18483.75,174.38
B003252,P021,2024-04-14,89,2,87,12415.5,1862.32,1241.55,15519.37,174.37
B003253,P021,2024-04-21,72,1,71,10044.0,1506.6,1004.4,12555.0,174.38
B003254,P021,2024-04-28,79,2,77,11020.5,1653.08,1102.05,13775.63,174.38
B003255,P021,2024-05-05,115,2,113,16042.5,2406.38,1604.25,20053.13,174.38
B003256,P021,2024-05-12,152,3,149,21204.0,3180.6,2120.4,26505.0,174.38
B003257,P021,2024-05-19,151,3,148,21064.5,3159.68,2106.45,26330.63,174.38
B003258,P021,2024-05-26,90,2,88,12555.0,1883.25,1255.5,15693.75,174.38
B003259,P021,2024-06-02,136,3,133,18972.0,2845.8,1897.2,23715.0,174.38
B003260,P021,2024-06-09,110,2,108,15345.0,2301.75,1534.5,19181.25,174.38
B003261,P021,2024-06-16,119,2,117,16600.5,2490.07,1660.05,20750.62,174.37
B003262,P021,2024-06-23,161,3,158,22459.5,3368.92,2245.95,28074.37,174.37
B003263,P021,2024-06-30,125,2,123,17437.5,2615.62,1743.75,21796.87,174.37
B003264,P021,2024-07-07,107,2,105,14926.5,2238.98,1492.65,18658.13,174.38
B003265,P021,2024-07-14,106,2,104,14787.0,2218.05,1478.7,18483.75,174.38
B003266,P021,2024-07-21,138,3,135,19251.0,2887.65,1925.1,24063.75,174.38
B003267,P021,2024-07-28,161,3,158,22459.5,3368.92,2245.95,28074.37,174.37
B003268,P021,2024-08-04,110,2,108,15345.0,2301.75,1534.5,19181.25,174.38
B003269,P021,2024-08-11,97,2,95,13531.5,2029.72,1353.15,16914.37,174.37
B003270,P021,2024-08-18,105,2,103,14647.5,2197.12,1464.75,18309.37,174.37
B003271,P021,2024-08-25,158,3,155,22041.0,3306.15,2204.1,27551.25,174.38
B003272,P021,2024-09-01,90,2,88,12555.0,1883.25,1255.5,15693.75,174.38
B003273,P021,2024-09-08,93,2,91,12973.5,1946.02,1297.35,16216.87,174.37
B003274,P021,2024-09-15,330,7,323,46035.0,6905.25,4603.5,57543.75,174.38
B003275,P021,2024-09-22,211,4,207,29434.5,4415.18,2943.45,36793.13,174.38
B003276,P021,2024-09-29,138,3,135,19251.0,2887.65,1925.1,24063.75,174.38
B003277,P021,2024-10-06,174,3,171,24273.0,3640.95,2427.3,30341.25,174.38
B003278,P021,2024-10-13,123,2,121,17158.5,2573.78,1715.85,21448.13,174.38
B003279,P021,2024-10-20,417,8,409,58171.5,8725.72,5817.15,72714.37,174.37
B003280,P021,2024-10-27,432,9,423,60264.0,9039.6,6026.4,75330.0,174.38
B003281,P021,2024-11-03,366,7,359,51057.0,7658.55,5105.7,63821.25,174.38
B003282,P021,2024-11-10,323,6,317,45058.5,6758.78,4505.85,56323.13,174.38
B003283,P021,2024-11-17,316,6,310,44082.0,6612.3,4408.2,55102.5,174.38
B003284,P021,2024-11-24,313,6,307,43663.5,6549.52,4366.35,54579.37,174.37
B003285,P021,2024-12-01,289,6,283,40315.5,6047.32,4031.55,50394.37,174.37
B003286,P021,2024-12-08,266,5,261,37107.0,5566.05,3710.7,46383.75,174.38
B003287,P021,2024-12-15,81,2,79,11299.5,1694.92,1129.95,14124.37,174.37
B003288,P021,2024-12-22,170,3,167,23715.0,3557.25,2371.5,29643.75,174.38
B003289,P021,2025-01-05,305,6,299,42547.5,6382.12,4254.75,53184.37,174.37
B003290,P022,2022-01-02,350,7,343,56385.0,8457.75,5638.5,70481.25,201.38
B003291,P022,2022-01-09,250,5,245,40275.0,6041.25,4027.5,50343.75,201.38
B003292,P022,2022-01-16,236,5,231,38019.6,5702.94,3801.96,47524.5,201.38
B003293,P022,2022-01-23,323,6,317,52035.3,7805.3,5203.53,65044.13,201.38
B003294,P022,2022-01-30,216,4,212,34797.6,5219.64,3479.76,43497.0,201.38
B003295,P022,2022-02-06,250,5,245,40275.0,6041.25,4027.5,50343.75,201.38
B003296,P022,2022-02-13,123,2,121,19815.3,2972.29,1981.53,24769.12,201.37
B003297,P022,2022-02-20,77,2,75,12404.7,1860.7,1240.47,15505.87,201.37
B003298,P022,2022-02-27,105,2,103,16915.5,2537.32,1691.55,21144.37,201.37
B003299,P022,2022-03-06,83,2,81,13371.3,2005.69,1337.13,16714.12,201.37
B003300,P022,2022-03-13,85,2,83,13693.5,2054.02,1369.35,17116.87,201.37
B003301,P022,2022-03-20,115,2,113,18526.5,2778.98,1852.65,23158.13,201.38
B003302,P022,2022-03-27,137,3,134,22070.7,3310.6,2207.07,27588.37,201.37
B003303,P022,2022-04-03,67,1,66,10793.7,1619.06,1079.37,13492.13,201.38
B003304,P022,2022-04-10,104,2,102,16754.4,2513.16,1675.44,20943.0,201.38
B003305,P022,2022-04-17,106,2,104,17076.6,2561.49,1707.66,21345.75,201.38
B003306,P022,2022-04-24,63,1,62,10149.3,1522.39,1014.93,12686.62,201.37
B003307,P022,2022-05-01,81,2,79,13049.1,1957.36,1304.91,16311.37,201.37
B003308,P022,2022-05-08,106,2,104,17076.6,2561.49,1707.66,21345.75,201.38
B003309,P022,2022-05-15,76,2,74,12243.6,1836.54,1224.36,15304.5,201.38
B003310,P022,2022-05-22,66,1,65,10632.6,1594.89,1063.26,13290.75,201.38
B003311,P022,2022-05-29,118,2,116,19009.8,2851.47,1900.98,23762.25,201.38
B003312,P022,2022-06-05,83,2,81,13371.3,2005.69,1337.13,16714.12,201.37
B003313,P022,2022-06-12,75,2,73,12082.5,1812.38,1208.25,15103.13,201.38
B003314,P022,2022-06-19,93,2,91,14982.3,2247.34,1498.23,18727.87,201.37
B003315,P022,2022-06-26,83,2,81,13371.3,2005.69,1337.13,16714.12,201.37
B003316,P022,2022-07-03,75,2,73,12082.5,1812.38,1208.25,15103.13,201.38
B003317,P022,2022-07-10,97,2,95,15626.7,2344.0,1562.67,19533.37,201.37
B003318,P022,2022-07-17,109,2,107,17559.9,2633.98,1755.99,21949.87,201.37
B003319,P022,2022-07-24,138,3,135,22231.8,3334.77,2223.18,27789.75,201.38
B003320,P022,2022-07-31,85,2,83,13693.5,2054.02,1369.35,17116.87,201.37
B003321,P022,2022-08-07,98,2,96,15787.8,2368.17,1578.78,19734.75,201.38
B003322,P022,2022-08-14,93,2,91,14982.3,2247.34,1498.23,18727.87,201.37
B003323,P022,2022-08-21,126,3,123,20298.6,3044.79,2029.86,25373.25,201.38
B003324,P022,2022-08-28,121,2,119,19493.1,2923.96,1949.31,24366.37,201.37
B003325,P022,2022-09-04,77,2,75,12404.7,1860.7,1240.47,15505.87,201.37
B003326,P022,2022-09-11,161,3,158,25937.1,3890.56,2593.71,32421.37,201.37
B003327,P022,2022-09-18,163,3,160,26259.3,3938.89,2625.93,32824.12,201.37
B003328,P022,2022-09-25,173,3,170,27870.3,4180.54,2787.03,34837.87,201.37
B003329,P022,2022-10-02,223,4,219,35925.3,5388.8,3592.53,44906.63,201.38
B003330,P022,2022-10-09,78,2,76,12565.8,1884.87,1256.58,15707.25,201.38
B003331,P022,2022-10-16,386,8,378,62184.6,9327.69,6218.46,77730.75,201.38
B003332,P022,2022-10-23,261,5,256,42047.1,6307.06,4204.71,52558.87,201.37
B003333,P022,2022-10-30,262,5,257,42208.2,6331.23,4220.82,52760.25,201.38
B003334,P022,2022-11-06,234,5,229,37697.4,5654.61,3769.74,47121.75,201.38
B003335,P022,2022-11-13,306,6,300,49296.6,7394.49,4929.66,61620.75,201.38
B003336,P022,2022-11-20,292,6,286,47041.2,7056.18,4704.12,58801.5,201.38
B003337,P022,2022-11-27,225,4,221,36247.5,5437.12,3624.75,45309.37,201.37
B003338,P022,2022-12-04,283,6,277,45591.3,6838.7,4559.13,56989.13,201.38
B003339,P022,2022-12-11,270,5,265,43497.0,6524.55,4349.7,54371.25,201.38
B003340,P022,2022-12-18,162,3,159,26098.2,3914.73,2609.82,32622.75,201.38
B003341,P022,2022-12-25,312,6,306,50263.2,7539.48,5026.32,62829.0,201.38
B003342,P022,2023-01-01,297,6,291,47846.7,7177.0,4784.67,59808.37,201.37
B003343,P022,2023-01-08,348,7,341,56062.8,8409.42,5606.28,70078.5,201.38
B003344,P022,2023-01-15,201,4,197,32381.1,4857.16,3238.11,40476.37,201.37
B003345,P022,2023-01-22,316,6,310,50907.6,7636.14,5090.76,63634.5,201.38
B003346,P022,2023-01-29,215,4,211,34636.5,5195.47,3463.65,43295.62,201.37
B003347,P022,2023-02-05,318,6,312,51229.8,7684.47,5122.98,64037.25,201.38
B003348,P022,2023-02-12,149,3,146,24003.9,3600.58,2400.39,30004.87,201.37
B003349,P022,2023-02-19,53,1,52,8538.3,1280.74,853.83,10672.87,201.37
B003350,P022,2023-02-26,59,1,58,9504.9,1425.74,950.49,11881.13,201.38
B003351,P022,2023-03-05,138,3,135,22231.8,3334.77,2223.18,27789.75,201.38
B003352,P022,2023-03-12,53,1,52,8538.3,1280.74,853.83,10672.87,201.37
B003353,P022,2023-03-19,82,2,80,13210.2,1981.53,1321.02,16512.75,201.38
B003354,P022,2023-03-26,90,2,88,14499.0,2174.85,1449.9,18123.75,201.38
B003355,P022,2023-04-02,69,1,68,11115.9,1667.38,1111.59,13894.87,201.37
B003356,P022,2023-04-09,91,2,89,14660.1,2199.02,1466.01,18325.13,201.38
B003357,P022,2023-04-16,76,2,74,12243.6,1836.54,1224.36,15304.5,201.38
B003358,P022,2023-04-23,110,2,108,17721.0,2658.15,1772.1,22151.25,201.38
B003359,P022,2023-04-30,114,2,112,18365.4,2754.81,1836.54,22956.75,201.38
B003360,P022,2023-05-07,85,2,83,13693.5,2054.02,1369.35,17116.87,201.37
B003361,P022,2023-05-14,109,2,107,17559.9,2633.98,1755.99,21949.87,201.37
B003362,P022,2023-05-21,80,2,78,12888.0,1933.2,1288.8,16110.0,201.38
B003363,P022,2023-05-28,65,1,64,10471.5,1570.72,1047.15,13089.37,201.37
B003364,P022,2023-06-04,105,2,103,16915.5,2537.32,1691.55,21144.37,201.37
B003365,P022,2023-06-11,80,2,78,12888.0,1933.2,1288.8,16110.0,201.38
B003366,P022,2023-06-18,101,2,99,16271.1,2440.66,1627.11,20338.87,201.37
B003367,P022,2023-06-25,94,2,92,15143.4,2271.51,1514.34,18929.25,201.38
B003368,P022,2023-07-02,151,3,148,24326.1,3648.91,2432.61,30407.62,201.37
B003369,P022,2023-07-09,90,2,88,14499.0,2174.85,1449.9,18123.75,201.38
B003370,P022,2023-07-16,61,1,60,9827.1,1474.06,982.71,12283.87,201.37
B003371,P022,2023-07-23,101,2,99,16271.1,2440.66,1627.11,20338.87,201.37
B003372,P022,2023-07-30,121,2,119,19493.1,2923.96,1949.31,24366.37,201.37
B003373,P022,2023-08-06,98,2,96,15787.8,2368.17,1578.78,19734.75,201.38
B003374,P022,2023-08-13,124,2,122,19976.4,2996.46,1997.64,24970.5,201.38
B003375,P022,2023-08-20,126,3,123,20298.6,3044.79,2029.86,25373.25,201.38
B003376,P022,2023-08-27,88,2,86,14176.8,2126.52,1417.68,17721.0,201.38
B003377,P022,2023-09-03,65,1,64,10471.5,1570.72,1047.15,13089.37,201.37
B003378,P022,2023-09-10,132,3,129,21265.2,3189.78,2126.52,26581.5,201.38
B003379,P022,2023-09-17,183,4,179,29481.3,4422.2,2948.13,36851.63,201.38
B003380,P022,2023-09-24,176,4,172,28353.6,4253.04,2835.36,35442.0,201.38
B003381,P022,2023-10-01,250,5,245,40275.0,6041.25,4027.5,50343.75,201.38
B003382,P022,2023-10-08,130,3,127,20943.0,3141.45,2094.3,26178.75,201.38
B003383,P022,2023-10-15,209,4,205,33669.9,5050.48,3366.99,42087.37,201.37
B003384,P022,2023-10-22,401,8,393,64601.1,9690.16,6460.11,80751.37,201.37
B003385,P022,2023-10-29,410,8,402,66051.0,9907.65,6605.1,82563.75,201.38
B003386,P022,2023-11-05,210,4,206,33831.0,5074.65,3383.1,42288.75,201.38
B003387,P022,2023-11-12,204,4,200,32864.4,4929.66,3286.44,41080.5,201.38
B003388,P022,2023-11-19,352,7,345,56707.2,8506.08,5670.72,70884.0,201.38
B003389,P022,2023-11-26,228,5,223,36730.8,5509.62,3673.08,45913.5,201.38
B003390,P022,2023-12-03,316,6,310,50907.6,7636.14,5090.76,63634.5,201.38
B003391,P022,2023-12-10,225,4,221,36247.5,5437.12,3624.75,45309.37,201.37
B003392,P022,2023-12-17,209,4,205,33669.9,5050.48,3366.99,42087.37,201.37
B003393,P022,2023-12-24,310,6,304,49941.0,7491.15,4994.1,62426.25,201.38
B003394,P022,2023-12-31,207,4,203,33347.7,5002.16,3334.77,41684.63,201.38
B003395,P022,2024-01-07,342,7,335,55096.2,8264.43,5509.62,68870.25,201.38
B003396,P022,2024-01-14,238,5,233,38341.8,5751.27,3834.18,47927.25,201.38
B003397,P022,2024-01-21,375,8,367,60412.5,9061.88,6041.25,75515.63,201.38
B003398,P022,2024-01-28,196,4,192,31575.6,4736.34,3157.56,39469.5,201.38
B003399,P022,2024-02-04,259,5,254,41724.9,6258.74,4172.49,52156.13,201.38
B003400,P022,2024-02-11,196,4,192,31575.6,4736.34,3157.56,39469.5,201.38
B003401,P022,2024-02-18,66,1,65,10632.6,1594.89,1063.26,13290.75,201.38
B003402,P022,2024-02-25,107,2,105,17237.7,2585.66,1723.77,21547.13,201.38
B003403,P022,2024-03-03,105,2,103,16915.5,2537.32,1691.55,21144.37,201.37
B003404,P022,2024-03-10,78,2,76,12565.8,1884.87,1256.58,15707.25,201.38
B003405,P022,2024-03-17,140,3,137,22554.0,3383.1,2255.4,28192.5,201.38
B003406,P022,2024-03-24,86,2,84,13854.6,2078.19,1385.46,17318.25,201.38
B003407,P022,2024-03-31,88,2,86,14176.8,2126.52,1417.68,17721.0,201.38
B003408,P022,2024-04-07,127,3,124,20459.7,3068.96,2045.97,25574.63,201.38
B003409,P022,2024-04-14,83,2,81,13371.3,2005.69,1337.13,16714.12,201.37
B003410,P022,2024-04-21,118,2,116,19009.8,2851.47,1900.98,23762.25,201.38
B003411,P022,2024-04-28,133,3,130,21426.3,3213.94,2142.63,26782.87,201.37
B003412,P022,2024-05-05,111,2,109,17882.1,2682.31,1788.21,22352.62,201.37
B003413,P022,2024-05-12,96,2,94,15465.6,2319.84,1546.56,19332.0,201.38
B003414,P022,2024-05-19,119,2,117,19170.9,2875.64,1917.09,23963.63,201.38
B003415,P022,2024-05-26,113,2,111,18204.3,2730.64,1820.43,22755.37,201.37
B003416,P022,2024-06-02,90,2,88,14499.0,2174.85,1449.9,18123.75,201.38
B003417,P022,2024-06-09,116,2,114,18687.6,2803.14,1868.76,23359.5,201.38
B003418,P022,2024-06-16,176,4,172,28353.6,4253.04,2835.36,35442.0,201.38
B003419,P022,2024-06-23,151,3,148,24326.1,3648.91,2432.61,30407.62,201.37
B003420,P022,2024-06-30,121,2,119,19493.1,2923.96,1949.31,24366.37,201.37
B003421,P022,2024-07-07,68,1,67,10954.8,1643.22,1095.48,13693.5,201.38
B003422,P022,2024-07-14,146,3,143,23520.6,3528.09,2352.06,29400.75,201.38
B003423,P022,2024-07-21,96,2,94,15465.6,2319.84,1546.56,19332.0,201.38
B003424,P022,2024-07-28,119,2,117,19170.9,2875.64,1917.09,23963.63,201.38
B003425,P022,2024-08-04,120,2,118,19332.0,2899.8,1933.2,24165.0,201.38
B003426,P022,2024-08-11,101,2,99,16271.1,2440.66,1627.11,20338.87,201.37
B003427,P022,2024-08-18,155,3,152,24970.5,3745.58,2497.05,31213.13,201.38
B003428,P022,2024-08-25,132,3,129,21265.2,3189.78,2126.52,26581.5,201.38
B003429,P022,2024-09-01,118,2,116,19009.8,2851.47,1900.98,23762.25,201.38
B003430,P022,2024-09-08,135,3,132,21748.5,3262.28,2174.85,27185.63,201.38
B003431,P022,2024-09-15,207,4,203,33347.7,5002.16,3334.77,41684.63,201.38
B003432,P022,2024-09-22,144,3,141,23198.4,3479.76,2319.84,28998.0,201.38
B003433,P022,2024-09-29,80,2,78,12888.0,1933.2,1288.8,16110.0,201.38
B003434,P022,2024-10-06,205,4,201,33025.5,4953.82,3302.55,41281.87,201.37
B003435,P022,2024-10-13,233,5,228,37536.3,5630.45,3753.63,46920.38,201.38
B003436,P022,2024-10-20,499,10,489,80388.9,12058.34,8038.89,100486.13,201.38
B003437,P022,2024-10-27,267,5,262,43013.7,6452.05,4301.37,53767.12,201.37
B003438,P022,2024-11-03,340,7,333,54774.0,8216.1,5477.4,68467.5,201.38
B003439,P022,2024-11-10,196,4,192,31575.6,4736.34,3157.56,39469.5,201.38
B003440,P022,2024-11-17,373,7,366,60090.3,9013.54,6009.03,75112.87,201.37
B003441,P022,2024-11-24,403,8,395,64923.3,9738.5,6492.33,81154.13,201.38
B003442,P022,2024-12-01,397,8,389,63956.7,9593.5,6395.67,79945.87,201.37
B003443,P022,2024-12-08,398,8,390,64117.8,9617.67,6411.78,80147.25,201.38
B003444,P022,2024-12-15,79,2,77,12726.9,1909.04,1272.69,15908.63,201.38
B003445,P022,2024-12-22,232,5,227,37375.2,5606.28,3737.52,46719.0,201.38
B003446,P022,2025-01-05,264,5,259,42530.4,6379.56,4253.04,53163.0,201.38
B003447,P023,2023-01-01,270,5,265,35856.0,5378.4,3585.6,44820.0,166.0
B003448,P023,2023-01-08,152,3,149,20185.6,3027.84,2018.56,25232.0,166.0
B003449,P023,2023-01-15,286,6,280,37980.8,5697.12,3798.08,47476.0,166.0
B003450,P023,2023-01-22,256,5,251,33996.8,5099.52,3399.68,42496.0,166.0
B003451,P023,2023-01-29,234,5,229,31075.2,4661.28,3107.52,38844.0,166.0
B003452,P023,2023-02-05,391,8,383,51924.8,7788.72,5192.48,64906.0,166.0
B003453,P023,2023-02-12,149,3,146,19787.2,2968.08,1978.72,24734.0,166.0
B003454,P023,2023-02-19,109,2,107,14475.2,2171.28,1447.52,18094.0,166.0
B003455,P023,2023-02-26,72,1,71,9561.6,1434.24,956.16,11952.0,166.0
B003456,P023,2023-03-05,79,2,77,10491.2,1573.68,1049.12,13114.0,166.0
B003457,P023,2023-03-12,108,2,106,14342.4,2151.36,1434.24,17928.0,166.0
B003458,P023,2023-03-19,72,1,71,9561.6,1434.24,956.16,11952.0,166.0
B003459,P023,2023-03-26,59,1,58,7835.2,1175.28,783.52,9794.0,166.0
B003460,P023,2023-04-02,69,1,68,9163.2,1374.48,916.32,11454.0,166.0
B003461,P023,2023-04-09,89,2,87,11819.2,1772.88,1181.92,14774.0,166.0
B003462,P023,2023-04-16,102,2,100,13545.6,2031.84,1354.56,16932.0,166.0
B003463,P023,2023-04-23,108,2,106,14342.4,2151.36,1434.24,17928.0,166.0
B003464,P023,2023-04-30,103,2,101,13678.4,2051.76,1367.84,17098.0,166.0
B003465,P023,2023-05-07,70,1,69,9296.0,1394.4,929.6,11620.0,166.0
B003466,P023,2023-05-14,124,2,122,16467.2,2470.08,1646.72,20584.0,166.0
B003467,P023,2023-05-21,77,2,75,10225.6,1533.84,1022.56,12782.0,166.0
B003468,P023,2023-05-28,58,1,57,7702.4,1155.36,770.24,9628.0,166.0
B003469,P023,2023-06-04,124,2,122,16467.2,2470.08,1646.72,20584.0,166.0
B003470,P023,2023-06-11,77,2,75,10225.6,1533.84,1022.56,12782.0,166.0
B003471,P023,2023-06-18,81,2,79,10756.8,1613.52,1075.68,13446.0,166.0
B003472,P023,2023-06-25,120,2,118,15936.0,2390.4,1593.6,19920.0,166.0
B003473,P023,2023-07-02,93,2,91,12350.4,1852.56,1235.04,15438.0,166.0
B003474,P023,2023-07-09,110,2,108,14608.0,2191.2,1460.8,18260.0,166.0
B003475,P023,2023-07-16,91,2,89,12084.8,1812.72,1208.48,15106.0,166.0
B003476,P023,2023-07-23,160,3,157,21248.0,3187.2,2124.8,26560.0,166.0
B003477,P023,2023-07-30,148,3,145,19654.4,2948.16,1965.44,24568.0,166.0
B003478,P023,2023-08-06,70,1,69,9296.0,1394.4,929.6,11620.0,166.0
B003479,P023,2023-08-13,115,2,113,15272.0,2290.8,1527.2,19090.0,166.0
B003480,P023,2023-08-20,99,2,97,13147.2,1972.08,1314.72,16434.0,166.0
B003481,P023,2023-08-27,130,3,127,17264.0,2589.6,1726.4,21580.0,166.0
B003482,P023,2023-09-03,63,1,62,8366.4,1254.96,836.64,10458.0,166.0
B003483,P023,2023-09-10,100,2,98,13280.0,1992.0,1328.0,16600.0,166.0
B003484,P023,2023-09-17,122,2,120,16201.6,2430.24,1620.16,20252.0,166.0
B003485,P023,2023-09-24,172,3,169,22841.6,3426.24,2284.16,28552.0,166.0
B003486,P023,2023-10-01,280,6,274,37184.0,5577.6,3718.4,46480.0,166.0
B003487,P023,2023-10-08,127,3,124,16865.6,2529.84,1686.56,21082.0,166.0
B003488,P023,2023-10-15,308,6,302,40902.4,6135.36,4090.24,51128.0,166.0
B003489,P023,2023-10-22,406,8,398,53916.8,8087.52,5391.68,67396.0,166.0
B003490,P023,2023-10-29,343,7,336,45550.4,6832.56,4555.04,56938.0,166.0
B003491,P023,2023-11-05,249,5,244,33067.2,4960.08,3306.72,41334.0,166.0
B003492,P023,2023-11-12,420,8,412,55776.0,8366.4,5577.6,69720.0,166.0
B003493,P023,2023-11-19,302,6,296,40105.6,6015.84,4010.56,50132.0,166.0
B003494,P023,2023-11-26,185,4,181,24568.0,3685.2,2456.8,30710.0,166.0
B003495,P023,2023-12-03,255,5,250,33864.0,5079.6,3386.4,42330.0,166.0
B003496,P023,2023-12-10,372,7,365,49401.6,7410.24,4940.16,61752.0,166.0
B003497,P023,2023-12-17,242,5,237,32137.6,4820.64,3213.76,40172.0,166.0
B003498,P023,2023-12-24,258,5,253,34262.4,5139.36,3426.24,42828.0,166.0
B003499,P023,2023-12-31,368,7,361,48870.4,7330.56,4887.04,61088.0,166.0
B003500,P023,2024-01-07,295,6,289,39176.0,5876.4,3917.6,48970.0,166.0
B003501,P023,2024-01-14,316,6,310,41964.8,6294.72,4196.48,52456.0,166.0
B003502,P023,2024-01-21,267,5,262,35457.6,5318.64,3545.76,44322.0,166.0
B003503,P023,2024-01-28,260,5,255,34528.0,5179.2,3452.8,43160.0,166.0
B003504,P023,2024-02-04,298,6,292,39574.4,5936.16,3957.44,49468.0,166.0
B003505,P023,2024-02-11,217,4,213,28817.6,4322.64,2881.76,36022.0,166.0
B003506,P023,2024-02-18,108,2,106,14342.4,2151.36,1434.24,17928.0,166.0
B003507,P023,2024-02-25,104,2,102,13811.2,2071.68,1381.12,17264.0,166.0
B003508,P023,2024-03-03,115,2,113,15272.0,2290.8,1527.2,19090.0,166.0
B003509,P023,2024-03-10,143,3,140,18990.4,2848.56,1899.04,23738.0,166.0
B003510,P023,2024-03-17,82,2,80,10889.6,1633.44,1088.96,13612.0,166.0
B003511,P023,2024-03-24,67,1,66,8897.6,1334.64,889.76,11122.0,166.0
B003512,P023,2024-03-31,113,2,111,15006.4,2250.96,1500.64,18758.0,166.0
B003513,P023,2024-04-07,90,2,88,11952.0,1792.8,1195.2,14940.0,166.0
B003514,P023,2024-04-14,105,2,103,13944.0,2091.6,1394.4,17430.0,166.0
B003515,P023,2024-04-21,103,2,101,13678.4,2051.76,1367.84,17098.0,166.0
B003516,P023,2024-04-28,95,2,93,12616.0,1892.4,1261.6,15770.0,166.0
B003517,P023,2024-05-05,103,2,101,13678.4,2051.76,1367.84,17098.0,166.0
B003518,P023,2024-05-12,150,3,147,19920.0,2988.0,1992.0,24900.0,166.0
B003519,P023,2024-05-19,145,3,142,19256.0,2888.4,1925.6,24070.0,166.0
B003520,P023,2024-05-26,136,3,133,18060.8,2709.12,1806.08,22576.0,166.0
B003521,P023,2024-06-02,135,3,132,17928.0,2689.2,1792.8,22410.0,166.0
B003522,P023,2024-06-09,89,2,87,11819.2,1772.88,1181.92,14774.0,166.0
B003523,P023,2024-06-16,159,3,156,21115.2,3167.28,2111.52,26394.0,166.0
B003524,P023,2024-06-23,173,3,170,22974.4,3446.16,2297.44,28718.0,166.0
B003525,P023,2024-06-30,80,2,78,10624.0,1593.6,1062.4,13280.0,166.0
B003526,P023,2024-07-07,165,3,162,21912.0,3286.8,2191.2,27390.0,166.0
B003527,P023,2024-07-14,111,2,109,14740.8,2211.12,1474.08,18426.0,166.0
B003528,P023,2024-07-21,101,2,99,13412.8,2011.92,1341.28,16766.0,166.0
B003529,P023,2024-07-28,184,4,180,24435.2,3665.28,2443.52,30544.0,166.0
B003530,P023,2024-08-04,125,2,123,16600.0,2490.0,1660.0,20750.0,166.0
B003531,P023,2024-08-11,179,4,175,23771.2,3565.68,2377.12,29714.0,166.0
B003532,P023,2024-08-18,123,2,121,16334.4,2450.16,1633.44,20418.0,166.0
B003533,P023,2024-08-25,154,3,151,20451.2,3067.68,2045.12,25564.0,166.0
B003534,P023,2024-09-01,154,3,151,20451.2,3067.68,2045.12,25564.0,166.0
B003535,P023,2024-09-08,106,2,104,14076.8,2111.52,1407.68,17596.0,166.0
B003536,P023,2024-09-15,203,4,199,26958.4,4043.76,2695.84,33698.0,166.0
B003537,P023,2024-09-22,140,3,137,18592.0,2788.8,1859.2,23240.0,166.0
B003538,P023,2024-09-29,140,3,137,18592.0,2788.8,1859.2,23240.0,166.0
B003539,P023,2024-10-06,259,5,254,34395.2,5159.28,3439.52,42994.0,166.0
B003540,P023,2024-10-13,192,4,188,25497.6,3824.64,2549.76,31872.0,166.0
B003541,P023,2024-10-20,389,8,381,51659.2,7748.88,5165.92,64574.0,166.0
B003542,P023,2024-10-27,261,5,256,34660.8,5199.12,3466.08,43326.0,166.0
B003543,P023,2024-11-03,314,6,308,41699.2,6254.88,4169.92,52124.0,166.0
B003544,P023,2024-11-10,280,6,274,37184.0,5577.6,3718.4,46480.0,166.0
B003545,P023,2024-11-17,286,6,280,37980.8,5697.12,3798.08,47476.0,166.0
B003546,P023,2024-11-24,344,7,337,45683.2,6852.48,4568.32,57104.0,166.0
B003547,P023,2024-12-01,245,5,240,32536.0,4880.4,3253.6,40670.0,166.0
B003548,P023,2024-12-08,359,7,352,47675.2,7151.28,4767.52,59594.0,166.0
B003549,P023,2024-12-15,28,1,27,3718.4,557.76,371.84,4648.0,166.0
B003550,P023,2024-12-22,188,4,184,24966.4,3744.96,2496.64,31208.0,166.0
B003551,P023,2024-12-29,50,1,49,6640.0,996.0,664.0,8300.0,166.0
B003552,P023,2025-01-05,277,6,271,36785.6,5517.84,3678.56,45982.0,166.0
B003553,P024,2023-06-18,96,2,94,3657.6,548.64,365.76,4572.0,47.62
B003554,P024,2023-06-25,103,2,101,3924.3,588.64,392.43,4905.37,47.62
B003555,P024,2023-07-02,122,2,120,4648.2,697.23,464.82,5810.25,47.62
B003556,P024,2023-07-09,120,2,118,4572.0,685.8,457.2,5715.0,47.62
B003557,P024,2023-07-16,85,2,83,3238.5,485.78,323.85,4048.13,47.63
B003558,P024,2023-07-23,105,2,103,4000.5,600.07,400.05,5000.62,47.62
B003559,P024,2023-07-30,94,2,92,3581.4,537.21,358.14,4476.75,47.62
B003560,P024,2023-08-06,115,2,113,4381.5,657.22,438.15,5476.87,47.62
B003561,P024,2023-08-13,114,2,112,4343.4,651.51,434.34,5429.25,47.62
B003562,P024,2023-08-20,114,2,112,4343.4,651.51,434.34,5429.25,47.62
B003563,P024,2023-08-27,104,2,102,3962.4,594.36,396.24,4953.0,47.62
B003564,P024,2023-09-03,96,2,94,3657.6,548.64,365.76,4572.0,47.62
B003565,P024,2023-09-10,142,3,139,5410.2,811.53,541.02,6762.75,47.62
B003566,P024,2023-09-17,138,3,135,5257.8,788.67,525.78,6572.25,47.62
B003567,P024,2023-09-24,134,3,131,5105.4,765.81,510.54,6381.75,47.62
B003568,P024,2023-10-01,311,6,305,11849.1,1777.36,1184.91,14811.37,47.62
B003569,P024,2023-10-08,162,3,159,6172.2,925.83,617.22,7715.25,47.62
B003570,P024,2023-10-15,238,5,233,9067.8,1360.17,906.78,11334.75,47.62
B003571,P024,2023-10-22,324,6,318,12344.4,1851.66,1234.44,15430.5,47.62
B003572,P024,2023-10-29,265,5,260,10096.5,1514.48,1009.65,12620.63,47.63
B003573,P024,2023-11-05,246,5,241,9372.6,1405.89,937.26,11715.75,47.62
B003574,P024,2023-11-12,373,7,366,14211.3,2131.69,1421.13,17764.12,47.62
B003575,P024,2023-11-19,173,3,170,6591.3,988.7,659.13,8239.13,47.63
B003576,P024,2023-11-26,319,6,313,12153.9,1823.08,1215.39,15192.37,47.62
B003577,P024,2023-12-03,200,4,196,7620.0,1143.0,762.0,9525.0,47.62
B003578,P024,2023-12-10,332,7,325,12649.2,1897.38,1264.92,15811.5,47.62
B003579,P024,2023-12-17,354,7,347,13487.4,2023.11,1348.74,16859.25,47.62
B003580,P024,2023-12-24,361,7,354,13754.1,2063.11,1375.41,17192.62,47.62
B003581,P024,2023-12-31,204,4,200,7772.4,1165.86,777.24,9715.5,47.62
B003582,P024,2024-01-07,331,7,324,12611.1,1891.66,1261.11,15763.87,47.62
B003583,P024,2024-01-14,363,7,356,13830.3,2074.54,1383.03,17287.87,47.62
B003584,P024,2024-01-21,328,7,321,12496.8,1874.52,1249.68,15621.0,47.62
B003585,P024,2024-01-28,269,5,264,10248.9,1537.33,1024.89,12811.12,47.62
B003586,P024,2024-02-04,211,4,207,8039.1,1205.86,803.91,10048.87,47.62
B003587,P024,2024-02-11,239,5,234,9105.9,1365.88,910.59,11382.37,47.62
B003588,P024,2024-02-18,79,2,77,3009.9,451.48,300.99,3762.37,47.62
B003589,P024,2024-02-25,96,2,94,3657.6,548.64,365.76,4572.0,47.62
B003590,P024,2024-03-03,127,3,124,4838.7,725.8,483.87,6048.37,47.62
B003591,P024,2024-03-10,83,2,81,3162.3,474.34,316.23,3952.87,47.62
B003592,P024,2024-03-17,97,2,95,3695.7,554.35,369.57,4619.62,47.62
B003593,P024,2024-03-24,142,3,139,5410.2,811.53,541.02,6762.75,47.62
B003594,P024,2024-03-31,97,2,95,3695.7,554.35,369.57,4619.62,47.62
B003595,P024,2024-04-07,97,2,95,3695.7,554.35,369.57,4619.62,47.62
B003596,P024,2024-04-14,96,2,94,3657.6,548.64,365.76,4572.0,47.62
B003597,P024,2024-04-21,102,2,100,3886.2,582.93,388.62,4857.75,47.62
B003598,P024,2024-04-28,97,2,95,3695.7,554.35,369.57,4619.62,47.62
B003599,P024,2024-05-05,82,2,80,3124.2,468.63,312.42,3905.25,47.62
B003600,P024,2024-05-12,85,2,83,3238.5,485.78,323.85,4048.13,47.63
B003601,P024,2024-05-19,97,2,95,3695.7,554.35,369.57,4619.62,47.62
B003602,P024,2024-05-26,82,2,80,3124.2,468.63,312.42,3905.25,47.62
B003603,P024,2024-06-02,115,2,113,4381.5,657.22,438.15,5476.87,47.62
B003604,P024,2024-06-09,93,2,91,3543.3,531.5,354.33,4429.13,47.63
B003605,P024,2024-06-16,109,2,107,4152.9,622.93,415.29,5191.12,47.62
B003606,P024,2024-06-23,120,2,118,4572.0,685.8,457.2,5715.0,47.62
B003607,P024,2024-06-30,182,4,178,6934.2,1040.13,693.42,8667.75,47.62
B003608,P024,2024-07-07,105,2,103,4000.5,600.07,400.05,5000.62,47.62
B003609,P024,2024-07-14,144,3,141,5486.4,822.96,548.64,6858.0,47.62
B003610,P024,2024-07-21,116,2,114,4419.6,662.94,441.96,5524.5,47.62
B003611,P024,2024-07-28,147,3,144,5600.7,840.1,560.07,7000.87,47.62
B003612,P024,2024-08-04,94,2,92,3581.4,537.21,358.14,4476.75,47.62
B003613,P024,2024-08-11,122,2,120,4648.2,697.23,464.82,5810.25,47.62
B003614,P024,2024-08-18,149,3,146,5676.9,851.54,567.69,7096.13,47.63
B003615,P024,2024-08-25,129,3,126,4914.9,737.23,491.49,6143.62,47.62
B003616,P024,2024-09-01,113,2,111,4305.3,645.79,430.53,5381.62,47.62
B003617,P024,2024-09-08,146,3,143,5562.6,834.39,556.26,6953.25,47.62
B003618,P024,2024-09-15,186,4,182,7086.6,1062.99,708.66,8858.25,47.62
B003619,P024,2024-09-22,115,2,113,4381.5,657.22,438.15,5476.87,47.62
B003620,P024,2024-09-29,177,4,173,6743.7,1011.56,674.37,8429.63,47.63
B003621,P024,2024-10-06,216,4,212,8229.6,1234.44,822.96,10287.0,47.62
B003622,P024,2024-10-13,238,5,233,9067.8,1360.17,906.78,11334.75,47.62
B003623,P024,2024-10-20,419,8,411,15963.9,2394.58,1596.39,19954.87,47.62
B003624,P024,2024-10-27,306,6,300,11658.6,1748.79,1165.86,14573.25,47.62
B003625,P024,2024-11-03,219,4,215,8343.9,1251.58,834.39,10429.87,47.62
B003626,P024,2024-11-10,379,8,371,14439.9,2165.98,1443.99,18049.87,47.62
B003627,P024,2024-11-17,288,6,282,10972.8,1645.92,1097.28,13716.0,47.62
B003628,P024,2024-11-24,339,7,332,12915.9,1937.38,1291.59,16144.87,47.62
B003629,P024,2024-12-01,346,7,339,13182.6,1977.39,1318.26,16478.25,47.62
B003630,P024,2024-12-08,303,6,297,11544.3,1731.64,1154.43,14430.37,47.62
B003631,P024,2024-12-15,70,1,69,2667.0,400.05,266.7,3333.75,47.62
B003632,P024,2024-12-22,181,4,177,6896.1,1034.42,689.61,8620.13,47.63
B003633,P024,2024-12-29,18,0,18,685.8,102.87,68.58,857.25,47.62
B003634,P024,2025-01-05,322,6,316,12268.2,1840.23,1226.82,15335.25,47.62
