PO_ID,PO_Date,SupplierID,SupplierName,MaterialID,MaterialName,Category,UnitOfMeasure,OrderQuantity,UnitCost_INR,BaseCost_INR,GST_Rate_Percent,GST_Amount_INR,FreightCost_INR,TotalPOValue_INR,PromisedLeadTimeDays,ExpectedDeliveryDate,ActualDeliveryDate,DelayDays,DeliveryStatus,PaymentTermsDays
PO-2018-0001,2018-08-02,SUP005,Chemico Excipients Ltd,RM010,Microcrystalline Cellulose (MCC),Excipients,kg,3.9,110.32,430.25,18,77.44,809.9,1317.59,12,2018-08-14,2018-08-13,-1,Early,60
PO-2018-0002,2018-08-02,SUP008,Malwa Print & Cartons,RM017,Product Labels (units),Packaging,units,249.0,0.88,219.12,18,39.44,283.43,541.99,8,2018-08-10,2018-08-14,4,Delayed,15
PO-2018-0003,2018-08-06,SUP007,Indore Packaging Solutions,RM015,HDPE Bottles 100ml (units),Packaging,units,187.0,4.18,781.66,18,140.7,299.29,1221.65,9,2018-08-15,2018-08-15,0,On-Time,15
PO-2018-0004,2018-08-08,SUP005,Chemico Excipients Ltd,RM012,Maize Starch,Excipients,kg,2.9,84.85,246.06,18,44.29,812.67,1103.02,9,2018-08-17,2018-08-15,-2,Early,60
PO-2018-0005,2018-08-12,SUP007,Indore Packaging Solutions,RM018,Corrugated Shipping Boxes (units),Packaging,units,27.0,22.49,607.23,18,109.3,313.19,1029.72,8,2018-08-20,2018-08-20,0,On-Time,15
PO-2018-0006,2018-08-14,SUP005,Chemico Excipients Ltd,RM011,Magnesium Stearate,Excipients,kg,1.0,184.31,184.31,18,33.18,870.11,1087.6,12,2018-08-26,2018-08-26,0,On-Time,60
PO-2018-0007,2018-08-15,SUP008,Malwa Print & Cartons,RM016,Printed Cartons (units),Packaging,units,170.0,3.19,542.3,18,97.61,306.22,946.13,8,2018-08-23,2018-08-23,0,On-Time,15
PO-2018-0008,2018-08-16,SUP001,Madhya Herbs Pvt Ltd,RM002,Tulsi Leaves (Dried),Raw Herbs,kg,7.6,134.66,1023.42,5,51.17,529.4,1603.99,32,2018-09-17,2018-09-17,0,On-Time,30
PO-2018-0009,2018-08-17,SUP001,Madhya Herbs Pvt Ltd,RM001,Ashwagandha Root (Dried),Raw Herbs,kg,8.7,174.16,1515.19,5,75.76,584.86,2175.81,34,2018-09-20,2018-09-18,-2,Early,30
PO-2018-0010,2018-08-18,SUP001,Madhya Herbs Pvt Ltd,RM004,Giloy Stem (Dried),Raw Herbs,kg,4.6,153.95,708.17,5,35.41,530.87,1274.45,33,2018-09-20,2018-09-19,-1,Early,30
PO-2018-0011,2018-08-30,SUP002,Vindhya Botanicals,RM003,Amla Fruit (Dried),Raw Herbs,kg,4.8,158.9,762.72,5,38.14,485.64,1286.5,32,2018-10-01,2018-10-01,0,On-Time,30
PO-2018-0012,2018-09-20,SUP004,Girnar Ayur Ingredients,RM005,Ashwagandha Extract (5% Withanolides),Herbal Extracts,kg,3.5,914.14,3199.49,12,383.94,851.3,4434.73,27,2018-10-17,2018-10-20,3,Delayed,45
PO-2018-0013,2018-10-01,SUP003,Himalayan Herb Extracts,RM006,Brahmi Extract,Herbal Extracts,kg,3.4,862.02,2930.87,12,351.7,1285.87,4568.44,21,2018-10-22,2018-10-22,0,On-Time,45
PO-2018-0014,2018-10-03,SUP003,Himalayan Herb Extracts,RM009,Triphala Extract,Herbal Extracts,kg,3.5,775.99,2715.97,12,325.92,1319.84,4361.73,18,2018-10-21,2018-10-21,0,On-Time,45
PO-2018-0015,2018-10-08,SUP007,Indore Packaging Solutions,RM015,HDPE Bottles 100ml (units),Packaging,units,1026.0,4.29,4401.54,18,792.28,329.37,5523.19,7,2018-10-15,2018-10-15,0,On-Time,15
PO-2018-0016,2018-10-13,SUP004,Girnar Ayur Ingredients,RM008,Turmeric Curcumin Extract (95%),Herbal Extracts,kg,5.2,1397.29,7265.91,12,871.91,832.2,8970.02,14,2018-10-27,2018-10-26,-1,Early,45
PO-2018-0017,2018-10-16,SUP004,Girnar Ayur Ingredients,RM007,Shatavari Extract,Herbal Extracts,kg,3.3,835.91,2758.5,12,331.02,792.92,3882.44,17,2018-11-02,2018-11-02,0,On-Time,45
PO-2018-0018,2018-10-23,SUP008,Malwa Print & Cartons,RM016,Printed Cartons (units),Packaging,units,1038.0,3.14,3259.32,18,586.68,442.34,4288.34,10,2018-11-02,2018-11-02,0,On-Time,15
PO-2018-0019,2018-10-23,SUP008,Malwa Print & Cartons,RM017,Product Labels (units),Packaging,units,1325.0,0.88,1166.0,18,209.88,330.43,1706.31,5,2018-10-28,2018-10-31,3,Delayed,15
PO-2018-0020,2018-11-09,SUP007,Indore Packaging Solutions,RM018,Corrugated Shipping Boxes (units),Packaging,units,229.0,21.9,5015.1,18,902.72,498.35,6416.17,8,2018-11-17,2018-11-17,0,On-Time,15
PO-2018-0021,2018-12-01,SUP005,Chemico Excipients Ltd,RM010,Microcrystalline Cellulose (MCC),Excipients,kg,41.9,110.66,4636.65,18,834.6,1133.19,6604.44,12,2018-12-13,2018-12-12,-1,Early,60
PO-2018-0022,2018-12-05,SUP001,Madhya Herbs Pvt Ltd,RM001,Ashwagandha Root (Dried),Raw Herbs,kg,86.8,182.07,15803.68,5,790.18,982.23,17576.09,20,2018-12-25,2018-12-25,0,On-Time,30
PO-2018-0023,2018-12-13,SUP001,Madhya Herbs Pvt Ltd,RM002,Tulsi Leaves (Dried),Raw Herbs,kg,67.9,140.5,9539.95,5,477.0,838.13,10855.08,18,2018-12-31,2018-12-31,0,On-Time,30
PO-2018-0024,2018-12-14,SUP005,Chemico Excipients Ltd,RM012,Maize Starch,Excipients,kg,30.1,82.49,2482.95,18,446.93,1088.59,4018.47,11,2018-12-25,2018-12-24,-1,Early,60
PO-2018-0025,2018-12-14,SUP002,Vindhya Botanicals,RM003,Amla Fruit (Dried),Raw Herbs,kg,51.6,157.06,8104.3,5,405.21,805.75,9315.26,19,2019-01-02,2019-01-02,0,On-Time,30
PO-2018-0026,2018-12-21,SUP007,Indore Packaging Solutions,RM015,HDPE Bottles 100ml (units),Packaging,units,1860.0,4.27,7942.2,18,1429.6,376.22,9748.02,9,2018-12-30,2018-12-30,0,On-Time,15
PO-2018-0027,2018-12-30,SUP008,Malwa Print & Cartons,RM017,Product Labels (units),Packaging,units,2575.0,0.94,2420.5,18,435.69,349.57,3205.76,8,2019-01-07,2019-01-06,-1,Early,15
PO-2019-0001,2019-01-02,SUP001,Madhya Herbs Pvt Ltd,RM004,Giloy Stem (Dried),Raw Herbs,kg,61.1,154.05,9412.46,5,470.62,773.85,10656.93,22,2019-01-24,2019-01-24,0,On-Time,30
PO-2019-0002,2019-01-03,SUP005,Chemico Excipients Ltd,RM011,Magnesium Stearate,Excipients,kg,13.2,201.22,2656.1,18,478.1,859.46,3993.66,11,2019-01-14,2019-01-15,1,Delayed,60
PO-2019-0003,2019-01-10,SUP008,Malwa Print & Cartons,RM016,Printed Cartons (units),Packaging,units,2102.0,3.32,6978.64,18,1256.16,572.61,8807.41,9,2019-01-19,2019-01-19,0,On-Time,15
PO-2019-0004,2019-01-28,SUP007,Indore Packaging Solutions,RM018,Corrugated Shipping Boxes (units),Packaging,units,375.0,23.24,8715.0,18,1568.7,694.36,10978.06,9,2019-02-06,2019-02-06,0,On-Time,15
PO-2019-0005,2019-02-08,SUP007,Indore Packaging Solutions,RM015,HDPE Bottles 100ml (units),Packaging,units,3056.0,4.35,13293.6,18,2392.85,510.08,16196.53,9,2019-02-17,2019-02-17,0,On-Time,15
PO-2019-0006,2019-02-16,SUP003,Himalayan Herb Extracts,RM005,Ashwagandha Extract (5% Withanolides),Herbal Extracts,kg,19.7,1004.34,19785.5,12,2374.26,1448.87,23608.63,14,2019-03-02,2019-03-01,-1,Early,45
PO-2019-0007,2019-02-18,SUP008,Malwa Print & Cartons,RM017,Product Labels (units),Packaging,units,3745.0,0.97,3632.65,18,653.88,368.88,4655.41,7,2019-02-25,2019-02-25,0,On-Time,15
PO-2019-0008,2019-02-28,SUP004,Girnar Ayur Ingredients,RM008,Turmeric Curcumin Extract (95%),Herbal Extracts,kg,13.0,1494.65,19430.45,12,2331.65,930.76,22692.86,12,2019-03-12,2019-03-12,0,On-Time,45
PO-2019-0009,2019-03-01,SUP001,Madhya Herbs Pvt Ltd,RM001,Ashwagandha Root (Dried),Raw Herbs,kg,119.7,194.74,23310.38,5,1165.52,1105.12,25581.02,27,2019-03-28,2019-03-28,0,On-Time,30
PO-2019-0010,2019-03-08,SUP008,Malwa Print & Cartons,RM016,Printed Cartons (units),Packaging,units,2666.0,3.34,8904.44,18,1602.8,649.38,11156.62,10,2019-03-18,2019-03-18,0,On-Time,15
PO-2019-0011,2019-03-09,SUP005,Chemico Excipients Ltd,RM010,Microcrystalline Cellulose (MCC),Excipients,kg,57.7,116.4,6716.28,18,1208.93,1355.6,9280.81,14,2019-03-23,2019-03-23,0,On-Time,60
PO-2019-0012,2019-03-12,SUP003,Himalayan Herb Extracts,RM009,Triphala Extract,Herbal Extracts,kg,10.5,848.26,8906.73,12,1068.81,1305.18,11280.72,19,2019-03-31,2019-04-09,9,Delayed,45
PO-2019-0013,2019-03-15,SUP007,Indore Packaging Solutions,RM015,HDPE Bottles 100ml (units),Packaging,units,2773.0,4.42,12256.66,18,2206.2,471.14,14934.0,9,2019-03-24,2019-03-24,0,On-Time,15
PO-2019-0014,2019-03-15,SUP001,Madhya Herbs Pvt Ltd,RM002,Tulsi Leaves (Dried),Raw Herbs,kg,109.7,154.08,16902.58,5,845.13,1122.29,18870.0,23,2019-04-07,2019-04-07,0,On-Time,30
PO-2019-0015,2019-03-16,SUP002,Vindhya Botanicals,RM003,Amla Fruit (Dried),Raw Herbs,kg,66.6,169.64,11298.02,5,564.9,810.19,12673.11,23,2019-04-08,2019-04-08,0,On-Time,30
PO-2019-0016,2019-03-18,SUP004,Girnar Ayur Ingredients,RM007,Shatavari Extract,Herbal Extracts,kg,8.7,892.11,7761.36,12,931.36,863.75,9556.47,17,2019-04-04,2019-04-04,0,On-Time,45
PO-2019-0017,2019-03-19,SUP006,Capsico Gelatin & Capsules,RM013,"Gelatin Capsules (Size 00, '000s)",Capsules,'000 units,12.0,346.84,4162.08,12,499.45,860.13,5521.66,15,2019-04-03,2019-04-03,0,On-Time,45
PO-2019-0018,2019-03-21,SUP003,Himalayan Herb Extracts,RM006,Brahmi Extract,Herbal Extracts,kg,9.3,934.66,8692.34,12,1043.08,1410.55,11145.97,22,2019-04-12,2019-04-12,0,On-Time,45
PO-2019-0019,2019-03-24,SUP001,Madhya Herbs Pvt Ltd,RM004,Giloy Stem (Dried),Raw Herbs,kg,72.8,156.18,11369.9,5,568.5,919.67,12858.07,28,2019-04-21,2019-04-21,0,On-Time,30
PO-2019-0020,2019-03-28,SUP007,Indore Packaging Solutions,RM018,Corrugated Shipping Boxes (units),Packaging,units,452.0,22.92,10359.84,18,1864.77,764.0,12988.61,7,2019-04-04,2019-04-04,0,On-Time,15
PO-2019-0021,2019-03-28,SUP005,Chemico Excipients Ltd,RM012,Maize Starch,Excipients,kg,42.3,86.78,3670.79,18,660.74,1229.33,5560.86,10,2019-04-07,2019-04-07,0,On-Time,60
PO-2019-0022,2019-03-31,SUP008,Malwa Print & Cartons,RM017,Product Labels (units),Packaging,units,3607.0,0.92,3318.44,18,597.32,379.56,4295.32,8,2019-04-08,2019-04-08,0,On-Time,15
PO-2019-0023,2019-04-11,SUP005,Chemico Excipients Ltd,RM011,Magnesium Stearate,Excipients,kg,13.9,194.58,2704.66,18,486.84,950.17,4141.67,11,2019-04-22,2019-04-22,0,On-Time,60
PO-2019-0024,2019-04-18,SUP008,Malwa Print & Cartons,RM016,Printed Cartons (units),Packaging,units,2264.0,3.21,7267.44,18,1308.14,588.38,9163.96,8,2019-04-26,2019-04-26,0,On-Time,15
PO-2019-0025,2019-04-22,SUP001,Madhya Herbs Pvt Ltd,RM001,Ashwagandha Root (Dried),Raw Herbs,kg,103.0,185.52,19108.56,5,955.43,1076.07,21140.06,26,2019-05-18,2019-05-21,3,Delayed,30
PO-2019-0026,2019-04-23,SUP007,Indore Packaging Solutions,RM015,HDPE Bottles 100ml (units),Packaging,units,2821.0,4.51,12722.71,18,2290.09,465.38,15478.18,8,2019-05-01,2019-05-01,0,On-Time,15
PO-2019-0027,2019-05-01,SUP003,Himalayan Herb Extracts,RM005,Ashwagandha Extract (5% Withanolides),Herbal Extracts,kg,18.4,1043.49,19200.22,12,2304.03,1351.03,22855.28,20,2019-05-21,2019-05-21,0,On-Time,45
PO-2019-0028,2019-05-08,SUP004,Girnar Ayur Ingredients,RM008,Turmeric Curcumin Extract (95%),Herbal Extracts,kg,14.6,1551.86,22657.16,12,2718.86,989.51,26365.53,18,2019-05-26,2019-05-26,0,On-Time,45
PO-2019-0029,2019-05-12,SUP007,Indore Packaging Solutions,RM018,Corrugated Shipping Boxes (units),Packaging,units,480.0,23.83,11438.4,18,2058.91,808.55,14305.86,9,2019-05-21,2019-05-22,1,Delayed,15
PO-2019-0030,2019-05-13,SUP008,Malwa Print & Cartons,RM017,Product Labels (units),Packaging,units,4476.0,0.98,4386.48,18,789.57,351.53,5527.58,6,2019-05-19,2019-05-19,0,On-Time,15
PO-2019-0031,2019-05-17,SUP001,Madhya Herbs Pvt Ltd,RM002,Tulsi Leaves (Dried),Raw Herbs,kg,115.4,145.9,16836.86,5,841.84,1066.32,18745.02,22,2019-06-08,2019-06-08,0,On-Time,30
PO-2019-0032,2019-05-18,SUP002,Vindhya Botanicals,RM003,Amla Fruit (Dried),Raw Herbs,kg,72.8,175.97,12810.62,5,640.53,930.46,14381.61,26,2019-06-13,2019-06-18,5,Delayed,30
PO-2019-0033,2019-05-18,SUP005,Chemico Excipients Ltd,RM010,Microcrystalline Cellulose (MCC),Excipients,kg,57.2,119.24,6820.53,18,1227.7,1381.1,9429.33,14,2019-06-01,2019-06-01,0,On-Time,60
PO-2019-0034,2019-05-20,SUP006,Capsico Gelatin & Capsules,RM013,"Gelatin Capsules (Size 00, '000s)",Capsules,'000 units,12.0,341.53,4098.36,12,491.8,906.35,5496.51,16,2019-06-05,2019-06-05,0,On-Time,45
PO-2019-0035,2019-06-01,SUP001,Madhya Herbs Pvt Ltd,RM004,Giloy Stem (Dried),Raw Herbs,kg,83.2,162.08,13485.06,5,674.25,939.59,15098.9,34,2019-07-05,2019-07-04,-1,Early,30
PO-2019-0036,2019-06-01,SUP005,Chemico Excipients Ltd,RM012,Maize Starch,Excipients,kg,55.3,93.63,5177.74,18,931.99,1250.85,7360.58,9,2019-06-10,2019-06-10,0,On-Time,60
PO-2019-0037,2019-06-03,SUP007,Indore Packaging Solutions,RM015,HDPE Bottles 100ml (units),Packaging,units,3431.0,4.37,14993.47,18,2698.82,462.5,18154.79,6,2019-06-09,2019-06-09,0,On-Time,15
PO-2019-0038,2019-06-08,SUP008,Malwa Print & Cartons,RM016,Printed Cartons (units),Packaging,units,3222.0,3.25,10471.5,18,1884.87,735.18,13091.55,10,2019-06-18,2019-06-18,0,On-Time,15
PO-2019-0039,2019-06-11,SUP003,Himalayan Herb Extracts,RM009,Triphala Extract,Herbal Extracts,kg,12.4,823.56,10212.14,12,1225.46,1291.19,12728.79,22,2019-07-03,2019-07-15,12,Delayed,45
PO-2019-0040,2019-06-12,SUP003,Himalayan Herb Extracts,RM006,Brahmi Extract,Herbal Extracts,kg,10.5,917.65,9635.32,12,1156.24,1275.41,12066.97,20,2019-07-02,2019-07-02,0,On-Time,45
PO-2019-0041,2019-06-16,SUP008,Malwa Print & Cartons,RM017,Product Labels (units),Packaging,units,4554.0,0.99,4508.46,18,811.52,363.67,5683.65,8,2019-06-24,2019-06-24,0,On-Time,15
PO-2019-0042,2019-06-17,SUP004,Girnar Ayur Ingredients,RM007,Shatavari Extract,Herbal Extracts,kg,9.8,839.26,8224.75,12,986.97,937.09,10148.81,19,2019-07-06,2019-07-06,0,On-Time,45
PO-2019-0043,2019-06-17,SUP001,Madhya Herbs Pvt Ltd,RM001,Ashwagandha Root (Dried),Raw Herbs,kg,132.9,185.15,24606.44,5,1230.32,1194.77,27031.53,32,2019-07-19,2019-07-19,0,On-Time,30
PO-2019-0044,2019-06-25,SUP007,Indore Packaging Solutions,RM018,Corrugated Shipping Boxes (units),Packaging,units,503.0,23.96,12051.88,18,2169.34,796.88,15018.1,9,2019-07-04,2019-07-04,0,On-Time,15
PO-2019-0045,2019-07-01,SUP005,Chemico Excipients Ltd,RM011,Magnesium Stearate,Excipients,kg,21.8,194.99,4250.78,18,765.14,977.8,5993.72,10,2019-07-11,2019-07-11,0,On-Time,60
PO-2019-0046,2019-07-02,SUP007,Indore Packaging Solutions,RM015,HDPE Bottles 100ml (units),Packaging,units,4089.0,4.57,18686.73,18,3363.61,515.95,22566.29,10,2019-07-12,2019-07-12,0,On-Time,15
PO-2019-0047,2019-07-06,SUP001,Madhya Herbs Pvt Ltd,RM002,Tulsi Leaves (Dried),Raw Herbs,kg,150.6,142.55,21468.03,5,1073.4,1256.75,23798.18,31,2019-08-06,2019-08-05,-1,Early,30
PO-2019-0048,2019-07-13,SUP008,Malwa Print & Cartons,RM016,Printed Cartons (units),Packaging,units,4032.0,3.2,12902.4,18,2322.43,867.32,16092.15,10,2019-07-23,2019-07-23,0,On-Time,15
PO-2019-0049,2019-07-17,SUP005,Chemico Excipients Ltd,RM010,Microcrystalline Cellulose (MCC),Excipients,kg,93.7,117.05,10967.59,18,1974.17,1505.66,14447.42,10,2019-07-27,2019-07-31,4,Delayed,60
PO-2019-0050,2019-07-19,SUP008,Malwa Print & Cartons,RM017,Product Labels (units),Packaging,units,6051.0,0.96,5808.96,18,1045.61,360.76,7215.33,8,2019-07-27,2019-07-27,0,On-Time,15
PO-2019-0051,2019-07-19,SUP003,Himalayan Herb Extracts,RM005,Ashwagandha Extract (5% Withanolides),Herbal Extracts,kg,32.1,969.89,31133.47,12,3736.02,1759.95,36629.44,29,2019-08-17,2019-08-25,8,Delayed,45
PO-2019-0052,2019-07-20,SUP001,Madhya Herbs Pvt Ltd,RM004,Giloy Stem (Dried),Raw Herbs,kg,112.3,157.45,17681.63,5,884.08,1144.06,19709.77,32,2019-08-21,2019-08-21,0,On-Time,30
PO-2019-0053,2019-07-21,SUP004,Girnar Ayur Ingredients,RM008,Turmeric Curcumin Extract (95%),Herbal Extracts,kg,24.1,1502.7,36215.07,12,4345.81,1064.42,41625.3,25,2019-08-15,2019-08-15,0,On-Time,45
PO-2019-0054,2019-07-22,SUP002,Vindhya Botanicals,RM003,Amla Fruit (Dried),Raw Herbs,kg,102.7,173.92,17861.58,5,893.08,1057.96,19812.62,31,2019-08-22,2019-09-03,12,Delayed,30
PO-2019-0055,2019-07-22,SUP006,Capsico Gelatin & Capsules,RM013,"Gelatin Capsules (Size 00, '000s)",Capsules,'000 units,18.0,330.45,5948.1,12,713.77,967.15,7629.02,17,2019-08-08,2019-08-08,0,On-Time,45
PO-2019-0056,2019-07-26,SUP007,Indore Packaging Solutions,RM015,HDPE Bottles 100ml (units),Packaging,units,4255.0,4.55,19360.25,18,3484.84,511.25,23356.34,9,2019-08-04,2019-08-04,0,On-Time,15
PO-2019-0057,2019-08-02,SUP005,Chemico Excipients Ltd,RM012,Maize Starch,Excipients,kg,70.2,89.96,6315.19,18,1136.73,1461.51,8913.43,9,2019-08-11,2019-08-11,0,On-Time,60
PO-2019-0058,2019-08-03,SUP001,Madhya Herbs Pvt Ltd,RM001,Ashwagandha Root (Dried),Raw Herbs,kg,192.5,195.87,37704.97,5,1885.25,1579.83,41170.05,33,2019-09-05,2019-09-05,0,On-Time,30
PO-2019-0059,2019-08-05,SUP007,Indore Packaging Solutions,RM018,Corrugated Shipping Boxes (units),Packaging,units,735.0,22.43,16486.05,18,2967.49,1143.22,20596.76,10,2019-08-15,2019-08-15,0,On-Time,15
PO-2019-0060,2019-08-09,SUP008,Malwa Print & Cartons,RM017,Product Labels (units),Packaging,units,6200.0,0.96,5952.0,18,1071.36,392.91,7416.27,5,2019-08-14,2019-08-14,0,On-Time,15
PO-2019-0061,2019-08-13,SUP008,Malwa Print & Cartons,RM016,Printed Cartons (units),Packaging,units,4372.0,3.38,14777.36,18,2659.92,911.49,18348.77,9,2019-08-22,2019-08-22,0,On-Time,15
PO-2019-0062,2019-08-14,SUP002,Vindhya Botanicals,RM002,Tulsi Leaves (Dried),Raw Herbs,kg,172.1,154.32,26558.47,5,1327.92,1332.39,29218.78,29,2019-09-12,2019-09-12,0,On-Time,30
PO-2019-0063,2019-08-18,SUP003,Himalayan Herb Extracts,RM009,Triphala Extract,Herbal Extracts,kg,17.0,801.87,13631.79,12,1635.81,1497.44,16765.04,20,2019-09-07,2019-09-07,0,On-Time,45
PO-2019-0064,2019-08-19,SUP003,Himalayan Herb Extracts,RM006,Brahmi Extract,Herbal Extracts,kg,15.2,941.15,14305.48,12,1716.66,1515.27,17537.41,20,2019-09-08,2019-09-08,0,On-Time,45
PO-2019-0065,2019-08-19,SUP005,Chemico Excipients Ltd,RM011,Magnesium Stearate,Excipients,kg,25.7,194.59,5000.96,18,900.17,1040.57,6941.7,12,2019-08-31,2019-08-31,0,On-Time,60
PO-2019-0066,2019-08-20,SUP007,Indore Packaging Solutions,RM015,HDPE Bottles 100ml (units),Packaging,units,4541.0,4.46,20252.86,18,3645.51,593.01,24491.38,8,2019-08-28,2019-08-28,0,On-Time,15
PO-2019-0067,2019-08-28,SUP004,Girnar Ayur Ingredients,RM007,Shatavari Extract,Herbal Extracts,kg,15.1,880.17,13290.57,12,1594.87,971.33,15856.77,20,2019-09-17,2019-09-18,1,Delayed,45
PO-2019-0068,2019-09-01,SUP002,Vindhya Botanicals,RM003,Amla Fruit (Dried),Raw Herbs,kg,135.7,163.61,22201.88,5,1110.09,1232.86,24544.83,33,2019-10-04,2019-10-04,0,On-Time,30
PO-2019-0069,2019-09-03,SUP001,Madhya Herbs Pvt Ltd,RM004,Giloy Stem (Dried),Raw Herbs,kg,135.4,160.5,21731.7,5,1086.59,1116.29,23934.58,33,2019-10-06,2019-10-06,0,On-Time,30
PO-2019-0070,2019-09-03,SUP005,Chemico Excipients Ltd,RM010,Microcrystalline Cellulose (MCC),Excipients,kg,101.0,115.47,11662.47,18,2099.24,1774.16,15535.87,10,2019-09-13,2019-09-13,0,On-Time,60
PO-2019-0071,2019-09-03,SUP008,Malwa Print & Cartons,RM017,Product Labels (units),Packaging,units,7148.0,0.92,6576.16,18,1183.71,427.17,8187.04,7,2019-09-10,2019-09-10,0,On-Time,15
PO-2019-0072,2019-09-05,SUP007,Indore Packaging Solutions,RM018,Corrugated Shipping Boxes (units),Packaging,units,836.0,23.03,19253.08,18,3465.55,1208.12,23926.75,9,2019-09-14,2019-09-13,-1,Early,15
PO-2019-0073,2019-09-07,SUP008,Malwa Print & Cartons,RM016,Printed Cartons (units),Packaging,units,4462.0,3.31,14769.22,18,2658.46,876.48,18304.16,8,2019-09-15,2019-09-15,0,On-Time,15
PO-2019-0074,2019-09-07,SUP006,Capsico Gelatin & Capsules,RM013,"Gelatin Capsules (Size 00, '000s)",Capsules,'000 units,21.0,340.36,7147.56,12,857.71,983.91,8989.18,14,2019-09-21,2019-09-21,0,On-Time,45
PO-2019-0075,2019-09-08,SUP003,Himalayan Herb Extracts,RM005,Ashwagandha Extract (5% Withanolides),Herbal Extracts,kg,34.8,1008.87,35108.68,12,4213.04,1779.32,41101.04,28,2019-10-06,2019-10-06,0,On-Time,45
PO-2019-0076,2019-09-10,SUP002,Vindhya Botanicals,RM001,Ashwagandha Root (Dried),Raw Herbs,kg,195.3,195.18,38118.65,5,1905.93,1560.91,41585.49,34,2019-10-14,2019-10-14,0,On-Time,30
PO-2019-0077,2019-09-14,SUP007,Indore Packaging Solutions,RM015,HDPE Bottles 100ml (units),Packaging,units,5585.0,4.44,24797.4,18,4463.53,637.83,29898.76,10,2019-09-24,2019-09-24,0,On-Time,15
PO-2019-0078,2019-09-14,SUP004,Girnar Ayur Ingredients,RM008,Turmeric Curcumin Extract (95%),Herbal Extracts,kg,26.2,1577.26,41324.21,12,4958.91,1012.69,47295.81,27,2019-10-11,2019-10-09,-2,Early,45
PO-2019-0079,2019-09-15,SUP005,Chemico Excipients Ltd,RM012,Maize Starch,Excipients,kg,80.2,86.56,6942.11,18,1249.58,1522.87,9714.56,9,2019-09-24,2019-09-24,0,On-Time,60
PO-2019-0080,2019-09-18,SUP001,Madhya Herbs Pvt Ltd,RM002,Tulsi Leaves (Dried),Raw Herbs,kg,174.3,144.1,25116.63,5,1255.83,1478.36,27850.82,29,2019-10-17,2019-10-17,0,On-Time,30
PO-2019-0081,2019-09-22,SUP008,Malwa Print & Cartons,RM017,Product Labels (units),Packaging,units,7092.0,0.97,6879.24,18,1238.26,420.23,8537.73,6,2019-09-28,2019-09-28,0,On-Time,15
PO-2019-0082,2019-09-29,SUP008,Malwa Print & Cartons,RM016,Printed Cartons (units),Packaging,units,4948.0,3.23,15982.04,18,2876.77,931.2,19790.01,9,2019-10-08,2019-10-08,0,On-Time,15
PO-2019-0083,2019-10-01,SUP005,Chemico Excipients Ltd,RM011,Magnesium Stearate,Excipients,kg,35.3,205.04,7237.91,18,1302.82,1150.4,9691.13,10,2019-10-11,2019-10-11,0,On-Time,60
PO-2019-0084,2019-10-01,SUP003,Himalayan Herb Extracts,RM009,Triphala Extract,Herbal Extracts,kg,22.8,824.05,18788.34,12,2254.6,1516.39,22559.33,19,2019-10-20,2019-10-20,0,On-Time,45
PO-2019-0085,2019-10-03,SUP007,Indore Packaging Solutions,RM015,HDPE Bottles 100ml (units),Packaging,units,6188.0,4.33,26794.04,18,4822.93,633.57,32250.54,8,2019-10-11,2019-10-11,0,On-Time,15
PO-2019-0086,2019-10-03,SUP007,Indore Packaging Solutions,RM018,Corrugated Shipping Boxes (units),Packaging,units,977.0,23.82,23272.14,18,4188.99,1447.56,28908.69,8,2019-10-11,2019-10-11,0,On-Time,15
PO-2019-0087,2019-10-06,SUP002,Vindhya Botanicals,RM003,Amla Fruit (Dried),Raw Herbs,kg,173.5,164.43,28528.6,5,1426.43,1507.02,31462.05,21,2019-10-27,2019-10-27,0,On-Time,30
PO-2019-0088,2019-10-09,SUP002,Vindhya Botanicals,RM001,Ashwagandha Root (Dried),Raw Herbs,kg,258.4,193.37,49966.81,5,2498.34,1837.22,54302.37,20,2019-10-29,2019-10-29,0,On-Time,30
PO-2019-0089,2019-10-12,SUP005,Chemico Excipients Ltd,RM010,Microcrystalline Cellulose (MCC),Excipients,kg,124.4,112.26,13965.14,18,2513.73,1767.47,18246.34,11,2019-10-23,2019-10-23,0,On-Time,60
PO-2019-0090,2019-10-12,SUP003,Himalayan Herb Extracts,RM006,Brahmi Extract,Herbal Extracts,kg,22.4,906.58,20307.39,12,2436.89,1499.99,24244.27,20,2019-11-01,2019-11-01,0,On-Time,45
PO-2019-0091,2019-10-13,SUP001,Madhya Herbs Pvt Ltd,RM004,Giloy Stem (Dried),Raw Herbs,kg,176.9,158.33,28008.58,5,1400.43,1482.97,30891.98,23,2019-11-05,2019-11-05,0,On-Time,30
PO-2019-0092,2019-10-13,SUP008,Malwa Print & Cartons,RM017,Product Labels (units),Packaging,units,9333.0,0.96,8959.68,18,1612.74,427.92,11000.34,8,2019-10-21,2019-10-23,2,Delayed,15
PO-2019-0093,2019-10-14,SUP004,Girnar Ayur Ingredients,RM005,Ashwagandha Extract (5% Withanolides),Herbal Extracts,kg,41.6,1032.0,42931.2,12,5151.74,1205.03,49287.97,15,2019-10-29,2019-10-29,0,On-Time,45
PO-2019-0094,2019-10-16,SUP006,Capsico Gelatin & Capsules,RM013,"Gelatin Capsules (Size 00, '000s)",Capsules,'000 units,30.0,343.74,10312.2,12,1237.46,1051.94,12601.6,14,2019-10-30,2019-10-30,0,On-Time,45
PO-2019-0095,2019-10-17,SUP007,Indore Packaging Solutions,RM015,HDPE Bottles 100ml (units),Packaging,units,6959.0,4.28,29784.52,18,5361.21,730.53,35876.26,10,2019-10-27,2019-10-27,0,On-Time,15
PO-2019-0096,2019-10-21,SUP007,Indore Packaging Solutions,RM018,Corrugated Shipping Boxes (units),Packaging,units,977.0,22.58,22060.66,18,3970.92,1322.38,27353.96,9,2019-10-30,2019-10-30,0,On-Time,15
PO-2019-0097,2019-10-22,SUP001,Madhya Herbs Pvt Ltd,RM002,Tulsi Leaves (Dried),Raw Herbs,kg,230.5,147.49,33996.44,5,1699.82,1716.29,37412.55,17,2019-11-08,2019-11-08,0,On-Time,30
PO-2019-0098,2019-10-23,SUP004,Girnar Ayur Ingredients,RM007,Shatavari Extract,Herbal Extracts,kg,19.6,891.39,17471.24,12,2096.55,1008.31,20576.1,16,2019-11-08,2019-11-08,0,On-Time,45
PO-2019-0099,2019-10-23,SUP008,Malwa Print & Cartons,RM016,Printed Cartons (units),Packaging,units,6308.0,3.27,20627.16,18,3712.89,1270.74,25610.79,7,2019-10-30,2019-11-03,4,Delayed,15
PO-2019-0100,2019-10-24,SUP004,Girnar Ayur Ingredients,RM008,Turmeric Curcumin Extract (95%),Herbal Extracts,kg,36.6,1534.94,56178.8,12,6741.46,1055.03,63975.29,14,2019-11-07,2019-11-11,4,Delayed,45
PO-2019-0101,2019-10-27,SUP008,Malwa Print & Cartons,RM017,Product Labels (units),Packaging,units,9348.0,0.94,8787.12,18,1581.68,451.23,10820.03,7,2019-11-03,2019-11-03,0,On-Time,15
PO-2019-0102,2019-10-29,SUP005,Chemico Excipients Ltd,RM012,Maize Starch,Excipients,kg,104.7,92.67,9702.55,18,1746.46,1761.95,13210.96,10,2019-11-08,2019-11-08,0,On-Time,60
PO-2019-0103,2019-10-31,SUP007,Indore Packaging Solutions,RM015,HDPE Bottles 100ml (units),Packaging,units,6925.0,4.61,31924.25,18,5746.36,745.74,38416.35,8,2019-11-08,2019-11-08,0,On-Time,15
PO-2019-0104,2019-10-31,SUP002,Vindhya Botanicals,RM003,Amla Fruit (Dried),Raw Herbs,kg,175.3,168.82,29594.15,5,1479.71,1339.83,32413.69,17,2019-11-17,2019-11-24,7,Delayed,30
PO-2019-0105,2019-11-02,SUP005,Chemico Excipients Ltd,RM011,Magnesium Stearate,Excipients,kg,36.7,198.11,7270.64,18,1308.72,1083.19,9662.55,14,2019-11-16,2019-11-14,-2,Early,60
PO-2019-0106,2019-11-04,SUP001,Madhya Herbs Pvt Ltd,RM001,Ashwagandha Root (Dried),Raw Herbs,kg,288.2,183.64,52925.05,5,2646.25,1978.99,57550.29,19,2019-11-23,2019-11-23,0,On-Time,30
PO-2019-0107,2019-11-09,SUP003,Himalayan Herb Extracts,RM009,Triphala Extract,Herbal Extracts,kg,24.6,850.37,20919.1,12,2510.29,1493.58,24922.97,21,2019-11-30,2019-11-30,0,On-Time,45
PO-2019-0108,2019-11-11,SUP006,Capsico Gelatin & Capsules,RM013,"Gelatin Capsules (Size 00, '000s)",Capsules,'000 units,33.0,349.44,11531.52,12,1383.78,987.55,13902.85,14,2019-11-25,2019-11-25,0,On-Time,45
PO-2019-0109,2019-11-11,SUP008,Malwa Print & Cartons,RM016,Printed Cartons (units),Packaging,units,6142.0,3.2,19654.4,18,3537.79,1241.54,24433.73,8,2019-11-19,2019-11-21,2,Delayed,15
PO-2019-0110,2019-11-11,SUP003,Himalayan Herb Extracts,RM005,Ashwagandha Extract (5% Withanolides),Herbal Extracts,kg,48.5,1032.77,50089.35,12,6010.72,1838.78,57938.85,15,2019-11-26,2019-12-04,8,Delayed,45
PO-2019-0111,2019-11-12,SUP001,Madhya Herbs Pvt Ltd,RM004,Giloy Stem (Dried),Raw Herbs,kg,171.0,163.92,28030.32,5,1401.52,1305.78,30737.62,22,2019-12-04,2019-12-04,0,On-Time,30
PO-2019-0112,2019-11-12,SUP001,Madhya Herbs Pvt Ltd,RM002,Tulsi Leaves (Dried),Raw Herbs,kg,264.9,143.59,38036.99,5,1901.85,1947.74,41886.58,19,2019-12-01,2019-12-01,0,On-Time,30
PO-2019-0113,2019-11-12,SUP007,Indore Packaging Solutions,RM018,Corrugated Shipping Boxes (units),Packaging,units,1178.0,23.19,27317.82,18,4917.21,1568.22,33803.25,7,2019-11-19,2019-11-19,0,On-Time,15
PO-2019-0114,2019-11-13,SUP008,Malwa Print & Cartons,RM017,Product Labels (units),Packaging,units,8831.0,0.97,8566.07,18,1541.89,399.08,10507.04,5,2019-11-18,2019-11-18,0,On-Time,15
PO-2019-0115,2019-11-13,SUP005,Chemico Excipients Ltd,RM010,Microcrystalline Cellulose (MCC),Excipients,kg,154.2,120.31,18551.8,18,3339.32,2057.71,23948.83,11,2019-11-24,2019-11-27,3,Delayed,60
PO-2019-0116,2019-11-17,SUP007,Indore Packaging Solutions,RM015,HDPE Bottles 100ml (units),Packaging,units,7239.0,4.51,32647.89,18,5876.62,736.36,39260.87,7,2019-11-24,2019-11-24,0,On-Time,15
PO-2019-0117,2019-11-18,SUP003,Himalayan Herb Extracts,RM006,Brahmi Extract,Herbal Extracts,kg,23.2,955.51,22167.83,12,2660.14,1464.1,26292.07,20,2019-12-08,2019-12-08,0,On-Time,45
PO-2019-0118,2019-11-23,SUP004,Girnar Ayur Ingredients,RM008,Turmeric Curcumin Extract (95%),Herbal Extracts,kg,35.1,1546.92,54296.89,12,6515.63,1169.5,61982.02,14,2019-12-07,2019-12-07,0,On-Time,45
PO-2019-0119,2019-11-27,SUP002,Vindhya Botanicals,RM003,Amla Fruit (Dried),Raw Herbs,kg,179.4,175.33,31454.2,5,1572.71,1344.0,34370.91,17,2019-12-14,2019-12-18,4,Delayed,30
PO-2019-0120,2019-11-27,SUP004,Girnar Ayur Ingredients,RM007,Shatavari Extract,Herbal Extracts,kg,23.6,864.18,20394.65,12,2447.36,1064.75,23906.76,19,2019-12-16,2019-12-15,-1,Early,45
PO-2019-0121,2019-11-27,SUP008,Malwa Print & Cartons,RM016,Printed Cartons (units),Packaging,units,6758.0,3.21,21693.18,18,3904.77,1234.39,26832.34,11,2019-12-08,2019-12-08,0,On-Time,15
PO-2019-0122,2019-11-28,SUP002,Vindhya Botanicals,RM001,Ashwagandha Root (Dried),Raw Herbs,kg,286.9,187.65,53836.78,5,2691.84,2044.15,58572.77,20,2019-12-18,2019-12-18,0,On-Time,30
PO-2019-0123,2019-11-28,SUP005,Chemico Excipients Ltd,RM012,Maize Starch,Excipients,kg,115.1,87.49,10070.1,18,1812.62,1698.13,13580.85,9,2019-12-07,2019-12-07,0,On-Time,60
PO-2019-0124,2019-11-29,SUP007,Indore Packaging Solutions,RM018,Corrugated Shipping Boxes (units),Packaging,units,1066.0,24.05,25637.3,18,4614.71,1433.87,31685.88,9,2019-12-08,2019-12-08,0,On-Time,15
PO-2019-0125,2019-11-30,SUP008,Malwa Print & Cartons,RM017,Product Labels (units),Packaging,units,8891.0,0.97,8624.27,18,1552.37,412.62,10589.26,6,2019-12-06,2019-12-06,0,On-Time,15
PO-2019-0126,2019-11-30,SUP007,Indore Packaging Solutions,RM015,HDPE Bottles 100ml (units),Packaging,units,7804.0,4.59,35820.36,18,6447.66,726.41,42994.43,7,2019-12-07,2019-12-07,0,On-Time,15
PO-2019-0127,2019-12-06,SUP005,Chemico Excipients Ltd,RM011,Magnesium Stearate,Excipients,kg,35.1,199.74,7010.87,18,1261.96,1153.37,9426.2,12,2019-12-18,2019-12-18,0,On-Time,60
PO-2019-0128,2019-12-07,SUP003,Himalayan Herb Extracts,RM009,Triphala Extract,Herbal Extracts,kg,28.4,835.08,23716.27,12,2845.95,1574.19,28136.41,20,2019-12-27,2019-12-27,0,On-Time,45
PO-2019-0129,2019-12-07,SUP002,Vindhya Botanicals,RM002,Tulsi Leaves (Dried),Raw Herbs,kg,275.5,146.66,40404.83,5,2020.24,2022.77,44447.84,18,2019-12-25,2020-01-03,9,Delayed,30
PO-2019-0130,2019-12-08,SUP006,Capsico Gelatin & Capsules,RM013,"Gelatin Capsules (Size 00, '000s)",Capsules,'000 units,28.0,342.48,9589.44,12,1150.73,1040.92,11781.09,14,2019-12-22,2019-12-21,-1,Early,45
PO-2019-0131,2019-12-10,SUP001,Madhya Herbs Pvt Ltd,RM004,Giloy Stem (Dried),Raw Herbs,kg,185.9,154.57,28734.56,5,1436.73,1405.38,31576.67,20,2019-12-30,2019-12-30,0,On-Time,30
PO-2019-0132,2019-12-13,SUP008,Malwa Print & Cartons,RM017,Product Labels (units),Packaging,units,10191.0,0.92,9375.72,18,1687.63,432.05,11495.4,8,2019-12-21,2019-12-21,0,On-Time,15
PO-2019-0133,2019-12-13,SUP008,Malwa Print & Cartons,RM016,Printed Cartons (units),Packaging,units,6062.0,3.29,19943.98,18,3589.92,1091.43,24625.33,9,2019-12-22,2019-12-25,3,Delayed,15
PO-2019-0134,2019-12-13,SUP003,Himalayan Herb Extracts,RM005,Ashwagandha Extract (5% Withanolides),Herbal Extracts,kg,48.6,1010.61,49115.65,12,5893.88,1883.85,56893.38,15,2019-12-28,2019-12-28,0,On-Time,45
PO-2019-0135,2019-12-14,SUP005,Chemico Excipients Ltd,RM010,Microcrystalline Cellulose (MCC),Excipients,kg,138.2,114.93,15883.33,18,2859.0,1967.59,20709.92,12,2019-12-26,2019-12-26,0,On-Time,60
PO-2019-0136,2019-12-15,SUP007,Indore Packaging Solutions,RM015,HDPE Bottles 100ml (units),Packaging,units,7103.0,4.32,30684.96,18,5523.29,736.19,36944.44,8,2019-12-23,2019-12-23,0,On-Time,15
PO-2019-0137,2019-12-17,SUP003,Himalayan Herb Extracts,RM006,Brahmi Extract,Herbal Extracts,kg,23.5,913.15,21459.02,12,2575.08,1626.43,25660.53,21,2020-01-07,2020-01-05,-2,Early,45
PO-2019-0138,2019-12-19,SUP007,Indore Packaging Solutions,RM018,Corrugated Shipping Boxes (units),Packaging,units,1177.0,23.8,28012.6,18,5042.27,1624.92,34679.79,9,2019-12-28,2019-12-28,0,On-Time,15
PO-2019-0139,2019-12-19,SUP001,Madhya Herbs Pvt Ltd,RM001,Ashwagandha Root (Dried),Raw Herbs,kg,282.5,183.51,51841.57,5,2592.08,1840.67,56274.32,21,2020-01-09,2020-01-09,0,On-Time,30
PO-2019-0140,2019-12-23,SUP004,Girnar Ayur Ingredients,RM008,Turmeric Curcumin Extract (95%),Herbal Extracts,kg,36.8,1494.75,55006.8,12,6600.82,1048.05,62655.67,13,2020-01-05,2020-01-05,0,On-Time,45
PO-2019-0141,2019-12-25,SUP002,Vindhya Botanicals,RM003,Amla Fruit (Dried),Raw Herbs,kg,176.3,168.95,29785.88,5,1489.29,1403.86,32679.03,18,2020-01-12,2020-01-18,6,Delayed,30
PO-2019-0142,2019-12-28,SUP008,Malwa Print & Cartons,RM017,Product Labels (units),Packaging,units,9363.0,0.93,8707.59,18,1567.37,455.58,10730.54,7,2020-01-04,2020-01-02,-2,Early,15
PO-2019-0143,2019-12-28,SUP001,Madhya Herbs Pvt Ltd,RM002,Tulsi Leaves (Dried),Raw Herbs,kg,282.4,148.3,41879.92,5,2094.0,2093.2,46067.12,16,2020-01-13,2020-01-12,-1,Early,30
PO-2019-0144,2019-12-30,SUP005,Chemico Excipients Ltd,RM012,Maize Starch,Excipients,kg,111.0,87.23,9682.53,18,1742.86,1674.64,13100.03,11,2020-01-10,2020-01-10,0,On-Time,60
PO-2019-0145,2019-12-30,SUP007,Indore Packaging Solutions,RM015,HDPE Bottles 100ml (units),Packaging,units,7888.0,4.44,35022.72,18,6304.09,742.3,42069.11,10,2020-01-09,2020-01-12,3,Delayed,15
PO-2020-0001,2020-01-01,SUP008,Malwa Print & Cartons,RM016,Printed Cartons (units),Packaging,units,6332.0,3.48,22035.36,18,3966.36,1072.65,27074.37,11,2020-01-12,2020-01-12,0,On-Time,15
PO-2020-0002,2020-01-01,SUP006,Capsico Gelatin & Capsules,RM013,"Gelatin Capsules (Size 00, '000s)",Capsules,'000 units,30.0,372.02,11160.6,12,1339.27,992.97,13492.84,16,2020-01-17,2020-01-17,0,On-Time,45
PO-2020-0003,2020-01-03,SUP004,Girnar Ayur Ingredients,RM007,Shatavari Extract,Herbal Extracts,kg,22.4,1096.73,24566.75,12,2948.01,977.45,28492.21,17,2020-01-20,2020-01-20,0,On-Time,45
PO-2020-0004,2020-01-04,SUP001,Madhya Herbs Pvt Ltd,RM004,Giloy Stem (Dried),Raw Herbs,kg,197.2,196.24,38698.53,5,1934.93,1428.97,42062.43,21,2020-01-25,2020-01-25,0,On-Time,30
PO-2020-0005,2020-01-08,SUP007,Indore Packaging Solutions,RM018,Corrugated Shipping Boxes (units),Packaging,units,1135.0,24.81,28159.35,18,5068.68,1536.16,34764.19,8,2020-01-16,2020-01-16,0,On-Time,15
PO-2020-0006,2020-01-09,SUP005,Chemico Excipients Ltd,RM011,Magnesium Stearate,Excipients,kg,39.9,210.35,8392.97,18,1510.73,1071.62,10975.32,13,2020-01-22,2020-01-22,0,On-Time,60
PO-2020-0007,2020-01-10,SUP003,Himalayan Herb Extracts,RM005,Ashwagandha Extract (5% Withanolides),Herbal Extracts,kg,46.0,1261.55,58031.3,12,6963.76,1709.4,66704.46,16,2020-01-26,2020-01-26,0,On-Time,45
PO-2020-0008,2020-01-10,SUP002,Vindhya Botanicals,RM001,Ashwagandha Root (Dried),Raw Herbs,kg,317.3,236.86,75155.68,5,3757.78,1985.38,80898.84,19,2020-01-29,2020-01-29,0,On-Time,30
PO-2020-0009,2020-01-10,SUP003,Himalayan Herb Extracts,RM009,Triphala Extract,Herbal Extracts,kg,26.5,1021.73,27075.85,12,3249.1,1362.81,31687.76,19,2020-01-29,2020-01-31,2,Delayed,45
PO-2020-0010,2020-01-11,SUP008,Malwa Print & Cartons,RM017,Product Labels (units),Packaging,units,10615.0,1.0,10615.0,18,1910.7,433.27,12958.97,6,2020-01-17,2020-01-17,0,On-Time,15
PO-2020-0011,2020-01-12,SUP005,Chemico Excipients Ltd,RM010,Microcrystalline Cellulose (MCC),Excipients,kg,149.2,120.36,17957.71,18,3232.39,2015.78,23205.88,13,2020-01-25,2020-01-25,0,On-Time,60
PO-2020-0012,2020-01-15,SUP007,Indore Packaging Solutions,RM015,HDPE Bottles 100ml (units),Packaging,units,7273.0,4.59,33383.07,18,6008.95,659.43,40051.45,10,2020-01-25,2020-01-25,0,On-Time,15
PO-2020-0013,2020-01-17,SUP002,Vindhya Botanicals,RM002,Tulsi Leaves (Dried),Raw Herbs,kg,244.7,177.63,43466.06,5,2173.3,1654.76,47294.12,18,2020-02-04,2020-02-04,0,On-Time,30
PO-2020-0014,2020-01-17,SUP002,Vindhya Botanicals,RM003,Amla Fruit (Dried),Raw Herbs,kg,167.3,203.65,34070.65,5,1703.53,1328.29,37102.47,18,2020-02-04,2020-02-02,-2,Early,30
PO-2020-0015,2020-01-18,SUP004,Girnar Ayur Ingredients,RM008,Turmeric Curcumin Extract (95%),Herbal Extracts,kg,39.3,1956.19,76878.27,12,9225.39,1116.12,87219.78,11,2020-01-29,2020-01-27,-2,Early,45
PO-2020-0016,2020-01-19,SUP008,Malwa Print & Cartons,RM016,Printed Cartons (units),Packaging,units,6290.0,3.39,21323.1,18,3838.16,1039.32,26200.58,10,2020-01-29,2020-01-29,0,On-Time,15
PO-2020-0017,2020-01-23,SUP003,Himalayan Herb Extracts,RM006,Brahmi Extract,Herbal Extracts,kg,25.1,1135.97,28512.85,12,3421.54,1392.24,33326.63,21,2020-02-13,2020-02-12,-1,Early,45
PO-2020-0018,2020-01-24,SUP006,Capsico Gelatin & Capsules,RM013,"Gelatin Capsules (Size 00, '000s)",Capsules,'000 units,30.0,372.71,11181.3,12,1341.76,1007.34,13530.4,16,2020-02-09,2020-02-09,0,On-Time,45
PO-2020-0019,2020-01-25,SUP005,Chemico Excipients Ltd,RM012,Maize Starch,Excipients,kg,120.6,95.7,11541.42,18,2077.46,1596.56,15215.44,8,2020-02-02,2020-02-05,3,Delayed,60
PO-2020-0020,2020-01-26,SUP007,Indore Packaging Solutions,RM018,Corrugated Shipping Boxes (units),Packaging,units,991.0,25.37,25141.67,18,4525.5,1207.87,30875.04,8,2020-02-03,2020-02-03,0,On-Time,15
PO-2020-0021,2020-01-26,SUP008,Malwa Print & Cartons,RM017,Product Labels (units),Packaging,units,10183.0,1.04,10590.32,18,1906.26,437.41,12933.99,6,2020-02-01,2020-02-01,0,On-Time,15
PO-2020-0022,2020-01-27,SUP001,Madhya Herbs Pvt Ltd,RM004,Giloy Stem (Dried),Raw Herbs,kg,165.5,205.6,34026.8,5,1701.34,1352.73,37080.87,22,2020-02-18,2020-02-18,0,On-Time,30
PO-2020-0023,2020-01-31,SUP007,Indore Packaging Solutions,RM015,HDPE Bottles 100ml (units),Packaging,units,8017.0,4.87,39042.79,18,7027.7,717.19,46787.68,8,2020-02-08,2020-02-10,2,Delayed,15
PO-2020-0024,2020-01-31,SUP004,Girnar Ayur Ingredients,RM007,Shatavari Extract,Herbal Extracts,kg,20.7,1100.77,22785.94,12,2734.31,979.1,26499.35,17,2020-02-17,2020-02-17,0,On-Time,45
PO-2020-0025,2020-02-02,SUP008,Malwa Print & Cartons,RM016,Printed Cartons (units),Packaging,units,6671.0,3.55,23682.05,18,4262.77,1131.59,29076.41,9,2020-02-11,2020-02-11,0,On-Time,15
PO-2020-0026,2020-02-02,SUP002,Vindhya Botanicals,RM001,Ashwagandha Root (Dried),Raw Herbs,kg,336.5,245.66,82664.59,5,4133.23,2184.67,88982.49,19,2020-02-21,2020-02-26,5,Delayed,30
PO-2020-0027,2020-02-06,SUP003,Himalayan Herb Extracts,RM005,Ashwagandha Extract (5% Withanolides),Herbal Extracts,kg,49.4,1208.92,59720.65,12,7166.48,1738.21,68625.34,14,2020-02-20,2020-02-20,0,On-Time,45
PO-2020-0028,2020-02-07,SUP003,Himalayan Herb Extracts,RM009,Triphala Extract,Herbal Extracts,kg,27.3,1060.05,28939.36,12,3472.72,1551.96,33964.04,18,2020-02-25,2020-03-03,7,Delayed,45
PO-2020-0029,2020-02-08,SUP005,Chemico Excipients Ltd,RM011,Magnesium Stearate,Excipients,kg,39.9,217.91,8694.61,18,1565.03,1141.95,11401.59,11,2020-02-19,2020-02-19,0,On-Time,60
PO-2020-0030,2020-02-08,SUP002,Vindhya Botanicals,RM002,Tulsi Leaves (Dried),Raw Herbs,kg,251.9,190.36,47951.68,5,2397.58,1794.95,52144.21,17,2020-02-25,2020-02-24,-1,Early,30
PO-2020-0031,2020-02-10,SUP008,Malwa Print & Cartons,RM017,Product Labels (units),Packaging,units,9837.0,0.99,9738.63,18,1752.95,407.92,11899.5,5,2020-02-15,2020-02-13,-2,Early,15
PO-2020-0032,2020-02-10,SUP005,Chemico Excipients Ltd,RM010,Microcrystalline Cellulose (MCC),Excipients,kg,157.8,120.3,18983.34,18,3417.0,2121.4,24521.74,12,2020-02-22,2020-02-20,-2,Early,60
PO-2020-0033,2020-02-12,SUP002,Vindhya Botanicals,RM003,Amla Fruit (Dried),Raw Herbs,kg,194.0,217.82,42257.08,5,2112.85,1342.96,45712.89,18,2020-03-01,2020-03-01,0,On-Time,30
PO-2020-0034,2020-02-15,SUP007,Indore Packaging Solutions,RM018,Corrugated Shipping Boxes (units),Packaging,units,1020.0,24.66,25153.2,18,4527.58,1347.42,31028.2,10,2020-02-25,2020-02-25,0,On-Time,15
PO-2020-0035,2020-02-17,SUP007,Indore Packaging Solutions,RM015,HDPE Bottles 100ml (units),Packaging,units,8077.0,4.78,38608.06,18,6949.45,718.22,46275.73,7,2020-02-24,2020-02-24,0,On-Time,15
PO-2020-0036,2020-02-18,SUP004,Girnar Ayur Ingredients,RM008,Turmeric Curcumin Extract (95%),Herbal Extracts,kg,39.3,1953.7,76780.41,12,9213.65,1158.59,87152.65,15,2020-03-04,2020-03-03,-1,Early,45
PO-2020-0037,2020-02-20,SUP001,Madhya Herbs Pvt Ltd,RM004,Giloy Stem (Dried),Raw Herbs,kg,188.9,199.97,37774.33,5,1888.72,1349.0,41012.05,20,2020-03-11,2020-03-11,0,On-Time,30
PO-2020-0038,2020-02-20,SUP008,Malwa Print & Cartons,RM016,Printed Cartons (units),Packaging,units,7116.0,3.54,25190.64,18,4534.32,1194.72,30919.68,9,2020-02-29,2020-02-28,-1,Early,15
PO-2020-0039,2020-02-21,SUP003,Himalayan Herb Extracts,RM006,Brahmi Extract,Herbal Extracts,kg,25.2,1197.33,30172.72,12,3620.73,1366.58,35160.03,19,2020-03-11,2020-03-11,0,On-Time,45
PO-2020-0040,2020-02-22,SUP001,Madhya Herbs Pvt Ltd,RM001,Ashwagandha Root (Dried),Raw Herbs,kg,294.0,230.21,67681.74,5,3384.09,2033.99,73099.82,20,2020-03-13,2020-03-13,0,On-Time,30
PO-2020-0041,2020-02-23,SUP006,Capsico Gelatin & Capsules,RM013,"Gelatin Capsules (Size 00, '000s)",Capsules,'000 units,34.0,370.0,12580.0,12,1509.6,996.7,15086.3,17,2020-03-11,2020-03-14,3,Delayed,45
PO-2020-0042,2020-02-25,SUP005,Chemico Excipients Ltd,RM012,Maize Starch,Excipients,kg,114.8,92.76,10648.85,18,1916.79,1653.08,14218.72,11,2020-03-07,2020-03-07,0,On-Time,60
PO-2020-0043,2020-02-27,SUP008,Malwa Print & Cartons,RM017,Product Labels (units),Packaging,units,10294.0,0.99,10191.06,18,1834.39,389.03,12414.48,7,2020-03-05,2020-03-05,0,On-Time,15
PO-2020-0044,2020-03-01,SUP007,Indore Packaging Solutions,RM015,HDPE Bottles 100ml (units),Packaging,units,6095.0,4.72,28768.4,18,5178.31,647.96,34594.67,10,2020-03-11,2020-03-11,0,On-Time,15
PO-2020-0045,2020-03-02,SUP001,Madhya Herbs Pvt Ltd,RM002,Tulsi Leaves (Dried),Raw Herbs,kg,216.8,188.76,40923.17,5,2046.16,1537.51,44506.84,23,2020-03-25,2020-03-26,1,Delayed,30
PO-2020-0046,2020-03-06,SUP004,Girnar Ayur Ingredients,RM005,Ashwagandha Extract (5% Withanolides),Herbal Extracts,kg,37.9,1223.95,46387.71,12,5566.53,1017.18,52971.42,20,2020-03-26,2020-03-26,0,On-Time,45
PO-2020-0047,2020-03-06,SUP007,Indore Packaging Solutions,RM018,Corrugated Shipping Boxes (units),Packaging,units,1021.0,25.33,25861.93,18,4655.15,1404.67,31921.75,8,2020-03-14,2020-03-14,0,On-Time,15
PO-2020-0048,2020-03-07,SUP004,Girnar Ayur Ingredients,RM007,Shatavari Extract,Herbal Extracts,kg,17.5,1079.86,18897.55,12,2267.71,974.56,22139.82,18,2020-03-25,2020-04-01,7,Delayed,45
PO-2020-0049,2020-03-08,SUP008,Malwa Print & Cartons,RM016,Printed Cartons (units),Packaging,units,5555.0,3.4,18887.0,18,3399.66,998.0,23284.66,7,2020-03-15,2020-03-21,6,Delayed,15
PO-2020-0050,2020-03-11,SUP008,Malwa Print & Cartons,RM017,Product Labels (units),Packaging,units,7463.0,1.02,7612.26,18,1370.21,354.33,9336.8,6,2020-03-17,2020-03-17,0,On-Time,15
PO-2020-0051,2020-03-11,SUP002,Vindhya Botanicals,RM003,Amla Fruit (Dried),Raw Herbs,kg,141.7,209.24,29649.31,5,1482.47,1126.21,32257.99,24,2020-04-04,2020-04-04,0,On-Time,30
PO-2020-0052,2020-03-11,SUP005,Chemico Excipients Ltd,RM010,Microcrystalline Cellulose (MCC),Excipients,kg,124.2,125.65,15605.73,18,2809.03,1652.59,20067.35,14,2020-03-25,2020-03-25,0,On-Time,60
PO-2020-0053,2020-03-12,SUP003,Himalayan Herb Extracts,RM009,Triphala Extract,Herbal Extracts,kg,24.1,1016.98,24509.22,12,2941.11,1467.31,28917.64,19,2020-03-31,2020-03-30,-1,Early,45
PO-2020-0054,2020-03-13,SUP005,Chemico Excipients Ltd,RM011,Magnesium Stearate,Excipients,kg,32.7,209.79,6860.13,18,1234.82,993.93,9088.88,11,2020-03-24,2020-04-11,18,Delayed,60
PO-2020-0055,2020-03-14,SUP004,Girnar Ayur Ingredients,RM008,Turmeric Curcumin Extract (95%),Herbal Extracts,kg,33.2,1973.21,65510.57,12,7861.27,976.03,74347.87,16,2020-03-30,2020-04-17,18,Delayed,45
PO-2020-0056,2020-03-14,SUP001,Madhya Herbs Pvt Ltd,RM004,Giloy Stem (Dried),Raw Herbs,kg,163.4,195.33,31916.92,5,1595.85,1217.25,34730.02,26,2020-04-09,2020-04-27,18,Delayed,30
PO-2020-0057,2020-03-17,SUP002,Vindhya Botanicals,RM001,Ashwagandha Root (Dried),Raw Herbs,kg,97.1,242.81,23576.85,5,1178.84,989.5,25745.19,25,2020-04-11,2020-05-20,39,Delayed,30
PO-2020-0058,2020-03-19,SUP007,Indore Packaging Solutions,RM015,HDPE Bottles 100ml (units),Packaging,units,2153.0,4.6,9903.8,18,1782.68,405.81,12092.29,8,2020-03-27,2020-04-02,6,Delayed,15
PO-2020-0059,2020-03-20,SUP006,Capsico Gelatin & Capsules,RM013,"Gelatin Capsules (Size 00, '000s)",Capsules,'000 units,8.0,346.27,2770.16,12,332.42,779.7,3882.28,17,2020-04-06,2020-04-06,0,On-Time,45
PO-2020-0060,2020-03-24,SUP003,Himalayan Herb Extracts,RM006,Brahmi Extract,Herbal Extracts,kg,7.9,1167.18,9220.72,12,1106.49,1238.9,11566.11,22,2020-04-15,2020-04-15,0,On-Time,45
PO-2020-0061,2020-03-25,SUP008,Malwa Print & Cartons,RM016,Printed Cartons (units),Packaging,units,2053.0,3.44,7062.32,18,1271.22,598.8,8932.34,10,2020-04-04,2020-04-19,15,Delayed,15
PO-2020-0062,2020-03-26,SUP002,Vindhya Botanicals,RM002,Tulsi Leaves (Dried),Raw Herbs,kg,83.7,179.38,15014.11,5,750.71,831.93,16596.75,21,2020-04-16,2020-04-16,0,On-Time,30
PO-2020-0063,2020-03-27,SUP005,Chemico Excipients Ltd,RM012,Maize Starch,Excipients,kg,30.4,98.69,3000.18,18,540.03,971.78,4511.99,11,2020-04-07,2020-04-07,0,On-Time,60
PO-2020-0064,2020-03-27,SUP008,Malwa Print & Cartons,RM017,Product Labels (units),Packaging,units,2811.0,0.99,2782.89,18,500.92,300.99,3584.8,8,2020-04-04,2020-04-28,24,Delayed,15
PO-2020-0065,2020-03-28,SUP007,Indore Packaging Solutions,RM018,Corrugated Shipping Boxes (units),Packaging,units,346.0,25.27,8743.42,18,1573.82,682.48,10999.72,6,2020-04-03,2020-04-06,3,Delayed,15
PO-2020-0066,2020-04-07,SUP002,Vindhya Botanicals,RM003,Amla Fruit (Dried),Raw Herbs,kg,45.6,208.84,9523.1,5,476.15,709.99,10709.24,25,2020-05-02,2020-05-31,29,Delayed,30
PO-2020-0067,2020-04-09,SUP004,Girnar Ayur Ingredients,RM005,Ashwagandha Extract (5% Withanolides),Herbal Extracts,kg,13.4,1234.96,16548.46,12,1985.82,869.48,19403.76,22,2020-05-01,2020-05-11,10,Delayed,45
PO-2020-0068,2020-04-10,SUP004,Girnar Ayur Ingredients,RM007,Shatavari Extract,Herbal Extracts,kg,5.5,1076.05,5918.27,12,710.19,794.08,7422.54,17,2020-04-27,2020-05-21,24,Delayed,45
PO-2020-0069,2020-04-12,SUP005,Chemico Excipients Ltd,RM010,Microcrystalline Cellulose (MCC),Excipients,kg,39.8,124.66,4961.47,18,893.06,1122.25,6976.78,11,2020-04-23,2020-04-23,0,On-Time,60
PO-2020-0070,2020-04-14,SUP001,Madhya Herbs Pvt Ltd,RM004,Giloy Stem (Dried),Raw Herbs,kg,50.5,203.79,10291.4,5,514.57,784.18,11590.15,26,2020-05-10,2020-05-09,-1,Early,30
PO-2020-0071,2020-04-15,SUP005,Chemico Excipients Ltd,RM011,Magnesium Stearate,Excipients,kg,9.5,208.64,1982.08,18,356.77,809.81,3148.66,13,2020-04-28,2020-04-28,0,On-Time,60
PO-2020-0072,2020-04-19,SUP003,Himalayan Herb Extracts,RM009,Triphala Extract,Herbal Extracts,kg,6.3,1039.99,6551.94,12,786.23,1242.45,8580.62,20,2020-05-09,2020-06-16,38,Delayed,45
PO-2020-0073,2020-04-21,SUP004,Girnar Ayur Ingredients,RM008,Turmeric Curcumin Extract (95%),Herbal Extracts,kg,9.2,1858.74,17100.41,12,2052.05,782.4,19934.86,20,2020-05-11,2020-05-29,18,Delayed,45
PO-2020-0074,2020-05-04,SUP007,Indore Packaging Solutions,RM015,HDPE Bottles 100ml (units),Packaging,units,1745.0,4.78,8341.1,18,1501.4,365.37,10207.87,6,2020-05-10,2020-05-17,7,Delayed,15
PO-2020-0075,2020-05-11,SUP008,Malwa Print & Cartons,RM017,Product Labels (units),Packaging,units,2318.0,1.03,2387.54,18,429.76,295.68,3112.98,7,2020-05-18,2020-05-27,9,Delayed,15
PO-2020-0076,2020-05-24,SUP008,Malwa Print & Cartons,RM016,Printed Cartons (units),Packaging,units,1755.0,3.52,6177.6,18,1111.97,544.24,7833.81,11,2020-06-04,2020-06-16,12,Delayed,15
PO-2020-0077,2020-05-31,SUP001,Madhya Herbs Pvt Ltd,RM002,Tulsi Leaves (Dried),Raw Herbs,kg,63.9,187.3,11968.47,5,598.42,788.39,13355.28,22,2020-06-22,2020-07-17,25,Delayed,30
PO-2020-0078,2020-06-03,SUP007,Indore Packaging Solutions,RM018,Corrugated Shipping Boxes (units),Packaging,units,1178.0,24.65,29037.7,18,5226.79,1525.57,35790.06,9,2020-06-12,2020-06-20,8,Delayed,15
PO-2020-0079,2020-06-04,SUP002,Vindhya Botanicals,RM001,Ashwagandha Root (Dried),Raw Herbs,kg,344.0,229.16,78831.04,5,3941.55,2151.33,84923.92,32,2020-07-06,2020-07-05,-1,Early,30
PO-2020-0080,2020-06-05,SUP006,Capsico Gelatin & Capsules,RM013,"Gelatin Capsules (Size 00, '000s)",Capsules,'000 units,36.0,349.99,12599.64,12,1511.96,1040.47,15152.07,16,2020-06-21,2020-07-12,21,Delayed,45
PO-2020-0081,2020-06-19,SUP007,Indore Packaging Solutions,RM018,Corrugated Shipping Boxes (units),Packaging,units,1139.0,25.41,28941.99,18,5209.56,1375.36,35526.91,8,2020-06-27,2020-07-05,8,Delayed,15
PO-2020-0082,2020-06-24,SUP007,Indore Packaging Solutions,RM015,HDPE Bottles 100ml (units),Packaging,units,8580.0,4.78,41012.4,18,7382.23,747.64,49142.27,7,2020-07-01,2020-07-01,0,On-Time,15
PO-2020-0083,2020-06-25,SUP001,Madhya Herbs Pvt Ltd,RM001,Ashwagandha Root (Dried),Raw Herbs,kg,355.5,234.97,83531.84,5,4176.59,2241.31,89949.74,31,2020-07-26,2020-07-28,2,Delayed,30
PO-2020-0084,2020-06-29,SUP006,Capsico Gelatin & Capsules,RM013,"Gelatin Capsules (Size 00, '000s)",Capsules,'000 units,32.0,361.01,11552.32,12,1386.28,989.29,13927.89,14,2020-07-13,2020-07-13,0,On-Time,45
PO-2020-0085,2020-07-04,SUP005,Chemico Excipients Ltd,RM012,Maize Starch,Excipients,kg,144.3,97.63,14088.01,18,2535.84,2012.66,18636.51,11,2020-07-15,2020-07-15,0,On-Time,60
PO-2020-0086,2020-07-05,SUP007,Indore Packaging Solutions,RM018,Corrugated Shipping Boxes (units),Packaging,units,1559.0,24.89,38803.51,18,6984.63,1755.68,47543.82,7,2020-07-12,2020-07-12,0,On-Time,15
PO-2020-0087,2020-07-08,SUP008,Malwa Print & Cartons,RM017,Product Labels (units),Packaging,units,13549.0,1.05,14226.45,18,2560.76,440.51,17227.72,8,2020-07-16,2020-07-16,0,On-Time,15
PO-2020-0088,2020-07-08,SUP007,Indore Packaging Solutions,RM015,HDPE Bottles 100ml (units),Packaging,units,10487.0,4.72,49498.64,18,8909.76,895.31,59303.71,9,2020-07-17,2020-07-17,0,On-Time,15
PO-2020-0089,2020-07-12,SUP003,Himalayan Herb Extracts,RM006,Brahmi Extract,Herbal Extracts,kg,33.2,1202.27,39915.36,12,4789.84,1552.26,46257.46,20,2020-08-01,2020-08-01,0,On-Time,45
PO-2020-0090,2020-07-13,SUP002,Vindhya Botanicals,RM001,Ashwagandha Root (Dried),Raw Herbs,kg,413.9,237.71,98388.17,5,4919.41,2667.01,105974.59,33,2020-08-15,2020-08-15,0,On-Time,30
PO-2020-0091,2020-07-16,SUP002,Vindhya Botanicals,RM003,Amla Fruit (Dried),Raw Herbs,kg,250.1,218.39,54619.34,5,2730.97,1777.77,59128.08,30,2020-08-15,2020-08-15,0,On-Time,30
PO-2020-0092,2020-07-18,SUP008,Malwa Print & Cartons,RM017,Product Labels (units),Packaging,units,13583.0,0.97,13175.51,18,2371.59,450.9,15998.0,6,2020-07-24,2020-07-24,0,On-Time,15
PO-2020-0093,2020-07-18,SUP007,Indore Packaging Solutions,RM015,HDPE Bottles 100ml (units),Packaging,units,10444.0,4.56,47624.64,18,8572.44,879.27,57076.35,9,2020-07-27,2020-07-27,0,On-Time,15
PO-2020-0094,2020-07-19,SUP007,Indore Packaging Solutions,RM018,Corrugated Shipping Boxes (units),Packaging,units,1440.0,25.29,36417.6,18,6555.17,1658.29,44631.06,9,2020-07-28,2020-07-28,0,On-Time,15
PO-2020-0095,2020-07-21,SUP003,Himalayan Herb Extracts,RM005,Ashwagandha Extract (5% Withanolides),Herbal Extracts,kg,72.9,1300.41,94799.89,12,11375.99,1885.69,108061.57,28,2020-08-18,2020-08-17,-1,Early,45
PO-2020-0096,2020-07-23,SUP006,Capsico Gelatin & Capsules,RM013,"Gelatin Capsules (Size 00, '000s)",Capsules,'000 units,45.0,354.4,15948.0,12,1913.76,1056.29,18918.05,14,2020-08-06,2020-08-11,5,Delayed,45
PO-2020-0097,2020-07-26,SUP005,Chemico Excipients Ltd,RM012,Maize Starch,Excipients,kg,152.2,95.03,14463.57,18,2603.44,1988.47,19055.48,9,2020-08-04,2020-08-04,0,On-Time,60
PO-2020-0098,2020-07-28,SUP008,Malwa Print & Cartons,RM017,Product Labels (units),Packaging,units,14590.0,1.0,14590.0,18,2626.2,473.41,17689.61,5,2020-08-02,2020-08-03,1,Delayed,15
PO-2020-0099,2020-07-30,SUP008,Malwa Print & Cartons,RM016,Printed Cartons (units),Packaging,units,9883.0,3.33,32910.39,18,5923.87,1620.08,40454.34,8,2020-08-07,2020-08-07,0,On-Time,15
PO-2020-0100,2020-07-30,SUP001,Madhya Herbs Pvt Ltd,RM004,Giloy Stem (Dried),Raw Herbs,kg,237.0,193.01,45743.37,5,2287.17,1752.97,49783.51,33,2020-09-01,2020-09-05,4,Delayed,30
PO-2020-0101,2020-07-30,SUP007,Indore Packaging Solutions,RM015,HDPE Bottles 100ml (units),Packaging,units,10664.0,4.77,50867.28,18,9156.11,820.83,60844.22,10,2020-08-09,2020-08-09,0,On-Time,15
PO-2020-0102,2020-07-31,SUP001,Madhya Herbs Pvt Ltd,RM001,Ashwagandha Root (Dried),Raw Herbs,kg,410.0,228.78,93799.8,5,4689.99,2602.63,101092.42,35,2020-09-04,2020-09-04,0,On-Time,30
PO-2020-0103,2020-08-02,SUP007,Indore Packaging Solutions,RM018,Corrugated Shipping Boxes (units),Packaging,units,1548.0,24.07,37260.36,18,6706.86,1955.91,45923.13,8,2020-08-10,2020-08-13,3,Delayed,15
PO-2020-0104,2020-08-04,SUP003,Himalayan Herb Extracts,RM009,Triphala Extract,Herbal Extracts,kg,38.9,1064.66,41415.27,12,4969.83,1600.84,47985.94,18,2020-08-22,2020-08-31,9,Delayed,45
PO-2020-0105,2020-08-05,SUP003,Himalayan Herb Extracts,RM006,Brahmi Extract,Herbal Extracts,kg,31.6,1182.49,37366.68,12,4484.0,1567.14,43417.82,20,2020-08-25,2020-08-25,0,On-Time,45
PO-2020-0106,2020-08-06,SUP002,Vindhya Botanicals,RM003,Amla Fruit (Dried),Raw Herbs,kg,249.0,204.57,50937.93,5,2546.9,1709.44,55194.27,31,2020-09-06,2020-09-06,0,On-Time,30
PO-2020-0107,2020-08-07,SUP004,Girnar Ayur Ingredients,RM008,Turmeric Curcumin Extract (95%),Herbal Extracts,kg,47.4,1904.95,90294.63,12,10835.36,1135.28,102265.27,24,2020-08-31,2020-08-31,0,On-Time,45
PO-2020-0108,2020-08-08,SUP003,Himalayan Herb Extracts,RM005,Ashwagandha Extract (5% Withanolides),Herbal Extracts,kg,61.5,1255.32,77202.18,12,9264.26,1777.04,88243.48,28,2020-09-05,2020-09-05,0,On-Time,45
PO-2020-0109,2020-08-09,SUP008,Malwa Print & Cartons,RM017,Product Labels (units),Packaging,units,13216.0,1.03,13612.48,18,2450.25,468.57,16531.3,8,2020-08-17,2020-08-17,0,On-Time,15
PO-2020-0110,2020-08-10,SUP007,Indore Packaging Solutions,RM015,HDPE Bottles 100ml (units),Packaging,units,9313.0,4.77,44423.01,18,7996.14,770.19,53189.34,10,2020-08-20,2020-08-22,2,Delayed,15
PO-2020-0111,2020-08-13,SUP008,Malwa Print & Cartons,RM016,Printed Cartons (units),Packaging,units,8306.0,3.4,28240.4,18,5083.27,1274.8,34598.47,10,2020-08-23,2020-08-24,1,Delayed,15
PO-2020-0112,2020-08-14,SUP006,Capsico Gelatin & Capsules,RM013,"Gelatin Capsules (Size 00, '000s)",Capsules,'000 units,42.0,346.52,14553.84,12,1746.46,1081.95,17382.25,15,2020-08-29,2020-08-29,0,On-Time,45
PO-2020-0113,2020-08-14,SUP007,Indore Packaging Solutions,RM018,Corrugated Shipping Boxes (units),Packaging,units,1606.0,24.09,38688.54,18,6963.94,1967.63,47620.11,8,2020-08-22,2020-08-20,-2,Early,15
PO-2020-0114,2020-08-15,SUP004,Girnar Ayur Ingredients,RM007,Shatavari Extract,Herbal Extracts,kg,28.3,1073.67,30384.86,12,3646.18,939.3,34970.34,18,2020-09-02,2020-09-02,0,On-Time,45
PO-2020-0115,2020-08-16,SUP005,Chemico Excipients Ltd,RM012,Maize Starch,Excipients,kg,139.4,93.01,12965.59,18,2333.81,1941.54,17240.94,10,2020-08-26,2020-08-26,0,On-Time,60
PO-2020-0116,2020-08-16,SUP001,Madhya Herbs Pvt Ltd,RM001,Ashwagandha Root (Dried),Raw Herbs,kg,400.2,240.92,96416.18,5,4820.81,2514.08,103751.07,34,2020-09-19,2020-09-19,0,On-Time,30
PO-2020-0117,2020-08-16,SUP001,Madhya Herbs Pvt Ltd,RM004,Giloy Stem (Dried),Raw Herbs,kg,259.9,195.57,50828.64,5,2541.43,1786.41,55156.48,33,2020-09-18,2020-09-22,4,Delayed,30
PO-2020-0118,2020-08-17,SUP005,Chemico Excipients Ltd,RM010,Microcrystalline Cellulose (MCC),Excipients,kg,195.2,120.48,23517.7,18,4233.19,2443.35,30194.24,14,2020-08-31,2020-08-31,0,On-Time,60
PO-2020-0119,2020-08-19,SUP002,Vindhya Botanicals,RM002,Tulsi Leaves (Dried),Raw Herbs,kg,347.7,187.33,65134.64,5,3256.73,2098.07,70489.44,31,2020-09-19,2020-09-19,0,On-Time,30
PO-2020-0120,2020-08-19,SUP008,Malwa Print & Cartons,RM017,Product Labels (units),Packaging,units,13751.0,1.01,13888.51,18,2499.93,458.16,16846.6,8,2020-08-27,2020-08-27,0,On-Time,15
PO-2020-0121,2020-08-20,SUP007,Indore Packaging Solutions,RM015,HDPE Bottles 100ml (units),Packaging,units,10478.0,4.52,47360.56,18,8524.9,883.7,56769.16,8,2020-08-28,2020-08-28,0,On-Time,15
PO-2020-0122,2020-08-25,SUP008,Malwa Print & Cartons,RM016,Printed Cartons (units),Packaging,units,8765.0,3.57,31291.05,18,5632.39,1349.72,38273.16,11,2020-09-05,2020-09-05,0,On-Time,15
PO-2020-0123,2020-08-25,SUP003,Himalayan Herb Extracts,RM009,Triphala Extract,Herbal Extracts,kg,34.9,993.24,34664.08,12,4159.69,1593.12,40416.89,22,2020-09-16,2020-09-16,0,On-Time,45
PO-2020-0124,2020-08-26,SUP005,Chemico Excipients Ltd,RM011,Magnesium Stearate,Excipients,kg,51.0,219.37,11187.87,18,2013.82,1194.99,14396.68,14,2020-09-09,2020-09-09,0,On-Time,60
PO-2020-0125,2020-08-27,SUP002,Vindhya Botanicals,RM003,Amla Fruit (Dried),Raw Herbs,kg,269.6,213.64,57597.34,5,2879.87,1824.81,62302.02,33,2020-09-29,2020-10-02,3,Delayed,30
PO-2020-0126,2020-08-27,SUP004,Girnar Ayur Ingredients,RM008,Turmeric Curcumin Extract (95%),Herbal Extracts,kg,49.1,1899.88,93284.11,12,11194.09,1082.24,105560.44,25,2020-09-21,2020-09-21,0,On-Time,45
PO-2020-0127,2020-08-27,SUP003,Himalayan Herb Extracts,RM005,Ashwagandha Extract (5% Withanolides),Herbal Extracts,kg,62.9,1212.97,76295.81,12,9155.5,1805.84,87257.15,26,2020-09-22,2020-09-22,0,On-Time,45
PO-2020-0128,2020-08-28,SUP007,Indore Packaging Solutions,RM018,Corrugated Shipping Boxes (units),Packaging,units,1495.0,24.12,36059.4,18,6490.69,1803.31,44353.4,9,2020-09-06,2020-09-06,0,On-Time,15
PO-2020-0129,2020-08-29,SUP003,Himalayan Herb Extracts,RM006,Brahmi Extract,Herbal Extracts,kg,30.6,1156.55,35390.43,12,4246.85,1418.49,41055.77,19,2020-09-17,2020-09-17,0,On-Time,45
PO-2020-0130,2020-08-30,SUP006,Capsico Gelatin & Capsules,RM013,"Gelatin Capsules (Size 00, '000s)",Capsules,'000 units,42.0,362.39,15220.38,12,1826.45,1148.42,18195.25,15,2020-09-14,2020-09-15,1,Delayed,45
PO-2020-0131,2020-08-30,SUP007,Indore Packaging Solutions,RM015,HDPE Bottles 100ml (units),Packaging,units,11038.0,4.72,52099.36,18,9377.88,919.68,62396.92,10,2020-09-09,2020-09-09,0,On-Time,15
PO-2020-0132,2020-08-31,SUP002,Vindhya Botanicals,RM001,Ashwagandha Root (Dried),Raw Herbs,kg,423.1,235.43,99610.43,5,4980.52,2670.91,107261.86,34,2020-10-04,2020-10-04,0,On-Time,30
PO-2020-0133,2020-08-31,SUP008,Malwa Print & Cartons,RM017,Product Labels (units),Packaging,units,14355.0,1.0,14355.0,18,2583.9,433.8,17372.7,7,2020-09-07,2020-09-07,0,On-Time,15
PO-2020-0134,2020-09-04,SUP001,Madhya Herbs Pvt Ltd,RM004,Giloy Stem (Dried),Raw Herbs,kg,263.9,200.72,52970.01,5,2648.5,1751.16,57369.67,35,2020-10-09,2020-10-09,0,On-Time,30
PO-2020-0135,2020-09-04,SUP005,Chemico Excipients Ltd,RM010,Microcrystalline Cellulose (MCC),Excipients,kg,184.2,124.72,22973.42,18,4135.22,2255.59,29364.23,11,2020-09-15,2020-09-15,0,On-Time,60
PO-2020-0136,2020-09-05,SUP005,Chemico Excipients Ltd,RM012,Maize Starch,Excipients,kg,163.5,97.66,15967.41,18,2874.13,2205.79,21047.33,10,2020-09-15,2020-09-17,2,Delayed,60
PO-2020-0137,2020-09-05,SUP001,Madhya Herbs Pvt Ltd,RM002,Tulsi Leaves (Dried),Raw Herbs,kg,336.2,178.36,59964.63,5,2998.23,2149.95,65112.81,30,2020-10-05,2020-10-05,0,On-Time,30
PO-2020-0138,2020-09-06,SUP008,Malwa Print & Cartons,RM016,Printed Cartons (units),Packaging,units,8388.0,3.48,29190.24,18,5254.24,1370.26,35814.74,10,2020-09-16,2020-09-16,0,On-Time,15
PO-2020-0139,2020-09-09,SUP004,Girnar Ayur Ingredients,RM007,Shatavari Extract,Herbal Extracts,kg,28.7,1111.29,31894.02,12,3827.28,961.58,36682.88,19,2020-09-28,2020-09-28,0,On-Time,45
PO-2020-0140,2020-09-09,SUP007,Indore Packaging Solutions,RM015,HDPE Bottles 100ml (units),Packaging,units,10831.0,4.88,52855.28,18,9513.95,834.75,63203.98,9,2020-09-18,2020-09-18,0,On-Time,15
PO-2020-0141,2020-09-11,SUP007,Indore Packaging Solutions,RM018,Corrugated Shipping Boxes (units),Packaging,units,1644.0,23.72,38995.68,18,7019.22,1974.95,47989.85,6,2020-09-17,2020-09-17,0,On-Time,15
PO-2020-0142,2020-09-12,SUP008,Malwa Print & Cartons,RM017,Product Labels (units),Packaging,units,12403.0,0.99,12278.97,18,2210.21,460.85,14950.03,9,2020-09-21,2020-09-21,0,On-Time,15
PO-2020-0143,2020-09-15,SUP001,Madhya Herbs Pvt Ltd,RM001,Ashwagandha Root (Dried),Raw Herbs,kg,401.4,246.19,98820.67,5,4941.03,2301.29,106062.99,31,2020-10-16,2020-10-16,0,On-Time,30
PO-2020-0144,2020-09-15,SUP002,Vindhya Botanicals,RM003,Amla Fruit (Dried),Raw Herbs,kg,256.0,206.66,52904.96,5,2645.25,1826.15,57376.36,33,2020-10-18,2020-10-18,0,On-Time,30
PO-2020-0145,2020-09-15,SUP004,Girnar Ayur Ingredients,RM005,Ashwagandha Extract (5% Withanolides),Herbal Extracts,kg,66.7,1263.68,84287.46,12,10114.5,1238.58,95640.54,27,2020-10-12,2020-10-12,0,On-Time,45
PO-2020-0146,2020-09-16,SUP008,Malwa Print & Cartons,RM016,Printed Cartons (units),Packaging,units,9246.0,3.38,31251.48,18,5625.27,1541.89,38418.64,9,2020-09-25,2020-09-26,1,Delayed,15
PO-2020-0147,2020-09-16,SUP003,Himalayan Herb Extracts,RM009,Triphala Extract,Herbal Extracts,kg,39.6,1028.85,40742.46,12,4889.1,1708.08,47339.64,20,2020-10-06,2020-10-06,0,On-Time,45
PO-2020-0148,2020-09-17,SUP006,Capsico Gelatin & Capsules,RM013,"Gelatin Capsules (Size 00, '000s)",Capsules,'000 units,40.0,364.35,14574.0,12,1748.88,985.89,17308.77,17,2020-10-04,2020-10-10,6,Delayed,45
PO-2020-0149,2020-09-17,SUP004,Girnar Ayur Ingredients,RM008,Turmeric Curcumin Extract (95%),Herbal Extracts,kg,54.2,1874.2,101581.64,12,12189.8,1106.16,114877.6,24,2020-10-11,2020-10-11,0,On-Time,45
PO-2020-0150,2020-09-18,SUP003,Himalayan Herb Extracts,RM006,Brahmi Extract,Herbal Extracts,kg,36.6,1170.95,42856.77,12,5142.81,1708.82,49708.4,21,2020-10-09,2020-10-09,0,On-Time,45
PO-2020-0151,2020-09-19,SUP005,Chemico Excipients Ltd,RM011,Magnesium Stearate,Excipients,kg,49.1,210.95,10357.65,18,1864.38,1166.83,13388.86,11,2020-09-30,2020-09-30,0,On-Time,60
PO-2020-0152,2020-09-20,SUP007,Indore Packaging Solutions,RM015,HDPE Bottles 100ml (units),Packaging,units,10909.0,4.68,51054.12,18,9189.74,844.44,61088.3,7,2020-09-27,2020-09-27,0,On-Time,15
PO-2020-0153,2020-09-20,SUP001,Madhya Herbs Pvt Ltd,RM004,Giloy Stem (Dried),Raw Herbs,kg,241.7,192.88,46619.1,5,2330.95,1612.8,50562.85,33,2020-10-23,2020-10-23,0,On-Time,30
PO-2020-0154,2020-09-22,SUP001,Madhya Herbs Pvt Ltd,RM002,Tulsi Leaves (Dried),Raw Herbs,kg,375.9,183.33,68913.75,5,3445.69,2223.43,74582.87,30,2020-10-22,2020-10-22,0,On-Time,30
PO-2020-0155,2020-09-23,SUP005,Chemico Excipients Ltd,RM010,Microcrystalline Cellulose (MCC),Excipients,kg,195.0,122.4,23868.0,18,4296.24,2326.99,30491.23,14,2020-10-07,2020-10-07,0,On-Time,60
PO-2020-0156,2020-09-24,SUP008,Malwa Print & Cartons,RM017,Product Labels (units),Packaging,units,13384.0,1.01,13517.84,18,2433.21,430.66,16381.71,6,2020-09-30,2020-09-30,0,On-Time,15
PO-2020-0157,2020-09-26,SUP007,Indore Packaging Solutions,RM018,Corrugated Shipping Boxes (units),Packaging,units,1450.0,24.78,35931.0,18,6467.58,1667.41,44065.99,9,2020-10-05,2020-10-05,0,On-Time,15
PO-2020-0158,2020-09-27,SUP008,Malwa Print & Cartons,RM016,Printed Cartons (units),Packaging,units,9907.0,3.53,34971.71,18,6294.91,1640.85,42907.47,9,2020-10-06,2020-10-09,3,Delayed,15
PO-2020-0159,2020-09-28,SUP005,Chemico Excipients Ltd,RM012,Maize Starch,Excipients,kg,162.9,97.43,15871.35,18,2856.84,2130.13,20858.32,12,2020-10-10,2020-10-10,0,On-Time,60
PO-2020-0160,2020-09-30,SUP004,Girnar Ayur Ingredients,RM007,Shatavari Extract,Herbal Extracts,kg,30.2,1043.08,31501.02,12,3780.12,1084.7,36365.84,17,2020-10-17,2020-10-17,0,On-Time,45
PO-2020-0161,2020-09-30,SUP002,Vindhya Botanicals,RM003,Amla Fruit (Dried),Raw Herbs,kg,263.5,206.45,54399.57,5,2719.98,1648.33,58767.88,34,2020-11-03,2020-11-03,0,On-Time,30
PO-2020-0162,2020-10-01,SUP001,Madhya Herbs Pvt Ltd,RM001,Ashwagandha Root (Dried),Raw Herbs,kg,550.4,245.38,135057.15,5,6752.86,3163.96,144973.97,19,2020-10-20,2020-10-20,0,On-Time,30
PO-2020-0163,2020-10-02,SUP007,Indore Packaging Solutions,RM015,HDPE Bottles 100ml (units),Packaging,units,12052.0,4.64,55921.28,18,10065.83,957.57,66944.68,7,2020-10-09,2020-10-09,0,On-Time,15
PO-2020-0164,2020-10-04,SUP008,Malwa Print & Cartons,RM017,Product Labels (units),Packaging,units,15934.0,0.99,15774.66,18,2839.44,465.15,19079.25,9,2020-10-13,2020-10-13,0,On-Time,15
PO-2020-0165,2020-10-07,SUP001,Madhya Herbs Pvt Ltd,RM004,Giloy Stem (Dried),Raw Herbs,kg,308.8,192.35,59397.68,5,2969.88,2042.6,64410.16,23,2020-10-30,2020-10-30,0,On-Time,30
PO-2020-0166,2020-10-07,SUP003,Himalayan Herb Extracts,RM005,Ashwagandha Extract (5% Withanolides),Herbal Extracts,kg,89.8,1303.69,117071.36,12,14048.56,2182.08,133302.0,13,2020-10-20,2020-10-20,0,On-Time,45
PO-2020-0167,2020-10-08,SUP008,Malwa Print & Cartons,RM016,Printed Cartons (units),Packaging,units,10406.0,3.56,37045.36,18,6668.16,1614.66,45328.18,8,2020-10-16,2020-10-16,0,On-Time,15
PO-2020-0168,2020-10-08,SUP006,Capsico Gelatin & Capsules,RM013,"Gelatin Capsules (Size 00, '000s)",Capsules,'000 units,52.0,351.95,18301.4,12,2196.17,1170.97,21668.54,16,2020-10-24,2020-10-23,-1,Early,45
PO-2020-0169,2020-10-08,SUP004,Girnar Ayur Ingredients,RM008,Turmeric Curcumin Extract (95%),Herbal Extracts,kg,66.0,1937.03,127843.98,12,15341.28,1268.2,144453.46,12,2020-10-20,2020-10-20,0,On-Time,45
PO-2020-0170,2020-10-09,SUP002,Vindhya Botanicals,RM002,Tulsi Leaves (Dried),Raw Herbs,kg,404.4,180.77,73103.39,5,3655.17,2600.76,79359.32,18,2020-10-27,2020-10-27,0,On-Time,30
PO-2020-0171,2020-10-09,SUP003,Himalayan Herb Extracts,RM009,Triphala Extract,Herbal Extracts,kg,49.2,1032.2,50784.24,12,6094.11,1704.78,58583.13,20,2020-10-29,2020-10-29,0,On-Time,45
PO-2020-0172,2020-10-09,SUP007,Indore Packaging Solutions,RM018,Corrugated Shipping Boxes (units),Packaging,units,1722.0,24.0,41328.0,18,7439.04,2018.95,50785.99,9,2020-10-18,2020-10-18,0,On-Time,15
PO-2020-0173,2020-10-11,SUP005,Chemico Excipients Ltd,RM011,Magnesium Stearate,Excipients,kg,63.6,220.91,14049.88,18,2528.98,1209.09,17787.95,12,2020-10-23,2020-10-25,2,Delayed,60
PO-2020-0174,2020-10-12,SUP007,Indore Packaging Solutions,RM015,HDPE Bottles 100ml (units),Packaging,units,12042.0,4.73,56958.66,18,10252.56,881.98,68093.2,7,2020-10-19,2020-10-19,0,On-Time,15
PO-2020-0175,2020-10-12,SUP005,Chemico Excipients Ltd,RM010,Microcrystalline Cellulose (MCC),Excipients,kg,226.1,124.71,28196.93,18,5075.45,2523.29,35795.67,12,2020-10-24,2020-10-24,0,On-Time,60
PO-2020-0176,2020-10-13,SUP008,Malwa Print & Cartons,RM017,Product Labels (units),Packaging,units,17564.0,1.0,17564.0,18,3161.52,490.22,21215.74,8,2020-10-21,2020-10-21,0,On-Time,15
PO-2020-0177,2020-10-15,SUP003,Himalayan Herb Extracts,RM006,Brahmi Extract,Herbal Extracts,kg,42.3,1162.18,49160.21,12,5899.23,1528.32,56587.76,19,2020-11-03,2020-11-13,10,Delayed,45
PO-2020-0178,2020-10-16,SUP002,Vindhya Botanicals,RM001,Ashwagandha Root (Dried),Raw Herbs,kg,535.7,233.37,125016.31,5,6250.82,3298.63,134565.76,19,2020-11-04,2020-11-04,0,On-Time,30
PO-2020-0179,2020-10-17,SUP002,Vindhya Botanicals,RM003,Amla Fruit (Dried),Raw Herbs,kg,335.2,214.98,72061.3,5,3603.07,2148.04,77812.41,18,2020-11-04,2020-11-03,-1,Early,30
PO-2020-0180,2020-10-18,SUP005,Chemico Excipients Ltd,RM012,Maize Starch,Excipients,kg,192.5,98.09,18882.33,18,3398.82,2406.29,24687.44,11,2020-10-29,2020-10-31,2,Delayed,60
PO-2020-0181,2020-10-19,SUP008,Malwa Print & Cartons,RM016,Printed Cartons (units),Packaging,units,10754.0,3.37,36240.98,18,6523.38,1630.51,44394.87,8,2020-10-27,2020-10-27,0,On-Time,15
PO-2020-0182,2020-10-20,SUP007,Indore Packaging Solutions,RM015,HDPE Bottles 100ml (units),Packaging,units,12084.0,4.67,56432.28,18,10157.81,907.19,67497.28,10,2020-10-30,2020-10-30,0,On-Time,15
PO-2020-0183,2020-10-20,SUP001,Madhya Herbs Pvt Ltd,RM004,Giloy Stem (Dried),Raw Herbs,kg,278.3,201.75,56147.03,5,2807.35,1911.38,60865.76,22,2020-11-11,2020-11-11,0,On-Time,30
PO-2020-0184,2020-10-21,SUP007,Indore Packaging Solutions,RM018,Corrugated Shipping Boxes (units),Packaging,units,1860.0,24.77,46072.2,18,8293.0,2030.22,56395.42,7,2020-10-28,2020-10-28,0,On-Time,15
PO-2020-0185,2020-10-22,SUP001,Madhya Herbs Pvt Ltd,RM002,Tulsi Leaves (Dried),Raw Herbs,kg,488.3,178.5,87161.55,5,4358.08,2723.23,94242.86,17,2020-11-08,2020-11-08,0,On-Time,30
PO-2020-0186,2020-10-22,SUP008,Malwa Print & Cartons,RM017,Product Labels (units),Packaging,units,17922.0,1.03,18459.66,18,3322.74,460.49,22242.89,8,2020-10-30,2020-10-30,0,On-Time,15
PO-2020-0187,2020-10-24,SUP004,Girnar Ayur Ingredients,RM005,Ashwagandha Extract (5% Withanolides),Herbal Extracts,kg,80.9,1239.42,100269.08,12,12032.29,1331.99,113633.36,16,2020-11-09,2020-11-09,0,On-Time,45
PO-2020-0188,2020-10-24,SUP006,Capsico Gelatin & Capsules,RM013,"Gelatin Capsules (Size 00, '000s)",Capsules,'000 units,47.0,362.1,17018.7,12,2042.24,1034.12,20095.06,14,2020-11-07,2020-11-07,0,On-Time,45
PO-2020-0189,2020-10-25,SUP004,Girnar Ayur Ingredients,RM007,Shatavari Extract,Herbal Extracts,kg,38.9,1040.89,40490.62,12,4858.87,1152.45,46501.94,19,2020-11-13,2020-11-16,3,Delayed,45
PO-2020-0190,2020-10-27,SUP003,Himalayan Herb Extracts,RM009,Triphala Extract,Herbal Extracts,kg,43.8,1021.29,44732.5,12,5367.9,1705.16,51805.56,18,2020-11-14,2020-11-14,0,On-Time,45
PO-2020-0191,2020-10-27,SUP004,Girnar Ayur Ingredients,RM008,Turmeric Curcumin Extract (95%),Herbal Extracts,kg,61.1,1874.34,114522.17,12,13742.66,1207.89,129472.72,12,2020-11-08,2020-11-14,6,Delayed,45
PO-2020-0192,2020-10-29,SUP002,Vindhya Botanicals,RM001,Ashwagandha Root (Dried),Raw Herbs,kg,520.6,245.02,127557.41,5,6377.87,2863.72,136799.0,19,2020-11-17,2020-11-17,0,On-Time,30
PO-2020-0193,2020-10-30,SUP007,Indore Packaging Solutions,RM015,HDPE Bottles 100ml (units),Packaging,units,13370.0,4.63,61903.1,18,11142.56,925.16,73970.82,8,2020-11-07,2020-11-07,0,On-Time,15
PO-2020-0194,2020-10-30,SUP008,Malwa Print & Cartons,RM016,Printed Cartons (units),Packaging,units,10180.0,3.5,35630.0,18,6413.4,1673.18,43716.58,10,2020-11-09,2020-11-09,0,On-Time,15
PO-2020-0195,2020-10-31,SUP002,Vindhya Botanicals,RM003,Amla Fruit (Dried),Raw Herbs,kg,275.9,215.34,59412.31,5,2970.62,1954.05,64336.98,20,2020-11-20,2020-11-20,0,On-Time,30
PO-2020-0196,2020-10-31,SUP008,Malwa Print & Cartons,RM017,Product Labels (units),Packaging,units,15189.0,1.02,15492.78,18,2788.7,463.3,18744.78,8,2020-11-08,2020-11-08,0,On-Time,15
PO-2020-0197,2020-10-31,SUP005,Chemico Excipients Ltd,RM010,Microcrystalline Cellulose (MCC),Excipients,kg,220.7,120.37,26565.66,18,4781.82,2361.29,33708.77,13,2020-11-13,2020-11-13,0,On-Time,60
PO-2020-0198,2020-11-01,SUP003,Himalayan Herb Extracts,RM006,Brahmi Extract,Herbal Extracts,kg,38.6,1161.07,44817.3,12,5378.08,1701.75,51897.13,21,2020-11-22,2020-11-22,0,On-Time,45
PO-2020-0199,2020-11-01,SUP007,Indore Packaging Solutions,RM018,Corrugated Shipping Boxes (units),Packaging,units,2017.0,23.75,47903.75,18,8622.67,2326.43,58852.85,7,2020-11-08,2020-11-08,0,On-Time,15
PO-2020-0200,2020-11-01,SUP005,Chemico Excipients Ltd,RM011,Magnesium Stearate,Excipients,kg,62.2,205.57,12786.45,18,2301.56,1337.89,16425.9,13,2020-11-14,2020-11-14,0,On-Time,60
PO-2020-0201,2020-11-02,SUP001,Madhya Herbs Pvt Ltd,RM004,Giloy Stem (Dried),Raw Herbs,kg,296.6,193.05,57258.63,5,2862.93,2076.16,62197.72,19,2020-11-21,2020-11-21,0,On-Time,30
PO-2020-0202,2020-11-04,SUP002,Vindhya Botanicals,RM002,Tulsi Leaves (Dried),Raw Herbs,kg,426.3,183.88,78388.04,5,3919.4,2420.29,84727.73,16,2020-11-20,2020-11-24,4,Delayed,30
PO-2020-0203,2020-11-05,SUP005,Chemico Excipients Ltd,RM012,Maize Starch,Excipients,kg,169.1,95.62,16169.34,18,2910.48,1951.29,21031.11,10,2020-11-15,2020-11-14,-1,Early,60
PO-2020-0204,2020-11-07,SUP007,Indore Packaging Solutions,RM015,HDPE Bottles 100ml (units),Packaging,units,12811.0,4.59,58802.49,18,10584.45,994.15,70381.09,7,2020-11-14,2020-11-15,1,Delayed,15
PO-2020-0205,2020-11-08,SUP003,Himalayan Herb Extracts,RM005,Ashwagandha Extract (5% Withanolides),Herbal Extracts,kg,77.1,1255.05,96764.35,12,11611.72,1946.82,110322.89,14,2020-11-22,2020-11-22,0,On-Time,45
PO-2020-0206,2020-11-08,SUP008,Malwa Print & Cartons,RM017,Product Labels (units),Packaging,units,16916.0,0.97,16408.52,18,2953.53,479.45,19841.5,6,2020-11-14,2020-11-14,0,On-Time,15
PO-2020-0207,2020-11-08,SUP008,Malwa Print & Cartons,RM016,Printed Cartons (units),Packaging,units,12137.0,3.51,42600.87,18,7668.16,1755.23,52024.26,10,2020-11-18,2020-11-18,0,On-Time,15
PO-2020-0208,2020-11-10,SUP002,Vindhya Botanicals,RM001,Ashwagandha Root (Dried),Raw Herbs,kg,464.6,232.74,108131.0,5,5406.55,2577.0,116114.55,21,2020-12-01,2020-12-01,0,On-Time,30
PO-2020-0209,2020-11-11,SUP006,Capsico Gelatin & Capsules,RM013,"Gelatin Capsules (Size 00, '000s)",Capsules,'000 units,52.0,363.4,18896.8,12,2267.62,1171.07,22335.49,14,2020-11-25,2020-11-25,0,On-Time,45
PO-2020-0210,2020-11-12,SUP007,Indore Packaging Solutions,RM018,Corrugated Shipping Boxes (units),Packaging,units,1783.0,25.52,45502.16,18,8190.39,1950.28,55642.83,10,2020-11-22,2020-11-22,0,On-Time,15
PO-2020-0211,2020-11-13,SUP002,Vindhya Botanicals,RM003,Amla Fruit (Dried),Raw Herbs,kg,297.9,211.82,63101.18,5,3155.06,1908.56,68164.8,19,2020-12-02,2020-12-03,1,Delayed,30
PO-2020-0212,2020-11-14,SUP004,Girnar Ayur Ingredients,RM007,Shatavari Extract,Herbal Extracts,kg,37.8,1071.34,40496.65,12,4859.6,1059.56,46415.81,19,2020-12-03,2020-12-03,0,On-Time,45
PO-2020-0213,2020-11-15,SUP004,Girnar Ayur Ingredients,RM008,Turmeric Curcumin Extract (95%),Herbal Extracts,kg,57.8,1963.98,113518.04,12,13622.16,1229.13,128369.33,14,2020-11-29,2020-11-28,-1,Early,45
PO-2020-0214,2020-11-16,SUP008,Malwa Print & Cartons,RM017,Product Labels (units),Packaging,units,15198.0,1.01,15349.98,18,2763.0,474.92,18587.9,5,2020-11-21,2020-11-21,0,On-Time,15
PO-2020-0215,2020-11-16,SUP007,Indore Packaging Solutions,RM015,HDPE Bottles 100ml (units),Packaging,units,13257.0,4.74,62838.18,18,11310.87,993.72,75142.77,7,2020-11-23,2020-11-23,0,On-Time,15
PO-2020-0216,2020-11-16,SUP003,Himalayan Herb Extracts,RM009,Triphala Extract,Herbal Extracts,kg,47.3,1052.15,49766.69,12,5972.0,1809.56,57548.25,19,2020-12-05,2020-12-05,0,On-Time,45
PO-2020-0217,2020-11-16,SUP002,Vindhya Botanicals,RM002,Tulsi Leaves (Dried),Raw Herbs,kg,439.9,181.54,79859.45,5,3992.97,2664.8,86517.22,16,2020-12-02,2020-12-06,4,Delayed,30
PO-2020-0218,2020-11-16,SUP001,Madhya Herbs Pvt Ltd,RM004,Giloy Stem (Dried),Raw Herbs,kg,321.8,203.92,65621.46,5,3281.07,1942.23,70844.76,19,2020-12-05,2020-12-05,0,On-Time,30
PO-2020-0219,2020-11-18,SUP008,Malwa Print & Cartons,RM016,Printed Cartons (units),Packaging,units,11180.0,3.58,40024.4,18,7204.39,1675.11,48903.9,7,2020-11-25,2020-11-25,0,On-Time,15
PO-2020-0220,2020-11-19,SUP005,Chemico Excipients Ltd,RM010,Microcrystalline Cellulose (MCC),Excipients,kg,239.8,122.81,29449.84,18,5300.97,2589.3,37340.11,12,2020-12-01,2020-12-01,0,On-Time,60
PO-2020-0221,2020-11-19,SUP003,Himalayan Herb Extracts,RM006,Brahmi Extract,Herbal Extracts,kg,40.9,1192.29,48764.66,12,5851.76,1700.35,56316.77,20,2020-12-09,2020-12-09,0,On-Time,45
PO-2020-0222,2020-11-21,SUP005,Chemico Excipients Ltd,RM011,Magnesium Stearate,Excipients,kg,58.7,217.15,12746.71,18,2294.41,1233.4,16274.52,10,2020-12-01,2020-12-01,0,On-Time,60
PO-2020-0223,2020-11-24,SUP003,Himalayan Herb Extracts,RM005,Ashwagandha Extract (5% Withanolides),Herbal Extracts,kg,74.8,1262.06,94402.09,12,11328.25,2050.38,107780.72,14,2020-12-08,2020-12-06,-2,Early,45
PO-2020-0224,2020-11-24,SUP005,Chemico Excipients Ltd,RM012,Maize Starch,Excipients,kg,193.8,92.72,17969.14,18,3234.45,2350.82,23554.41,9,2020-12-03,2020-12-01,-2,Early,60
PO-2020-0225,2020-11-24,SUP001,Madhya Herbs Pvt Ltd,RM001,Ashwagandha Root (Dried),Raw Herbs,kg,483.7,243.68,117868.02,5,5893.4,2928.51,126689.93,21,2020-12-15,2020-12-13,-2,Early,30
PO-2020-0226,2020-11-24,SUP007,Indore Packaging Solutions,RM018,Corrugated Shipping Boxes (units),Packaging,units,1963.0,24.28,47661.64,18,8579.1,2236.72,58477.46,9,2020-12-03,2020-12-02,-1,Early,15
PO-2020-0227,2020-11-25,SUP008,Malwa Print & Cartons,RM017,Product Labels (units),Packaging,units,17991.0,0.98,17631.18,18,3173.61,516.68,21321.47,8,2020-12-03,2020-12-03,0,On-Time,15
PO-2020-0228,2020-11-25,SUP007,Indore Packaging Solutions,RM015,HDPE Bottles 100ml (units),Packaging,units,13131.0,4.54,59614.74,18,10730.65,1005.79,71351.18,7,2020-12-02,2020-12-02,0,On-Time,15
PO-2020-0229,2020-11-27,SUP002,Vindhya Botanicals,RM003,Amla Fruit (Dried),Raw Herbs,kg,301.6,206.05,62144.68,5,3107.23,1901.67,67153.58,18,2020-12-15,2020-12-15,0,On-Time,30
PO-2020-0230,2020-11-27,SUP006,Capsico Gelatin & Capsules,RM013,"Gelatin Capsules (Size 00, '000s)",Capsules,'000 units,52.0,351.11,18257.72,12,2190.93,1195.81,21644.46,13,2020-12-10,2020-12-09,-1,Early,45
PO-2020-0231,2020-11-27,SUP008,Malwa Print & Cartons,RM016,Printed Cartons (units),Packaging,units,11646.0,3.59,41809.14,18,7525.65,1803.13,51137.92,9,2020-12-06,2020-12-06,0,On-Time,15
PO-2020-0232,2020-11-28,SUP002,Vindhya Botanicals,RM002,Tulsi Leaves (Dried),Raw Herbs,kg,418.0,186.79,78078.22,5,3903.91,2360.34,84342.47,18,2020-12-16,2020-12-16,0,On-Time,30
PO-2020-0233,2020-11-30,SUP004,Girnar Ayur Ingredients,RM008,Turmeric Curcumin Extract (95%),Herbal Extracts,kg,56.0,1927.47,107938.32,12,12952.6,1129.85,122020.77,11,2020-12-11,2020-12-11,0,On-Time,45
PO-2020-0234,2020-12-02,SUP001,Madhya Herbs Pvt Ltd,RM004,Giloy Stem (Dried),Raw Herbs,kg,291.7,195.57,57047.77,5,2852.39,1769.11,61669.27,19,2020-12-21,2020-12-21,0,On-Time,30
PO-2020-0235,2020-12-03,SUP007,Indore Packaging Solutions,RM015,HDPE Bottles 100ml (units),Packaging,units,12866.0,4.75,61113.5,18,11000.43,1021.66,73135.59,7,2020-12-10,2020-12-10,0,On-Time,15
PO-2020-0236,2020-12-04,SUP003,Himalayan Herb Extracts,RM009,Triphala Extract,Herbal Extracts,kg,46.9,1035.43,48561.67,12,5827.4,1784.52,56173.59,19,2020-12-23,2020-12-23,0,On-Time,45
PO-2020-0237,2020-12-04,SUP008,Malwa Print & Cartons,RM017,Product Labels (units),Packaging,units,16605.0,1.04,17269.2,18,3108.46,465.88,20843.54,8,2020-12-12,2020-12-15,3,Delayed,15
PO-2020-0238,2020-12-05,SUP007,Indore Packaging Solutions,RM018,Corrugated Shipping Boxes (units),Packaging,units,1958.0,24.38,47736.04,18,8592.49,2287.91,58616.44,7,2020-12-12,2020-12-12,0,On-Time,15
PO-2020-0239,2020-12-06,SUP003,Himalayan Herb Extracts,RM006,Brahmi Extract,Herbal Extracts,kg,41.6,1179.85,49081.76,12,5889.81,1650.26,56621.83,22,2020-12-28,2020-12-27,-1,Early,45
PO-2020-0240,2020-12-06,SUP004,Girnar Ayur Ingredients,RM007,Shatavari Extract,Herbal Extracts,kg,39.8,1058.07,42111.19,12,5053.34,1161.91,48326.44,17,2020-12-23,2020-12-23,0,On-Time,45
PO-2020-0241,2020-12-08,SUP008,Malwa Print & Cartons,RM016,Printed Cartons (units),Packaging,units,10454.0,3.4,35543.6,18,6397.85,1762.44,43703.89,9,2020-12-17,2020-12-17,0,On-Time,15
PO-2020-0242,2020-12-08,SUP001,Madhya Herbs Pvt Ltd,RM001,Ashwagandha Root (Dried),Raw Herbs,kg,498.1,237.67,118383.43,5,5919.17,2976.37,127278.97,22,2020-12-30,2020-12-30,0,On-Time,30
PO-2020-0243,2020-12-08,SUP005,Chemico Excipients Ltd,RM010,Microcrystalline Cellulose (MCC),Excipients,kg,269.3,123.23,33185.84,18,5973.45,3056.69,42215.98,12,2020-12-20,2020-12-20,0,On-Time,60
PO-2020-0244,2020-12-09,SUP001,Madhya Herbs Pvt Ltd,RM002,Tulsi Leaves (Dried),Raw Herbs,kg,414.9,183.56,76159.04,5,3807.95,2426.92,82393.91,19,2020-12-28,2020-12-28,0,On-Time,30
PO-2020-0245,2020-12-09,SUP003,Himalayan Herb Extracts,RM005,Ashwagandha Extract (5% Withanolides),Herbal Extracts,kg,77.9,1236.93,96356.85,12,11562.82,2204.07,110123.74,16,2020-12-25,2021-01-04,10,Delayed,45
PO-2020-0246,2020-12-10,SUP005,Chemico Excipients Ltd,RM011,Magnesium Stearate,Excipients,kg,61.2,214.91,13152.49,18,2367.45,1311.29,16831.23,13,2020-12-23,2020-12-21,-2,Early,60
PO-2020-0247,2020-12-10,SUP002,Vindhya Botanicals,RM003,Amla Fruit (Dried),Raw Herbs,kg,337.3,203.55,68657.42,5,3432.87,1973.96,74064.25,19,2020-12-29,2020-12-29,0,On-Time,30
PO-2020-0248,2020-12-11,SUP007,Indore Packaging Solutions,RM015,HDPE Bottles 100ml (units),Packaging,units,12105.0,4.66,56409.3,18,10153.67,928.01,67490.98,6,2020-12-17,2020-12-17,0,On-Time,15
PO-2020-0249,2020-12-12,SUP005,Chemico Excipients Ltd,RM012,Maize Starch,Excipients,kg,190.4,97.56,18575.42,18,3343.58,2286.49,24205.49,11,2020-12-23,2020-12-26,3,Delayed,60
PO-2020-0250,2020-12-13,SUP006,Capsico Gelatin & Capsules,RM013,"Gelatin Capsules (Size 00, '000s)",Capsules,'000 units,54.0,345.56,18660.24,12,2239.23,1163.3,22062.77,14,2020-12-27,2020-12-25,-2,Early,45
PO-2020-0251,2020-12-14,SUP008,Malwa Print & Cartons,RM017,Product Labels (units),Packaging,units,17749.0,0.98,17394.02,18,3130.92,511.75,21036.69,6,2020-12-20,2020-12-20,0,On-Time,15
PO-2020-0252,2020-12-15,SUP001,Madhya Herbs Pvt Ltd,RM004,Giloy Stem (Dried),Raw Herbs,kg,340.1,192.57,65493.06,5,3274.65,2207.89,70975.6,21,2021-01-05,2021-01-04,-1,Early,30
PO-2020-0253,2020-12-15,SUP004,Girnar Ayur Ingredients,RM008,Turmeric Curcumin Extract (95%),Herbal Extracts,kg,60.4,1951.46,117868.18,12,14144.18,1158.34,133170.7,11,2020-12-26,2020-12-26,0,On-Time,45
PO-2020-0254,2020-12-15,SUP007,Indore Packaging Solutions,RM018,Corrugated Shipping Boxes (units),Packaging,units,1930.0,24.44,47169.2,18,8490.46,2318.55,57978.21,8,2020-12-23,2020-12-21,-2,Early,15
PO-2020-0255,2020-12-18,SUP008,Malwa Print & Cartons,RM016,Printed Cartons (units),Packaging,units,12221.0,3.52,43017.92,18,7743.23,1741.38,52502.53,8,2020-12-26,2020-12-26,0,On-Time,15
PO-2020-0256,2020-12-19,SUP007,Indore Packaging Solutions,RM015,HDPE Bottles 100ml (units),Packaging,units,11618.0,4.65,54023.7,18,9724.27,891.34,64639.31,9,2020-12-28,2020-12-28,0,On-Time,15
PO-2020-0257,2020-12-22,SUP001,Madhya Herbs Pvt Ltd,RM002,Tulsi Leaves (Dried),Raw Herbs,kg,456.4,184.93,84402.05,5,4220.1,2901.85,91524.0,17,2021-01-08,2021-01-08,0,On-Time,30
PO-2020-0258,2020-12-22,SUP008,Malwa Print & Cartons,RM017,Product Labels (units),Packaging,units,15707.0,0.97,15235.79,18,2742.44,468.32,18446.55,8,2020-12-30,2020-12-30,0,On-Time,15
PO-2020-0259,2020-12-23,SUP001,Madhya Herbs Pvt Ltd,RM001,Ashwagandha Root (Dried),Raw Herbs,kg,532.6,230.39,122705.71,5,6135.29,2891.55,131732.55,20,2021-01-12,2021-01-19,7,Delayed,30
PO-2020-0260,2020-12-23,SUP003,Himalayan Herb Extracts,RM009,Triphala Extract,Herbal Extracts,kg,47.1,1030.28,48526.19,12,5823.14,1679.26,56028.59,22,2021-01-14,2021-01-23,9,Delayed,45
PO-2020-0261,2020-12-23,SUP004,Girnar Ayur Ingredients,RM007,Shatavari Extract,Herbal Extracts,kg,39.1,1123.64,43934.32,12,5272.12,1039.79,50246.23,19,2021-01-11,2021-01-11,0,On-Time,45
PO-2020-0262,2020-12-24,SUP002,Vindhya Botanicals,RM003,Amla Fruit (Dried),Raw Herbs,kg,293.1,206.35,60481.19,5,3024.06,1929.0,65434.25,19,2021-01-12,2021-01-12,0,On-Time,30
PO-2020-0263,2020-12-24,SUP007,Indore Packaging Solutions,RM018,Corrugated Shipping Boxes (units),Packaging,units,1697.0,24.76,42017.72,18,7563.19,1930.33,51511.24,8,2021-01-01,2021-01-01,0,On-Time,15
PO-2020-0264,2020-12-24,SUP005,Chemico Excipients Ltd,RM010,Microcrystalline Cellulose (MCC),Excipients,kg,237.3,118.46,28110.56,18,5059.9,2475.36,35645.82,10,2021-01-03,2021-01-03,0,On-Time,60
PO-2020-0265,2020-12-26,SUP003,Himalayan Herb Extracts,RM006,Brahmi Extract,Herbal Extracts,kg,41.5,1166.78,48421.37,12,5810.56,1660.86,55892.79,21,2021-01-16,2021-01-16,0,On-Time,45
PO-2020-0266,2020-12-27,SUP003,Himalayan Herb Extracts,RM005,Ashwagandha Extract (5% Withanolides),Herbal Extracts,kg,89.7,1256.61,112717.92,12,13526.15,2156.9,128400.97,16,2021-01-12,2021-01-11,-1,Early,45
PO-2020-0267,2020-12-28,SUP007,Indore Packaging Solutions,RM015,HDPE Bottles 100ml (units),Packaging,units,11397.0,4.88,55617.36,18,10011.12,861.72,66490.2,7,2021-01-04,2021-01-02,-2,Early,15
PO-2020-0268,2020-12-28,SUP008,Malwa Print & Cartons,RM016,Printed Cartons (units),Packaging,units,11977.0,3.48,41679.96,18,7502.39,1808.03,50990.38,7,2021-01-04,2021-01-04,0,On-Time,15
PO-2020-0269,2020-12-28,SUP006,Capsico Gelatin & Capsules,RM013,"Gelatin Capsules (Size 00, '000s)",Capsules,'000 units,54.0,345.89,18678.06,12,2241.37,1102.31,22021.74,16,2021-01-13,2021-01-13,0,On-Time,45
PO-2020-0270,2020-12-29,SUP005,Chemico Excipients Ltd,RM011,Magnesium Stearate,Excipients,kg,67.3,213.13,14343.65,18,2581.86,1324.16,18249.67,11,2021-01-09,2021-01-09,0,On-Time,60
PO-2020-0271,2020-12-29,SUP008,Malwa Print & Cartons,RM017,Product Labels (units),Packaging,units,16174.0,1.01,16335.74,18,2940.43,479.91,19756.08,5,2021-01-03,2021-01-03,0,On-Time,15
PO-2020-0272,2020-12-30,SUP005,Chemico Excipients Ltd,RM012,Maize Starch,Excipients,kg,173.1,95.94,16607.21,18,2989.3,2135.23,21731.74,9,2021-01-08,2021-01-08,0,On-Time,60
PO-2020-0273,2020-12-31,SUP004,Girnar Ayur Ingredients,RM008,Turmeric Curcumin Extract (95%),Herbal Extracts,kg,60.7,1849.64,112273.15,12,13472.78,1254.52,127000.45,14,2021-01-14,2021-01-14,0,On-Time,45
PO-2021-0001,2021-01-01,SUP001,Madhya Herbs Pvt Ltd,RM004,Giloy Stem (Dried),Raw Herbs,kg,320.3,237.37,76029.61,5,3801.48,2483.23,82314.32,22,2021-01-23,2021-01-25,2,Delayed,30
PO-2021-0002,2021-01-02,SUP001,Madhya Herbs Pvt Ltd,RM002,Tulsi Leaves (Dried),Raw Herbs,kg,431.9,206.48,89178.71,5,4458.94,3237.6,96875.25,17,2021-01-19,2021-01-19,0,On-Time,30
PO-2021-0003,2021-01-03,SUP007,Indore Packaging Solutions,RM018,Corrugated Shipping Boxes (units),Packaging,units,2062.0,26.1,53818.2,18,9687.28,2625.94,66131.42,9,2021-01-12,2021-01-12,0,On-Time,15
PO-2021-0004,2021-01-04,SUP001,Madhya Herbs Pvt Ltd,RM001,Ashwagandha Root (Dried),Raw Herbs,kg,519.5,280.42,145678.19,5,7283.91,3287.32,156249.42,18,2021-01-22,2021-01-22,0,On-Time,30
PO-2021-0005,2021-01-06,SUP007,Indore Packaging Solutions,RM015,HDPE Bottles 100ml (units),Packaging,units,12003.0,4.87,58454.61,18,10521.83,1173.24,70149.68,9,2021-01-15,2021-01-15,0,On-Time,15
PO-2021-0006,2021-01-07,SUP008,Malwa Print & Cartons,RM017,Product Labels (units),Packaging,units,17555.0,1.04,18257.2,18,3286.3,611.82,22155.32,6,2021-01-13,2021-01-17,4,Delayed,15
PO-2021-0007,2021-01-07,SUP008,Malwa Print & Cartons,RM016,Printed Cartons (units),Packaging,units,12512.0,3.61,45168.32,18,8130.3,2348.27,55646.89,8,2021-01-15,2021-01-13,-2,Early,15
PO-2021-0008,2021-01-10,SUP002,Vindhya Botanicals,RM003,Amla Fruit (Dried),Raw Herbs,kg,291.0,242.32,70515.12,5,3525.76,2316.51,76357.39,20,2021-01-30,2021-01-30,0,On-Time,30
PO-2021-0009,2021-01-10,SUP006,Capsico Gelatin & Capsules,RM013,"Gelatin Capsules (Size 00, '000s)",Capsules,'000 units,53.0,389.13,20623.89,12,2474.87,1279.92,24378.68,16,2021-01-26,2021-01-26,0,On-Time,45
PO-2021-0010,2021-01-10,SUP003,Himalayan Herb Extracts,RM009,Triphala Extract,Herbal Extracts,kg,45.3,1215.48,55061.24,12,6607.35,1898.61,63567.2,19,2021-01-29,2021-01-27,-2,Early,45
PO-2021-0011,2021-01-11,SUP005,Chemico Excipients Ltd,RM010,Microcrystalline Cellulose (MCC),Excipients,kg,231.3,135.08,31244.0,18,5623.92,3166.84,40034.76,11,2021-01-22,2021-01-22,0,On-Time,60
PO-2021-0012,2021-01-13,SUP003,Himalayan Herb Extracts,RM006,Brahmi Extract,Herbal Extracts,kg,41.1,1329.93,54660.12,12,6559.21,1847.15,63066.48,20,2021-02-02,2021-02-08,6,Delayed,45
PO-2021-0013,2021-01-13,SUP001,Madhya Herbs Pvt Ltd,RM002,Tulsi Leaves (Dried),Raw Herbs,kg,499.4,220.63,110182.62,5,5509.13,3386.71,119078.46,16,2021-01-29,2021-01-29,0,On-Time,30
PO-2021-0014,2021-01-13,SUP004,Girnar Ayur Ingredients,RM007,Shatavari Extract,Herbal Extracts,kg,33.9,1256.46,42593.99,12,5111.28,1280.66,48985.93,17,2021-01-30,2021-02-05,6,Delayed,45
PO-2021-0015,2021-01-14,SUP005,Chemico Excipients Ltd,RM012,Maize Starch,Excipients,kg,177.2,98.84,17514.45,18,3152.6,2504.3,23171.35,11,2021-01-25,2021-01-23,-2,Early,60
PO-2021-0016,2021-01-14,SUP007,Indore Packaging Solutions,RM018,Corrugated Shipping Boxes (units),Packaging,units,1818.0,25.82,46940.76,18,8449.34,2460.07,57850.17,8,2021-01-22,2021-01-22,0,On-Time,15
PO-2021-0017,2021-01-14,SUP003,Himalayan Herb Extracts,RM005,Ashwagandha Extract (5% Withanolides),Herbal Extracts,kg,81.6,1484.26,121115.62,12,14533.87,2482.98,138132.47,16,2021-01-30,2021-01-30,0,On-Time,45
PO-2021-0018,2021-01-14,SUP001,Madhya Herbs Pvt Ltd,RM004,Giloy Stem (Dried),Raw Herbs,kg,336.7,226.01,76097.57,5,3804.88,2311.9,82214.35,21,2021-02-04,2021-02-08,4,Delayed,30
PO-2021-0019,2021-01-14,SUP007,Indore Packaging Solutions,RM015,HDPE Bottles 100ml (units),Packaging,units,12496.0,4.87,60855.52,18,10953.99,1089.95,72899.46,7,2021-01-21,2021-01-19,-2,Early,15
PO-2021-0020,2021-01-16,SUP008,Malwa Print & Cartons,RM017,Product Labels (units),Packaging,units,16689.0,1.05,17523.45,18,3154.22,562.58,21240.25,6,2021-01-22,2021-01-22,0,On-Time,15
PO-2021-0021,2021-01-17,SUP008,Malwa Print & Cartons,RM016,Printed Cartons (units),Packaging,units,10768.0,3.71,39949.28,18,7190.87,1976.53,49116.68,9,2021-01-26,2021-01-26,0,On-Time,15
PO-2021-0022,2021-01-19,SUP004,Girnar Ayur Ingredients,RM008,Turmeric Curcumin Extract (95%),Herbal Extracts,kg,67.1,2267.86,152173.41,12,18260.81,1520.01,171954.23,15,2021-02-03,2021-02-07,4,Delayed,45
PO-2021-0023,2021-01-19,SUP001,Madhya Herbs Pvt Ltd,RM001,Ashwagandha Root (Dried),Raw Herbs,kg,534.0,282.24,150716.16,5,7535.81,3705.64,161957.61,20,2021-02-08,2021-02-08,0,On-Time,30
PO-2021-0024,2021-01-20,SUP005,Chemico Excipients Ltd,RM011,Magnesium Stearate,Excipients,kg,68.8,221.74,15255.71,18,2746.03,1576.09,19577.83,11,2021-01-31,2021-01-31,0,On-Time,60
PO-2021-0025,2021-01-23,SUP007,Indore Packaging Solutions,RM018,Corrugated Shipping Boxes (units),Packaging,units,1751.0,26.37,46173.87,18,8311.3,2301.2,56786.37,7,2021-01-30,2021-01-30,0,On-Time,15
PO-2021-0026,2021-01-24,SUP007,Indore Packaging Solutions,RM015,HDPE Bottles 100ml (units),Packaging,units,13008.0,4.85,63088.8,18,11355.98,1069.48,75514.26,6,2021-01-30,2021-01-29,-1,Early,15
PO-2021-0027,2021-01-25,SUP001,Madhya Herbs Pvt Ltd,RM002,Tulsi Leaves (Dried),Raw Herbs,kg,465.1,210.19,97759.37,5,4887.97,3169.12,105816.46,17,2021-02-11,2021-02-11,0,On-Time,30
PO-2021-0028,2021-01-25,SUP008,Malwa Print & Cartons,RM017,Product Labels (units),Packaging,units,16759.0,1.1,18434.9,18,3318.28,571.89,22325.07,8,2021-02-02,2021-02-02,0,On-Time,15
PO-2021-0029,2021-01-25,SUP006,Capsico Gelatin & Capsules,RM013,"Gelatin Capsules (Size 00, '000s)",Capsules,'000 units,52.0,380.33,19777.16,12,2373.26,1281.71,23432.13,14,2021-02-08,2021-02-08,0,On-Time,45
PO-2021-0030,2021-01-26,SUP001,Madhya Herbs Pvt Ltd,RM004,Giloy Stem (Dried),Raw Herbs,kg,293.3,220.4,64643.32,5,3232.17,2109.7,69985.19,22,2021-02-17,2021-02-16,-1,Early,30
PO-2021-0031,2021-01-26,SUP008,Malwa Print & Cartons,RM016,Printed Cartons (units),Packaging,units,11600.0,3.79,43964.0,18,7913.52,2202.27,54079.79,8,2021-02-03,2021-02-01,-2,Early,15
PO-2021-0032,2021-01-26,SUP002,Vindhya Botanicals,RM003,Amla Fruit (Dried),Raw Herbs,kg,293.0,235.31,68945.83,5,3447.29,2342.14,74735.26,18,2021-02-13,2021-02-11,-2,Early,30
PO-2021-0033,2021-01-29,SUP005,Chemico Excipients Ltd,RM012,Maize Starch,Excipients,kg,172.8,100.39,17347.39,18,3122.53,2471.02,22940.94,11,2021-02-09,2021-02-09,0,On-Time,60
PO-2021-0034,2021-01-29,SUP005,Chemico Excipients Ltd,RM010,Microcrystalline Cellulose (MCC),Excipients,kg,251.1,133.33,33479.16,18,6026.25,3068.99,42574.4,12,2021-02-10,2021-02-10,0,On-Time,60
PO-2021-0035,2021-01-30,SUP003,Himalayan Herb Extracts,RM005,Ashwagandha Extract (5% Withanolides),Herbal Extracts,kg,79.3,1419.84,112593.31,12,13511.2,2421.58,128526.09,16,2021-02-15,2021-02-27,12,Delayed,45
PO-2021-0036,2021-01-31,SUP003,Himalayan Herb Extracts,RM009,Triphala Extract,Herbal Extracts,kg,47.2,1158.64,54687.81,12,6562.54,1908.99,63159.34,22,2021-02-22,2021-02-22,0,On-Time,45
PO-2021-0037,2021-01-31,SUP001,Madhya Herbs Pvt Ltd,RM001,Ashwagandha Root (Dried),Raw Herbs,kg,518.0,268.65,139160.7,5,6958.03,3403.78,149522.51,21,2021-02-21,2021-02-19,-2,Early,30
PO-2021-0038,2021-02-01,SUP004,Girnar Ayur Ingredients,RM007,Shatavari Extract,Herbal Extracts,kg,39.1,1218.24,47633.18,12,5715.98,1190.35,54539.51,19,2021-02-20,2021-02-18,-2,Early,45
PO-2021-0039,2021-02-01,SUP007,Indore Packaging Solutions,RM015,HDPE Bottles 100ml (units),Packaging,units,13283.0,4.88,64821.04,18,11667.79,1082.91,77571.74,10,2021-02-11,2021-02-11,0,On-Time,15
PO-2021-0040,2021-02-01,SUP007,Indore Packaging Solutions,RM018,Corrugated Shipping Boxes (units),Packaging,units,1961.0,26.49,51946.89,18,9350.44,2869.0,64166.33,7,2021-02-08,2021-02-08,0,On-Time,15
PO-2021-0041,2021-02-02,SUP008,Malwa Print & Cartons,RM017,Product Labels (units),Packaging,units,15599.0,1.08,16846.92,18,3032.45,589.61,20468.98,6,2021-02-08,2021-02-09,1,Delayed,15
PO-2021-0042,2021-02-02,SUP003,Himalayan Herb Extracts,RM006,Brahmi Extract,Herbal Extracts,kg,40.5,1359.96,55078.38,12,6609.41,2013.4,63701.19,19,2021-02-21,2021-03-03,10,Delayed,45
PO-2021-0043,2021-02-03,SUP004,Girnar Ayur Ingredients,RM008,Turmeric Curcumin Extract (95%),Herbal Extracts,kg,64.5,2135.28,137725.56,12,16527.07,1484.99,155737.62,12,2021-02-15,2021-02-20,5,Delayed,45
PO-2021-0044,2021-02-04,SUP008,Malwa Print & Cartons,RM016,Printed Cartons (units),Packaging,units,11435.0,3.77,43109.95,18,7759.79,2238.31,53108.05,8,2021-02-12,2021-02-12,0,On-Time,15
PO-2021-0045,2021-02-05,SUP005,Chemico Excipients Ltd,RM011,Magnesium Stearate,Excipients,kg,65.0,234.44,15238.6,18,2742.95,1500.67,19482.22,14,2021-02-19,2021-02-19,0,On-Time,60
PO-2021-0046,2021-02-06,SUP001,Madhya Herbs Pvt Ltd,RM002,Tulsi Leaves (Dried),Raw Herbs,kg,437.3,214.32,93722.14,5,4686.11,3215.79,101624.04,16,2021-02-22,2021-02-22,0,On-Time,30
PO-2021-0047,2021-02-07,SUP002,Vindhya Botanicals,RM003,Amla Fruit (Dried),Raw Herbs,kg,337.4,235.7,79525.18,5,3976.26,2323.41,85824.85,17,2021-02-24,2021-02-25,1,Delayed,30
PO-2021-0048,2021-02-08,SUP006,Capsico Gelatin & Capsules,RM014,"Veg HPMC Capsules (Size 0, '000s)",Capsules,'000 units,24.0,659.09,15818.16,12,1898.18,1060.93,18777.27,15,2021-02-23,2021-02-23,0,On-Time,45
PO-2021-0049,2021-02-09,SUP007,Indore Packaging Solutions,RM015,HDPE Bottles 100ml (units),Packaging,units,11860.0,5.09,60367.4,18,10866.13,1038.25,72271.78,10,2021-02-19,2021-02-19,0,On-Time,15
PO-2021-0050,2021-02-09,SUP001,Madhya Herbs Pvt Ltd,RM004,Giloy Stem (Dried),Raw Herbs,kg,296.9,219.83,65267.53,5,3263.38,2301.69,70832.6,22,2021-03-03,2021-03-03,0,On-Time,30
PO-2021-0051,2021-02-10,SUP008,Malwa Print & Cartons,RM017,Product Labels (units),Packaging,units,18194.0,1.1,20013.4,18,3602.41,598.45,24214.26,6,2021-02-16,2021-02-16,0,On-Time,15
PO-2021-0052,2021-02-10,SUP006,Capsico Gelatin & Capsules,RM013,"Gelatin Capsules (Size 00, '000s)",Capsules,'000 units,49.0,386.6,18943.4,12,2273.21,1302.82,22519.43,14,2021-02-24,2021-02-28,4,Delayed,45
PO-2021-0053,2021-02-11,SUP007,Indore Packaging Solutions,RM018,Corrugated Shipping Boxes (units),Packaging,units,1943.0,26.55,51586.65,18,9285.6,2594.04,63466.29,8,2021-02-19,2021-02-19,0,On-Time,15
PO-2021-0054,2021-02-12,SUP005,Chemico Excipients Ltd,RM010,Microcrystalline Cellulose (MCC),Excipients,kg,270.6,132.17,35765.2,18,6437.74,3455.15,45658.09,12,2021-02-24,2021-02-23,-1,Early,60
PO-2021-0055,2021-02-14,SUP002,Vindhya Botanicals,RM001,Ashwagandha Root (Dried),Raw Herbs,kg,561.2,270.02,151535.22,5,7576.76,3585.27,162697.25,22,2021-03-08,2021-03-08,0,On-Time,30
PO-2021-0056,2021-02-14,SUP008,Malwa Print & Cartons,RM016,Printed Cartons (units),Packaging,units,11308.0,3.73,42178.84,18,7592.19,2102.47,51873.5,11,2021-02-25,2021-02-24,-1,Early,15
PO-2021-0057,2021-02-15,SUP005,Chemico Excipients Ltd,RM012,Maize Starch,Excipients,kg,200.1,97.29,19467.73,18,3504.19,2674.47,25646.39,12,2021-02-27,2021-02-27,0,On-Time,60
PO-2021-0058,2021-02-16,SUP003,Himalayan Herb Extracts,RM005,Ashwagandha Extract (5% Withanolides),Herbal Extracts,kg,89.9,1487.52,133728.05,12,16047.37,2533.84,152309.26,17,2021-03-05,2021-03-05,0,On-Time,45
PO-2021-0059,2021-02-16,SUP003,Himalayan Herb Extracts,RM009,Triphala Extract,Herbal Extracts,kg,42.0,1195.16,50196.72,12,6023.61,1977.89,58198.22,18,2021-03-06,2021-03-08,2,Delayed,45
PO-2021-0060,2021-02-17,SUP007,Indore Packaging Solutions,RM015,HDPE Bottles 100ml (units),Packaging,units,13619.0,5.09,69320.71,18,12477.73,1245.59,83044.03,6,2021-02-23,2021-02-23,0,On-Time,15
PO-2021-0061,2021-02-18,SUP008,Malwa Print & Cartons,RM017,Product Labels (units),Packaging,units,16272.0,1.09,17736.48,18,3192.57,541.78,21470.83,7,2021-02-25,2021-02-25,0,On-Time,15
PO-2021-0062,2021-02-18,SUP004,Girnar Ayur Ingredients,RM007,Shatavari Extract,Herbal Extracts,kg,34.6,1279.98,44287.31,12,5314.48,1297.0,50898.79,17,2021-03-07,2021-03-06,-1,Early,45
PO-2021-0063,2021-02-19,SUP001,Madhya Herbs Pvt Ltd,RM002,Tulsi Leaves (Dried),Raw Herbs,kg,422.3,220.85,93264.96,5,4663.25,2951.56,100879.77,19,2021-03-10,2021-03-08,-2,Early,30
PO-2021-0064,2021-02-19,SUP004,Girnar Ayur Ingredients,RM008,Turmeric Curcumin Extract (95%),Herbal Extracts,kg,61.8,2143.58,132473.24,12,15896.79,1575.05,149945.08,11,2021-03-02,2021-03-02,0,On-Time,45
PO-2021-0065,2021-02-21,SUP007,Indore Packaging Solutions,RM018,Corrugated Shipping Boxes (units),Packaging,units,1898.0,25.52,48436.96,18,8718.65,2698.79,59854.4,9,2021-03-02,2021-03-02,0,On-Time,15
PO-2021-0066,2021-02-22,SUP001,Madhya Herbs Pvt Ltd,RM004,Giloy Stem (Dried),Raw Herbs,kg,290.5,222.16,64537.48,5,3226.87,2400.5,70164.85,22,2021-03-16,2021-03-16,0,On-Time,30
PO-2021-0067,2021-02-22,SUP003,Himalayan Herb Extracts,RM006,Brahmi Extract,Herbal Extracts,kg,39.0,1303.53,50837.67,12,6100.52,2034.5,58972.69,20,2021-03-14,2021-03-14,0,On-Time,45
PO-2021-0068,2021-02-23,SUP005,Chemico Excipients Ltd,RM011,Magnesium Stearate,Excipients,kg,57.7,232.47,13413.52,18,2414.43,1468.01,17295.96,12,2021-03-07,2021-03-07,0,On-Time,60
PO-2021-0069,2021-02-23,SUP002,Vindhya Botanicals,RM003,Amla Fruit (Dried),Raw Herbs,kg,311.5,249.47,77709.9,5,3885.49,2361.92,83957.31,19,2021-03-14,2021-03-20,6,Delayed,30
PO-2021-0070,2021-02-24,SUP008,Malwa Print & Cartons,RM016,Printed Cartons (units),Packaging,units,11028.0,3.62,39921.36,18,7185.84,2004.29,49111.49,10,2021-03-06,2021-03-07,1,Delayed,15
PO-2021-0071,2021-02-24,SUP007,Indore Packaging Solutions,RM015,HDPE Bottles 100ml (units),Packaging,units,12852.0,5.0,64260.0,18,11566.8,1129.46,76956.26,9,2021-03-05,2021-03-05,0,On-Time,15
PO-2021-0072,2021-02-25,SUP006,Capsico Gelatin & Capsules,RM013,"Gelatin Capsules (Size 00, '000s)",Capsules,'000 units,58.0,376.73,21850.34,12,2622.04,1499.49,25971.87,16,2021-03-13,2021-03-13,0,On-Time,45
PO-2021-0073,2021-02-25,SUP006,Capsico Gelatin & Capsules,RM014,"Veg HPMC Capsules (Size 0, '000s)",Capsules,'000 units,24.0,634.25,15222.0,12,1826.64,1085.36,18134.0,17,2021-03-14,2021-03-14,0,On-Time,45
PO-2021-0074,2021-02-27,SUP008,Malwa Print & Cartons,RM017,Product Labels (units),Packaging,units,18520.0,1.11,20557.2,18,3700.3,619.4,24876.9,6,2021-03-05,2021-03-07,2,Delayed,15
PO-2021-0075,2021-02-28,SUP002,Vindhya Botanicals,RM001,Ashwagandha Root (Dried),Raw Herbs,kg,476.5,264.42,125996.13,5,6299.81,3142.31,135438.25,18,2021-03-18,2021-03-18,0,On-Time,30
PO-2021-0076,2021-03-01,SUP005,Chemico Excipients Ltd,RM012,Maize Starch,Excipients,kg,165.5,104.69,17326.19,18,3118.71,2495.09,22939.99,8,2021-03-09,2021-03-09,0,On-Time,60
PO-2021-0077,2021-03-02,SUP007,Indore Packaging Solutions,RM018,Corrugated Shipping Boxes (units),Packaging,units,1525.0,26.69,40702.25,18,7326.4,2057.61,50086.26,9,2021-03-11,2021-03-11,0,On-Time,15
PO-2021-0078,2021-03-03,SUP005,Chemico Excipients Ltd,RM010,Microcrystalline Cellulose (MCC),Excipients,kg,220.4,131.03,28879.01,18,5198.22,3122.37,37199.6,13,2021-03-16,2021-03-14,-2,Early,60
PO-2021-0079,2021-03-04,SUP001,Madhya Herbs Pvt Ltd,RM002,Tulsi Leaves (Dried),Raw Herbs,kg,350.7,217.4,76242.18,5,3812.11,2737.54,82791.83,22,2021-03-26,2021-03-25,-1,Early,30
PO-2021-0080,2021-03-05,SUP003,Himalayan Herb Extracts,RM005,Ashwagandha Extract (5% Withanolides),Herbal Extracts,kg,65.7,1457.01,95725.56,12,11487.07,2147.18,109359.81,21,2021-03-26,2021-03-26,0,On-Time,45
PO-2021-0081,2021-03-06,SUP008,Malwa Print & Cartons,RM016,Printed Cartons (units),Packaging,units,9530.0,3.65,34784.5,18,6261.21,1967.58,43013.29,9,2021-03-15,2021-03-15,0,On-Time,15
PO-2021-0082,2021-03-06,SUP007,Indore Packaging Solutions,RM015,HDPE Bottles 100ml (units),Packaging,units,9545.0,5.05,48202.25,18,8676.41,992.45,57871.11,6,2021-03-12,2021-03-12,0,On-Time,15
PO-2021-0083,2021-03-06,SUP003,Himalayan Herb Extracts,RM009,Triphala Extract,Herbal Extracts,kg,38.7,1199.35,46414.85,12,5569.78,1839.79,53824.42,22,2021-03-28,2021-03-28,0,On-Time,45
PO-2021-0084,2021-03-08,SUP008,Malwa Print & Cartons,RM017,Product Labels (units),Packaging,units,14026.0,1.04,14587.04,18,2625.67,560.48,17773.19,7,2021-03-15,2021-03-15,0,On-Time,15
PO-2021-0085,2021-03-08,SUP001,Madhya Herbs Pvt Ltd,RM004,Giloy Stem (Dried),Raw Herbs,kg,286.7,226.96,65069.43,5,3253.47,2046.93,70369.83,24,2021-04-01,2021-03-30,-2,Early,30
PO-2021-0086,2021-03-09,SUP002,Vindhya Botanicals,RM003,Amla Fruit (Dried),Raw Herbs,kg,240.4,243.28,58484.51,5,2924.23,2078.29,63487.03,25,2021-04-03,2021-04-03,0,On-Time,30
PO-2021-0087,2021-03-09,SUP004,Girnar Ayur Ingredients,RM008,Turmeric Curcumin Extract (95%),Herbal Extracts,kg,51.1,2132.01,108945.71,12,13073.49,1349.6,123368.8,17,2021-03-26,2021-03-26,0,On-Time,45
PO-2021-0088,2021-03-10,SUP004,Girnar Ayur Ingredients,RM007,Shatavari Extract,Herbal Extracts,kg,34.5,1219.82,42083.79,12,5050.05,1273.61,48407.45,17,2021-03-27,2021-03-27,0,On-Time,45
PO-2021-0089,2021-03-10,SUP003,Himalayan Herb Extracts,RM006,Brahmi Extract,Herbal Extracts,kg,33.8,1301.59,43993.74,12,5279.25,1892.5,51165.49,19,2021-03-29,2021-04-15,17,Delayed,45
PO-2021-0090,2021-03-11,SUP006,Capsico Gelatin & Capsules,RM014,"Veg HPMC Capsules (Size 0, '000s)",Capsules,'000 units,23.0,657.52,15122.96,12,1814.76,1196.11,18133.83,18,2021-03-29,2021-03-29,0,On-Time,45
PO-2021-0091,2021-03-12,SUP006,Capsico Gelatin & Capsules,RM013,"Gelatin Capsules (Size 00, '000s)",Capsules,'000 units,43.0,365.88,15732.84,12,1887.94,1188.45,18809.23,15,2021-03-27,2021-03-27,0,On-Time,45
PO-2021-0092,2021-03-12,SUP001,Madhya Herbs Pvt Ltd,RM001,Ashwagandha Root (Dried),Raw Herbs,kg,440.6,282.4,124425.44,5,6221.27,3283.09,133929.8,23,2021-04-04,2021-04-04,0,On-Time,30
PO-2021-0093,2021-03-12,SUP005,Chemico Excipients Ltd,RM011,Magnesium Stearate,Excipients,kg,51.0,233.71,11919.21,18,2145.46,1337.63,15402.3,11,2021-03-23,2021-03-23,0,On-Time,60
PO-2021-0094,2021-03-14,SUP007,Indore Packaging Solutions,RM018,Corrugated Shipping Boxes (units),Packaging,units,1587.0,25.21,40008.27,18,7201.49,2410.55,49620.31,9,2021-03-23,2021-03-23,0,On-Time,15
PO-2021-0095,2021-03-15,SUP007,Indore Packaging Solutions,RM015,HDPE Bottles 100ml (units),Packaging,units,9974.0,4.94,49271.56,18,8868.88,950.21,59090.65,6,2021-03-21,2021-03-21,0,On-Time,15
PO-2021-0096,2021-03-16,SUP008,Malwa Print & Cartons,RM016,Printed Cartons (units),Packaging,units,9198.0,3.72,34216.56,18,6158.98,1745.15,42120.69,9,2021-03-25,2021-03-27,2,Delayed,15
PO-2021-0097,2021-03-19,SUP008,Malwa Print & Cartons,RM017,Product Labels (units),Packaging,units,13616.0,1.09,14841.44,18,2671.46,545.5,18058.4,7,2021-03-26,2021-03-26,0,On-Time,15
PO-2021-0098,2021-03-20,SUP001,Madhya Herbs Pvt Ltd,RM002,Tulsi Leaves (Dried),Raw Herbs,kg,416.7,211.08,87957.04,5,4397.85,3001.96,95356.85,21,2021-04-10,2021-04-10,0,On-Time,30
PO-2021-0099,2021-03-21,SUP005,Chemico Excipients Ltd,RM012,Maize Starch,Excipients,kg,161.6,103.39,16707.82,18,3007.41,2228.07,21943.3,11,2021-04-01,2021-04-01,0,On-Time,60
PO-2021-0100,2021-03-24,SUP005,Chemico Excipients Ltd,RM010,Microcrystalline Cellulose (MCC),Excipients,kg,209.7,127.41,26717.88,18,4809.22,2707.61,34234.71,11,2021-04-04,2021-04-04,0,On-Time,60
PO-2021-0101,2021-03-25,SUP007,Indore Packaging Solutions,RM015,HDPE Bottles 100ml (units),Packaging,units,10798.0,4.8,51830.4,18,9329.47,962.66,62122.53,7,2021-04-01,2021-04-01,0,On-Time,15
PO-2021-0102,2021-03-26,SUP001,Madhya Herbs Pvt Ltd,RM004,Giloy Stem (Dried),Raw Herbs,kg,279.4,230.13,64298.32,5,3214.92,2058.14,69571.38,27,2021-04-22,2021-04-21,-1,Early,30
PO-2021-0103,2021-03-26,SUP007,Indore Packaging Solutions,RM018,Corrugated Shipping Boxes (units),Packaging,units,1617.0,26.81,43351.77,18,7803.32,2146.92,53302.01,10,2021-04-05,2021-04-05,0,On-Time,15
PO-2021-0104,2021-03-27,SUP001,Madhya Herbs Pvt Ltd,RM001,Ashwagandha Root (Dried),Raw Herbs,kg,432.8,264.29,114384.71,5,5719.24,3001.65,123105.6,25,2021-04-21,2021-04-21,0,On-Time,30
PO-2021-0105,2021-03-28,SUP008,Malwa Print & Cartons,RM016,Printed Cartons (units),Packaging,units,9025.0,3.59,32399.75,18,5831.95,1775.04,40006.74,10,2021-04-07,2021-04-07,0,On-Time,15
PO-2021-0106,2021-03-28,SUP002,Vindhya Botanicals,RM003,Amla Fruit (Dried),Raw Herbs,kg,257.0,244.13,62741.41,5,3137.07,2040.34,67918.82,23,2021-04-20,2021-04-20,0,On-Time,30
PO-2021-0107,2021-03-28,SUP004,Girnar Ayur Ingredients,RM005,Ashwagandha Extract (5% Withanolides),Herbal Extracts,kg,68.9,1464.07,100874.42,12,12104.93,1533.91,114513.26,19,2021-04-16,2021-04-16,0,On-Time,45
PO-2021-0108,2021-03-28,SUP006,Capsico Gelatin & Capsules,RM014,"Veg HPMC Capsules (Size 0, '000s)",Capsules,'000 units,23.0,638.01,14674.23,12,1760.91,1088.39,17523.53,18,2021-04-15,2021-04-15,0,On-Time,45
PO-2021-0109,2021-03-28,SUP006,Capsico Gelatin & Capsules,RM013,"Gelatin Capsules (Size 00, '000s)",Capsules,'000 units,48.0,388.21,18634.08,12,2236.09,1377.46,22247.63,16,2021-04-13,2021-04-13,0,On-Time,45
PO-2021-0110,2021-03-29,SUP003,Himalayan Herb Extracts,RM009,Triphala Extract,Herbal Extracts,kg,39.8,1234.04,49114.79,12,5893.77,2051.41,57059.97,21,2021-04-19,2021-04-22,3,Delayed,45
PO-2021-0111,2021-03-29,SUP008,Malwa Print & Cartons,RM017,Product Labels (units),Packaging,units,13943.0,1.07,14919.01,18,2685.42,525.81,18130.24,8,2021-04-06,2021-04-06,0,On-Time,15
PO-2021-0112,2021-03-30,SUP004,Girnar Ayur Ingredients,RM008,Turmeric Curcumin Extract (95%),Herbal Extracts,kg,50.6,2233.59,113019.65,12,13562.36,1435.42,128017.43,17,2021-04-16,2021-04-16,0,On-Time,45
PO-2021-0113,2021-03-30,SUP004,Girnar Ayur Ingredients,RM007,Shatavari Extract,Herbal Extracts,kg,34.9,1201.65,41937.58,12,5032.51,1141.86,48111.95,17,2021-04-16,2021-04-16,0,On-Time,45
PO-2021-0114,2021-04-01,SUP003,Himalayan Herb Extracts,RM006,Brahmi Extract,Herbal Extracts,kg,31.8,1300.24,41347.63,12,4961.72,1698.58,48007.93,22,2021-04-23,2021-04-23,0,On-Time,45
PO-2021-0115,2021-04-05,SUP007,Indore Packaging Solutions,RM015,HDPE Bottles 100ml (units),Packaging,units,9302.0,4.87,45300.74,18,8154.13,866.31,54321.18,7,2021-04-12,2021-04-12,0,On-Time,15
PO-2021-0116,2021-04-05,SUP001,Madhya Herbs Pvt Ltd,RM002,Tulsi Leaves (Dried),Raw Herbs,kg,360.7,221.16,79772.41,5,3988.62,2799.76,86560.79,21,2021-04-26,2021-04-26,0,On-Time,30
PO-2021-0117,2021-04-06,SUP005,Chemico Excipients Ltd,RM011,Magnesium Stearate,Excipients,kg,46.4,221.23,10265.07,18,1847.71,1284.13,13396.91,14,2021-04-20,2021-04-20,0,On-Time,60
PO-2021-0118,2021-04-07,SUP005,Chemico Excipients Ltd,RM012,Maize Starch,Excipients,kg,132.1,98.07,12955.05,18,2331.91,2046.11,17333.07,9,2021-04-16,2021-04-16,0,On-Time,60
PO-2021-0119,2021-04-07,SUP007,Indore Packaging Solutions,RM018,Corrugated Shipping Boxes (units),Packaging,units,1294.0,26.35,34096.9,18,6137.44,1791.58,42025.92,9,2021-04-16,2021-04-16,0,On-Time,15
PO-2021-0120,2021-04-08,SUP008,Malwa Print & Cartons,RM016,Printed Cartons (units),Packaging,units,8201.0,3.69,30261.69,18,5447.1,1688.28,37397.07,10,2021-04-18,2021-04-20,2,Delayed,15
PO-2021-0121,2021-04-08,SUP008,Malwa Print & Cartons,RM017,Product Labels (units),Packaging,units,13199.0,1.08,14254.92,18,2565.89,490.56,17311.37,7,2021-04-15,2021-04-15,0,On-Time,15
PO-2021-0122,2021-04-11,SUP001,Madhya Herbs Pvt Ltd,RM001,Ashwagandha Root (Dried),Raw Herbs,kg,344.9,281.71,97161.78,5,4858.09,2722.98,104742.85,27,2021-05-08,2021-05-08,0,On-Time,30
PO-2021-0123,2021-04-12,SUP005,Chemico Excipients Ltd,RM010,Microcrystalline Cellulose (MCC),Excipients,kg,168.2,126.83,21332.81,18,3839.91,2304.44,27477.16,12,2021-04-24,2021-04-24,0,On-Time,60
PO-2021-0124,2021-04-13,SUP001,Madhya Herbs Pvt Ltd,RM004,Giloy Stem (Dried),Raw Herbs,kg,217.4,224.35,48773.69,5,2438.68,1916.12,53128.49,27,2021-05-10,2021-05-08,-2,Early,30
PO-2021-0125,2021-04-14,SUP002,Vindhya Botanicals,RM003,Amla Fruit (Dried),Raw Herbs,kg,209.2,250.97,52502.92,5,2625.15,1806.95,56935.02,23,2021-05-07,2021-05-07,0,On-Time,30
PO-2021-0126,2021-04-15,SUP006,Capsico Gelatin & Capsules,RM014,"Veg HPMC Capsules (Size 0, '000s)",Capsules,'000 units,17.0,632.36,10750.12,12,1290.01,1047.92,13088.05,16,2021-05-01,2021-05-01,0,On-Time,45
PO-2021-0127,2021-04-16,SUP007,Indore Packaging Solutions,RM015,HDPE Bottles 100ml (units),Packaging,units,8331.0,5.04,41988.24,18,7557.88,900.14,50446.26,7,2021-04-23,2021-04-23,0,On-Time,15
PO-2021-0128,2021-04-16,SUP006,Capsico Gelatin & Capsules,RM013,"Gelatin Capsules (Size 00, '000s)",Capsules,'000 units,39.0,389.6,15194.4,12,1823.33,1336.13,18353.86,14,2021-04-30,2021-04-30,0,On-Time,45
PO-2021-0129,2021-04-17,SUP003,Himalayan Herb Extracts,RM009,Triphala Extract,Herbal Extracts,kg,33.7,1148.15,38692.66,12,4643.12,1762.9,45098.68,20,2021-05-07,2021-05-07,0,On-Time,45
PO-2021-0130,2021-04-17,SUP004,Girnar Ayur Ingredients,RM008,Turmeric Curcumin Extract (95%),Herbal Extracts,kg,42.2,2152.66,90842.25,12,10901.07,1296.73,103040.05,17,2021-05-04,2021-05-02,-2,Early,45
PO-2021-0131,2021-04-19,SUP008,Malwa Print & Cartons,RM017,Product Labels (units),Packaging,units,12016.0,1.06,12736.96,18,2292.65,551.35,15580.96,8,2021-04-27,2021-04-27,0,On-Time,15
PO-2021-0132,2021-04-19,SUP003,Himalayan Herb Extracts,RM005,Ashwagandha Extract (5% Withanolides),Herbal Extracts,kg,55.9,1441.33,80570.35,12,9668.44,2106.49,92345.28,19,2021-05-08,2021-05-08,0,On-Time,45
PO-2021-0133,2021-04-20,SUP008,Malwa Print & Cartons,RM016,Printed Cartons (units),Packaging,units,8468.0,3.76,31839.68,18,5731.14,1780.98,39351.8,9,2021-04-29,2021-04-29,0,On-Time,15
PO-2021-0134,2021-04-22,SUP004,Girnar Ayur Ingredients,RM007,Shatavari Extract,Herbal Extracts,kg,29.1,1213.37,35309.07,12,4237.09,1171.02,40717.18,19,2021-05-11,2021-05-11,0,On-Time,45
PO-2021-0135,2021-04-22,SUP002,Vindhya Botanicals,RM002,Tulsi Leaves (Dried),Raw Herbs,kg,350.5,212.94,74635.47,5,3731.77,2617.06,80984.3,24,2021-05-16,2021-05-16,0,On-Time,30
PO-2021-0136,2021-04-23,SUP007,Indore Packaging Solutions,RM018,Corrugated Shipping Boxes (units),Packaging,units,1258.0,25.28,31802.24,18,5724.4,1927.07,39453.71,7,2021-04-30,2021-04-30,0,On-Time,15
PO-2021-0137,2021-04-27,SUP001,Madhya Herbs Pvt Ltd,RM001,Ashwagandha Root (Dried),Raw Herbs,kg,347.6,274.97,95579.57,5,4778.98,2579.56,102938.11,26,2021-05-23,2021-05-23,0,On-Time,30
PO-2021-0138,2021-04-29,SUP007,Indore Packaging Solutions,RM015,HDPE Bottles 100ml (units),Packaging,units,9696.0,4.95,47995.2,18,8639.14,950.66,57585.0,9,2021-05-08,2021-05-08,0,On-Time,15
PO-2021-0139,2021-04-29,SUP005,Chemico Excipients Ltd,RM012,Maize Starch,Excipients,kg,145.8,103.45,15083.01,18,2714.94,2205.09,20003.04,12,2021-05-11,2021-05-11,0,On-Time,60
PO-2021-0140,2021-04-30,SUP003,Himalayan Herb Extracts,RM006,Brahmi Extract,Herbal Extracts,kg,28.7,1340.99,38486.41,12,4618.37,1885.81,44990.59,19,2021-05-19,2021-05-30,11,Delayed,45
PO-2021-0141,2021-05-02,SUP008,Malwa Print & Cartons,RM017,Product Labels (units),Packaging,units,12521.0,1.08,13522.68,18,2434.08,546.64,16503.4,7,2021-05-09,2021-05-09,0,On-Time,15
PO-2021-0142,2021-05-02,SUP001,Madhya Herbs Pvt Ltd,RM004,Giloy Stem (Dried),Raw Herbs,kg,211.7,231.19,48942.92,5,2447.15,1787.55,53177.62,26,2021-05-28,2021-05-28,0,On-Time,30
PO-2021-0143,2021-05-03,SUP008,Malwa Print & Cartons,RM016,Printed Cartons (units),Packaging,units,8949.0,3.81,34095.69,18,6137.22,1639.18,41872.09,8,2021-05-11,2021-05-11,0,On-Time,15
PO-2021-0144,2021-05-03,SUP002,Vindhya Botanicals,RM003,Amla Fruit (Dried),Raw Herbs,kg,209.7,234.13,49097.06,5,2454.85,1651.78,53203.69,25,2021-05-28,2021-06-05,8,Delayed,30
PO-2021-0145,2021-05-05,SUP005,Chemico Excipients Ltd,RM010,Microcrystalline Cellulose (MCC),Excipients,kg,180.7,134.28,24264.4,18,4367.59,2429.26,31061.25,11,2021-05-16,2021-05-16,0,On-Time,60
PO-2021-0146,2021-05-05,SUP006,Capsico Gelatin & Capsules,RM014,"Veg HPMC Capsules (Size 0, '000s)",Capsules,'000 units,19.0,660.68,12552.92,12,1506.35,1095.19,15154.46,15,2021-05-20,2021-05-19,-1,Early,45
PO-2021-0147,2021-05-06,SUP005,Chemico Excipients Ltd,RM011,Magnesium Stearate,Excipients,kg,48.9,226.46,11073.89,18,1993.3,1406.79,14473.98,11,2021-05-17,2021-05-17,0,On-Time,60
PO-2021-0148,2021-05-07,SUP007,Indore Packaging Solutions,RM018,Corrugated Shipping Boxes (units),Packaging,units,1472.0,26.15,38492.8,18,6928.7,2041.24,47462.74,7,2021-05-14,2021-05-14,0,On-Time,15
PO-2021-0149,2021-05-09,SUP001,Madhya Herbs Pvt Ltd,RM002,Tulsi Leaves (Dried),Raw Herbs,kg,305.5,218.28,66684.54,5,3334.23,2457.61,72476.38,21,2021-05-30,2021-05-30,0,On-Time,30
PO-2021-0150,2021-05-10,SUP007,Indore Packaging Solutions,RM015,HDPE Bottles 100ml (units),Packaging,units,8985.0,4.84,43487.4,18,7827.73,866.6,52181.73,7,2021-05-17,2021-05-17,0,On-Time,15
PO-2021-0151,2021-05-10,SUP006,Capsico Gelatin & Capsules,RM013,"Gelatin Capsules (Size 00, '000s)",Capsules,'000 units,38.0,390.2,14827.6,12,1779.31,1256.46,17863.37,14,2021-05-24,2021-05-22,-2,Early,45
PO-2021-0152,2021-05-11,SUP003,Himalayan Herb Extracts,RM009,Triphala Extract,Herbal Extracts,kg,32.2,1207.98,38896.96,12,4667.64,1797.44,45362.04,19,2021-05-30,2021-05-30,0,On-Time,45
PO-2021-0153,2021-05-13,SUP008,Malwa Print & Cartons,RM017,Product Labels (units),Packaging,units,11822.0,1.1,13004.2,18,2340.76,494.08,15839.04,8,2021-05-21,2021-05-23,2,Delayed,15
PO-2021-0154,2021-05-13,SUP003,Himalayan Herb Extracts,RM005,Ashwagandha Extract (5% Withanolides),Herbal Extracts,kg,60.6,1460.59,88511.75,12,10621.41,2064.95,101198.11,19,2021-06-01,2021-06-01,0,On-Time,45
PO-2021-0155,2021-05-14,SUP004,Girnar Ayur Ingredients,RM008,Turmeric Curcumin Extract (95%),Herbal Extracts,kg,46.1,2235.17,103041.34,12,12364.96,1402.9,116809.2,17,2021-05-31,2021-06-01,1,Delayed,45
PO-2021-0156,2021-05-16,SUP001,Madhya Herbs Pvt Ltd,RM001,Ashwagandha Root (Dried),Raw Herbs,kg,348.7,273.69,95435.7,5,4771.78,2545.72,102753.2,24,2021-06-09,2021-06-09,0,On-Time,30
PO-2021-0157,2021-05-17,SUP008,Malwa Print & Cartons,RM016,Printed Cartons (units),Packaging,units,7960.0,3.79,30168.4,18,5430.31,1627.27,37225.98,8,2021-05-25,2021-05-25,0,On-Time,15
PO-2021-0158,2021-05-20,SUP007,Indore Packaging Solutions,RM015,HDPE Bottles 100ml (units),Packaging,units,8229.0,5.2,42790.8,18,7702.34,794.99,51288.13,9,2021-05-29,2021-05-29,0,On-Time,15
PO-2021-0159,2021-05-20,SUP005,Chemico Excipients Ltd,RM012,Maize Starch,Excipients,kg,133.8,99.0,13246.2,18,2384.32,2105.72,17736.24,10,2021-05-30,2021-05-30,0,On-Time,60
PO-2021-0160,2021-05-21,SUP002,Vindhya Botanicals,RM003,Amla Fruit (Dried),Raw Herbs,kg,206.2,245.51,50624.16,5,2531.21,1832.79,54988.16,23,2021-06-13,2021-06-13,0,On-Time,30
PO-2021-0161,2021-05-21,SUP007,Indore Packaging Solutions,RM018,Corrugated Shipping Boxes (units),Packaging,units,1225.0,25.35,31053.75,18,5589.68,1771.22,38414.65,9,2021-05-30,2021-05-30,0,On-Time,15
PO-2021-0162,2021-05-22,SUP004,Girnar Ayur Ingredients,RM007,Shatavari Extract,Herbal Extracts,kg,26.1,1285.04,33539.54,12,4024.74,1113.81,38678.09,20,2021-06-11,2021-06-09,-2,Early,45
PO-2021-0163,2021-05-23,SUP001,Madhya Herbs Pvt Ltd,RM004,Giloy Stem (Dried),Raw Herbs,kg,210.4,221.76,46658.3,5,2332.91,1914.48,50905.69,25,2021-06-17,2021-06-17,0,On-Time,30
PO-2021-0164,2021-05-23,SUP003,Himalayan Herb Extracts,RM006,Brahmi Extract,Herbal Extracts,kg,28.8,1312.31,37794.53,12,4535.34,1761.1,44090.97,21,2021-06-13,2021-06-13,0,On-Time,45
PO-2021-0165,2021-05-26,SUP006,Capsico Gelatin & Capsules,RM014,"Veg HPMC Capsules (Size 0, '000s)",Capsules,'000 units,18.0,619.28,11147.04,12,1337.64,1151.8,13636.48,17,2021-06-12,2021-06-12,0,On-Time,45
PO-2021-0166,2021-05-26,SUP001,Madhya Herbs Pvt Ltd,RM002,Tulsi Leaves (Dried),Raw Herbs,kg,328.3,216.49,71073.67,5,3553.68,2330.09,76957.44,23,2021-06-18,2021-06-18,0,On-Time,30
PO-2021-0167,2021-05-26,SUP008,Malwa Print & Cartons,RM017,Product Labels (units),Packaging,units,12523.0,1.05,13149.15,18,2366.85,481.21,15997.21,8,2021-06-03,2021-06-01,-2,Early,15
PO-2021-0168,2021-05-28,SUP006,Capsico Gelatin & Capsules,RM013,"Gelatin Capsules (Size 00, '000s)",Capsules,'000 units,40.0,380.73,15229.2,12,1827.5,1236.92,18293.62,15,2021-06-12,2021-06-12,0,On-Time,45
PO-2021-0169,2021-05-29,SUP005,Chemico Excipients Ltd,RM011,Magnesium Stearate,Excipients,kg,43.9,234.13,10278.31,18,1850.1,1253.5,13381.91,11,2021-06-09,2021-06-09,0,On-Time,60
PO-2021-0170,2021-06-01,SUP005,Chemico Excipients Ltd,RM010,Microcrystalline Cellulose (MCC),Excipients,kg,198.0,131.43,26023.14,18,4684.17,2656.21,33363.52,12,2021-06-13,2021-06-12,-1,Early,60
PO-2021-0171,2021-06-01,SUP008,Malwa Print & Cartons,RM016,Printed Cartons (units),Packaging,units,8775.0,3.71,32555.25,18,5859.94,1701.0,40116.19,8,2021-06-09,2021-06-12,3,Delayed,15
PO-2021-0172,2021-06-02,SUP007,Indore Packaging Solutions,RM015,HDPE Bottles 100ml (units),Packaging,units,9505.0,5.09,48380.45,18,8708.48,880.97,57969.9,9,2021-06-11,2021-06-11,0,On-Time,15
PO-2021-0173,2021-06-03,SUP007,Indore Packaging Solutions,RM018,Corrugated Shipping Boxes (units),Packaging,units,1460.0,25.52,37259.2,18,6706.66,2207.2,46173.06,9,2021-06-12,2021-06-13,1,Delayed,15
PO-2021-0174,2021-06-04,SUP001,Madhya Herbs Pvt Ltd,RM001,Ashwagandha Root (Dried),Raw Herbs,kg,390.7,269.72,105379.6,5,5268.98,3024.16,113672.74,35,2021-07-09,2021-07-09,0,On-Time,30
PO-2021-0175,2021-06-06,SUP008,Malwa Print & Cartons,RM017,Product Labels (units),Packaging,units,13030.0,1.1,14333.0,18,2579.94,558.46,17471.4,8,2021-06-14,2021-06-16,2,Delayed,15
PO-2021-0176,2021-06-06,SUP004,Girnar Ayur Ingredients,RM005,Ashwagandha Extract (5% Withanolides),Herbal Extracts,kg,56.9,1426.57,81171.83,12,9740.62,1464.51,92376.96,28,2021-07-04,2021-07-04,0,On-Time,45
PO-2021-0177,2021-06-07,SUP004,Girnar Ayur Ingredients,RM008,Turmeric Curcumin Extract (95%),Herbal Extracts,kg,47.2,2183.63,103067.34,12,12368.08,1307.23,116742.65,26,2021-07-03,2021-07-03,0,On-Time,45
PO-2021-0178,2021-06-09,SUP003,Himalayan Herb Extracts,RM009,Triphala Extract,Herbal Extracts,kg,31.3,1151.25,36034.12,12,4324.09,1730.02,42088.23,22,2021-07-01,2021-07-01,0,On-Time,45
PO-2021-0179,2021-06-10,SUP001,Madhya Herbs Pvt Ltd,RM004,Giloy Stem (Dried),Raw Herbs,kg,228.8,236.14,54028.83,5,2701.44,1830.08,58560.35,32,2021-07-12,2021-07-12,0,On-Time,30
PO-2021-0180,2021-06-10,SUP001,Madhya Herbs Pvt Ltd,RM002,Tulsi Leaves (Dried),Raw Herbs,kg,332.9,208.37,69366.37,5,3468.32,2345.65,75180.34,29,2021-07-09,2021-07-07,-2,Early,30
PO-2021-0181,2021-06-11,SUP002,Vindhya Botanicals,RM003,Amla Fruit (Dried),Raw Herbs,kg,215.0,237.66,51096.9,5,2554.84,1702.26,55354.0,32,2021-07-13,2021-07-13,0,On-Time,30
PO-2021-0182,2021-06-13,SUP008,Malwa Print & Cartons,RM016,Printed Cartons (units),Packaging,units,8732.0,3.71,32395.72,18,5831.23,1820.29,40047.24,9,2021-06-22,2021-06-22,0,On-Time,15
PO-2021-0183,2021-06-14,SUP007,Indore Packaging Solutions,RM015,HDPE Bottles 100ml (units),Packaging,units,9622.0,4.98,47917.56,18,8625.16,902.84,57445.56,8,2021-06-22,2021-06-22,0,On-Time,15
PO-2021-0184,2021-06-14,SUP005,Chemico Excipients Ltd,RM012,Maize Starch,Excipients,kg,129.2,101.44,13106.05,18,2359.09,2013.99,17479.13,11,2021-06-25,2021-06-25,0,On-Time,60
PO-2021-0185,2021-06-16,SUP004,Girnar Ayur Ingredients,RM007,Shatavari Extract,Herbal Extracts,kg,25.3,1249.71,31617.66,12,3794.12,1081.33,36493.11,19,2021-07-05,2021-07-05,0,On-Time,45
PO-2021-0186,2021-06-16,SUP003,Himalayan Herb Extracts,RM006,Brahmi Extract,Herbal Extracts,kg,30.6,1342.49,41080.19,12,4929.62,1817.97,47827.78,19,2021-07-05,2021-07-05,0,On-Time,45
PO-2021-0187,2021-06-16,SUP006,Capsico Gelatin & Capsules,RM013,"Gelatin Capsules (Size 00, '000s)",Capsules,'000 units,40.0,370.54,14821.6,12,1778.59,1285.92,17886.11,16,2021-07-02,2021-07-02,0,On-Time,45
PO-2021-0188,2021-06-18,SUP007,Indore Packaging Solutions,RM018,Corrugated Shipping Boxes (units),Packaging,units,1477.0,26.84,39642.68,18,7135.68,2030.51,48808.87,7,2021-06-25,2021-06-25,0,On-Time,15
PO-2021-0189,2021-06-18,SUP008,Malwa Print & Cartons,RM017,Product Labels (units),Packaging,units,11787.0,1.09,12847.83,18,2312.61,479.8,15640.24,9,2021-06-27,2021-06-27,0,On-Time,15
PO-2021-0190,2021-06-19,SUP006,Capsico Gelatin & Capsules,RM014,"Veg HPMC Capsules (Size 0, '000s)",Capsules,'000 units,17.0,626.41,10648.97,12,1277.88,1127.01,13053.86,18,2021-07-07,2021-07-06,-1,Early,45
PO-2021-0191,2021-06-22,SUP001,Madhya Herbs Pvt Ltd,RM001,Ashwagandha Root (Dried),Raw Herbs,kg,388.2,280.85,109025.97,5,5451.3,2821.85,117299.12,34,2021-07-26,2021-07-26,0,On-Time,30
PO-2021-0192,2021-06-25,SUP005,Chemico Excipients Ltd,RM010,Microcrystalline Cellulose (MCC),Excipients,kg,194.7,132.69,25834.74,18,4650.25,2623.76,33108.75,11,2021-07-06,2021-07-06,0,On-Time,60
PO-2021-0193,2021-06-25,SUP001,Madhya Herbs Pvt Ltd,RM002,Tulsi Leaves (Dried),Raw Herbs,kg,362.9,206.1,74793.69,5,3739.68,2726.27,81259.64,31,2021-07-26,2021-07-26,0,On-Time,30
PO-2021-0194,2021-06-26,SUP007,Indore Packaging Solutions,RM015,HDPE Bottles 100ml (units),Packaging,units,9547.0,4.89,46684.83,18,8403.27,892.85,55980.95,8,2021-07-04,2021-07-04,0,On-Time,15
PO-2021-0195,2021-06-27,SUP008,Malwa Print & Cartons,RM016,Printed Cartons (units),Packaging,units,8679.0,3.64,31591.56,18,5686.48,1754.35,39032.39,11,2021-07-08,2021-07-07,-1,Early,15
PO-2021-0196,2021-06-29,SUP005,Chemico Excipients Ltd,RM011,Magnesium Stearate,Excipients,kg,44.2,219.56,9704.55,18,1746.82,1375.57,12826.94,13,2021-07-12,2021-07-12,0,On-Time,60
PO-2021-0197,2021-06-29,SUP008,Malwa Print & Cartons,RM017,Product Labels (units),Packaging,units,12875.0,1.11,14291.25,18,2572.43,516.16,17379.84,8,2021-07-07,2021-07-07,0,On-Time,15
PO-2021-0198,2021-07-01,SUP007,Indore Packaging Solutions,RM018,Corrugated Shipping Boxes (units),Packaging,units,1569.0,26.65,41813.85,18,7526.49,2093.32,51433.66,9,2021-07-10,2021-07-10,0,On-Time,15
PO-2021-0199,2021-07-02,SUP001,Madhya Herbs Pvt Ltd,RM004,Giloy Stem (Dried),Raw Herbs,kg,286.7,227.98,65361.87,5,3268.09,2391.22,71021.18,34,2021-08-05,2021-08-05,0,On-Time,30
PO-2021-0200,2021-07-02,SUP004,Girnar Ayur Ingredients,RM008,Turmeric Curcumin Extract (95%),Herbal Extracts,kg,48.0,2284.88,109674.24,12,13160.91,1402.85,124238.0,26,2021-07-28,2021-07-28,0,On-Time,45
PO-2021-0201,2021-07-02,SUP003,Himalayan Herb Extracts,RM005,Ashwagandha Extract (5% Withanolides),Herbal Extracts,kg,71.9,1424.56,102425.86,12,12291.1,2526.86,117243.82,26,2021-07-28,2021-07-28,0,On-Time,45
PO-2021-0202,2021-07-03,SUP003,Himalayan Herb Extracts,RM009,Triphala Extract,Herbal Extracts,kg,37.9,1189.77,45092.28,12,5411.07,1764.0,52267.35,21,2021-07-24,2021-07-24,0,On-Time,45
PO-2021-0203,2021-07-04,SUP002,Vindhya Botanicals,RM003,Amla Fruit (Dried),Raw Herbs,kg,287.4,249.67,71755.16,5,3587.76,2137.47,77480.39,32,2021-08-05,2021-08-05,0,On-Time,30
PO-2021-0204,2021-07-07,SUP005,Chemico Excipients Ltd,RM012,Maize Starch,Excipients,kg,144.1,99.89,14394.15,18,2590.95,2224.27,19209.37,10,2021-07-17,2021-07-17,0,On-Time,60
PO-2021-0205,2021-07-08,SUP007,Indore Packaging Solutions,RM015,HDPE Bottles 100ml (units),Packaging,units,10633.0,4.91,52208.03,18,9397.45,1015.06,62620.54,10,2021-07-18,2021-07-18,0,On-Time,15
PO-2021-0206,2021-07-09,SUP006,Capsico Gelatin & Capsules,RM013,"Gelatin Capsules (Size 00, '000s)",Capsules,'000 units,48.0,377.63,18126.24,12,2175.15,1288.14,21589.53,16,2021-07-25,2021-07-25,0,On-Time,45
PO-2021-0207,2021-07-09,SUP008,Malwa Print & Cartons,RM016,Printed Cartons (units),Packaging,units,8812.0,3.77,33221.24,18,5979.82,1720.09,40921.15,9,2021-07-18,2021-07-18,0,On-Time,15
PO-2021-0208,2021-07-11,SUP004,Girnar Ayur Ingredients,RM007,Shatavari Extract,Herbal Extracts,kg,31.3,1277.6,39988.88,12,4798.67,1225.64,46013.19,16,2021-07-27,2021-07-27,0,On-Time,45
PO-2021-0209,2021-07-11,SUP001,Madhya Herbs Pvt Ltd,RM001,Ashwagandha Root (Dried),Raw Herbs,kg,476.2,266.11,126721.58,5,6336.08,3373.78,136431.44,31,2021-08-11,2021-08-10,-1,Early,30
PO-2021-0210,2021-07-11,SUP008,Malwa Print & Cartons,RM017,Product Labels (units),Packaging,units,13630.0,1.03,14038.9,18,2527.0,527.23,17093.13,6,2021-07-17,2021-07-19,2,Delayed,15
PO-2021-0211,2021-07-12,SUP002,Vindhya Botanicals,RM002,Tulsi Leaves (Dried),Raw Herbs,kg,393.5,221.67,87227.14,5,4361.36,3045.89,94634.39,28,2021-08-09,2021-08-09,0,On-Time,30
PO-2021-0212,2021-07-14,SUP007,Indore Packaging Solutions,RM018,Corrugated Shipping Boxes (units),Packaging,units,1474.0,25.54,37645.96,18,6776.27,1981.58,46403.81,10,2021-07-24,2021-07-24,0,On-Time,15
PO-2021-0213,2021-07-14,SUP003,Himalayan Herb Extracts,RM006,Brahmi Extract,Herbal Extracts,kg,33.0,1350.8,44576.4,12,5349.17,1865.55,51791.12,19,2021-08-02,2021-08-14,12,Delayed,45
PO-2021-0214,2021-07-15,SUP006,Capsico Gelatin & Capsules,RM014,"Veg HPMC Capsules (Size 0, '000s)",Capsules,'000 units,23.0,634.77,14599.71,12,1751.97,1032.48,17384.16,17,2021-08-01,2021-08-01,0,On-Time,45
PO-2021-0215,2021-07-15,SUP005,Chemico Excipients Ltd,RM010,Microcrystalline Cellulose (MCC),Excipients,kg,205.6,134.61,27675.82,18,4981.65,2988.48,35645.95,14,2021-07-29,2021-07-28,-1,Early,60
PO-2021-0216,2021-07-18,SUP007,Indore Packaging Solutions,RM015,HDPE Bottles 100ml (units),Packaging,units,9885.0,5.02,49622.7,18,8932.09,987.04,59541.83,6,2021-07-24,2021-07-24,0,On-Time,15
PO-2021-0217,2021-07-19,SUP004,Girnar Ayur Ingredients,RM008,Turmeric Curcumin Extract (95%),Herbal Extracts,kg,54.9,2226.75,122248.57,12,14669.83,1416.01,138334.41,25,2021-08-13,2021-08-13,0,On-Time,45
PO-2021-0218,2021-07-20,SUP003,Himalayan Herb Extracts,RM005,Ashwagandha Extract (5% Withanolides),Herbal Extracts,kg,68.5,1484.98,101721.13,12,12206.54,2426.05,116353.72,28,2021-08-17,2021-08-27,10,Delayed,45
PO-2021-0219,2021-07-20,SUP001,Madhya Herbs Pvt Ltd,RM004,Giloy Stem (Dried),Raw Herbs,kg,282.7,221.19,62530.41,5,3126.52,2133.19,67790.12,34,2021-08-23,2021-08-21,-2,Early,30
PO-2021-0220,2021-07-21,SUP008,Malwa Print & Cartons,RM016,Printed Cartons (units),Packaging,units,9344.0,3.66,34199.04,18,6155.83,1909.12,42263.99,8,2021-07-29,2021-07-29,0,On-Time,15
PO-2021-0221,2021-07-22,SUP002,Vindhya Botanicals,RM003,Amla Fruit (Dried),Raw Herbs,kg,276.2,252.97,69870.31,5,3493.52,2134.39,75498.22,32,2021-08-23,2021-08-22,-1,Early,30
PO-2021-0222,2021-07-22,SUP005,Chemico Excipients Ltd,RM011,Magnesium Stearate,Excipients,kg,50.6,230.79,11677.97,18,2102.03,1400.46,15180.46,11,2021-08-02,2021-08-02,0,On-Time,60
PO-2021-0223,2021-07-22,SUP008,Malwa Print & Cartons,RM017,Product Labels (units),Packaging,units,15553.0,1.11,17263.83,18,3107.49,568.55,20939.87,6,2021-07-28,2021-07-28,0,On-Time,15
PO-2021-0224,2021-07-25,SUP003,Himalayan Herb Extracts,RM009,Triphala Extract,Herbal Extracts,kg,38.6,1173.85,45310.61,12,5437.27,1828.96,52576.84,20,2021-08-14,2021-08-14,0,On-Time,45
PO-2021-0225,2021-07-25,SUP007,Indore Packaging Solutions,RM018,Corrugated Shipping Boxes (units),Packaging,units,1518.0,25.6,38860.8,18,6994.94,2238.03,48093.77,8,2021-08-02,2021-08-02,0,On-Time,15
PO-2021-0226,2021-07-25,SUP002,Vindhya Botanicals,RM001,Ashwagandha Root (Dried),Raw Herbs,kg,484.9,280.78,136150.22,5,6807.51,3413.59,146371.32,34,2021-08-28,2021-08-28,0,On-Time,30
PO-2021-0227,2021-07-25,SUP006,Capsico Gelatin & Capsules,RM013,"Gelatin Capsules (Size 00, '000s)",Capsules,'000 units,47.0,394.99,18564.53,12,2227.74,1413.01,22205.28,17,2021-08-11,2021-08-14,3,Delayed,45
PO-2021-0228,2021-07-26,SUP002,Vindhya Botanicals,RM002,Tulsi Leaves (Dried),Raw Herbs,kg,424.9,219.01,93057.35,5,4652.87,2833.46,100543.68,28,2021-08-23,2021-08-30,7,Delayed,30
PO-2021-0229,2021-07-27,SUP007,Indore Packaging Solutions,RM015,HDPE Bottles 100ml (units),Packaging,units,11636.0,4.88,56783.68,18,10221.06,992.87,67997.61,7,2021-08-03,2021-08-02,-1,Early,15
PO-2021-0230,2021-07-28,SUP005,Chemico Excipients Ltd,RM012,Maize Starch,Excipients,kg,155.1,102.04,15826.4,18,2848.75,2264.78,20939.93,9,2021-08-06,2021-08-09,3,Delayed,60
PO-2021-0231,2021-07-31,SUP004,Girnar Ayur Ingredients,RM007,Shatavari Extract,Herbal Extracts,kg,29.5,1297.1,38264.45,12,4591.73,1129.65,43985.83,17,2021-08-17,2021-08-17,0,On-Time,45
PO-2021-0232,2021-08-01,SUP008,Malwa Print & Cartons,RM016,Printed Cartons (units),Packaging,units,9075.0,3.77,34212.75,18,6158.3,1642.62,42013.67,10,2021-08-11,2021-08-11,0,On-Time,15
PO-2021-0233,2021-08-02,SUP008,Malwa Print & Cartons,RM017,Product Labels (units),Packaging,units,13894.0,1.03,14310.82,18,2575.95,579.54,17466.31,8,2021-08-10,2021-08-10,0,On-Time,15
PO-2021-0234,2021-08-03,SUP005,Chemico Excipients Ltd,RM010,Microcrystalline Cellulose (MCC),Excipients,kg,230.1,126.05,29004.1,18,5220.74,3101.97,37326.81,14,2021-08-17,2021-08-19,2,Delayed,60
PO-2021-0235,2021-08-04,SUP001,Madhya Herbs Pvt Ltd,RM004,Giloy Stem (Dried),Raw Herbs,kg,244.2,228.06,55692.25,5,2784.61,1928.07,60404.93,33,2021-09-06,2021-09-06,0,On-Time,30
PO-2021-0236,2021-08-05,SUP006,Capsico Gelatin & Capsules,RM014,"Veg HPMC Capsules (Size 0, '000s)",Capsules,'000 units,23.0,629.49,14478.27,12,1737.39,1123.41,17339.07,16,2021-08-21,2021-08-21,0,On-Time,45
PO-2021-0237,2021-08-05,SUP003,Himalayan Herb Extracts,RM006,Brahmi Extract,Herbal Extracts,kg,37.0,1329.03,49174.11,12,5900.89,2041.76,57116.76,19,2021-08-24,2021-08-24,0,On-Time,45
PO-2021-0238,2021-08-06,SUP007,Indore Packaging Solutions,RM015,HDPE Bottles 100ml (units),Packaging,units,10269.0,4.83,49599.27,18,8927.87,999.1,59526.24,8,2021-08-14,2021-08-14,0,On-Time,15
PO-2021-0239,2021-08-08,SUP007,Indore Packaging Solutions,RM018,Corrugated Shipping Boxes (units),Packaging,units,1634.0,26.95,44036.3,18,7926.53,2267.79,54230.62,9,2021-08-17,2021-08-17,0,On-Time,15
PO-2021-0240,2021-08-10,SUP006,Capsico Gelatin & Capsules,RM013,"Gelatin Capsules (Size 00, '000s)",Capsules,'000 units,48.0,381.85,18328.8,12,2199.46,1296.8,21825.06,13,2021-08-23,2021-08-23,0,On-Time,45
PO-2021-0241,2021-08-10,SUP002,Vindhya Botanicals,RM003,Amla Fruit (Dried),Raw Herbs,kg,244.0,252.12,61517.28,5,3075.86,1858.95,66452.09,31,2021-09-10,2021-09-09,-1,Early,30
PO-2021-0242,2021-08-10,SUP004,Girnar Ayur Ingredients,RM008,Turmeric Curcumin Extract (95%),Herbal Extracts,kg,52.3,2195.94,114847.66,12,13781.72,1384.47,130013.85,28,2021-09-07,2021-09-07,0,On-Time,45
PO-2021-0243,2021-08-11,SUP003,Himalayan Herb Extracts,RM005,Ashwagandha Extract (5% Withanolides),Herbal Extracts,kg,68.6,1445.14,99136.6,12,11896.39,2494.59,113527.58,29,2021-09-09,2021-09-18,9,Delayed,45
PO-2021-0244,2021-08-11,SUP001,Madhya Herbs Pvt Ltd,RM002,Tulsi Leaves (Dried),Raw Herbs,kg,397.0,211.49,83961.53,5,4198.08,2832.61,90992.22,28,2021-09-08,2021-09-13,5,Delayed,30
PO-2021-0245,2021-08-12,SUP001,Madhya Herbs Pvt Ltd,RM001,Ashwagandha Root (Dried),Raw Herbs,kg,409.1,276.72,113206.15,5,5660.31,2773.37,121639.83,33,2021-09-14,2021-09-14,0,On-Time,30
PO-2021-0246,2021-08-12,SUP008,Malwa Print & Cartons,RM016,Printed Cartons (units),Packaging,units,10244.0,3.82,39132.08,18,7043.77,1849.22,48025.07,11,2021-08-23,2021-08-23,0,On-Time,15
PO-2021-0247,2021-08-14,SUP008,Malwa Print & Cartons,RM017,Product Labels (units),Packaging,units,14409.0,1.06,15273.54,18,2749.24,533.52,18556.3,6,2021-08-20,2021-08-20,0,On-Time,15
PO-2021-0248,2021-08-15,SUP005,Chemico Excipients Ltd,RM011,Magnesium Stearate,Excipients,kg,55.2,234.5,12944.4,18,2329.99,1527.01,16801.4,11,2021-08-26,2021-08-26,0,On-Time,60
PO-2021-0249,2021-08-16,SUP007,Indore Packaging Solutions,RM015,HDPE Bottles 100ml (units),Packaging,units,11669.0,5.17,60328.73,18,10859.17,1058.37,72246.27,7,2021-08-23,2021-08-23,0,On-Time,15
PO-2021-0250,2021-08-16,SUP005,Chemico Excipients Ltd,RM012,Maize Starch,Excipients,kg,151.2,97.25,14704.2,18,2646.76,2287.84,19638.8,12,2021-08-28,2021-08-27,-1,Early,60
PO-2021-0251,2021-08-16,SUP003,Himalayan Herb Extracts,RM009,Triphala Extract,Herbal Extracts,kg,36.1,1146.55,41390.46,12,4966.86,1923.91,48281.23,20,2021-09-05,2021-09-10,5,Delayed,45
PO-2021-0252,2021-08-20,SUP007,Indore Packaging Solutions,RM018,Corrugated Shipping Boxes (units),Packaging,units,1462.0,26.09,38143.58,18,6865.84,1973.69,46983.11,9,2021-08-29,2021-08-29,0,On-Time,15
PO-2021-0253,2021-08-21,SUP005,Chemico Excipients Ltd,RM010,Microcrystalline Cellulose (MCC),Excipients,kg,195.5,129.43,25303.57,18,4554.64,2504.9,32363.11,14,2021-09-04,2021-09-03,-1,Early,60
PO-2021-0254,2021-08-21,SUP004,Girnar Ayur Ingredients,RM007,Shatavari Extract,Herbal Extracts,kg,30.4,1241.97,37755.89,12,4530.71,1232.99,43519.59,17,2021-09-07,2021-09-12,5,Delayed,45
PO-2021-0255,2021-08-22,SUP008,Malwa Print & Cartons,RM016,Printed Cartons (units),Packaging,units,9204.0,3.67,33778.68,18,6080.16,1651.26,41510.1,10,2021-09-01,2021-09-01,0,On-Time,15
PO-2021-0256,2021-08-22,SUP001,Madhya Herbs Pvt Ltd,RM004,Giloy Stem (Dried),Raw Herbs,kg,247.9,236.88,58722.55,5,2936.13,2030.76,63689.44,35,2021-09-26,2021-09-26,0,On-Time,30
PO-2021-0257,2021-08-23,SUP008,Malwa Print & Cartons,RM017,Product Labels (units),Packaging,units,14148.0,1.08,15279.84,18,2750.37,558.49,18588.7,8,2021-08-31,2021-08-29,-2,Early,15
PO-2021-0258,2021-08-25,SUP006,Capsico Gelatin & Capsules,RM014,"Veg HPMC Capsules (Size 0, '000s)",Capsules,'000 units,21.0,623.22,13087.62,12,1570.51,1129.45,15787.58,15,2021-09-09,2021-09-09,0,On-Time,45
PO-2021-0259,2021-08-25,SUP007,Indore Packaging Solutions,RM015,HDPE Bottles 100ml (units),Packaging,units,10793.0,4.99,53857.07,18,9694.27,1072.1,64623.44,9,2021-09-03,2021-09-03,0,On-Time,15
PO-2021-0260,2021-08-25,SUP003,Himalayan Herb Extracts,RM006,Brahmi Extract,Herbal Extracts,kg,37.0,1338.37,49519.69,12,5942.36,1806.17,57268.22,20,2021-09-14,2021-09-21,7,Delayed,45
PO-2021-0261,2021-08-26,SUP001,Madhya Herbs Pvt Ltd,RM002,Tulsi Leaves (Dried),Raw Herbs,kg,428.1,206.33,88329.87,5,4416.49,3215.03,95961.39,31,2021-09-26,2021-09-26,0,On-Time,30
PO-2021-0262,2021-08-27,SUP001,Madhya Herbs Pvt Ltd,RM001,Ashwagandha Root (Dried),Raw Herbs,kg,471.8,274.0,129273.2,5,6463.66,3340.24,139077.1,35,2021-10-01,2021-09-29,-2,Early,30
PO-2021-0263,2021-08-27,SUP002,Vindhya Botanicals,RM003,Amla Fruit (Dried),Raw Herbs,kg,279.1,235.3,65672.23,5,3283.61,2246.74,71202.58,33,2021-09-29,2021-09-29,0,On-Time,30
PO-2021-0264,2021-08-29,SUP004,Girnar Ayur Ingredients,RM008,Turmeric Curcumin Extract (95%),Herbal Extracts,kg,52.7,2126.78,112081.31,12,13449.76,1411.09,126942.16,27,2021-09-25,2021-09-25,0,On-Time,45
PO-2021-0265,2021-08-30,SUP006,Capsico Gelatin & Capsules,RM013,"Gelatin Capsules (Size 00, '000s)",Capsules,'000 units,44.0,383.03,16853.32,12,2022.4,1187.28,20063.0,17,2021-09-16,2021-09-14,-2,Early,45
PO-2021-0266,2021-08-31,SUP004,Girnar Ayur Ingredients,RM005,Ashwagandha Extract (5% Withanolides),Herbal Extracts,kg,71.5,1444.64,103291.76,12,12395.01,1653.14,117339.91,30,2021-09-30,2021-09-30,0,On-Time,45
PO-2021-0267,2021-09-01,SUP008,Malwa Print & Cartons,RM017,Product Labels (units),Packaging,units,15339.0,1.11,17026.29,18,3064.73,597.62,20688.64,8,2021-09-09,2021-09-13,4,Delayed,15
PO-2021-0268,2021-09-02,SUP007,Indore Packaging Solutions,RM018,Corrugated Shipping Boxes (units),Packaging,units,1743.0,25.79,44951.97,18,8091.35,2361.63,55404.95,6,2021-09-08,2021-09-08,0,On-Time,15
PO-2021-0269,2021-09-03,SUP008,Malwa Print & Cartons,RM016,Printed Cartons (units),Packaging,units,10646.0,3.58,38112.68,18,6860.28,2031.98,47004.94,8,2021-09-11,2021-09-10,-1,Early,15
PO-2021-0270,2021-09-03,SUP007,Indore Packaging Solutions,RM015,HDPE Bottles 100ml (units),Packaging,units,10707.0,5.19,55569.33,18,10002.48,1084.1,66655.91,9,2021-09-12,2021-09-12,0,On-Time,15
PO-2021-0271,2021-09-07,SUP005,Chemico Excipients Ltd,RM012,Maize Starch,Excipients,kg,169.8,102.73,17443.55,18,3139.84,2304.75,22888.14,11,2021-09-18,2021-09-18,0,On-Time,60
PO-2021-0272,2021-09-07,SUP003,Himalayan Herb Extracts,RM009,Triphala Extract,Herbal Extracts,kg,38.7,1165.7,45112.59,12,5413.51,1947.32,52473.42,21,2021-09-28,2021-09-28,0,On-Time,45
PO-2021-0273,2021-09-08,SUP001,Madhya Herbs Pvt Ltd,RM002,Tulsi Leaves (Dried),Raw Herbs,kg,363.3,218.29,79304.76,5,3965.24,2683.44,85953.44,30,2021-10-08,2021-10-08,0,On-Time,30
PO-2021-0274,2021-09-09,SUP005,Chemico Excipients Ltd,RM011,Magnesium Stearate,Excipients,kg,49.9,234.69,11711.03,18,2107.99,1428.98,15248.0,11,2021-09-20,2021-09-20,0,On-Time,60
PO-2021-0275,2021-09-10,SUP001,Madhya Herbs Pvt Ltd,RM004,Giloy Stem (Dried),Raw Herbs,kg,266.8,229.09,61121.21,5,3056.06,2049.65,66226.92,32,2021-10-12,2021-10-11,-1,Early,30
PO-2021-0276,2021-09-12,SUP004,Girnar Ayur Ingredients,RM007,Shatavari Extract,Herbal Extracts,kg,35.0,1280.06,44802.1,12,5376.25,1210.83,51389.18,19,2021-10-01,2021-10-01,0,On-Time,45
PO-2021-0277,2021-09-12,SUP005,Chemico Excipients Ltd,RM010,Microcrystalline Cellulose (MCC),Excipients,kg,208.4,128.37,26752.31,18,4815.42,2994.78,34562.51,11,2021-09-23,2021-09-23,0,On-Time,60
PO-2021-0278,2021-09-12,SUP008,Malwa Print & Cartons,RM017,Product Labels (units),Packaging,units,15576.0,1.1,17133.6,18,3084.05,552.4,20770.05,7,2021-09-19,2021-09-19,0,On-Time,15
PO-2021-0279,2021-09-12,SUP001,Madhya Herbs Pvt Ltd,RM001,Ashwagandha Root (Dried),Raw Herbs,kg,470.6,277.93,130793.86,5,6539.69,3193.62,140527.17,35,2021-10-17,2021-10-17,0,On-Time,30
PO-2021-0280,2021-09-13,SUP007,Indore Packaging Solutions,RM018,Corrugated Shipping Boxes (units),Packaging,units,1665.0,25.14,41858.1,18,7534.46,2380.24,51772.8,7,2021-09-20,2021-09-20,0,On-Time,15
PO-2021-0281,2021-09-13,SUP008,Malwa Print & Cartons,RM016,Printed Cartons (units),Packaging,units,9958.0,3.83,38139.14,18,6865.05,1835.3,46839.49,7,2021-09-20,2021-09-18,-2,Early,15
PO-2021-0282,2021-09-14,SUP007,Indore Packaging Solutions,RM015,HDPE Bottles 100ml (units),Packaging,units,11511.0,4.8,55252.8,18,9945.5,1013.61,66211.91,8,2021-09-22,2021-09-22,0,On-Time,15
PO-2021-0283,2021-09-14,SUP006,Capsico Gelatin & Capsules,RM014,"Veg HPMC Capsules (Size 0, '000s)",Capsules,'000 units,24.0,653.52,15684.48,12,1882.14,1181.12,18747.74,15,2021-09-29,2021-09-29,0,On-Time,45
PO-2021-0284,2021-09-15,SUP003,Himalayan Herb Extracts,RM006,Brahmi Extract,Herbal Extracts,kg,34.2,1306.09,44668.28,12,5360.19,1964.08,51992.55,21,2021-10-06,2021-10-06,0,On-Time,45
PO-2021-0285,2021-09-15,SUP002,Vindhya Botanicals,RM003,Amla Fruit (Dried),Raw Herbs,kg,272.3,240.25,65420.08,5,3271.0,2208.29,70899.37,34,2021-10-19,2021-10-19,0,On-Time,30
PO-2021-0286,2021-09-16,SUP006,Capsico Gelatin & Capsules,RM013,"Gelatin Capsules (Size 00, '000s)",Capsules,'000 units,48.0,391.86,18809.28,12,2257.11,1232.13,22298.52,14,2021-09-30,2021-09-30,0,On-Time,45
PO-2021-0287,2021-09-17,SUP004,Girnar Ayur Ingredients,RM008,Turmeric Curcumin Extract (95%),Herbal Extracts,kg,55.9,2166.68,121117.41,12,14534.09,1462.48,137113.98,26,2021-10-13,2021-10-11,-2,Early,45
PO-2021-0288,2021-09-23,SUP008,Malwa Print & Cartons,RM016,Printed Cartons (units),Packaging,units,10295.0,3.63,37370.85,18,6726.75,1833.18,45930.78,10,2021-10-03,2021-10-03,0,On-Time,15
PO-2021-0289,2021-09-23,SUP007,Indore Packaging Solutions,RM015,HDPE Bottles 100ml (units),Packaging,units,9861.0,4.89,48220.29,18,8679.65,934.19,57834.13,6,2021-09-29,2021-09-29,0,On-Time,15
PO-2021-0290,2021-09-23,SUP008,Malwa Print & Cartons,RM017,Product Labels (units),Packaging,units,14851.0,1.05,15593.55,18,2806.84,568.56,18968.95,7,2021-09-30,2021-09-30,0,On-Time,15
PO-2021-0291,2021-09-23,SUP003,Himalayan Herb Extracts,RM005,Ashwagandha Extract (5% Withanolides),Herbal Extracts,kg,71.5,1391.52,99493.68,12,11939.24,2367.85,113800.77,29,2021-10-22,2021-10-22,0,On-Time,45
PO-2021-0292,2021-09-24,SUP001,Madhya Herbs Pvt Ltd,RM002,Tulsi Leaves (Dried),Raw Herbs,kg,389.2,211.31,82241.85,5,4112.09,2750.61,89104.55,30,2021-10-24,2021-10-22,-2,Early,30
PO-2021-0293,2021-09-27,SUP007,Indore Packaging Solutions,RM018,Corrugated Shipping Boxes (units),Packaging,units,1734.0,26.33,45656.22,18,8218.12,2325.33,56199.67,10,2021-10-07,2021-10-07,0,On-Time,15
PO-2021-0294,2021-09-28,SUP005,Chemico Excipients Ltd,RM012,Maize Starch,Excipients,kg,160.6,99.77,16023.06,18,2884.15,2577.72,21484.93,10,2021-10-08,2021-10-08,0,On-Time,60
PO-2021-0295,2021-09-28,SUP001,Madhya Herbs Pvt Ltd,RM001,Ashwagandha Root (Dried),Raw Herbs,kg,415.6,266.45,110736.62,5,5536.83,3171.58,119445.03,33,2021-10-31,2021-10-31,0,On-Time,30
PO-2021-0296,2021-09-28,SUP001,Madhya Herbs Pvt Ltd,RM004,Giloy Stem (Dried),Raw Herbs,kg,251.1,231.02,58009.12,5,2900.46,2060.32,62969.9,34,2021-11-01,2021-11-01,0,On-Time,30
PO-2021-0297,2021-09-29,SUP005,Chemico Excipients Ltd,RM010,Microcrystalline Cellulose (MCC),Excipients,kg,199.0,136.11,27085.89,18,4875.46,2802.73,34764.08,12,2021-10-11,2021-10-11,0,On-Time,60
PO-2021-0298,2021-10-01,SUP006,Capsico Gelatin & Capsules,RM013,"Gelatin Capsules (Size 00, '000s)",Capsules,'000 units,38.0,382.31,14527.78,12,1743.33,1211.49,17482.6,15,2021-10-16,2021-10-16,0,On-Time,45
PO-2021-0299,2021-10-01,SUP003,Himalayan Herb Extracts,RM009,Triphala Extract,Herbal Extracts,kg,34.4,1155.25,39740.6,12,4768.87,1743.11,46252.58,22,2021-10-23,2021-10-23,0,On-Time,45
PO-2021-0300,2021-10-01,SUP005,Chemico Excipients Ltd,RM011,Magnesium Stearate,Excipients,kg,54.1,222.87,12057.27,18,2170.31,1411.48,15639.06,12,2021-10-13,2021-10-13,0,On-Time,60
PO-2021-0301,2021-10-02,SUP007,Indore Packaging Solutions,RM015,HDPE Bottles 100ml (units),Packaging,units,9640.0,5.0,48200.0,18,8676.0,997.97,57873.97,7,2021-10-09,2021-10-09,0,On-Time,15
PO-2021-0302,2021-10-02,SUP004,Girnar Ayur Ingredients,RM007,Shatavari Extract,Herbal Extracts,kg,31.4,1228.83,38585.26,12,4630.23,1229.51,44445.0,17,2021-10-19,2021-10-19,0,On-Time,45
PO-2021-0303,2021-10-03,SUP002,Vindhya Botanicals,RM003,Amla Fruit (Dried),Raw Herbs,kg,262.0,253.42,66396.04,5,3319.8,1968.4,71684.24,18,2021-10-21,2021-10-21,0,On-Time,30
PO-2021-0304,2021-10-03,SUP006,Capsico Gelatin & Capsules,RM014,"Veg HPMC Capsules (Size 0, '000s)",Capsules,'000 units,21.0,643.94,13522.74,12,1622.73,1045.57,16191.04,16,2021-10-19,2021-10-18,-1,Early,45
PO-2021-0305,2021-10-04,SUP008,Malwa Print & Cartons,RM016,Printed Cartons (units),Packaging,units,8757.0,3.69,32313.33,18,5816.4,1788.2,39917.93,10,2021-10-14,2021-10-14,0,On-Time,15
PO-2021-0306,2021-10-04,SUP008,Malwa Print & Cartons,RM017,Product Labels (units),Packaging,units,13903.0,1.09,15154.27,18,2727.77,558.61,18440.65,7,2021-10-11,2021-10-11,0,On-Time,15
PO-2021-0307,2021-10-07,SUP003,Himalayan Herb Extracts,RM006,Brahmi Extract,Herbal Extracts,kg,34.4,1310.04,45065.38,12,5407.85,1742.12,52215.35,20,2021-10-27,2021-10-27,0,On-Time,45
PO-2021-0308,2021-10-08,SUP004,Girnar Ayur Ingredients,RM008,Turmeric Curcumin Extract (95%),Herbal Extracts,kg,45.3,2193.73,99375.97,12,11925.12,1398.4,112699.49,12,2021-10-20,2021-10-20,0,On-Time,45
PO-2021-0309,2021-10-08,SUP007,Indore Packaging Solutions,RM018,Corrugated Shipping Boxes (units),Packaging,units,1633.0,26.02,42490.66,18,7648.32,2289.17,52428.15,8,2021-10-16,2021-10-16,0,On-Time,15
PO-2021-0310,2021-10-09,SUP001,Madhya Herbs Pvt Ltd,RM002,Tulsi Leaves (Dried),Raw Herbs,kg,397.0,215.16,85418.52,5,4270.93,2645.21,92334.66,16,2021-10-25,2021-10-25,0,On-Time,30
PO-2021-0311,2021-10-12,SUP003,Himalayan Herb Extracts,RM005,Ashwagandha Extract (5% Withanolides),Herbal Extracts,kg,60.3,1433.5,86440.05,12,10372.81,2203.08,99015.94,14,2021-10-26,2021-10-26,0,On-Time,45
PO-2021-0312,2021-10-12,SUP007,Indore Packaging Solutions,RM015,HDPE Bottles 100ml (units),Packaging,units,10627.0,5.18,55047.86,18,9908.61,1022.24,65978.71,10,2021-10-22,2021-10-22,0,On-Time,15
PO-2021-0313,2021-10-13,SUP001,Madhya Herbs Pvt Ltd,RM004,Giloy Stem (Dried),Raw Herbs,kg,260.2,229.92,59825.18,5,2991.26,2068.36,64884.8,21,2021-11-03,2021-11-07,4,Delayed,30
PO-2021-0314,2021-10-13,SUP001,Madhya Herbs Pvt Ltd,RM001,Ashwagandha Root (Dried),Raw Herbs,kg,438.7,273.72,120080.96,5,6004.05,3036.25,129121.26,22,2021-11-04,2021-11-04,0,On-Time,30
PO-2021-0315,2021-10-15,SUP008,Malwa Print & Cartons,RM017,Product Labels (units),Packaging,units,13513.0,1.09,14729.17,18,2651.25,566.51,17946.93,6,2021-10-21,2021-10-23,2,Delayed,15
PO-2021-0316,2021-10-16,SUP005,Chemico Excipients Ltd,RM012,Maize Starch,Excipients,kg,134.7,102.11,13754.22,18,2475.76,2070.72,18300.7,10,2021-10-26,2021-10-26,0,On-Time,60
PO-2021-0317,2021-10-18,SUP008,Malwa Print & Cartons,RM016,Printed Cartons (units),Packaging,units,9204.0,3.75,34515.0,18,6212.7,1830.02,42557.72,10,2021-10-28,2021-10-28,0,On-Time,15
PO-2021-0318,2021-10-18,SUP005,Chemico Excipients Ltd,RM010,Microcrystalline Cellulose (MCC),Excipients,kg,211.8,132.12,27983.02,18,5036.94,3046.62,36066.58,11,2021-10-29,2021-10-29,0,On-Time,60
PO-2021-0319,2021-10-21,SUP003,Himalayan Herb Extracts,RM009,Triphala Extract,Herbal Extracts,kg,35.5,1190.67,42268.79,12,5072.25,1928.48,49269.52,19,2021-11-09,2021-11-09,0,On-Time,45
PO-2021-0320,2021-10-21,SUP007,Indore Packaging Solutions,RM015,HDPE Bottles 100ml (units),Packaging,units,9043.0,4.9,44310.7,18,7975.93,903.4,53190.03,8,2021-10-29,2021-10-29,0,On-Time,15
PO-2021-0321,2021-10-21,SUP002,Vindhya Botanicals,RM003,Amla Fruit (Dried),Raw Herbs,kg,226.8,241.85,54851.58,5,2742.58,1904.05,59498.21,19,2021-11-09,2021-11-09,0,On-Time,30
PO-2021-0322,2021-10-21,SUP007,Indore Packaging Solutions,RM018,Corrugated Shipping Boxes (units),Packaging,units,1613.0,26.67,43018.71,18,7743.37,2144.57,52906.65,8,2021-10-29,2021-10-29,0,On-Time,15
PO-2021-0323,2021-10-22,SUP006,Capsico Gelatin & Capsules,RM013,"Gelatin Capsules (Size 00, '000s)",Capsules,'000 units,38.0,369.08,14025.04,12,1683.0,1329.04,17037.08,14,2021-11-05,2021-11-04,-1,Early,45
PO-2021-0324,2021-10-23,SUP006,Capsico Gelatin & Capsules,RM014,"Veg HPMC Capsules (Size 0, '000s)",Capsules,'000 units,19.0,635.96,12083.24,12,1449.99,1144.3,14677.53,16,2021-11-08,2021-11-08,0,On-Time,45
PO-2021-0325,2021-10-26,SUP008,Malwa Print & Cartons,RM017,Product Labels (units),Packaging,units,14165.0,1.09,15439.85,18,2779.17,571.86,18790.88,8,2021-11-03,2021-11-03,0,On-Time,15
PO-2021-0326,2021-10-26,SUP001,Madhya Herbs Pvt Ltd,RM002,Tulsi Leaves (Dried),Raw Herbs,kg,397.4,221.39,87980.39,5,4399.02,2739.41,95118.82,15,2021-11-10,2021-11-09,-1,Early,30
PO-2021-0327,2021-10-27,SUP005,Chemico Excipients Ltd,RM011,Magnesium Stearate,Excipients,kg,46.5,224.31,10430.42,18,1877.48,1437.28,13745.18,11,2021-11-07,2021-11-07,0,On-Time,60
PO-2021-0328,2021-10-28,SUP003,Himalayan Herb Extracts,RM006,Brahmi Extract,Herbal Extracts,kg,35.3,1367.1,48258.63,12,5791.04,1917.31,55966.98,22,2021-11-19,2021-11-19,0,On-Time,45
PO-2021-0329,2021-10-29,SUP004,Girnar Ayur Ingredients,RM008,Turmeric Curcumin Extract (95%),Herbal Extracts,kg,49.8,2219.03,110507.69,12,13260.92,1308.92,125077.53,12,2021-11-10,2021-11-10,0,On-Time,45
PO-2021-0330,2021-10-29,SUP004,Girnar Ayur Ingredients,RM007,Shatavari Extract,Herbal Extracts,kg,30.5,1259.01,38399.81,12,4607.98,1210.33,44218.12,17,2021-11-15,2021-11-16,1,Delayed,45
PO-2021-0331,2021-10-30,SUP008,Malwa Print & Cartons,RM016,Printed Cartons (units),Packaging,units,8509.0,3.64,30972.76,18,5575.1,1600.4,38148.26,10,2021-11-09,2021-11-09,0,On-Time,15
PO-2021-0332,2021-10-30,SUP001,Madhya Herbs Pvt Ltd,RM001,Ashwagandha Root (Dried),Raw Herbs,kg,426.8,265.88,113477.58,5,5673.88,3071.87,122223.33,21,2021-11-20,2021-11-20,0,On-Time,30
PO-2021-0333,2021-10-30,SUP001,Madhya Herbs Pvt Ltd,RM004,Giloy Stem (Dried),Raw Herbs,kg,248.2,219.82,54559.32,5,2727.97,2143.91,59431.2,20,2021-11-19,2021-11-19,0,On-Time,30
PO-2021-0334,2021-10-31,SUP007,Indore Packaging Solutions,RM015,HDPE Bottles 100ml (units),Packaging,units,9623.0,4.88,46960.24,18,8452.84,972.25,56385.33,8,2021-11-08,2021-11-06,-2,Early,15
PO-2021-0335,2021-11-01,SUP003,Himalayan Herb Extracts,RM005,Ashwagandha Extract (5% Withanolides),Herbal Extracts,kg,63.3,1451.42,91874.89,12,11024.99,2231.19,105131.07,15,2021-11-16,2021-11-15,-1,Early,45
PO-2021-0336,2021-11-04,SUP007,Indore Packaging Solutions,RM018,Corrugated Shipping Boxes (units),Packaging,units,1436.0,26.89,38614.04,18,6950.53,2071.45,47636.02,9,2021-11-13,2021-11-13,0,On-Time,15
PO-2021-0337,2021-11-06,SUP008,Malwa Print & Cartons,RM017,Product Labels (units),Packaging,units,13136.0,1.03,13530.08,18,2435.41,509.73,16475.22,8,2021-11-14,2021-11-16,2,Delayed,15
PO-2021-0338,2021-11-07,SUP005,Chemico Excipients Ltd,RM012,Maize Starch,Excipients,kg,139.9,101.19,14156.48,18,2548.17,2143.29,18847.94,12,2021-11-19,2021-11-19,0,On-Time,60
PO-2021-0339,2021-11-08,SUP002,Vindhya Botanicals,RM003,Amla Fruit (Dried),Raw Herbs,kg,264.3,246.14,65054.8,5,3252.74,2107.3,70414.84,19,2021-11-27,2021-11-27,0,On-Time,30
PO-2021-0340,2021-11-09,SUP001,Madhya Herbs Pvt Ltd,RM002,Tulsi Leaves (Dried),Raw Herbs,kg,369.1,215.4,79504.14,5,3975.21,2568.66,86048.01,18,2021-11-27,2021-11-27,0,On-Time,30
PO-2021-0341,2021-11-09,SUP006,Capsico Gelatin & Capsules,RM013,"Gelatin Capsules (Size 00, '000s)",Capsules,'000 units,44.0,384.23,16906.12,12,2028.73,1348.69,20283.54,15,2021-11-24,2021-11-24,0,On-Time,45
PO-2021-0342,2021-11-10,SUP005,Chemico Excipients Ltd,RM010,Microcrystalline Cellulose (MCC),Excipients,kg,219.7,135.97,29872.61,18,5377.07,2947.18,38196.86,12,2021-11-22,2021-11-22,0,On-Time,60
PO-2021-0343,2021-11-10,SUP008,Malwa Print & Cartons,RM016,Printed Cartons (units),Packaging,units,8522.0,3.62,30849.64,18,5552.94,1673.84,38076.42,10,2021-11-20,2021-11-20,0,On-Time,15
PO-2021-0344,2021-11-10,SUP007,Indore Packaging Solutions,RM015,HDPE Bottles 100ml (units),Packaging,units,9099.0,4.97,45222.03,18,8139.97,843.13,54205.13,7,2021-11-17,2021-11-17,0,On-Time,15
PO-2021-0345,2021-11-11,SUP006,Capsico Gelatin & Capsules,RM014,"Veg HPMC Capsules (Size 0, '000s)",Capsules,'000 units,19.0,664.77,12630.63,12,1515.68,1095.28,15241.59,18,2021-11-29,2021-11-29,0,On-Time,45
PO-2021-0346,2021-11-14,SUP001,Madhya Herbs Pvt Ltd,RM001,Ashwagandha Root (Dried),Raw Herbs,kg,412.9,272.91,112684.54,5,5634.23,2855.71,121174.48,22,2021-12-06,2021-12-05,-1,Early,30
PO-2021-0347,2021-11-16,SUP003,Himalayan Herb Extracts,RM009,Triphala Extract,Herbal Extracts,kg,38.9,1234.42,48018.94,12,5762.27,1877.05,55658.26,21,2021-12-07,2021-12-07,0,On-Time,45
PO-2021-0348,2021-11-17,SUP005,Chemico Excipients Ltd,RM011,Magnesium Stearate,Excipients,kg,49.5,217.21,10751.9,18,1935.34,1416.8,14104.04,12,2021-11-29,2021-11-29,0,On-Time,60
PO-2021-0349,2021-11-17,SUP001,Madhya Herbs Pvt Ltd,RM004,Giloy Stem (Dried),Raw Herbs,kg,227.2,220.47,50090.78,5,2504.54,1738.56,54333.88,21,2021-12-08,2021-12-08,0,On-Time,30
PO-2021-0350,2021-11-18,SUP008,Malwa Print & Cartons,RM017,Product Labels (units),Packaging,units,12140.0,1.07,12989.8,18,2338.16,502.39,15830.35,5,2021-11-23,2021-11-23,0,On-Time,15
PO-2021-0351,2021-11-18,SUP007,Indore Packaging Solutions,RM018,Corrugated Shipping Boxes (units),Packaging,units,1591.0,26.32,41875.12,18,7537.52,2192.61,51605.25,7,2021-11-25,2021-11-23,-2,Early,15
PO-2021-0352,2021-11-19,SUP004,Girnar Ayur Ingredients,RM008,Turmeric Curcumin Extract (95%),Herbal Extracts,kg,45.3,2269.78,102821.03,12,12338.52,1236.73,116396.28,14,2021-12-03,2021-12-03,0,On-Time,45
PO-2021-0353,2021-11-20,SUP003,Himalayan Herb Extracts,RM006,Brahmi Extract,Herbal Extracts,kg,31.8,1381.14,43920.25,12,5270.43,1811.38,51002.06,19,2021-12-09,2021-12-09,0,On-Time,45
PO-2021-0354,2021-11-22,SUP007,Indore Packaging Solutions,RM015,HDPE Bottles 100ml (units),Packaging,units,10836.0,4.88,52879.68,18,9518.34,953.94,63351.96,9,2021-12-01,2021-12-01,0,On-Time,15
PO-2021-0355,2021-11-22,SUP008,Malwa Print & Cartons,RM016,Printed Cartons (units),Packaging,units,8417.0,3.55,29880.35,18,5378.46,1776.78,37035.59,7,2021-11-29,2021-11-29,0,On-Time,15
PO-2021-0356,2021-11-22,SUP004,Girnar Ayur Ingredients,RM005,Ashwagandha Extract (5% Withanolides),Herbal Extracts,kg,66.0,1413.16,93268.56,12,11192.23,1533.01,105993.8,14,2021-12-06,2021-12-06,0,On-Time,45
PO-2021-0357,2021-11-22,SUP004,Girnar Ayur Ingredients,RM007,Shatavari Extract,Herbal Extracts,kg,29.7,1227.83,36466.55,12,4375.99,1110.07,41952.61,17,2021-12-09,2021-12-09,0,On-Time,45
PO-2021-0358,2021-11-25,SUP001,Madhya Herbs Pvt Ltd,RM002,Tulsi Leaves (Dried),Raw Herbs,kg,336.4,208.57,70162.95,5,3508.15,2484.34,76155.44,19,2021-12-14,2021-12-14,0,On-Time,30
PO-2021-0359,2021-11-27,SUP002,Vindhya Botanicals,RM003,Amla Fruit (Dried),Raw Herbs,kg,268.4,247.2,66348.48,5,3317.42,1979.48,71645.38,19,2021-12-16,2021-12-16,0,On-Time,30
PO-2021-0360,2021-11-27,SUP005,Chemico Excipients Ltd,RM012,Maize Starch,Excipients,kg,159.7,97.56,15580.33,18,2804.46,2312.07,20696.86,8,2021-12-05,2021-12-05,0,On-Time,60
PO-2021-0361,2021-11-28,SUP008,Malwa Print & Cartons,RM017,Product Labels (units),Packaging,units,13998.0,1.06,14837.88,18,2670.82,532.74,18041.44,7,2021-12-05,2021-12-08,3,Delayed,15
PO-2021-0362,2021-11-28,SUP006,Capsico Gelatin & Capsules,RM014,"Veg HPMC Capsules (Size 0, '000s)",Capsules,'000 units,22.0,617.83,13592.26,12,1631.07,1181.91,16405.24,16,2021-12-14,2021-12-14,0,On-Time,45
PO-2021-0363,2021-12-01,SUP006,Capsico Gelatin & Capsules,RM013,"Gelatin Capsules (Size 00, '000s)",Capsules,'000 units,42.0,373.63,15692.46,12,1883.1,1183.83,18759.39,16,2021-12-17,2021-12-17,0,On-Time,45
PO-2021-0364,2021-12-02,SUP005,Chemico Excipients Ltd,RM010,Microcrystalline Cellulose (MCC),Excipients,kg,182.9,129.04,23601.42,18,4248.26,2767.82,30617.5,13,2021-12-15,2021-12-15,0,On-Time,60
PO-2021-0365,2021-12-02,SUP001,Madhya Herbs Pvt Ltd,RM001,Ashwagandha Root (Dried),Raw Herbs,kg,399.2,281.57,112402.74,5,5620.14,2689.64,120712.52,22,2021-12-24,2021-12-24,0,On-Time,30
PO-2021-0366,2021-12-03,SUP008,Malwa Print & Cartons,RM016,Printed Cartons (units),Packaging,units,9062.0,3.73,33801.26,18,6084.23,1873.8,41759.29,7,2021-12-10,2021-12-10,0,On-Time,15
PO-2021-0367,2021-12-03,SUP007,Indore Packaging Solutions,RM015,HDPE Bottles 100ml (units),Packaging,units,10269.0,5.17,53090.73,18,9556.33,931.08,63578.14,9,2021-12-12,2021-12-12,0,On-Time,15
PO-2021-0368,2021-12-03,SUP007,Indore Packaging Solutions,RM018,Corrugated Shipping Boxes (units),Packaging,units,1450.0,26.68,38686.0,18,6963.48,2038.88,47688.36,10,2021-12-13,2021-12-13,0,On-Time,15
PO-2021-0369,2021-12-06,SUP001,Madhya Herbs Pvt Ltd,RM004,Giloy Stem (Dried),Raw Herbs,kg,252.6,230.61,58252.09,5,2912.6,1959.94,63124.63,19,2021-12-25,2021-12-24,-1,Early,30
PO-2021-0370,2021-12-08,SUP008,Malwa Print & Cartons,RM017,Product Labels (units),Packaging,units,14002.0,1.09,15262.18,18,2747.19,554.61,18563.98,7,2021-12-15,2021-12-15,0,On-Time,15
PO-2021-0371,2021-12-09,SUP004,Girnar Ayur Ingredients,RM008,Turmeric Curcumin Extract (95%),Herbal Extracts,kg,46.6,2214.54,103197.56,12,12383.71,1390.93,116972.2,12,2021-12-21,2021-12-21,0,On-Time,45
PO-2021-0372,2021-12-10,SUP003,Himalayan Herb Extracts,RM009,Triphala Extract,Herbal Extracts,kg,38.6,1224.76,47275.74,12,5673.09,1866.57,54815.4,21,2021-12-31,2021-12-31,0,On-Time,45
PO-2021-0373,2021-12-12,SUP003,Himalayan Herb Extracts,RM006,Brahmi Extract,Herbal Extracts,kg,32.0,1368.05,43777.6,12,5253.31,1859.43,50890.34,21,2022-01-02,2022-01-02,0,On-Time,45
PO-2021-0374,2021-12-13,SUP002,Vindhya Botanicals,RM002,Tulsi Leaves (Dried),Raw Herbs,kg,354.0,215.86,76414.44,5,3820.72,2682.7,82917.86,17,2021-12-30,2021-12-30,0,On-Time,30
PO-2021-0375,2021-12-13,SUP007,Indore Packaging Solutions,RM015,HDPE Bottles 100ml (units),Packaging,units,9882.0,4.85,47927.7,18,8626.99,1029.24,57583.93,6,2021-12-19,2021-12-19,0,On-Time,15
PO-2021-0376,2021-12-14,SUP005,Chemico Excipients Ltd,RM011,Magnesium Stearate,Excipients,kg,48.5,229.8,11145.3,18,2006.15,1342.84,14494.29,11,2021-12-25,2021-12-25,0,On-Time,60
PO-2021-0377,2021-12-15,SUP002,Vindhya Botanicals,RM003,Amla Fruit (Dried),Raw Herbs,kg,255.0,245.49,62599.95,5,3130.0,1988.53,67718.48,19,2022-01-03,2022-01-04,1,Delayed,30
PO-2021-0378,2021-12-16,SUP008,Malwa Print & Cartons,RM016,Printed Cartons (units),Packaging,units,10086.0,3.63,36612.18,18,6590.19,2046.87,45249.24,8,2021-12-24,2021-12-24,0,On-Time,15
PO-2021-0379,2021-12-16,SUP003,Himalayan Herb Extracts,RM005,Ashwagandha Extract (5% Withanolides),Herbal Extracts,kg,60.3,1435.94,86587.18,12,10390.46,2225.05,99202.69,15,2021-12-31,2022-01-06,6,Delayed,45
PO-2021-0380,2021-12-17,SUP005,Chemico Excipients Ltd,RM012,Maize Starch,Excipients,kg,154.0,101.41,15617.14,18,2811.09,2362.81,20791.04,11,2021-12-28,2021-12-28,0,On-Time,60
PO-2021-0381,2021-12-17,SUP006,Capsico Gelatin & Capsules,RM013,"Gelatin Capsules (Size 00, '000s)",Capsules,'000 units,42.0,376.88,15828.96,12,1899.48,1289.23,19017.67,16,2022-01-02,2022-01-02,0,On-Time,45
PO-2021-0382,2021-12-17,SUP004,Girnar Ayur Ingredients,RM007,Shatavari Extract,Herbal Extracts,kg,28.9,1232.33,35614.34,12,4273.72,1218.21,41106.27,17,2022-01-03,2022-01-12,9,Delayed,45
PO-2021-0383,2021-12-18,SUP007,Indore Packaging Solutions,RM018,Corrugated Shipping Boxes (units),Packaging,units,1434.0,25.71,36868.14,18,6636.27,2209.04,45713.45,9,2021-12-27,2021-12-27,0,On-Time,15
PO-2021-0384,2021-12-19,SUP008,Malwa Print & Cartons,RM017,Product Labels (units),Packaging,units,12739.0,1.06,13503.34,18,2430.6,514.84,16448.78,7,2021-12-26,2021-12-24,-2,Early,15
PO-2021-0385,2021-12-20,SUP006,Capsico Gelatin & Capsules,RM014,"Veg HPMC Capsules (Size 0, '000s)",Capsules,'000 units,19.0,659.49,12530.31,12,1503.64,1036.64,15070.59,16,2022-01-05,2022-01-05,0,On-Time,45
PO-2021-0386,2021-12-21,SUP001,Madhya Herbs Pvt Ltd,RM001,Ashwagandha Root (Dried),Raw Herbs,kg,377.9,268.49,101462.37,5,5073.12,2590.97,109126.46,21,2022-01-11,2022-01-11,0,On-Time,30
PO-2021-0387,2021-12-23,SUP007,Indore Packaging Solutions,RM015,HDPE Bottles 100ml (units),Packaging,units,10208.0,4.91,50121.28,18,9021.83,1002.22,60145.33,7,2021-12-30,2021-12-30,0,On-Time,15
PO-2021-0388,2021-12-25,SUP005,Chemico Excipients Ltd,RM010,Microcrystalline Cellulose (MCC),Excipients,kg,196.4,134.14,26345.1,18,4742.12,2636.91,33724.13,13,2022-01-07,2022-01-07,0,On-Time,60
PO-2021-0389,2021-12-26,SUP001,Madhya Herbs Pvt Ltd,RM004,Giloy Stem (Dried),Raw Herbs,kg,240.9,219.57,52894.41,5,2644.72,1939.49,57478.62,22,2022-01-17,2022-01-17,0,On-Time,30
PO-2021-0390,2021-12-28,SUP004,Girnar Ayur Ingredients,RM008,Turmeric Curcumin Extract (95%),Herbal Extracts,kg,50.7,2146.08,108806.26,12,13056.75,1388.6,123251.61,11,2022-01-08,2022-01-08,0,On-Time,45
PO-2021-0391,2021-12-29,SUP008,Malwa Print & Cartons,RM016,Printed Cartons (units),Packaging,units,8639.0,3.71,32050.69,18,5769.12,1778.97,39598.78,7,2022-01-05,2022-01-06,1,Delayed,15
PO-2021-0392,2021-12-29,SUP008,Malwa Print & Cartons,RM017,Product Labels (units),Packaging,units,13904.0,1.06,14738.24,18,2652.88,494.61,17885.73,5,2022-01-03,2022-01-03,0,On-Time,15
PO-2021-0393,2021-12-29,SUP001,Madhya Herbs Pvt Ltd,RM002,Tulsi Leaves (Dried),Raw Herbs,kg,344.2,206.55,71094.51,5,3554.73,2553.19,77202.43,17,2022-01-15,2022-01-15,0,On-Time,30
PO-2022-0001,2022-01-02,SUP007,Indore Packaging Solutions,RM018,Corrugated Shipping Boxes (units),Packaging,units,1420.0,28.42,40356.4,18,7264.15,2188.18,49808.73,8,2022-01-10,2022-01-10,0,On-Time,15
PO-2022-0002,2022-01-02,SUP007,Indore Packaging Solutions,RM015,HDPE Bottles 100ml (units),Packaging,units,9537.0,5.22,49783.14,18,8960.97,1094.44,59838.55,7,2022-01-09,2022-01-09,0,On-Time,15
PO-2022-0003,2022-01-03,SUP005,Chemico Excipients Ltd,RM011,Magnesium Stearate,Excipients,kg,52.1,246.46,12840.57,18,2311.3,1549.12,16700.99,14,2022-01-17,2022-01-17,0,On-Time,60
PO-2022-0004,2022-01-03,SUP003,Himalayan Herb Extracts,RM009,Triphala Extract,Herbal Extracts,kg,38.9,992.02,38589.58,12,4630.75,2169.86,45390.19,19,2022-01-22,2022-01-22,0,On-Time,45
PO-2022-0005,2022-01-04,SUP002,Vindhya Botanicals,RM003,Amla Fruit (Dried),Raw Herbs,kg,244.3,197.43,48232.15,5,2411.61,2110.12,52753.88,18,2022-01-22,2022-01-22,0,On-Time,30
PO-2022-0006,2022-01-05,SUP002,Vindhya Botanicals,RM001,Ashwagandha Root (Dried),Raw Herbs,kg,376.8,222.14,83702.35,5,4185.12,3151.73,91039.2,21,2022-01-26,2022-01-26,0,On-Time,30
PO-2022-0007,2022-01-07,SUP003,Himalayan Herb Extracts,RM005,Ashwagandha Extract (5% Withanolides),Herbal Extracts,kg,70.8,1221.4,86475.12,12,10377.01,2712.13,99564.26,17,2022-01-24,2022-01-24,0,On-Time,45
PO-2022-0008,2022-01-07,SUP003,Himalayan Herb Extracts,RM006,Brahmi Extract,Herbal Extracts,kg,32.5,1146.62,37265.15,12,4471.82,2110.55,43847.52,19,2022-01-26,2022-02-02,7,Delayed,45
PO-2022-0009,2022-01-08,SUP005,Chemico Excipients Ltd,RM012,Maize Starch,Excipients,kg,143.9,112.95,16253.51,18,2925.63,2346.58,21525.72,10,2022-01-18,2022-01-18,0,On-Time,60
PO-2022-0010,2022-01-08,SUP006,Capsico Gelatin & Capsules,RM013,"Gelatin Capsules (Size 00, '000s)",Capsules,'000 units,45.0,403.0,18135.0,12,2176.2,1432.39,21743.59,17,2022-01-25,2022-01-23,-2,Early,45
PO-2022-0011,2022-01-08,SUP008,Malwa Print & Cartons,RM017,Product Labels (units),Packaging,units,13580.0,1.19,16160.2,18,2908.84,616.83,19685.87,5,2022-01-13,2022-01-13,0,On-Time,15
PO-2022-0012,2022-01-09,SUP008,Malwa Print & Cartons,RM016,Printed Cartons (units),Packaging,units,8905.0,4.1,36510.5,18,6571.89,1837.47,44919.86,9,2022-01-18,2022-01-18,0,On-Time,15
PO-2022-0013,2022-01-10,SUP006,Capsico Gelatin & Capsules,RM014,"Veg HPMC Capsules (Size 0, '000s)",Capsules,'000 units,21.0,690.39,14498.19,12,1739.78,1268.08,17506.05,17,2022-01-27,2022-01-27,0,On-Time,45
PO-2022-0014,2022-01-11,SUP001,Madhya Herbs Pvt Ltd,RM004,Giloy Stem (Dried),Raw Herbs,kg,246.2,197.36,48590.03,5,2429.5,2252.63,53272.16,20,2022-01-31,2022-02-03,3,Delayed,30
PO-2022-0015,2022-01-12,SUP001,Madhya Herbs Pvt Ltd,RM002,Tulsi Leaves (Dried),Raw Herbs,kg,366.4,178.08,65248.51,5,3262.43,2821.49,71332.43,17,2022-01-29,2022-01-29,0,On-Time,30
PO-2022-0016,2022-01-12,SUP007,Indore Packaging Solutions,RM015,HDPE Bottles 100ml (units),Packaging,units,10442.0,5.35,55864.7,18,10055.65,1189.71,67110.06,9,2022-01-21,2022-01-21,0,On-Time,15
PO-2022-0017,2022-01-13,SUP004,Girnar Ayur Ingredients,RM007,Shatavari Extract,Herbal Extracts,kg,28.1,1085.94,30514.91,12,3661.79,1278.34,35455.04,19,2022-02-01,2022-02-01,0,On-Time,45
PO-2022-0018,2022-01-14,SUP007,Indore Packaging Solutions,RM018,Corrugated Shipping Boxes (units),Packaging,units,1420.0,29.12,41350.4,18,7443.07,2448.59,51242.06,7,2022-01-21,2022-01-22,1,Delayed,15
PO-2022-0019,2022-01-14,SUP005,Chemico Excipients Ltd,RM010,Microcrystalline Cellulose (MCC),Excipients,kg,210.4,136.37,28692.25,18,5164.6,3041.22,36898.07,12,2022-01-26,2022-01-26,0,On-Time,60
PO-2022-0020,2022-01-16,SUP004,Girnar Ayur Ingredients,RM008,Turmeric Curcumin Extract (95%),Herbal Extracts,kg,49.5,1916.57,94870.21,12,11384.43,1552.3,107806.94,14,2022-01-30,2022-01-30,0,On-Time,45
PO-2022-0021,2022-01-19,SUP008,Malwa Print & Cartons,RM017,Product Labels (units),Packaging,units,14518.0,1.15,16695.7,18,3005.23,576.28,20277.21,6,2022-01-25,2022-01-28,3,Delayed,15
PO-2022-0022,2022-01-21,SUP008,Malwa Print & Cartons,RM016,Printed Cartons (units),Packaging,units,8710.0,3.9,33969.0,18,6114.42,1882.23,41965.65,9,2022-01-30,2022-02-02,3,Delayed,15
PO-2022-0023,2022-01-22,SUP002,Vindhya Botanicals,RM003,Amla Fruit (Dried),Raw Herbs,kg,237.6,198.34,47125.58,5,2356.28,2137.63,51619.49,20,2022-02-11,2022-02-11,0,On-Time,30
PO-2022-0024,2022-01-23,SUP001,Madhya Herbs Pvt Ltd,RM001,Ashwagandha Root (Dried),Raw Herbs,kg,453.9,235.42,106857.14,5,5342.86,3714.48,115914.48,21,2022-02-13,2022-02-13,0,On-Time,30
PO-2022-0025,2022-01-23,SUP007,Indore Packaging Solutions,RM015,HDPE Bottles 100ml (units),Packaging,units,10995.0,5.5,60472.5,18,10885.05,1175.37,72532.92,7,2022-01-30,2022-01-30,0,On-Time,15
PO-2022-0026,2022-01-24,SUP005,Chemico Excipients Ltd,RM011,Magnesium Stearate,Excipients,kg,48.3,237.46,11469.32,18,2064.48,1553.98,15087.78,14,2022-02-07,2022-02-07,0,On-Time,60
PO-2022-0027,2022-01-27,SUP003,Himalayan Herb Extracts,RM009,Triphala Extract,Herbal Extracts,kg,35.4,1036.32,36685.73,12,4402.29,2024.87,43112.89,21,2022-02-17,2022-02-17,0,On-Time,45
PO-2022-0028,2022-01-27,SUP007,Indore Packaging Solutions,RM018,Corrugated Shipping Boxes (units),Packaging,units,1471.0,27.4,40305.4,18,7254.97,2469.67,50030.04,8,2022-02-04,2022-02-04,0,On-Time,15
PO-2022-0029,2022-01-28,SUP003,Himalayan Herb Extracts,RM006,Brahmi Extract,Herbal Extracts,kg,36.7,1129.24,41443.11,12,4973.17,2235.11,48651.39,20,2022-02-17,2022-02-25,8,Delayed,45
PO-2022-0030,2022-01-28,SUP006,Capsico Gelatin & Capsules,RM013,"Gelatin Capsules (Size 00, '000s)",Capsules,'000 units,38.0,399.13,15166.94,12,1820.03,1422.97,18409.94,16,2022-02-13,2022-02-13,0,On-Time,45
PO-2022-0031,2022-01-29,SUP008,Malwa Print & Cartons,RM017,Product Labels (units),Packaging,units,12901.0,1.18,15223.18,18,2740.17,564.98,18528.33,7,2022-02-05,2022-02-05,0,On-Time,15
PO-2022-0032,2022-01-30,SUP005,Chemico Excipients Ltd,RM012,Maize Starch,Excipients,kg,146.5,108.18,15848.37,18,2852.71,2741.37,21442.45,11,2022-02-10,2022-02-10,0,On-Time,60
PO-2022-0033,2022-01-30,SUP001,Madhya Herbs Pvt Ltd,RM002,Tulsi Leaves (Dried),Raw Herbs,kg,365.7,184.89,67614.27,5,3380.71,3015.21,74010.19,15,2022-02-14,2022-02-14,0,On-Time,30
PO-2022-0034,2022-01-30,SUP006,Capsico Gelatin & Capsules,RM014,"Veg HPMC Capsules (Size 0, '000s)",Capsules,'000 units,19.0,701.13,13321.47,12,1598.58,1135.44,16055.49,15,2022-02-14,2022-02-14,0,On-Time,45
PO-2022-0035,2022-01-31,SUP004,Girnar Ayur Ingredients,RM005,Ashwagandha Extract (5% Withanolides),Herbal Extracts,kg,69.6,1214.47,84527.11,12,10143.25,1882.03,96552.39,16,2022-02-16,2022-02-15,-1,Early,45
PO-2022-0036,2022-01-31,SUP001,Madhya Herbs Pvt Ltd,RM004,Giloy Stem (Dried),Raw Herbs,kg,238.0,189.95,45208.1,5,2260.41,2144.75,49613.26,21,2022-02-21,2022-02-21,0,On-Time,30
PO-2022-0037,2022-02-02,SUP007,Indore Packaging Solutions,RM015,HDPE Bottles 100ml (units),Packaging,units,10412.0,5.32,55391.84,18,9970.53,1123.23,66485.6,7,2022-02-09,2022-02-08,-1,Early,15
PO-2022-0038,2022-02-03,SUP004,Girnar Ayur Ingredients,RM007,Shatavari Extract,Herbal Extracts,kg,28.0,1009.19,28257.32,12,3390.88,1331.46,32979.66,19,2022-02-22,2022-02-21,-1,Early,45
PO-2022-0039,2022-02-03,SUP005,Chemico Excipients Ltd,RM010,Microcrystalline Cellulose (MCC),Excipients,kg,183.0,144.61,26463.63,18,4763.45,2947.38,34174.46,13,2022-02-16,2022-02-16,0,On-Time,60
PO-2022-0040,2022-02-03,SUP008,Malwa Print & Cartons,RM016,Printed Cartons (units),Packaging,units,9624.0,3.95,38014.8,18,6842.66,1955.35,46812.81,7,2022-02-10,2022-02-10,0,On-Time,15
PO-2022-0041,2022-02-06,SUP004,Girnar Ayur Ingredients,RM008,Turmeric Curcumin Extract (95%),Herbal Extracts,kg,49.5,1881.05,93111.97,12,11173.44,1638.93,105924.34,13,2022-02-19,2022-02-19,0,On-Time,45
PO-2022-0042,2022-02-07,SUP001,Madhya Herbs Pvt Ltd,RM001,Ashwagandha Root (Dried),Raw Herbs,kg,439.6,232.8,102338.88,5,5116.94,3704.45,111160.27,19,2022-02-26,2022-02-26,0,On-Time,30
PO-2022-0043,2022-02-08,SUP007,Indore Packaging Solutions,RM018,Corrugated Shipping Boxes (units),Packaging,units,1466.0,27.36,40109.76,18,7219.76,2561.78,49891.3,9,2022-02-17,2022-02-17,0,On-Time,15
PO-2022-0044,2022-02-09,SUP002,Vindhya Botanicals,RM003,Amla Fruit (Dried),Raw Herbs,kg,231.9,206.58,47905.9,5,2395.3,2315.82,52617.02,19,2022-02-28,2022-02-28,0,On-Time,30
PO-2022-0045,2022-02-10,SUP008,Malwa Print & Cartons,RM017,Product Labels (units),Packaging,units,13399.0,1.13,15140.87,18,2725.36,589.75,18455.98,5,2022-02-15,2022-02-18,3,Delayed,15
PO-2022-0046,2022-02-12,SUP001,Madhya Herbs Pvt Ltd,RM002,Tulsi Leaves (Dried),Raw Herbs,kg,379.0,184.31,69853.49,5,3492.67,3178.79,76524.95,16,2022-02-28,2022-02-28,0,On-Time,30
PO-2022-0047,2022-02-12,SUP007,Indore Packaging Solutions,RM015,HDPE Bottles 100ml (units),Packaging,units,10169.0,5.57,56641.33,18,10195.44,1147.93,67984.7,9,2022-02-21,2022-02-21,0,On-Time,15
PO-2022-0048,2022-02-14,SUP005,Chemico Excipients Ltd,RM011,Magnesium Stearate,Excipients,kg,45.6,244.06,11129.14,18,2003.25,1408.45,14540.84,14,2022-02-28,2022-02-28,0,On-Time,60
PO-2022-0049,2022-02-15,SUP008,Malwa Print & Cartons,RM016,Printed Cartons (units),Packaging,units,9312.0,3.89,36223.68,18,6520.26,2087.55,44831.49,7,2022-02-22,2022-02-20,-2,Early,15
PO-2022-0050,2022-02-15,SUP001,Madhya Herbs Pvt Ltd,RM004,Giloy Stem (Dried),Raw Herbs,kg,243.4,196.94,47935.2,5,2396.76,2109.82,52441.78,19,2022-03-06,2022-03-06,0,On-Time,30
PO-2022-0051,2022-02-17,SUP006,Capsico Gelatin & Capsules,RM013,"Gelatin Capsules (Size 00, '000s)",Capsules,'000 units,43.0,419.54,18040.22,12,2164.83,1510.05,21715.1,16,2022-03-05,2022-03-11,6,Delayed,45
PO-2022-0052,2022-02-18,SUP005,Chemico Excipients Ltd,RM012,Maize Starch,Excipients,kg,162.1,106.59,17278.24,18,3110.08,2721.03,23109.35,8,2022-02-26,2022-02-26,0,On-Time,60
PO-2022-0053,2022-02-20,SUP007,Indore Packaging Solutions,RM018,Corrugated Shipping Boxes (units),Packaging,units,1400.0,28.0,39200.0,18,7056.0,2422.13,48678.13,7,2022-02-27,2022-02-27,0,On-Time,15
PO-2022-0054,2022-02-20,SUP006,Capsico Gelatin & Capsules,RM014,"Veg HPMC Capsules (Size 0, '000s)",Capsules,'000 units,22.0,676.56,14884.32,12,1786.12,1150.14,17820.58,14,2022-03-06,2022-03-06,0,On-Time,45
PO-2022-0055,2022-02-21,SUP008,Malwa Print & Cartons,RM017,Product Labels (units),Packaging,units,12802.0,1.15,14722.3,18,2650.01,569.1,17941.41,7,2022-02-28,2022-02-28,0,On-Time,15
PO-2022-0056,2022-02-22,SUP003,Himalayan Herb Extracts,RM009,Triphala Extract,Herbal Extracts,kg,38.4,1030.79,39582.34,12,4749.88,2180.97,46513.19,18,2022-03-12,2022-03-12,0,On-Time,45
PO-2022-0057,2022-02-22,SUP001,Madhya Herbs Pvt Ltd,RM001,Ashwagandha Root (Dried),Raw Herbs,kg,459.3,232.46,106768.88,5,5338.44,3376.32,115483.64,20,2022-03-14,2022-03-14,0,On-Time,30
PO-2022-0058,2022-02-22,SUP003,Himalayan Herb Extracts,RM006,Brahmi Extract,Herbal Extracts,kg,31.7,1148.19,36397.62,12,4367.71,1968.36,42733.69,22,2022-03-16,2022-03-16,0,On-Time,45
PO-2022-0059,2022-02-22,SUP004,Girnar Ayur Ingredients,RM005,Ashwagandha Extract (5% Withanolides),Herbal Extracts,kg,70.1,1221.09,85598.41,12,10271.81,1864.11,97734.33,14,2022-03-08,2022-03-07,-1,Early,45
PO-2022-0060,2022-02-24,SUP007,Indore Packaging Solutions,RM015,HDPE Bottles 100ml (units),Packaging,units,10504.0,5.21,54725.84,18,9850.65,1154.62,65731.11,6,2022-03-02,2022-03-02,0,On-Time,15
PO-2022-0061,2022-02-24,SUP004,Girnar Ayur Ingredients,RM008,Turmeric Curcumin Extract (95%),Herbal Extracts,kg,53.2,1806.56,96108.99,12,11533.08,1489.06,109131.13,15,2022-03-11,2022-03-17,6,Delayed,45
PO-2022-0062,2022-02-26,SUP005,Chemico Excipients Ltd,RM010,Microcrystalline Cellulose (MCC),Excipients,kg,181.1,140.77,25493.45,18,4588.82,3133.57,33215.84,12,2022-03-10,2022-03-08,-2,Early,60
PO-2022-0063,2022-02-26,SUP008,Malwa Print & Cartons,RM016,Printed Cartons (units),Packaging,units,9163.0,4.05,37110.15,18,6679.83,1870.3,45660.28,10,2022-03-08,2022-03-08,0,On-Time,15
PO-2022-0064,2022-03-01,SUP001,Madhya Herbs Pvt Ltd,RM002,Tulsi Leaves (Dried),Raw Herbs,kg,303.4,183.67,55725.48,5,2786.27,2624.52,61136.27,23,2022-03-24,2022-03-24,0,On-Time,30
PO-2022-0065,2022-03-01,SUP002,Vindhya Botanicals,RM003,Amla Fruit (Dried),Raw Herbs,kg,210.9,205.66,43373.69,5,2168.68,1927.65,47470.02,25,2022-03-26,2022-03-24,-2,Early,30
PO-2022-0066,2022-03-02,SUP004,Girnar Ayur Ingredients,RM007,Shatavari Extract,Herbal Extracts,kg,27.0,1070.77,28910.79,12,3469.29,1362.69,33742.77,18,2022-03-20,2022-03-20,0,On-Time,45
PO-2022-0067,2022-03-04,SUP008,Malwa Print & Cartons,RM017,Product Labels (units),Packaging,units,10824.0,1.16,12555.84,18,2260.05,594.78,15410.67,6,2022-03-10,2022-03-13,3,Delayed,15
PO-2022-0068,2022-03-04,SUP007,Indore Packaging Solutions,RM018,Corrugated Shipping Boxes (units),Packaging,units,1271.0,27.07,34405.97,18,6193.07,2127.92,42726.96,8,2022-03-12,2022-03-12,0,On-Time,15
PO-2022-0069,2022-03-05,SUP001,Madhya Herbs Pvt Ltd,RM004,Giloy Stem (Dried),Raw Herbs,kg,213.8,196.21,41949.7,5,2097.49,2004.69,46051.88,24,2022-03-29,2022-03-28,-1,Early,30
PO-2022-0070,2022-03-08,SUP007,Indore Packaging Solutions,RM015,HDPE Bottles 100ml (units),Packaging,units,7827.0,5.19,40622.13,18,7311.98,997.55,48931.66,7,2022-03-15,2022-03-15,0,On-Time,15
PO-2022-0071,2022-03-08,SUP008,Malwa Print & Cartons,RM016,Printed Cartons (units),Packaging,units,7447.0,4.03,30011.41,18,5402.05,1772.88,37186.34,10,2022-03-18,2022-03-18,0,On-Time,15
PO-2022-0072,2022-03-09,SUP005,Chemico Excipients Ltd,RM011,Magnesium Stearate,Excipients,kg,42.6,249.06,10609.96,18,1909.79,1477.26,13997.01,11,2022-03-20,2022-03-18,-2,Early,60
PO-2022-0073,2022-03-09,SUP006,Capsico Gelatin & Capsules,RM013,"Gelatin Capsules (Size 00, '000s)",Capsules,'000 units,38.0,422.44,16052.72,12,1926.33,1355.69,19334.74,13,2022-03-22,2022-03-22,0,On-Time,45
PO-2022-0074,2022-03-10,SUP002,Vindhya Botanicals,RM001,Ashwagandha Root (Dried),Raw Herbs,kg,321.4,224.57,72176.8,5,3608.84,2949.47,78735.11,25,2022-04-04,2022-04-04,0,On-Time,30
PO-2022-0075,2022-03-12,SUP006,Capsico Gelatin & Capsules,RM014,"Veg HPMC Capsules (Size 0, '000s)",Capsules,'000 units,17.0,677.66,11520.22,12,1382.43,1203.29,14105.94,14,2022-03-26,2022-03-26,0,On-Time,45
PO-2022-0076,2022-03-12,SUP005,Chemico Excipients Ltd,RM012,Maize Starch,Excipients,kg,127.2,110.51,14056.87,18,2530.24,2186.04,18773.15,10,2022-03-22,2022-03-22,0,On-Time,60
PO-2022-0077,2022-03-14,SUP004,Girnar Ayur Ingredients,RM008,Turmeric Curcumin Extract (95%),Herbal Extracts,kg,44.8,1812.16,81184.77,12,9742.17,1488.91,92415.85,17,2022-03-31,2022-04-05,5,Delayed,45
PO-2022-0078,2022-03-15,SUP004,Girnar Ayur Ingredients,RM005,Ashwagandha Extract (5% Withanolides),Herbal Extracts,kg,51.5,1187.31,61146.46,12,7337.58,1652.8,70136.84,18,2022-04-02,2022-04-02,0,On-Time,45
PO-2022-0079,2022-03-16,SUP005,Chemico Excipients Ltd,RM010,Microcrystalline Cellulose (MCC),Excipients,kg,174.9,142.99,25008.95,18,4501.61,2746.38,32256.94,10,2022-03-26,2022-03-26,0,On-Time,60
PO-2022-0080,2022-03-18,SUP007,Indore Packaging Solutions,RM018,Corrugated Shipping Boxes (units),Packaging,units,1333.0,28.82,38417.06,18,6915.07,2267.31,47599.44,10,2022-03-28,2022-03-28,0,On-Time,15
PO-2022-0081,2022-03-18,SUP003,Himalayan Herb Extracts,RM009,Triphala Extract,Herbal Extracts,kg,31.1,1006.11,31290.02,12,3754.8,2006.75,37051.57,21,2022-04-08,2022-04-08,0,On-Time,45
PO-2022-0082,2022-03-19,SUP003,Himalayan Herb Extracts,RM006,Brahmi Extract,Herbal Extracts,kg,26.6,1113.87,29628.94,12,3555.47,2042.78,35227.19,19,2022-04-07,2022-04-07,0,On-Time,45
PO-2022-0083,2022-03-19,SUP008,Malwa Print & Cartons,RM017,Product Labels (units),Packaging,units,11356.0,1.17,13286.52,18,2391.57,565.44,16243.53,7,2022-03-26,2022-03-28,2,Delayed,15
PO-2022-0084,2022-03-22,SUP002,Vindhya Botanicals,RM002,Tulsi Leaves (Dried),Raw Herbs,kg,289.4,181.02,52387.19,5,2619.36,2631.24,57637.79,24,2022-04-15,2022-04-14,-1,Early,30
PO-2022-0085,2022-03-22,SUP007,Indore Packaging Solutions,RM015,HDPE Bottles 100ml (units),Packaging,units,8424.0,5.39,45405.36,18,8172.96,955.75,54534.07,7,2022-03-29,2022-03-29,0,On-Time,15
PO-2022-0086,2022-03-23,SUP008,Malwa Print & Cartons,RM016,Printed Cartons (units),Packaging,units,7693.0,3.81,29310.33,18,5275.86,1654.81,36241.0,10,2022-04-02,2022-04-06,4,Delayed,15
PO-2022-0087,2022-03-25,SUP002,Vindhya Botanicals,RM003,Amla Fruit (Dried),Raw Herbs,kg,223.8,201.15,45017.37,5,2250.87,1954.28,49222.52,26,2022-04-20,2022-04-25,5,Delayed,30
PO-2022-0088,2022-03-28,SUP001,Madhya Herbs Pvt Ltd,RM004,Giloy Stem (Dried),Raw Herbs,kg,204.0,192.93,39357.72,5,1967.89,1969.87,43295.48,27,2022-04-24,2022-04-24,0,On-Time,30
PO-2022-0089,2022-03-29,SUP006,Capsico Gelatin & Capsules,RM013,"Gelatin Capsules (Size 00, '000s)",Capsules,'000 units,35.0,395.72,13850.2,12,1662.02,1311.73,16823.95,17,2022-04-15,2022-04-15,0,On-Time,45
PO-2022-0090,2022-03-31,SUP002,Vindhya Botanicals,RM001,Ashwagandha Root (Dried),Raw Herbs,kg,381.2,226.74,86433.29,5,4321.66,3166.84,93921.79,26,2022-04-26,2022-04-26,0,On-Time,30
PO-2022-0091,2022-04-01,SUP007,Indore Packaging Solutions,RM018,Corrugated Shipping Boxes (units),Packaging,units,911.0,28.17,25662.87,18,4619.32,1752.1,32034.29,8,2022-04-09,2022-04-09,0,On-Time,15
PO-2022-0092,2022-04-01,SUP004,Girnar Ayur Ingredients,RM007,Shatavari Extract,Herbal Extracts,kg,20.5,1055.37,21635.08,12,2596.21,1212.02,25443.31,18,2022-04-19,2022-04-19,0,On-Time,45
PO-2022-0093,2022-04-02,SUP008,Malwa Print & Cartons,RM017,Product Labels (units),Packaging,units,8359.0,1.12,9362.08,18,1685.17,532.35,11579.6,8,2022-04-10,2022-04-10,0,On-Time,15
PO-2022-0094,2022-04-03,SUP005,Chemico Excipients Ltd,RM012,Maize Starch,Excipients,kg,102.8,111.8,11493.04,18,2068.75,2159.95,15721.74,10,2022-04-13,2022-04-13,0,On-Time,60
PO-2022-0095,2022-04-05,SUP008,Malwa Print & Cartons,RM016,Printed Cartons (units),Packaging,units,5896.0,4.11,24232.56,18,4361.86,1460.11,30054.53,7,2022-04-12,2022-04-12,0,On-Time,15
PO-2022-0096,2022-04-05,SUP007,Indore Packaging Solutions,RM015,HDPE Bottles 100ml (units),Packaging,units,5978.0,5.28,31563.84,18,5681.49,751.44,37996.77,7,2022-04-12,2022-04-12,0,On-Time,15
PO-2022-0097,2022-04-07,SUP004,Girnar Ayur Ingredients,RM008,Turmeric Curcumin Extract (95%),Herbal Extracts,kg,28.9,1853.36,53562.1,12,6427.45,1285.94,61275.49,20,2022-04-27,2022-04-26,-1,Early,45
PO-2022-0098,2022-04-07,SUP006,Capsico Gelatin & Capsules,RM014,"Veg HPMC Capsules (Size 0, '000s)",Capsules,'000 units,13.0,705.77,9175.01,12,1101.0,1126.03,11402.04,17,2022-04-24,2022-04-22,-2,Early,45
PO-2022-0099,2022-04-08,SUP005,Chemico Excipients Ltd,RM011,Magnesium Stearate,Excipients,kg,32.5,249.58,8111.35,18,1460.04,1291.91,10863.3,12,2022-04-20,2022-04-20,0,On-Time,60
PO-2022-0100,2022-04-09,SUP005,Chemico Excipients Ltd,RM010,Microcrystalline Cellulose (MCC),Excipients,kg,133.2,137.67,18337.64,18,3300.78,2436.23,24074.65,10,2022-04-19,2022-04-19,0,On-Time,60
PO-2022-0101,2022-04-11,SUP002,Vindhya Botanicals,RM002,Tulsi Leaves (Dried),Raw Herbs,kg,215.7,176.21,38008.5,5,1900.42,2061.7,41970.62,24,2022-05-05,2022-05-05,0,On-Time,30
PO-2022-0102,2022-04-12,SUP004,Girnar Ayur Ingredients,RM005,Ashwagandha Extract (5% Withanolides),Herbal Extracts,kg,38.1,1211.02,46139.86,12,5536.78,1367.87,53044.51,21,2022-05-03,2022-05-03,0,On-Time,45
PO-2022-0103,2022-04-14,SUP003,Himalayan Herb Extracts,RM009,Triphala Extract,Herbal Extracts,kg,24.8,1006.02,24949.3,12,2993.92,2092.37,30035.59,18,2022-05-02,2022-05-02,0,On-Time,45
PO-2022-0104,2022-04-18,SUP001,Madhya Herbs Pvt Ltd,RM004,Giloy Stem (Dried),Raw Herbs,kg,159.2,193.48,30802.02,5,1540.1,1634.85,33976.97,25,2022-05-13,2022-05-13,0,On-Time,30
PO-2022-0105,2022-04-18,SUP002,Vindhya Botanicals,RM003,Amla Fruit (Dried),Raw Herbs,kg,155.4,203.49,31622.35,5,1581.12,1559.02,34762.49,22,2022-05-10,2022-05-10,0,On-Time,30
PO-2022-0106,2022-04-20,SUP001,Madhya Herbs Pvt Ltd,RM001,Ashwagandha Root (Dried),Raw Herbs,kg,255.9,229.92,58836.53,5,2941.83,2172.41,63950.77,24,2022-05-14,2022-05-14,0,On-Time,30
PO-2022-0107,2022-04-20,SUP003,Himalayan Herb Extracts,RM006,Brahmi Extract,Herbal Extracts,kg,19.8,1082.18,21427.16,12,2571.26,1830.14,25828.56,19,2022-05-09,2022-05-09,0,On-Time,45
PO-2022-0108,2022-04-21,SUP008,Malwa Print & Cartons,RM017,Product Labels (units),Packaging,units,9039.0,1.17,10575.63,18,1903.61,556.77,13036.01,6,2022-04-27,2022-04-27,0,On-Time,15
PO-2022-0109,2022-04-21,SUP007,Indore Packaging Solutions,RM018,Corrugated Shipping Boxes (units),Packaging,units,895.0,29.08,26026.6,18,4684.79,1571.5,32282.89,8,2022-04-29,2022-04-29,0,On-Time,15
PO-2022-0110,2022-04-21,SUP007,Indore Packaging Solutions,RM015,HDPE Bottles 100ml (units),Packaging,units,6499.0,5.39,35029.61,18,6305.33,891.92,42226.86,10,2022-05-01,2022-04-29,-2,Early,15
PO-2022-0111,2022-04-23,SUP006,Capsico Gelatin & Capsules,RM013,"Gelatin Capsules (Size 00, '000s)",Capsules,'000 units,26.0,410.62,10676.12,12,1281.13,1232.04,13189.29,16,2022-05-09,2022-05-07,-2,Early,45
PO-2022-0112,2022-04-25,SUP008,Malwa Print & Cartons,RM016,Printed Cartons (units),Packaging,units,6231.0,4.1,25547.1,18,4598.48,1590.04,31735.62,8,2022-05-03,2022-05-03,0,On-Time,15
PO-2022-0113,2022-05-05,SUP006,Capsico Gelatin & Capsules,RM014,"Veg HPMC Capsules (Size 0, '000s)",Capsules,'000 units,14.0,695.42,9735.88,12,1168.31,1183.75,12087.94,17,2022-05-22,2022-05-21,-1,Early,45
PO-2022-0114,2022-05-05,SUP005,Chemico Excipients Ltd,RM012,Maize Starch,Excipients,kg,103.4,112.36,11618.02,18,2091.24,2110.45,15819.71,11,2022-05-16,2022-05-16,0,On-Time,60
PO-2022-0115,2022-05-07,SUP007,Indore Packaging Solutions,RM015,HDPE Bottles 100ml (units),Packaging,units,5927.0,5.18,30701.86,18,5526.33,857.43,37085.62,6,2022-05-13,2022-05-13,0,On-Time,15
PO-2022-0116,2022-05-08,SUP008,Malwa Print & Cartons,RM017,Product Labels (units),Packaging,units,8206.0,1.18,9683.08,18,1742.95,538.22,11964.25,8,2022-05-16,2022-05-16,0,On-Time,15
PO-2022-0117,2022-05-09,SUP001,Madhya Herbs Pvt Ltd,RM002,Tulsi Leaves (Dried),Raw Herbs,kg,229.1,174.15,39897.76,5,1994.89,2061.6,43954.25,21,2022-05-30,2022-05-30,0,On-Time,30
PO-2022-0118,2022-05-12,SUP004,Girnar Ayur Ingredients,RM008,Turmeric Curcumin Extract (95%),Herbal Extracts,kg,31.1,1906.24,59284.06,12,7114.09,1270.65,67668.8,19,2022-05-31,2022-05-29,-2,Early,45
PO-2022-0119,2022-05-12,SUP004,Girnar Ayur Ingredients,RM007,Shatavari Extract,Herbal Extracts,kg,19.1,1008.41,19260.63,12,2311.28,1252.48,22824.39,19,2022-05-31,2022-06-05,5,Delayed,45
PO-2022-0120,2022-05-13,SUP005,Chemico Excipients Ltd,RM011,Magnesium Stearate,Excipients,kg,32.5,240.37,7812.03,18,1406.17,1451.2,10669.4,12,2022-05-25,2022-05-23,-2,Early,60
PO-2022-0121,2022-05-13,SUP007,Indore Packaging Solutions,RM018,Corrugated Shipping Boxes (units),Packaging,units,910.0,28.52,25953.2,18,4671.58,1733.11,32357.89,6,2022-05-19,2022-05-19,0,On-Time,15
PO-2022-0122,2022-05-13,SUP008,Malwa Print & Cartons,RM016,Printed Cartons (units),Packaging,units,5482.0,3.87,21215.34,18,3818.76,1324.14,26358.24,11,2022-05-24,2022-05-27,3,Delayed,15
PO-2022-0123,2022-05-14,SUP001,Madhya Herbs Pvt Ltd,RM001,Ashwagandha Root (Dried),Raw Herbs,kg,268.5,228.77,61424.75,5,3071.24,2360.29,66856.28,24,2022-06-07,2022-06-07,0,On-Time,30
PO-2022-0124,2022-05-15,SUP005,Chemico Excipients Ltd,RM010,Microcrystalline Cellulose (MCC),Excipients,kg,132.4,136.77,18108.35,18,3259.5,2436.7,23804.55,12,2022-05-27,2022-05-30,3,Delayed,60
PO-2022-0125,2022-05-15,SUP001,Madhya Herbs Pvt Ltd,RM004,Giloy Stem (Dried),Raw Herbs,kg,155.0,198.03,30694.65,5,1534.73,1534.53,33763.91,27,2022-06-11,2022-06-11,0,On-Time,30
PO-2022-0126,2022-05-18,SUP002,Vindhya Botanicals,RM003,Amla Fruit (Dried),Raw Herbs,kg,148.3,205.6,30490.48,5,1524.52,1540.39,33555.39,23,2022-06-10,2022-06-10,0,On-Time,30
PO-2022-0127,2022-05-18,SUP003,Himalayan Herb Extracts,RM005,Ashwagandha Extract (5% Withanolides),Herbal Extracts,kg,39.2,1233.41,48349.67,12,5801.96,2022.53,56174.16,22,2022-06-09,2022-06-09,0,On-Time,45
PO-2022-0128,2022-05-22,SUP007,Indore Packaging Solutions,RM015,HDPE Bottles 100ml (units),Packaging,units,6011.0,5.54,33300.94,18,5994.17,842.42,40137.53,8,2022-05-30,2022-05-30,0,On-Time,15
PO-2022-0129,2022-05-22,SUP006,Capsico Gelatin & Capsules,RM013,"Gelatin Capsules (Size 00, '000s)",Capsules,'000 units,27.0,411.06,11098.62,12,1331.83,1350.15,13780.6,13,2022-06-04,2022-06-04,0,On-Time,45
PO-2022-0130,2022-05-23,SUP003,Himalayan Herb Extracts,RM009,Triphala Extract,Herbal Extracts,kg,22.0,1002.4,22052.8,12,2646.34,1862.01,26561.15,22,2022-06-14,2022-06-14,0,On-Time,45
PO-2022-0131,2022-05-23,SUP008,Malwa Print & Cartons,RM017,Product Labels (units),Packaging,units,8575.0,1.18,10118.5,18,1821.33,540.67,12480.5,5,2022-05-28,2022-05-28,0,On-Time,15
PO-2022-0132,2022-05-25,SUP003,Himalayan Herb Extracts,RM006,Brahmi Extract,Herbal Extracts,kg,19.1,1109.91,21199.28,12,2543.91,1968.79,25711.98,20,2022-06-14,2022-06-14,0,On-Time,45
PO-2022-0133,2022-05-29,SUP008,Malwa Print & Cartons,RM016,Printed Cartons (units),Packaging,units,5398.0,3.9,21052.2,18,3789.4,1244.27,26085.87,10,2022-06-08,2022-06-08,0,On-Time,15
PO-2022-0134,2022-05-31,SUP002,Vindhya Botanicals,RM002,Tulsi Leaves (Dried),Raw Herbs,kg,229.2,183.25,42000.9,5,2100.05,2224.7,46325.65,23,2022-06-23,2022-06-23,0,On-Time,30
PO-2022-0135,2022-06-02,SUP007,Indore Packaging Solutions,RM018,Corrugated Shipping Boxes (units),Packaging,units,914.0,27.84,25445.76,18,4580.24,1629.63,31655.63,9,2022-06-11,2022-06-11,0,On-Time,15
PO-2022-0136,2022-06-05,SUP005,Chemico Excipients Ltd,RM012,Maize Starch,Excipients,kg,85.3,105.14,8968.44,18,1614.32,1876.7,12459.46,12,2022-06-17,2022-06-17,0,On-Time,60
PO-2022-0137,2022-06-08,SUP006,Capsico Gelatin & Capsules,RM014,"Veg HPMC Capsules (Size 0, '000s)",Capsules,'000 units,14.0,708.06,9912.84,12,1189.54,1251.12,12353.5,15,2022-06-23,2022-06-23,0,On-Time,45
PO-2022-0138,2022-06-09,SUP008,Malwa Print & Cartons,RM017,Product Labels (units),Packaging,units,8458.0,1.18,9980.44,18,1796.48,550.14,12327.06,6,2022-06-15,2022-06-15,0,On-Time,15
PO-2022-0139,2022-06-09,SUP001,Madhya Herbs Pvt Ltd,RM001,Ashwagandha Root (Dried),Raw Herbs,kg,260.7,225.34,58746.14,5,2937.31,2371.73,64055.18,33,2022-07-12,2022-07-12,0,On-Time,30
PO-2022-0140,2022-06-09,SUP007,Indore Packaging Solutions,RM015,HDPE Bottles 100ml (units),Packaging,units,6162.0,5.31,32720.22,18,5889.64,761.88,39371.74,6,2022-06-15,2022-06-13,-2,Early,15
PO-2022-0141,2022-06-10,SUP001,Madhya Herbs Pvt Ltd,RM004,Giloy Stem (Dried),Raw Herbs,kg,141.8,198.38,28130.28,5,1406.51,1560.36,31097.15,36,2022-07-16,2022-07-16,0,On-Time,30
PO-2022-0142,2022-06-13,SUP002,Vindhya Botanicals,RM003,Amla Fruit (Dried),Raw Herbs,kg,170.2,199.08,33883.42,5,1694.17,1872.48,37450.07,34,2022-07-17,2022-07-23,6,Delayed,30
PO-2022-0143,2022-06-17,SUP003,Himalayan Herb Extracts,RM005,Ashwagandha Extract (5% Withanolides),Herbal Extracts,kg,39.0,1188.61,46355.79,12,5562.69,2297.72,54216.2,28,2022-07-15,2022-07-15,0,On-Time,45
PO-2022-0144,2022-06-17,SUP008,Malwa Print & Cartons,RM016,Printed Cartons (units),Packaging,units,5373.0,4.05,21760.65,18,3916.92,1255.05,26932.62,8,2022-06-25,2022-06-24,-1,Early,15
PO-2022-0145,2022-06-17,SUP004,Girnar Ayur Ingredients,RM008,Turmeric Curcumin Extract (95%),Herbal Extracts,kg,32.0,1785.59,57138.88,12,6856.67,1270.75,65266.3,27,2022-07-14,2022-07-14,0,On-Time,45
PO-2022-0146,2022-06-20,SUP005,Chemico Excipients Ltd,RM010,Microcrystalline Cellulose (MCC),Excipients,kg,116.9,140.25,16395.23,18,2951.14,2353.79,21700.16,11,2022-07-01,2022-07-01,0,On-Time,60
PO-2022-0147,2022-06-21,SUP005,Chemico Excipients Ltd,RM011,Magnesium Stearate,Excipients,kg,28.6,251.06,7180.32,18,1292.46,1419.32,9892.1,13,2022-07-04,2022-07-04,0,On-Time,60
PO-2022-0148,2022-06-23,SUP004,Girnar Ayur Ingredients,RM007,Shatavari Extract,Herbal Extracts,kg,18.8,1052.26,19782.49,12,2373.9,1149.98,23306.37,20,2022-07-13,2022-07-18,5,Delayed,45
PO-2022-0149,2022-06-24,SUP006,Capsico Gelatin & Capsules,RM013,"Gelatin Capsules (Size 00, '000s)",Capsules,'000 units,28.0,399.15,11176.2,12,1341.14,1305.57,13822.91,16,2022-07-10,2022-07-10,0,On-Time,45
PO-2022-0150,2022-06-25,SUP007,Indore Packaging Solutions,RM018,Corrugated Shipping Boxes (units),Packaging,units,1003.0,27.16,27241.48,18,4903.47,1866.32,34011.27,6,2022-07-01,2022-07-01,0,On-Time,15
PO-2022-0151,2022-06-26,SUP001,Madhya Herbs Pvt Ltd,RM002,Tulsi Leaves (Dried),Raw Herbs,kg,215.7,178.73,38552.06,5,1927.6,2016.61,42496.27,29,2022-07-25,2022-07-25,0,On-Time,30
PO-2022-0152,2022-06-27,SUP008,Malwa Print & Cartons,RM017,Product Labels (units),Packaging,units,8368.0,1.16,9706.88,18,1747.24,546.97,12001.09,7,2022-07-04,2022-07-04,0,On-Time,15
PO-2022-0153,2022-06-27,SUP007,Indore Packaging Solutions,RM015,HDPE Bottles 100ml (units),Packaging,units,6738.0,5.5,37059.0,18,6670.62,910.72,44640.34,8,2022-07-05,2022-07-03,-2,Early,15
PO-2022-0154,2022-06-28,SUP003,Himalayan Herb Extracts,RM009,Triphala Extract,Herbal Extracts,kg,22.6,966.12,21834.31,12,2620.12,1932.4,26386.83,20,2022-07-18,2022-07-18,0,On-Time,45
PO-2022-0155,2022-07-02,SUP001,Madhya Herbs Pvt Ltd,RM001,Ashwagandha Root (Dried),Raw Herbs,kg,326.7,231.31,75568.98,5,3778.45,2743.12,82090.55,34,2022-08-05,2022-08-05,0,On-Time,30
PO-2022-0156,2022-07-04,SUP003,Himalayan Herb Extracts,RM006,Brahmi Extract,Herbal Extracts,kg,26.3,1163.71,30605.57,12,3672.67,2099.74,36377.98,19,2022-07-23,2022-07-23,0,On-Time,45
PO-2022-0157,2022-07-08,SUP001,Madhya Herbs Pvt Ltd,RM004,Giloy Stem (Dried),Raw Herbs,kg,187.5,187.43,35143.12,5,1757.16,1924.14,38824.42,34,2022-08-11,2022-08-16,5,Delayed,30
PO-2022-0158,2022-07-08,SUP008,Malwa Print & Cartons,RM016,Printed Cartons (units),Packaging,units,6486.0,3.85,24971.1,18,4494.8,1634.44,31100.34,8,2022-07-16,2022-07-16,0,On-Time,15
PO-2022-0159,2022-07-09,SUP006,Capsico Gelatin & Capsules,RM014,"Veg HPMC Capsules (Size 0, '000s)",Capsules,'000 units,14.0,706.8,9895.2,12,1187.42,1203.24,12285.86,17,2022-07-26,2022-07-26,0,On-Time,45
PO-2022-0160,2022-07-12,SUP005,Chemico Excipients Ltd,RM012,Maize Starch,Excipients,kg,106.5,112.29,11958.89,18,2152.6,2168.45,16279.94,9,2022-07-21,2022-07-20,-1,Early,60
PO-2022-0161,2022-07-12,SUP007,Indore Packaging Solutions,RM015,HDPE Bottles 100ml (units),Packaging,units,7443.0,5.57,41457.51,18,7462.35,966.61,49886.47,7,2022-07-19,2022-07-17,-2,Early,15
PO-2022-0162,2022-07-13,SUP007,Indore Packaging Solutions,RM018,Corrugated Shipping Boxes (units),Packaging,units,1090.0,28.51,31075.9,18,5593.66,1995.81,38665.37,8,2022-07-21,2022-07-21,0,On-Time,15
PO-2022-0163,2022-07-13,SUP002,Vindhya Botanicals,RM003,Amla Fruit (Dried),Raw Herbs,kg,190.5,207.92,39608.76,5,1980.44,1742.17,43331.37,34,2022-08-16,2022-08-16,0,On-Time,30
PO-2022-0164,2022-07-13,SUP008,Malwa Print & Cartons,RM017,Product Labels (units),Packaging,units,10027.0,1.14,11430.78,18,2057.54,583.23,14071.55,6,2022-07-19,2022-07-19,0,On-Time,15
PO-2022-0165,2022-07-16,SUP003,Himalayan Herb Extracts,RM005,Ashwagandha Extract (5% Withanolides),Herbal Extracts,kg,44.8,1238.6,55489.28,12,6658.71,2357.55,64505.54,26,2022-08-11,2022-08-11,0,On-Time,45
PO-2022-0166,2022-07-18,SUP004,Girnar Ayur Ingredients,RM008,Turmeric Curcumin Extract (95%),Herbal Extracts,kg,33.8,1896.05,64086.49,12,7690.38,1339.96,73116.83,26,2022-08-13,2022-08-13,0,On-Time,45
PO-2022-0167,2022-07-19,SUP002,Vindhya Botanicals,RM002,Tulsi Leaves (Dried),Raw Herbs,kg,268.5,176.38,47358.03,5,2367.9,2345.15,52071.08,29,2022-08-17,2022-08-17,0,On-Time,30
PO-2022-0168,2022-07-23,SUP008,Malwa Print & Cartons,RM016,Printed Cartons (units),Packaging,units,6676.0,4.1,27371.6,18,4926.89,1492.3,33790.79,8,2022-07-31,2022-07-31,0,On-Time,15
PO-2022-0169,2022-07-24,SUP005,Chemico Excipients Ltd,RM011,Magnesium Stearate,Excipients,kg,38.4,235.72,9051.65,18,1629.3,1530.45,12211.4,11,2022-08-04,2022-08-04,0,On-Time,60
PO-2022-0170,2022-07-26,SUP001,Madhya Herbs Pvt Ltd,RM001,Ashwagandha Root (Dried),Raw Herbs,kg,335.0,230.47,77207.45,5,3860.37,2836.67,83904.49,34,2022-08-29,2022-08-29,0,On-Time,30
PO-2022-0171,2022-07-26,SUP007,Indore Packaging Solutions,RM015,HDPE Bottles 100ml (units),Packaging,units,6715.0,5.23,35119.45,18,6321.5,888.26,42329.21,7,2022-08-02,2022-08-02,0,On-Time,15
PO-2022-0172,2022-07-26,SUP006,Capsico Gelatin & Capsules,RM013,"Gelatin Capsules (Size 00, '000s)",Capsules,'000 units,29.0,405.52,11760.08,12,1411.21,1251.92,14423.21,17,2022-08-12,2022-08-11,-1,Early,45
PO-2022-0173,2022-07-28,SUP005,Chemico Excipients Ltd,RM010,Microcrystalline Cellulose (MCC),Excipients,kg,138.6,145.7,20194.02,18,3634.92,2442.36,26271.3,12,2022-08-09,2022-08-09,0,On-Time,60
PO-2022-0174,2022-07-29,SUP008,Malwa Print & Cartons,RM017,Product Labels (units),Packaging,units,10550.0,1.11,11710.5,18,2107.89,580.49,14398.88,8,2022-08-06,2022-08-09,3,Delayed,15
PO-2022-0175,2022-07-29,SUP007,Indore Packaging Solutions,RM018,Corrugated Shipping Boxes (units),Packaging,units,1026.0,27.71,28430.46,18,5117.48,1675.03,35222.97,7,2022-08-05,2022-08-04,-1,Early,15
PO-2022-0176,2022-08-01,SUP004,Girnar Ayur Ingredients,RM007,Shatavari Extract,Herbal Extracts,kg,20.3,1057.82,21473.75,12,2576.85,1236.94,25287.54,19,2022-08-20,2022-08-20,0,On-Time,45
PO-2022-0177,2022-08-03,SUP006,Capsico Gelatin & Capsules,RM014,"Veg HPMC Capsules (Size 0, '000s)",Capsules,'000 units,14.0,692.21,9690.94,12,1162.91,1135.38,11989.23,18,2022-08-21,2022-08-19,-2,Early,45
PO-2022-0178,2022-08-03,SUP003,Himalayan Herb Extracts,RM006,Brahmi Extract,Herbal Extracts,kg,23.9,1138.39,27207.52,12,3264.9,1836.86,32309.28,22,2022-08-25,2022-08-24,-1,Early,45
PO-2022-0179,2022-08-04,SUP003,Himalayan Herb Extracts,RM009,Triphala Extract,Herbal Extracts,kg,28.7,987.34,28336.66,12,3400.4,1927.01,33664.07,22,2022-08-26,2022-08-24,-2,Early,45
PO-2022-0180,2022-08-04,SUP001,Madhya Herbs Pvt Ltd,RM004,Giloy Stem (Dried),Raw Herbs,kg,172.3,195.05,33607.12,5,1680.36,1904.21,37191.69,32,2022-09-05,2022-09-05,0,On-Time,30
PO-2022-0181,2022-08-07,SUP007,Indore Packaging Solutions,RM015,HDPE Bottles 100ml (units),Packaging,units,7273.0,5.38,39128.74,18,7043.17,903.44,47075.35,8,2022-08-15,2022-08-15,0,On-Time,15
PO-2022-0182,2022-08-07,SUP002,Vindhya Botanicals,RM003,Amla Fruit (Dried),Raw Herbs,kg,167.7,204.96,34371.79,5,1718.59,1742.05,37832.43,32,2022-09-08,2022-09-08,0,On-Time,30
PO-2022-0183,2022-08-08,SUP001,Madhya Herbs Pvt Ltd,RM002,Tulsi Leaves (Dried),Raw Herbs,kg,292.5,186.35,54507.38,5,2725.37,2597.59,59830.34,32,2022-09-09,2022-09-09,0,On-Time,30
PO-2022-0184,2022-08-09,SUP005,Chemico Excipients Ltd,RM012,Maize Starch,Excipients,kg,108.4,109.73,11894.73,18,2141.05,2100.64,16136.42,8,2022-08-17,2022-08-17,0,On-Time,60
PO-2022-0185,2022-08-09,SUP008,Malwa Print & Cartons,RM016,Printed Cartons (units),Packaging,units,6188.0,4.01,24813.88,18,4466.5,1525.75,30806.13,11,2022-08-20,2022-08-20,0,On-Time,15
PO-2022-0186,2022-08-11,SUP003,Himalayan Herb Extracts,RM005,Ashwagandha Extract (5% Withanolides),Herbal Extracts,kg,51.1,1243.53,63544.38,12,7625.33,2480.91,73650.62,28,2022-09-08,2022-09-08,0,On-Time,45
PO-2022-0187,2022-08-14,SUP008,Malwa Print & Cartons,RM017,Product Labels (units),Packaging,units,9294.0,1.13,10502.22,18,1890.4,572.33,12964.95,7,2022-08-21,2022-08-21,0,On-Time,15
PO-2022-0188,2022-08-17,SUP007,Indore Packaging Solutions,RM018,Corrugated Shipping Boxes (units),Packaging,units,1030.0,28.4,29252.0,18,5265.36,1753.43,36270.79,10,2022-08-27,2022-08-26,-1,Early,15
PO-2022-0189,2022-08-17,SUP004,Girnar Ayur Ingredients,RM008,Turmeric Curcumin Extract (95%),Herbal Extracts,kg,37.2,1925.57,71631.2,12,8595.74,1389.1,81616.04,28,2022-09-14,2022-09-14,0,On-Time,45
PO-2022-0190,2022-08-19,SUP002,Vindhya Botanicals,RM001,Ashwagandha Root (Dried),Raw Herbs,kg,283.1,236.7,67009.77,5,3350.49,2313.08,72673.34,32,2022-09-20,2022-09-20,0,On-Time,30
PO-2022-0191,2022-08-22,SUP007,Indore Packaging Solutions,RM015,HDPE Bottles 100ml (units),Packaging,units,7411.0,5.16,38240.76,18,6883.34,962.66,46086.76,7,2022-08-29,2022-08-29,0,On-Time,15
PO-2022-0192,2022-08-22,SUP006,Capsico Gelatin & Capsules,RM013,"Gelatin Capsules (Size 00, '000s)",Capsules,'000 units,28.0,399.49,11185.72,12,1342.29,1324.62,13852.63,13,2022-09-04,2022-09-03,-1,Early,45
PO-2022-0193,2022-08-27,SUP001,Madhya Herbs Pvt Ltd,RM004,Giloy Stem (Dried),Raw Herbs,kg,171.3,194.95,33394.93,5,1669.75,1805.2,36869.88,32,2022-09-28,2022-09-28,0,On-Time,30
PO-2022-0194,2022-08-27,SUP006,Capsico Gelatin & Capsules,RM014,"Veg HPMC Capsules (Size 0, '000s)",Capsules,'000 units,14.0,673.94,9435.16,12,1132.22,1156.76,11724.14,15,2022-09-11,2022-09-11,0,On-Time,45
PO-2022-0195,2022-08-27,SUP008,Malwa Print & Cartons,RM016,Printed Cartons (units),Packaging,units,6989.0,3.82,26697.98,18,4805.64,1507.25,33010.87,10,2022-09-06,2022-09-06,0,On-Time,15
PO-2022-0196,2022-08-28,SUP005,Chemico Excipients Ltd,RM011,Magnesium Stearate,Excipients,kg,36.2,244.24,8841.49,18,1591.47,1525.58,11958.54,10,2022-09-07,2022-09-07,0,On-Time,60
PO-2022-0197,2022-08-29,SUP002,Vindhya Botanicals,RM002,Tulsi Leaves (Dried),Raw Herbs,kg,246.1,178.87,44019.91,5,2201.0,2247.6,48468.51,30,2022-09-28,2022-09-28,0,On-Time,30
PO-2022-0198,2022-08-30,SUP005,Chemico Excipients Ltd,RM010,Microcrystalline Cellulose (MCC),Excipients,kg,160.8,146.13,23497.7,18,4229.59,2927.97,30655.26,13,2022-09-12,2022-09-12,0,On-Time,60
PO-2022-0199,2022-08-30,SUP008,Malwa Print & Cartons,RM017,Product Labels (units),Packaging,units,10358.0,1.19,12326.02,18,2218.68,517.5,15062.2,8,2022-09-07,2022-09-10,3,Delayed,15
PO-2022-0200,2022-08-30,SUP002,Vindhya Botanicals,RM003,Amla Fruit (Dried),Raw Herbs,kg,181.1,212.5,38483.75,5,1924.19,1731.53,42139.47,31,2022-09-30,2022-09-30,0,On-Time,30
PO-2022-0201,2022-09-02,SUP003,Himalayan Herb Extracts,RM006,Brahmi Extract,Herbal Extracts,kg,24.1,1135.01,27353.74,12,3282.45,1850.33,32486.52,19,2022-09-21,2022-09-21,0,On-Time,45
PO-2022-0202,2022-09-03,SUP004,Girnar Ayur Ingredients,RM007,Shatavari Extract,Herbal Extracts,kg,23.0,1060.27,24386.21,12,2926.35,1223.29,28535.85,18,2022-09-21,2022-09-21,0,On-Time,45
PO-2022-0203,2022-09-03,SUP005,Chemico Excipients Ltd,RM012,Maize Starch,Excipients,kg,109.3,105.22,11500.55,18,2070.1,2204.97,15775.62,12,2022-09-15,2022-09-15,0,On-Time,60
PO-2022-0204,2022-09-04,SUP003,Himalayan Herb Extracts,RM009,Triphala Extract,Herbal Extracts,kg,25.6,1021.25,26144.0,12,3137.28,2023.68,31304.96,22,2022-09-26,2022-10-03,7,Delayed,45
PO-2022-0205,2022-09-05,SUP007,Indore Packaging Solutions,RM015,HDPE Bottles 100ml (units),Packaging,units,6885.0,5.28,36352.8,18,6543.5,852.82,43749.12,10,2022-09-15,2022-09-15,0,On-Time,15
PO-2022-0206,2022-09-06,SUP007,Indore Packaging Solutions,RM018,Corrugated Shipping Boxes (units),Packaging,units,1098.0,27.71,30425.58,18,5476.6,1940.99,37843.17,9,2022-09-15,2022-09-15,0,On-Time,15
PO-2022-0207,2022-09-11,SUP001,Madhya Herbs Pvt Ltd,RM001,Ashwagandha Root (Dried),Raw Herbs,kg,280.2,236.43,66247.69,5,3312.38,2612.28,72172.35,32,2022-10-13,2022-10-13,0,On-Time,30
PO-2022-0208,2022-09-11,SUP003,Himalayan Herb Extracts,RM005,Ashwagandha Extract (5% Withanolides),Herbal Extracts,kg,44.9,1186.4,53269.36,12,6392.32,2369.01,62030.69,27,2022-10-08,2022-10-08,0,On-Time,45
PO-2022-0209,2022-09-13,SUP006,Capsico Gelatin & Capsules,RM013,"Gelatin Capsules (Size 00, '000s)",Capsules,'000 units,32.0,415.77,13304.64,12,1596.56,1389.1,16290.3,14,2022-09-27,2022-10-03,6,Delayed,45
PO-2022-0210,2022-09-14,SUP008,Malwa Print & Cartons,RM016,Printed Cartons (units),Packaging,units,6473.0,3.86,24985.78,18,4497.44,1553.8,31037.02,11,2022-09-25,2022-09-25,0,On-Time,15
PO-2022-0211,2022-09-15,SUP008,Malwa Print & Cartons,RM017,Product Labels (units),Packaging,units,10513.0,1.15,12089.95,18,2176.19,517.36,14783.5,6,2022-09-21,2022-09-21,0,On-Time,15
PO-2022-0212,2022-09-15,SUP004,Girnar Ayur Ingredients,RM008,Turmeric Curcumin Extract (95%),Herbal Extracts,kg,40.9,1801.31,73673.58,12,8840.83,1534.76,84049.17,27,2022-10-12,2022-10-12,0,On-Time,45
PO-2022-0213,2022-09-17,SUP001,Madhya Herbs Pvt Ltd,RM004,Giloy Stem (Dried),Raw Herbs,kg,200.2,196.8,39399.36,5,1969.97,1956.26,43325.59,33,2022-10-20,2022-10-19,-1,Early,30
PO-2022-0214,2022-09-19,SUP002,Vindhya Botanicals,RM002,Tulsi Leaves (Dried),Raw Herbs,kg,258.0,183.4,47317.2,5,2365.86,2456.51,52139.57,32,2022-10-21,2022-10-26,5,Delayed,30
PO-2022-0215,2022-09-20,SUP007,Indore Packaging Solutions,RM015,HDPE Bottles 100ml (units),Packaging,units,7305.0,5.18,37839.9,18,6811.18,954.95,45606.03,6,2022-09-26,2022-09-26,0,On-Time,15
PO-2022-0216,2022-09-23,SUP002,Vindhya Botanicals,RM003,Amla Fruit (Dried),Raw Herbs,kg,191.5,212.17,40630.56,5,2031.53,1829.64,44491.73,33,2022-10-26,2022-10-26,0,On-Time,30
PO-2022-0217,2022-09-25,SUP006,Capsico Gelatin & Capsules,RM014,"Veg HPMC Capsules (Size 0, '000s)",Capsules,'000 units,16.0,687.1,10993.6,12,1319.23,1210.86,13523.69,14,2022-10-09,2022-10-09,0,On-Time,45
PO-2022-0218,2022-09-26,SUP007,Indore Packaging Solutions,RM018,Corrugated Shipping Boxes (units),Packaging,units,1138.0,29.19,33218.22,18,5979.28,1917.45,41114.95,10,2022-10-06,2022-10-06,0,On-Time,15
PO-2022-0219,2022-09-28,SUP008,Malwa Print & Cartons,RM017,Product Labels (units),Packaging,units,10251.0,1.17,11993.67,18,2158.86,507.12,14659.65,7,2022-10-05,2022-10-05,0,On-Time,15
PO-2022-0220,2022-09-29,SUP005,Chemico Excipients Ltd,RM011,Magnesium Stearate,Excipients,kg,36.7,244.15,8960.31,18,1612.86,1354.8,11927.97,12,2022-10-11,2022-10-11,0,On-Time,60
PO-2022-0221,2022-10-01,SUP005,Chemico Excipients Ltd,RM010,Microcrystalline Cellulose (MCC),Excipients,kg,191.1,140.77,26901.15,18,4842.21,3111.35,34854.71,11,2022-10-12,2022-10-10,-2,Early,60
PO-2022-0222,2022-10-02,SUP001,Madhya Herbs Pvt Ltd,RM001,Ashwagandha Root (Dried),Raw Herbs,kg,407.4,239.53,97584.52,5,4879.23,3441.69,105905.44,19,2022-10-21,2022-10-21,0,On-Time,30
PO-2022-0223,2022-10-02,SUP008,Malwa Print & Cartons,RM016,Printed Cartons (units),Packaging,units,7671.0,4.1,31451.1,18,5661.2,1630.13,38742.43,7,2022-10-09,2022-10-09,0,On-Time,15
PO-2022-0224,2022-10-03,SUP004,Girnar Ayur Ingredients,RM007,Shatavari Extract,Herbal Extracts,kg,26.6,1033.79,27498.81,12,3299.86,1346.48,32145.15,18,2022-10-21,2022-10-21,0,On-Time,45
PO-2022-0225,2022-10-05,SUP006,Capsico Gelatin & Capsules,RM013,"Gelatin Capsules (Size 00, '000s)",Capsules,'000 units,37.0,418.37,15479.69,12,1857.56,1344.37,18681.62,15,2022-10-20,2022-10-19,-1,Early,45
PO-2022-0226,2022-10-05,SUP007,Indore Packaging Solutions,RM015,HDPE Bottles 100ml (units),Packaging,units,9356.0,5.49,51364.44,18,9245.6,1063.93,61673.97,8,2022-10-13,2022-10-11,-2,Early,15
PO-2022-0227,2022-10-05,SUP005,Chemico Excipients Ltd,RM012,Maize Starch,Excipients,kg,138.0,113.11,15609.18,18,2809.65,2290.36,20709.19,11,2022-10-16,2022-10-16,0,On-Time,60
PO-2022-0228,2022-10-06,SUP003,Himalayan Herb Extracts,RM006,Brahmi Extract,Herbal Extracts,kg,28.2,1141.08,32178.46,12,3861.42,2085.31,38125.19,19,2022-10-25,2022-10-25,0,On-Time,45
PO-2022-0229,2022-10-07,SUP003,Himalayan Herb Extracts,RM005,Ashwagandha Extract (5% Withanolides),Herbal Extracts,kg,54.6,1170.33,63900.02,12,7668.0,2398.32,73966.34,17,2022-10-24,2022-10-24,0,On-Time,45
PO-2022-0230,2022-10-08,SUP003,Himalayan Herb Extracts,RM009,Triphala Extract,Herbal Extracts,kg,31.6,1008.72,31875.55,12,3825.07,2085.07,37785.69,18,2022-10-26,2022-10-24,-2,Early,45
PO-2022-0231,2022-10-12,SUP007,Indore Packaging Solutions,RM018,Corrugated Shipping Boxes (units),Packaging,units,1394.0,27.28,38028.32,18,6845.1,2229.18,47102.6,6,2022-10-18,2022-10-18,0,On-Time,15
PO-2022-0232,2022-10-12,SUP001,Madhya Herbs Pvt Ltd,RM002,Tulsi Leaves (Dried),Raw Herbs,kg,313.1,180.72,56583.43,5,2829.17,2873.67,62286.27,16,2022-10-28,2022-10-28,0,On-Time,30
PO-2022-0233,2022-10-14,SUP008,Malwa Print & Cartons,RM017,Product Labels (units),Packaging,units,11758.0,1.2,14109.6,18,2539.73,528.87,17178.2,6,2022-10-20,2022-10-20,0,On-Time,15
PO-2022-0234,2022-10-14,SUP001,Madhya Herbs Pvt Ltd,RM004,Giloy Stem (Dried),Raw Herbs,kg,207.5,192.17,39875.27,5,1993.76,1856.24,43725.27,20,2022-11-03,2022-11-03,0,On-Time,30
PO-2022-0235,2022-10-14,SUP008,Malwa Print & Cartons,RM016,Printed Cartons (units),Packaging,units,8702.0,3.87,33676.74,18,6061.81,1963.31,41701.86,8,2022-10-22,2022-10-22,0,On-Time,15
PO-2022-0236,2022-10-16,SUP007,Indore Packaging Solutions,RM015,HDPE Bottles 100ml (units),Packaging,units,8493.0,5.38,45692.34,18,8224.62,933.22,54850.18,9,2022-10-25,2022-10-25,0,On-Time,15
PO-2022-0237,2022-10-17,SUP002,Vindhya Botanicals,RM003,Amla Fruit (Dried),Raw Herbs,kg,202.9,206.73,41945.52,5,2097.28,2025.02,46067.82,20,2022-11-06,2022-11-06,0,On-Time,30
PO-2022-0238,2022-10-17,SUP004,Girnar Ayur Ingredients,RM008,Turmeric Curcumin Extract (95%),Herbal Extracts,kg,42.1,1855.94,78135.07,12,9376.21,1482.92,88994.2,12,2022-10-29,2022-10-28,-1,Early,45
PO-2022-0239,2022-10-19,SUP006,Capsico Gelatin & Capsules,RM014,"Veg HPMC Capsules (Size 0, '000s)",Capsules,'000 units,17.0,718.64,12216.88,12,1466.03,1147.48,14830.39,18,2022-11-06,2022-11-12,6,Delayed,45
PO-2022-0240,2022-10-19,SUP001,Madhya Herbs Pvt Ltd,RM001,Ashwagandha Root (Dried),Raw Herbs,kg,336.6,225.04,75748.46,5,3787.42,2849.29,82385.17,19,2022-11-07,2022-11-07,0,On-Time,30
PO-2022-0241,2022-10-21,SUP005,Chemico Excipients Ltd,RM010,Microcrystalline Cellulose (MCC),Excipients,kg,175.8,137.7,24207.66,18,4357.38,2752.36,31317.4,12,2022-11-02,2022-11-02,0,On-Time,60
PO-2022-0242,2022-10-24,SUP006,Capsico Gelatin & Capsules,RM013,"Gelatin Capsules (Size 00, '000s)",Capsules,'000 units,35.0,394.09,13793.15,12,1655.18,1259.36,16707.69,15,2022-11-08,2022-11-16,8,Delayed,45
PO-2022-0243,2022-10-26,SUP004,Girnar Ayur Ingredients,RM007,Shatavari Extract,Herbal Extracts,kg,28.3,1012.57,28655.73,12,3438.69,1292.4,33386.82,18,2022-11-13,2022-11-13,0,On-Time,45
PO-2022-0244,2022-10-27,SUP007,Indore Packaging Solutions,RM015,HDPE Bottles 100ml (units),Packaging,units,8827.0,5.53,48813.31,18,8786.4,987.56,58587.27,9,2022-11-05,2022-11-05,0,On-Time,15
PO-2022-0245,2022-10-27,SUP008,Malwa Print & Cartons,RM016,Printed Cartons (units),Packaging,units,8811.0,4.1,36125.1,18,6502.52,2044.47,44672.09,8,2022-11-04,2022-11-04,0,On-Time,15
PO-2022-0246,2022-10-28,SUP008,Malwa Print & Cartons,RM017,Product Labels (units),Packaging,units,11269.0,1.18,13297.42,18,2393.54,538.79,16229.75,6,2022-11-03,2022-11-03,0,On-Time,15
PO-2022-0247,2022-10-28,SUP002,Vindhya Botanicals,RM002,Tulsi Leaves (Dried),Raw Herbs,kg,299.3,185.64,55562.05,5,2778.1,2555.12,60895.27,18,2022-11-15,2022-11-15,0,On-Time,30
PO-2022-0248,2022-10-28,SUP005,Chemico Excipients Ltd,RM011,Magnesium Stearate,Excipients,kg,47.8,241.43,11540.35,18,2077.26,1518.17,15135.78,12,2022-11-09,2022-11-07,-2,Early,60
PO-2022-0249,2022-10-29,SUP007,Indore Packaging Solutions,RM018,Corrugated Shipping Boxes (units),Packaging,units,1253.0,27.64,34632.92,18,6233.93,2124.14,42990.99,8,2022-11-06,2022-11-06,0,On-Time,15
PO-2022-0250,2022-10-31,SUP005,Chemico Excipients Ltd,RM012,Maize Starch,Excipients,kg,142.1,106.15,15083.92,18,2715.11,2559.39,20358.42,9,2022-11-09,2022-11-09,0,On-Time,60
PO-2022-0251,2022-10-31,SUP003,Himalayan Herb Extracts,RM005,Ashwagandha Extract (5% Withanolides),Herbal Extracts,kg,63.5,1234.08,78364.08,12,9403.69,2555.42,90323.19,15,2022-11-15,2022-11-26,11,Delayed,45
PO-2022-0252,2022-11-03,SUP003,Himalayan Herb Extracts,RM006,Brahmi Extract,Herbal Extracts,kg,30.8,1144.59,35253.37,12,4230.4,2008.76,41492.53,19,2022-11-22,2022-11-22,0,On-Time,45
PO-2022-0253,2022-11-04,SUP001,Madhya Herbs Pvt Ltd,RM004,Giloy Stem (Dried),Raw Herbs,kg,204.5,197.38,40364.21,5,2018.21,2093.5,44475.92,20,2022-11-24,2022-11-24,0,On-Time,30
PO-2022-0254,2022-11-04,SUP003,Himalayan Herb Extracts,RM009,Triphala Extract,Herbal Extracts,kg,35.6,999.89,35596.08,12,4271.53,2215.85,42083.46,21,2022-11-25,2022-11-25,0,On-Time,45
PO-2022-0255,2022-11-06,SUP002,Vindhya Botanicals,RM003,Amla Fruit (Dried),Raw Herbs,kg,203.8,198.25,40403.35,5,2020.17,2023.67,44447.19,21,2022-11-27,2022-11-27,0,On-Time,30
PO-2022-0256,2022-11-06,SUP007,Indore Packaging Solutions,RM015,HDPE Bottles 100ml (units),Packaging,units,9249.0,5.22,48279.78,18,8690.36,1099.16,58069.3,8,2022-11-14,2022-11-14,0,On-Time,15
PO-2022-0257,2022-11-06,SUP001,Madhya Herbs Pvt Ltd,RM001,Ashwagandha Root (Dried),Raw Herbs,kg,399.3,239.44,95608.39,5,4780.42,3059.34,103448.15,20,2022-11-26,2022-11-24,-2,Early,30
PO-2022-0258,2022-11-09,SUP008,Malwa Print & Cartons,RM016,Printed Cartons (units),Packaging,units,8569.0,4.07,34875.83,18,6277.65,1826.49,42979.97,7,2022-11-16,2022-11-16,0,On-Time,15
PO-2022-0259,2022-11-11,SUP006,Capsico Gelatin & Capsules,RM014,"Veg HPMC Capsules (Size 0, '000s)",Capsules,'000 units,18.0,718.26,12928.68,12,1551.44,1231.45,15711.57,16,2022-11-27,2022-11-27,0,On-Time,45
PO-2022-0260,2022-11-11,SUP008,Malwa Print & Cartons,RM017,Product Labels (units),Packaging,units,12290.0,1.11,13641.9,18,2455.54,540.46,16637.9,5,2022-11-16,2022-11-20,4,Delayed,15
PO-2022-0261,2022-11-12,SUP007,Indore Packaging Solutions,RM018,Corrugated Shipping Boxes (units),Packaging,units,1379.0,27.99,38598.21,18,6947.68,2136.79,47682.68,9,2022-11-21,2022-11-21,0,On-Time,15
PO-2022-0262,2022-11-13,SUP005,Chemico Excipients Ltd,RM010,Microcrystalline Cellulose (MCC),Excipients,kg,182.3,136.97,24969.63,18,4494.53,2949.19,32413.35,12,2022-11-25,2022-11-25,0,On-Time,60
PO-2022-0263,2022-11-13,SUP004,Girnar Ayur Ingredients,RM008,Turmeric Curcumin Extract (95%),Herbal Extracts,kg,48.0,1833.64,88014.72,12,10561.77,1590.77,100167.26,12,2022-11-25,2022-11-25,0,On-Time,45
PO-2022-0264,2022-11-13,SUP001,Madhya Herbs Pvt Ltd,RM002,Tulsi Leaves (Dried),Raw Herbs,kg,313.6,185.12,58053.63,5,2902.68,2533.57,63489.88,18,2022-12-01,2022-12-01,0,On-Time,30
PO-2022-0265,2022-11-17,SUP006,Capsico Gelatin & Capsules,RM013,"Gelatin Capsules (Size 00, '000s)",Capsules,'000 units,38.0,407.92,15500.96,12,1860.12,1370.19,18731.27,13,2022-11-30,2022-12-05,5,Delayed,45
PO-2022-0266,2022-11-17,SUP007,Indore Packaging Solutions,RM015,HDPE Bottles 100ml (units),Packaging,units,8444.0,5.57,47033.08,18,8465.95,1017.31,56516.34,8,2022-11-25,2022-11-25,0,On-Time,15
PO-2022-0267,2022-11-22,SUP008,Malwa Print & Cartons,RM016,Printed Cartons (units),Packaging,units,8367.0,4.06,33970.02,18,6114.6,1813.81,41898.43,8,2022-11-30,2022-11-30,0,On-Time,15
PO-2022-0268,2022-11-23,SUP008,Malwa Print & Cartons,RM017,Product Labels (units),Packaging,units,12230.0,1.16,14186.8,18,2553.62,572.47,17312.89,5,2022-11-28,2022-11-28,0,On-Time,15
PO-2022-0269,2022-11-23,SUP005,Chemico Excipients Ltd,RM012,Maize Starch,Excipients,kg,127.0,107.25,13620.75,18,2451.74,2422.73,18495.22,11,2022-12-04,2022-12-03,-1,Early,60
PO-2022-0270,2022-11-24,SUP004,Girnar Ayur Ingredients,RM007,Shatavari Extract,Herbal Extracts,kg,24.8,1063.76,26381.25,12,3165.75,1248.61,30795.61,19,2022-12-13,2022-12-13,0,On-Time,45
PO-2022-0271,2022-11-25,SUP007,Indore Packaging Solutions,RM018,Corrugated Shipping Boxes (units),Packaging,units,1349.0,27.68,37340.32,18,6721.26,2393.33,46454.91,10,2022-12-05,2022-12-05,0,On-Time,15
PO-2022-0272,2022-11-25,SUP002,Vindhya Botanicals,RM003,Amla Fruit (Dried),Raw Herbs,kg,239.0,205.54,49124.06,5,2456.2,2245.78,53826.04,20,2022-12-15,2022-12-20,5,Delayed,30
PO-2022-0273,2022-11-26,SUP001,Madhya Herbs Pvt Ltd,RM004,Giloy Stem (Dried),Raw Herbs,kg,225.7,185.65,41901.21,5,2095.06,2245.25,46241.52,23,2022-12-19,2022-12-19,0,On-Time,30
PO-2022-0274,2022-11-26,SUP005,Chemico Excipients Ltd,RM011,Magnesium Stearate,Excipients,kg,43.9,252.41,11080.8,18,1994.54,1516.37,14591.71,12,2022-12-08,2022-12-08,0,On-Time,60
PO-2022-0275,2022-11-26,SUP003,Himalayan Herb Extracts,RM005,Ashwagandha Extract (5% Withanolides),Herbal Extracts,kg,59.6,1245.86,74253.26,12,8910.39,2634.16,85797.81,14,2022-12-10,2022-12-10,0,On-Time,45
PO-2022-0276,2022-11-27,SUP001,Madhya Herbs Pvt Ltd,RM001,Ashwagandha Root (Dried),Raw Herbs,kg,347.8,224.52,78088.06,5,3904.4,3100.29,85092.75,18,2022-12-15,2022-12-15,0,On-Time,30
PO-2022-0277,2022-11-28,SUP003,Himalayan Herb Extracts,RM009,Triphala Extract,Herbal Extracts,kg,34.5,1017.82,35114.79,12,4213.77,2233.01,41561.57,20,2022-12-18,2022-12-18,0,On-Time,45
PO-2022-0278,2022-11-29,SUP007,Indore Packaging Solutions,RM015,HDPE Bottles 100ml (units),Packaging,units,8418.0,5.23,44026.14,18,7924.71,970.27,52921.12,8,2022-12-07,2022-12-07,0,On-Time,15
PO-2022-0279,2022-11-29,SUP001,Madhya Herbs Pvt Ltd,RM002,Tulsi Leaves (Dried),Raw Herbs,kg,313.6,178.2,55883.52,5,2794.18,2659.37,61337.07,16,2022-12-15,2022-12-15,0,On-Time,30
PO-2022-0280,2022-12-02,SUP006,Capsico Gelatin & Capsules,RM014,"Veg HPMC Capsules (Size 0, '000s)",Capsules,'000 units,16.0,678.75,10860.0,12,1303.2,1185.15,13348.35,18,2022-12-20,2022-12-20,0,On-Time,45
PO-2022-0281,2022-12-02,SUP003,Himalayan Herb Extracts,RM006,Brahmi Extract,Herbal Extracts,kg,28.2,1107.59,31234.04,12,3748.08,2002.01,36984.13,20,2022-12-22,2022-12-22,0,On-Time,45
PO-2022-0282,2022-12-04,SUP005,Chemico Excipients Ltd,RM010,Microcrystalline Cellulose (MCC),Excipients,kg,168.4,140.38,23639.99,18,4255.2,2734.65,30629.84,13,2022-12-17,2022-12-17,0,On-Time,60
PO-2022-0283,2022-12-04,SUP008,Malwa Print & Cartons,RM016,Printed Cartons (units),Packaging,units,7664.0,4.09,31345.76,18,5642.24,1808.62,38796.62,10,2022-12-14,2022-12-13,-1,Early,15
PO-2022-0284,2022-12-04,SUP008,Malwa Print & Cartons,RM017,Product Labels (units),Packaging,units,12492.0,1.11,13866.12,18,2495.9,623.06,16985.08,9,2022-12-13,2022-12-13,0,On-Time,15
PO-2022-0285,2022-12-08,SUP004,Girnar Ayur Ingredients,RM008,Turmeric Curcumin Extract (95%),Herbal Extracts,kg,46.7,1856.87,86715.83,12,10405.9,1533.37,98655.1,14,2022-12-22,2022-12-22,0,On-Time,45
PO-2022-0286,2022-12-11,SUP007,Indore Packaging Solutions,RM015,HDPE Bottles 100ml (units),Packaging,units,9593.0,5.59,53624.87,18,9652.48,1033.23,64310.58,10,2022-12-21,2022-12-19,-2,Early,15
PO-2022-0287,2022-12-11,SUP006,Capsico Gelatin & Capsules,RM013,"Gelatin Capsules (Size 00, '000s)",Capsules,'000 units,35.0,416.48,14576.8,12,1749.22,1413.72,17739.74,16,2022-12-27,2022-12-27,0,On-Time,45
PO-2022-0288,2022-12-11,SUP007,Indore Packaging Solutions,RM018,Corrugated Shipping Boxes (units),Packaging,units,1243.0,28.2,35052.6,18,6309.47,1931.43,43293.5,8,2022-12-19,2022-12-19,0,On-Time,15
PO-2022-0289,2022-12-14,SUP001,Madhya Herbs Pvt Ltd,RM004,Giloy Stem (Dried),Raw Herbs,kg,246.7,188.13,46411.67,5,2320.58,2100.65,50832.9,21,2023-01-04,2023-01-04,0,On-Time,30
PO-2022-0290,2022-12-15,SUP005,Chemico Excipients Ltd,RM012,Maize Starch,Excipients,kg,122.2,107.37,13120.61,18,2361.71,2298.57,17780.89,9,2022-12-24,2022-12-24,0,On-Time,60
PO-2022-0291,2022-12-15,SUP008,Malwa Print & Cartons,RM017,Product Labels (units),Packaging,units,12813.0,1.16,14863.08,18,2675.35,600.39,18138.82,6,2022-12-21,2022-12-21,0,On-Time,15
PO-2022-0292,2022-12-15,SUP001,Madhya Herbs Pvt Ltd,RM002,Tulsi Leaves (Dried),Raw Herbs,kg,310.9,172.09,53502.78,5,2675.14,2701.26,58879.18,19,2023-01-03,2023-01-03,0,On-Time,30
PO-2022-0293,2022-12-15,SUP001,Madhya Herbs Pvt Ltd,RM001,Ashwagandha Root (Dried),Raw Herbs,kg,374.3,222.73,83367.84,5,4168.39,2956.51,90492.74,21,2023-01-05,2023-01-05,0,On-Time,30
PO-2022-0294,2022-12-17,SUP002,Vindhya Botanicals,RM003,Amla Fruit (Dried),Raw Herbs,kg,205.8,199.8,41118.84,5,2055.94,1829.92,45004.7,19,2023-01-05,2023-01-05,0,On-Time,30
PO-2022-0295,2022-12-17,SUP004,Girnar Ayur Ingredients,RM007,Shatavari Extract,Herbal Extracts,kg,28.6,1073.44,30700.38,12,3684.05,1310.81,35695.24,18,2023-01-04,2023-01-04,0,On-Time,45
PO-2022-0296,2022-12-19,SUP008,Malwa Print & Cartons,RM016,Printed Cartons (units),Packaging,units,7898.0,4.1,32381.8,18,5828.72,1677.48,39888.0,11,2022-12-30,2022-12-30,0,On-Time,15
PO-2022-0297,2022-12-20,SUP005,Chemico Excipients Ltd,RM011,Magnesium Stearate,Excipients,kg,44.5,247.12,10996.84,18,1979.43,1397.21,14373.48,12,2023-01-01,2023-01-01,0,On-Time,60
PO-2022-0298,2022-12-21,SUP003,Himalayan Herb Extracts,RM005,Ashwagandha Extract (5% Withanolides),Herbal Extracts,kg,62.4,1168.07,72887.57,12,8746.51,2474.81,84108.89,15,2023-01-05,2023-01-05,0,On-Time,45
PO-2022-0299,2022-12-22,SUP006,Capsico Gelatin & Capsules,RM014,"Veg HPMC Capsules (Size 0, '000s)",Capsules,'000 units,19.0,692.7,13161.3,12,1579.36,1154.41,15895.07,16,2023-01-07,2023-01-07,0,On-Time,45
PO-2022-0300,2022-12-23,SUP007,Indore Packaging Solutions,RM015,HDPE Bottles 100ml (units),Packaging,units,8489.0,5.45,46265.05,18,8327.71,994.65,55587.41,8,2022-12-31,2022-12-31,0,On-Time,15
PO-2022-0301,2022-12-26,SUP003,Himalayan Herb Extracts,RM009,Triphala Extract,Herbal Extracts,kg,35.0,962.76,33696.6,12,4043.59,1937.95,39678.14,20,2023-01-15,2023-01-15,0,On-Time,45
PO-2022-0302,2022-12-27,SUP007,Indore Packaging Solutions,RM018,Corrugated Shipping Boxes (units),Packaging,units,1276.0,28.25,36047.0,18,6488.46,2234.94,44770.4,7,2023-01-03,2023-01-03,0,On-Time,15
PO-2022-0303,2022-12-27,SUP008,Malwa Print & Cartons,RM017,Product Labels (units),Packaging,units,12790.0,1.18,15092.2,18,2716.6,601.88,18410.68,7,2023-01-03,2023-01-05,2,Delayed,15
PO-2022-0304,2022-12-27,SUP005,Chemico Excipients Ltd,RM010,Microcrystalline Cellulose (MCC),Excipients,kg,170.4,138.25,23557.8,18,4240.4,2607.56,30405.76,12,2023-01-08,2023-01-08,0,On-Time,60
PO-2022-0305,2022-12-29,SUP004,Girnar Ayur Ingredients,RM008,Turmeric Curcumin Extract (95%),Herbal Extracts,kg,43.9,1910.23,83859.1,12,10063.09,1403.15,95325.34,13,2023-01-11,2023-01-11,0,On-Time,45
PO-2022-0306,2022-12-30,SUP003,Himalayan Herb Extracts,RM006,Brahmi Extract,Herbal Extracts,kg,32.0,1160.56,37137.92,12,4456.55,2101.87,43696.34,21,2023-01-20,2023-01-20,0,On-Time,45
PO-2022-0307,2022-12-31,SUP008,Malwa Print & Cartons,RM016,Printed Cartons (units),Packaging,units,8466.0,3.99,33779.34,18,6080.28,2003.09,41862.71,8,2023-01-08,2023-01-08,0,On-Time,15
PO-2023-0001,2023-01-01,SUP001,Madhya Herbs Pvt Ltd,RM002,Tulsi Leaves (Dried),Raw Herbs,kg,303.3,187.42,56844.49,5,2842.22,2662.2,62348.91,16,2023-01-17,2023-01-17,0,On-Time,30
PO-2023-0002,2023-01-03,SUP001,Madhya Herbs Pvt Ltd,RM001,Ashwagandha Root (Dried),Raw Herbs,kg,342.4,240.41,82316.38,5,4115.82,2827.01,89259.21,19,2023-01-22,2023-01-22,0,On-Time,30
PO-2023-0003,2023-01-03,SUP006,Capsico Gelatin & Capsules,RM013,"Gelatin Capsules (Size 00, '000s)",Capsules,'000 units,40.0,448.07,17922.8,12,2150.74,1402.73,21476.27,14,2023-01-17,2023-01-17,0,On-Time,45
PO-2023-0004,2023-01-03,SUP001,Madhya Herbs Pvt Ltd,RM004,Giloy Stem (Dried),Raw Herbs,kg,229.7,198.68,45636.8,5,2281.84,1989.04,49907.68,19,2023-01-22,2023-01-22,0,On-Time,30
PO-2023-0005,2023-01-03,SUP007,Indore Packaging Solutions,RM015,HDPE Bottles 100ml (units),Packaging,units,9673.0,5.88,56877.24,18,10237.9,1090.55,68205.69,7,2023-01-10,2023-01-10,0,On-Time,15
PO-2023-0006,2023-01-08,SUP002,Vindhya Botanicals,RM003,Amla Fruit (Dried),Raw Herbs,kg,220.9,220.63,48737.17,5,2436.86,2165.89,53339.92,20,2023-01-28,2023-01-28,0,On-Time,30
PO-2023-0007,2023-01-08,SUP008,Malwa Print & Cartons,RM017,Product Labels (units),Packaging,units,13210.0,1.21,15984.1,18,2877.14,602.53,19463.77,8,2023-01-16,2023-01-16,0,On-Time,15
PO-2023-0008,2023-01-09,SUP005,Chemico Excipients Ltd,RM012,Maize Starch,Excipients,kg,124.2,112.6,13984.92,18,2517.29,2394.49,18896.7,10,2023-01-19,2023-01-19,0,On-Time,60
PO-2023-0009,2023-01-11,SUP007,Indore Packaging Solutions,RM018,Corrugated Shipping Boxes (units),Packaging,units,1407.0,30.17,42449.19,18,7640.85,2213.1,52303.14,8,2023-01-19,2023-01-19,0,On-Time,15
PO-2023-0010,2023-01-12,SUP004,Girnar Ayur Ingredients,RM007,Shatavari Extract,Herbal Extracts,kg,26.7,1078.9,28806.63,12,3456.8,1366.23,33629.66,18,2023-01-30,2023-01-30,0,On-Time,45
PO-2023-0011,2023-01-12,SUP008,Malwa Print & Cartons,RM016,Printed Cartons (units),Packaging,units,8485.0,4.04,34279.4,18,6170.29,1711.51,42161.2,9,2023-01-21,2023-01-21,0,On-Time,15
PO-2023-0012,2023-01-13,SUP006,Capsico Gelatin & Capsules,RM014,"Veg HPMC Capsules (Size 0, '000s)",Capsules,'000 units,16.0,740.96,11855.36,12,1422.64,1115.97,14393.97,17,2023-01-30,2023-01-30,0,On-Time,45
PO-2023-0013,2023-01-15,SUP007,Indore Packaging Solutions,RM015,HDPE Bottles 100ml (units),Packaging,units,8539.0,5.85,49953.15,18,8991.57,993.01,59937.73,8,2023-01-23,2023-01-23,0,On-Time,15
PO-2023-0014,2023-01-15,SUP005,Chemico Excipients Ltd,RM011,Magnesium Stearate,Excipients,kg,47.7,256.58,12238.87,18,2203.0,1421.27,15863.14,12,2023-01-27,2023-01-27,0,On-Time,60
PO-2023-0015,2023-01-16,SUP003,Himalayan Herb Extracts,RM005,Ashwagandha Extract (5% Withanolides),Herbal Extracts,kg,56.7,1333.21,75593.01,12,9071.16,2428.13,87092.3,13,2023-01-29,2023-01-27,-2,Early,45
PO-2023-0016,2023-01-18,SUP001,Madhya Herbs Pvt Ltd,RM002,Tulsi Leaves (Dried),Raw Herbs,kg,354.4,191.15,67743.56,5,3387.18,2973.34,74104.08,19,2023-02-06,2023-02-06,0,On-Time,30
PO-2023-0017,2023-01-19,SUP004,Girnar Ayur Ingredients,RM008,Turmeric Curcumin Extract (95%),Herbal Extracts,kg,44.2,1918.32,84789.74,12,10174.77,1450.27,96414.78,15,2023-02-03,2023-02-03,0,On-Time,45
PO-2023-0018,2023-01-19,SUP005,Chemico Excipients Ltd,RM010,Microcrystalline Cellulose (MCC),Excipients,kg,169.3,152.82,25872.43,18,4657.04,2542.06,33071.53,12,2023-01-31,2023-01-31,0,On-Time,60
PO-2023-0019,2023-01-20,SUP003,Himalayan Herb Extracts,RM009,Triphala Extract,Herbal Extracts,kg,34.5,1031.38,35582.61,12,4269.91,2203.12,42055.64,20,2023-02-09,2023-02-08,-1,Early,45
PO-2023-0020,2023-01-20,SUP001,Madhya Herbs Pvt Ltd,RM004,Giloy Stem (Dried),Raw Herbs,kg,233.4,206.66,48234.44,5,2411.72,2058.86,52705.02,22,2023-02-11,2023-02-11,0,On-Time,30
PO-2023-0021,2023-01-21,SUP008,Malwa Print & Cartons,RM017,Product Labels (units),Packaging,units,11900.0,1.18,14042.0,18,2527.56,584.38,17153.94,8,2023-01-29,2023-01-29,0,On-Time,15
PO-2023-0022,2023-01-23,SUP001,Madhya Herbs Pvt Ltd,RM001,Ashwagandha Root (Dried),Raw Herbs,kg,375.9,250.96,94335.86,5,4716.79,3064.09,102116.74,21,2023-02-13,2023-02-13,0,On-Time,30
PO-2023-0023,2023-01-24,SUP006,Capsico Gelatin & Capsules,RM013,"Gelatin Capsules (Size 00, '000s)",Capsules,'000 units,38.0,443.57,16855.66,12,2022.68,1339.44,20217.78,15,2023-02-08,2023-02-08,0,On-Time,45
PO-2023-0024,2023-01-24,SUP008,Malwa Print & Cartons,RM016,Printed Cartons (units),Packaging,units,8663.0,4.35,37684.05,18,6783.13,1799.32,46266.5,8,2023-02-01,2023-02-01,0,On-Time,15
PO-2023-0025,2023-01-27,SUP007,Indore Packaging Solutions,RM018,Corrugated Shipping Boxes (units),Packaging,units,1451.0,29.1,42224.1,18,7600.34,2151.31,51975.75,10,2023-02-06,2023-02-06,0,On-Time,15
PO-2023-0026,2023-01-27,SUP007,Indore Packaging Solutions,RM015,HDPE Bottles 100ml (units),Packaging,units,9399.0,5.48,51506.52,18,9271.17,1082.82,61860.51,7,2023-02-03,2023-02-03,0,On-Time,15
PO-2023-0027,2023-01-28,SUP002,Vindhya Botanicals,RM003,Amla Fruit (Dried),Raw Herbs,kg,206.8,214.39,44335.85,5,2216.79,2086.11,48638.75,21,2023-02-18,2023-02-18,0,On-Time,30
PO-2023-0028,2023-01-29,SUP003,Himalayan Herb Extracts,RM006,Brahmi Extract,Herbal Extracts,kg,30.6,1142.91,34973.05,12,4196.77,1833.49,41003.31,21,2023-02-19,2023-02-19,0,On-Time,45
PO-2023-0029,2023-01-29,SUP005,Chemico Excipients Ltd,RM012,Maize Starch,Excipients,kg,125.2,112.2,14047.44,18,2528.54,2186.45,18762.43,10,2023-02-08,2023-02-08,0,On-Time,60
PO-2023-0030,2023-02-02,SUP008,Malwa Print & Cartons,RM017,Product Labels (units),Packaging,units,11081.0,1.2,13297.2,18,2393.5,538.64,16229.34,9,2023-02-11,2023-02-11,0,On-Time,15
PO-2023-0031,2023-02-04,SUP004,Girnar Ayur Ingredients,RM007,Shatavari Extract,Herbal Extracts,kg,25.5,1143.48,29158.74,12,3499.05,1336.17,33993.96,17,2023-02-21,2023-02-21,0,On-Time,45
PO-2023-0032,2023-02-04,SUP001,Madhya Herbs Pvt Ltd,RM002,Tulsi Leaves (Dried),Raw Herbs,kg,346.4,192.85,66803.24,5,3340.16,2652.22,72795.62,17,2023-02-21,2023-02-21,0,On-Time,30
PO-2023-0033,2023-02-06,SUP006,Capsico Gelatin & Capsules,RM014,"Veg HPMC Capsules (Size 0, '000s)",Capsules,'000 units,17.0,713.59,12131.03,12,1455.72,1185.18,14771.93,17,2023-02-23,2023-02-23,0,On-Time,45
PO-2023-0034,2023-02-06,SUP003,Himalayan Herb Extracts,RM005,Ashwagandha Extract (5% Withanolides),Herbal Extracts,kg,59.6,1291.66,76982.94,12,9237.95,2445.16,88666.05,16,2023-02-22,2023-02-22,0,On-Time,45
PO-2023-0035,2023-02-06,SUP008,Malwa Print & Cartons,RM016,Printed Cartons (units),Packaging,units,8573.0,4.17,35749.41,18,6434.89,1882.77,44067.07,10,2023-02-16,2023-02-16,0,On-Time,15
PO-2023-0036,2023-02-08,SUP007,Indore Packaging Solutions,RM015,HDPE Bottles 100ml (units),Packaging,units,8313.0,5.73,47633.49,18,8574.03,934.84,57142.36,6,2023-02-14,2023-02-13,-1,Early,15
PO-2023-0037,2023-02-08,SUP001,Madhya Herbs Pvt Ltd,RM004,Giloy Stem (Dried),Raw Herbs,kg,204.8,210.45,43100.16,5,2155.01,2022.9,47278.07,23,2023-03-03,2023-03-02,-1,Early,30
PO-2023-0038,2023-02-11,SUP007,Indore Packaging Solutions,RM018,Corrugated Shipping Boxes (units),Packaging,units,1468.0,29.85,43819.8,18,7887.56,2458.69,54166.05,9,2023-02-20,2023-02-20,0,On-Time,15
PO-2023-0039,2023-02-11,SUP003,Himalayan Herb Extracts,RM009,Triphala Extract,Herbal Extracts,kg,36.3,1093.42,39691.15,12,4762.94,2023.13,46477.22,20,2023-03-03,2023-03-03,0,On-Time,45
PO-2023-0040,2023-02-11,SUP005,Chemico Excipients Ltd,RM010,Microcrystalline Cellulose (MCC),Excipients,kg,172.2,149.69,25776.62,18,4639.79,2611.58,33027.99,13,2023-02-24,2023-02-24,0,On-Time,60
PO-2023-0041,2023-02-12,SUP006,Capsico Gelatin & Capsules,RM013,"Gelatin Capsules (Size 00, '000s)",Capsules,'000 units,37.0,420.19,15547.03,12,1865.64,1268.9,18681.57,13,2023-02-25,2023-02-25,0,On-Time,45
PO-2023-0042,2023-02-12,SUP002,Vindhya Botanicals,RM001,Ashwagandha Root (Dried),Raw Herbs,kg,368.7,251.11,92584.26,5,4629.21,3038.55,100252.02,19,2023-03-03,2023-03-03,0,On-Time,30
PO-2023-0043,2023-02-12,SUP004,Girnar Ayur Ingredients,RM008,Turmeric Curcumin Extract (95%),Herbal Extracts,kg,44.1,1946.13,85824.33,12,10298.92,1425.86,97549.11,12,2023-02-24,2023-02-24,0,On-Time,45
PO-2023-0044,2023-02-14,SUP008,Malwa Print & Cartons,RM017,Product Labels (units),Packaging,units,11865.0,1.25,14831.25,18,2669.62,529.14,18030.01,6,2023-02-20,2023-02-20,0,On-Time,15
PO-2023-0045,2023-02-14,SUP005,Chemico Excipients Ltd,RM011,Magnesium Stearate,Excipients,kg,42.4,260.86,11060.46,18,1990.88,1534.78,14586.12,13,2023-02-27,2023-02-27,0,On-Time,60
PO-2023-0046,2023-02-19,SUP002,Vindhya Botanicals,RM003,Amla Fruit (Dried),Raw Herbs,kg,237.3,207.91,49337.04,5,2466.85,2019.91,53823.8,19,2023-03-10,2023-03-10,0,On-Time,30
PO-2023-0047,2023-02-19,SUP007,Indore Packaging Solutions,RM015,HDPE Bottles 100ml (units),Packaging,units,9535.0,5.83,55589.05,18,10006.03,976.1,66571.18,7,2023-02-26,2023-02-26,0,On-Time,15
PO-2023-0048,2023-02-19,SUP008,Malwa Print & Cartons,RM016,Printed Cartons (units),Packaging,units,8307.0,4.11,34141.77,18,6145.52,1904.47,42191.76,9,2023-02-28,2023-02-28,0,On-Time,15
PO-2023-0049,2023-02-22,SUP005,Chemico Excipients Ltd,RM012,Maize Starch,Excipients,kg,148.2,113.04,16752.53,18,3015.46,2529.86,22297.85,10,2023-03-04,2023-03-04,0,On-Time,60
PO-2023-0050,2023-02-23,SUP001,Madhya Herbs Pvt Ltd,RM002,Tulsi Leaves (Dried),Raw Herbs,kg,350.8,195.16,68462.13,5,3423.11,3001.23,74886.47,16,2023-03-11,2023-03-11,0,On-Time,30
PO-2023-0051,2023-02-23,SUP003,Himalayan Herb Extracts,RM006,Brahmi Extract,Herbal Extracts,kg,28.3,1225.61,34684.76,12,4162.17,1858.34,40705.27,22,2023-03-17,2023-03-29,12,Delayed,45
PO-2023-0052,2023-02-25,SUP001,Madhya Herbs Pvt Ltd,RM004,Giloy Stem (Dried),Raw Herbs,kg,238.9,194.51,46468.44,5,2323.42,2079.09,50870.95,22,2023-03-19,2023-03-19,0,On-Time,30
PO-2023-0053,2023-02-26,SUP007,Indore Packaging Solutions,RM018,Corrugated Shipping Boxes (units),Packaging,units,1287.0,30.77,39600.99,18,7128.18,2021.87,48751.04,9,2023-03-07,2023-03-07,0,On-Time,15
PO-2023-0054,2023-02-27,SUP008,Malwa Print & Cartons,RM017,Product Labels (units),Packaging,units,12422.0,1.23,15279.06,18,2750.23,550.07,18579.36,9,2023-03-08,2023-03-08,0,On-Time,15
PO-2023-0055,2023-02-28,SUP006,Capsico Gelatin & Capsules,RM014,"Veg HPMC Capsules (Size 0, '000s)",Capsules,'000 units,18.0,725.14,13052.52,12,1566.3,1123.35,15742.17,18,2023-03-18,2023-03-24,6,Delayed,45
PO-2023-0056,2023-03-01,SUP004,Girnar Ayur Ingredients,RM007,Shatavari Extract,Herbal Extracts,kg,22.8,1074.24,24492.67,12,2939.12,1189.74,28621.53,19,2023-03-20,2023-03-20,0,On-Time,45
PO-2023-0057,2023-03-02,SUP007,Indore Packaging Solutions,RM015,HDPE Bottles 100ml (units),Packaging,units,7977.0,5.6,44671.2,18,8040.82,927.4,53639.42,9,2023-03-11,2023-03-11,0,On-Time,15
PO-2023-0058,2023-03-03,SUP003,Himalayan Herb Extracts,RM005,Ashwagandha Extract (5% Withanolides),Herbal Extracts,kg,45.4,1244.09,56481.69,12,6777.8,2234.87,65494.36,19,2023-03-22,2023-03-31,9,Delayed,45
PO-2023-0059,2023-03-03,SUP001,Madhya Herbs Pvt Ltd,RM001,Ashwagandha Root (Dried),Raw Herbs,kg,311.1,239.26,74433.79,5,3721.69,2651.62,80807.1,23,2023-03-26,2023-03-26,0,On-Time,30
PO-2023-0060,2023-03-03,SUP008,Malwa Print & Cartons,RM016,Printed Cartons (units),Packaging,units,7491.0,4.12,30862.92,18,5555.33,1602.55,38020.8,9,2023-03-12,2023-03-13,1,Delayed,15
PO-2023-0061,2023-03-04,SUP005,Chemico Excipients Ltd,RM010,Microcrystalline Cellulose (MCC),Excipients,kg,160.6,147.27,23651.56,18,4257.28,2748.72,30657.56,12,2023-03-16,2023-03-16,0,On-Time,60
PO-2023-0062,2023-03-07,SUP006,Capsico Gelatin & Capsules,RM013,"Gelatin Capsules (Size 00, '000s)",Capsules,'000 units,31.0,420.01,13020.31,12,1562.44,1299.59,15882.34,13,2023-03-20,2023-03-22,2,Delayed,45
PO-2023-0063,2023-03-09,SUP004,Girnar Ayur Ingredients,RM008,Turmeric Curcumin Extract (95%),Herbal Extracts,kg,40.6,1949.95,79167.97,12,9500.16,1379.14,90047.27,19,2023-03-28,2023-03-30,2,Delayed,45
PO-2023-0064,2023-03-09,SUP003,Himalayan Herb Extracts,RM009,Triphala Extract,Herbal Extracts,kg,26.3,1062.44,27942.17,12,3353.06,2047.91,33343.14,18,2023-03-27,2023-03-27,0,On-Time,45
PO-2023-0065,2023-03-10,SUP007,Indore Packaging Solutions,RM018,Corrugated Shipping Boxes (units),Packaging,units,1029.0,29.9,30767.1,18,5538.08,1742.38,38047.56,6,2023-03-16,2023-03-16,0,On-Time,15
PO-2023-0066,2023-03-11,SUP002,Vindhya Botanicals,RM003,Amla Fruit (Dried),Raw Herbs,kg,203.2,221.52,45012.86,5,2250.64,1923.11,49186.61,25,2023-04-05,2023-04-05,0,On-Time,30
PO-2023-0067,2023-03-12,SUP001,Madhya Herbs Pvt Ltd,RM002,Tulsi Leaves (Dried),Raw Herbs,kg,271.2,184.84,50128.61,5,2506.43,2487.86,55122.9,22,2023-04-03,2023-04-03,0,On-Time,30
PO-2023-0068,2023-03-13,SUP008,Malwa Print & Cartons,RM017,Product Labels (units),Packaging,units,9904.0,1.2,11884.8,18,2139.26,492.36,14516.42,6,2023-03-19,2023-03-19,0,On-Time,15
PO-2023-0069,2023-03-15,SUP005,Chemico Excipients Ltd,RM011,Magnesium Stearate,Excipients,kg,36.2,248.06,8979.77,18,1616.36,1456.35,12052.48,14,2023-03-29,2023-03-29,0,On-Time,60
PO-2023-0070,2023-03-15,SUP007,Indore Packaging Solutions,RM015,HDPE Bottles 100ml (units),Packaging,units,8266.0,5.59,46206.94,18,8317.25,973.83,55498.02,9,2023-03-24,2023-03-24,0,On-Time,15
PO-2023-0071,2023-03-17,SUP001,Madhya Herbs Pvt Ltd,RM004,Giloy Stem (Dried),Raw Herbs,kg,181.4,210.06,38104.88,5,1905.24,1769.51,41779.63,26,2023-04-12,2023-04-12,0,On-Time,30
PO-2023-0072,2023-03-18,SUP005,Chemico Excipients Ltd,RM012,Maize Starch,Excipients,kg,106.4,114.28,12159.39,18,2188.69,2201.43,16549.51,10,2023-03-28,2023-04-02,5,Delayed,60
PO-2023-0073,2023-03-19,SUP008,Malwa Print & Cartons,RM016,Printed Cartons (units),Packaging,units,7073.0,4.28,30272.44,18,5449.04,1662.0,37383.48,9,2023-03-28,2023-03-28,0,On-Time,15
PO-2023-0074,2023-03-20,SUP006,Capsico Gelatin & Capsules,RM014,"Veg HPMC Capsules (Size 0, '000s)",Capsules,'000 units,16.0,715.09,11441.44,12,1372.97,1187.44,14001.85,15,2023-04-04,2023-04-04,0,On-Time,45
PO-2023-0075,2023-03-22,SUP003,Himalayan Herb Extracts,RM006,Brahmi Extract,Herbal Extracts,kg,24.2,1178.3,28514.86,12,3421.78,1815.82,33752.46,22,2023-04-13,2023-04-13,0,On-Time,45
PO-2023-0076,2023-03-22,SUP001,Madhya Herbs Pvt Ltd,RM001,Ashwagandha Root (Dried),Raw Herbs,kg,321.9,242.56,78080.06,5,3904.0,2791.13,84775.19,27,2023-04-18,2023-04-18,0,On-Time,30
PO-2023-0077,2023-03-28,SUP007,Indore Packaging Solutions,RM015,HDPE Bottles 100ml (units),Packaging,units,7524.0,5.67,42661.08,18,7678.99,936.23,51276.3,9,2023-04-06,2023-04-06,0,On-Time,15
PO-2023-0078,2023-03-28,SUP004,Girnar Ayur Ingredients,RM007,Shatavari Extract,Herbal Extracts,kg,24.1,1117.2,26924.52,12,3230.94,1335.27,31490.73,17,2023-04-14,2023-04-14,0,On-Time,45
PO-2023-0079,2023-03-29,SUP008,Malwa Print & Cartons,RM017,Product Labels (units),Packaging,units,9221.0,1.23,11341.83,18,2041.53,539.88,13923.24,7,2023-04-05,2023-04-05,0,On-Time,15
PO-2023-0080,2023-03-30,SUP001,Madhya Herbs Pvt Ltd,RM002,Tulsi Leaves (Dried),Raw Herbs,kg,260.6,195.31,50897.79,5,2544.89,2418.4,55861.08,23,2023-04-22,2023-04-20,-2,Early,30
PO-2023-0081,2023-03-30,SUP007,Indore Packaging Solutions,RM018,Corrugated Shipping Boxes (units),Packaging,units,1200.0,30.0,36000.0,18,6480.0,1854.68,44334.68,7,2023-04-06,2023-04-06,0,On-Time,15
PO-2023-0082,2023-03-30,SUP005,Chemico Excipients Ltd,RM010,Microcrystalline Cellulose (MCC),Excipients,kg,149.6,152.26,22778.1,18,4100.06,2702.64,29580.8,13,2023-04-12,2023-04-12,0,On-Time,60
PO-2023-0083,2023-04-02,SUP008,Malwa Print & Cartons,RM016,Printed Cartons (units),Packaging,units,5367.0,4.14,22219.38,18,3999.49,1209.97,27428.84,9,2023-04-11,2023-04-17,6,Delayed,15
PO-2023-0084,2023-04-02,SUP006,Capsico Gelatin & Capsules,RM013,"Gelatin Capsules (Size 00, '000s)",Capsules,'000 units,24.0,441.89,10605.36,12,1272.64,1169.47,13047.47,17,2023-04-19,2023-04-19,0,On-Time,45
PO-2023-0085,2023-04-03,SUP002,Vindhya Botanicals,RM003,Amla Fruit (Dried),Raw Herbs,kg,172.2,221.58,38156.08,5,1907.8,1839.69,41903.57,26,2023-04-29,2023-05-09,10,Delayed,30
PO-2023-0086,2023-04-04,SUP003,Himalayan Herb Extracts,RM005,Ashwagandha Extract (5% Withanolides),Herbal Extracts,kg,40.8,1315.31,53664.65,12,6439.76,1975.18,62079.59,20,2023-04-24,2023-05-04,10,Delayed,45
PO-2023-0087,2023-04-08,SUP001,Madhya Herbs Pvt Ltd,RM004,Giloy Stem (Dried),Raw Herbs,kg,158.5,207.79,32934.71,5,1646.74,1748.91,36330.36,28,2023-05-06,2023-05-06,0,On-Time,30
PO-2023-0088,2023-04-09,SUP004,Girnar Ayur Ingredients,RM008,Turmeric Curcumin Extract (95%),Herbal Extracts,kg,33.3,2000.18,66605.99,12,7992.72,1445.18,76043.89,19,2023-04-28,2023-04-28,0,On-Time,45
PO-2023-0089,2023-04-09,SUP003,Himalayan Herb Extracts,RM009,Triphala Extract,Herbal Extracts,kg,22.0,1063.61,23399.42,12,2807.93,1741.09,27948.44,21,2023-04-30,2023-05-07,7,Delayed,45
PO-2023-0090,2023-04-10,SUP007,Indore Packaging Solutions,RM015,HDPE Bottles 100ml (units),Packaging,units,5882.0,5.63,33115.66,18,5960.82,798.04,39874.52,8,2023-04-18,2023-04-18,0,On-Time,15
PO-2023-0091,2023-04-14,SUP001,Madhya Herbs Pvt Ltd,RM001,Ashwagandha Root (Dried),Raw Herbs,kg,247.1,247.52,61162.19,5,3058.11,2182.96,66403.26,25,2023-05-09,2023-05-09,0,On-Time,30
PO-2023-0092,2023-04-14,SUP007,Indore Packaging Solutions,RM018,Corrugated Shipping Boxes (units),Packaging,units,868.0,29.8,25866.4,18,4655.95,1534.25,32056.6,9,2023-04-23,2023-04-21,-2,Early,15
PO-2023-0093,2023-04-14,SUP008,Malwa Print & Cartons,RM017,Product Labels (units),Packaging,units,9190.0,1.2,11028.0,18,1985.04,517.69,13530.73,8,2023-04-22,2023-04-22,0,On-Time,15
PO-2023-0094,2023-04-17,SUP005,Chemico Excipients Ltd,RM011,Magnesium Stearate,Excipients,kg,30.7,263.53,8090.37,18,1456.27,1361.02,10907.66,14,2023-05-01,2023-05-01,0,On-Time,60
PO-2023-0095,2023-04-17,SUP005,Chemico Excipients Ltd,RM012,Maize Starch,Excipients,kg,95.9,114.14,10946.03,18,1970.29,2100.41,15016.73,9,2023-04-26,2023-04-26,0,On-Time,60
PO-2023-0096,2023-04-18,SUP006,Capsico Gelatin & Capsules,RM014,"Veg HPMC Capsules (Size 0, '000s)",Capsules,'000 units,12.0,726.09,8713.08,12,1045.57,1206.8,10965.45,16,2023-05-04,2023-05-12,8,Delayed,45
PO-2023-0097,2023-04-19,SUP008,Malwa Print & Cartons,RM016,Printed Cartons (units),Packaging,units,5383.0,4.24,22823.92,18,4108.31,1303.92,28236.15,8,2023-04-27,2023-04-27,0,On-Time,15
PO-2023-0098,2023-04-19,SUP003,Himalayan Herb Extracts,RM006,Brahmi Extract,Herbal Extracts,kg,23.5,1161.91,27304.89,12,3276.59,1858.56,32440.04,20,2023-05-09,2023-05-09,0,On-Time,45
PO-2023-0099,2023-04-21,SUP001,Madhya Herbs Pvt Ltd,RM002,Tulsi Leaves (Dried),Raw Herbs,kg,247.9,183.38,45459.9,5,2272.99,2308.43,50041.32,24,2023-05-15,2023-05-15,0,On-Time,30
PO-2023-0100,2023-04-27,SUP005,Chemico Excipients Ltd,RM010,Microcrystalline Cellulose (MCC),Excipients,kg,123.1,152.2,18735.82,18,3372.45,2396.11,24504.38,11,2023-05-08,2023-05-08,0,On-Time,60
PO-2023-0101,2023-04-28,SUP002,Vindhya Botanicals,RM003,Amla Fruit (Dried),Raw Herbs,kg,162.9,214.66,34968.11,5,1748.41,1685.54,38402.06,23,2023-05-21,2023-05-21,0,On-Time,30
PO-2023-0102,2023-04-28,SUP007,Indore Packaging Solutions,RM015,HDPE Bottles 100ml (units),Packaging,units,6219.0,5.82,36194.58,18,6515.02,797.41,43507.01,8,2023-05-06,2023-05-06,0,On-Time,15
PO-2023-0103,2023-04-30,SUP004,Girnar Ayur Ingredients,RM007,Shatavari Extract,Herbal Extracts,kg,18.0,1113.91,20050.38,12,2406.05,1247.69,23704.12,17,2023-05-17,2023-05-17,0,On-Time,45
PO-2023-0104,2023-05-01,SUP006,Capsico Gelatin & Capsules,RM013,"Gelatin Capsules (Size 00, '000s)",Capsules,'000 units,25.0,421.72,10543.0,12,1265.16,1216.26,13024.42,16,2023-05-17,2023-05-23,6,Delayed,45
PO-2023-0105,2023-05-02,SUP008,Malwa Print & Cartons,RM017,Product Labels (units),Packaging,units,8062.0,1.19,9593.78,18,1726.88,513.43,11834.09,5,2023-05-07,2023-05-06,-1,Early,15
PO-2023-0106,2023-05-05,SUP007,Indore Packaging Solutions,RM018,Corrugated Shipping Boxes (units),Packaging,units,998.0,29.17,29111.66,18,5240.1,1634.07,35985.83,9,2023-05-14,2023-05-14,0,On-Time,15
PO-2023-0107,2023-05-05,SUP008,Malwa Print & Cartons,RM016,Printed Cartons (units),Packaging,units,6198.0,4.22,26155.56,18,4708.0,1419.27,32282.83,10,2023-05-15,2023-05-18,3,Delayed,15
PO-2023-0108,2023-05-06,SUP001,Madhya Herbs Pvt Ltd,RM004,Giloy Stem (Dried),Raw Herbs,kg,171.9,203.52,34985.09,5,1749.25,1781.81,38516.15,27,2023-06-02,2023-06-02,0,On-Time,30
PO-2023-0109,2023-05-07,SUP003,Himalayan Herb Extracts,RM005,Ashwagandha Extract (5% Withanolides),Herbal Extracts,kg,45.7,1287.72,58848.8,12,7061.86,2262.58,68173.24,18,2023-05-25,2023-05-25,0,On-Time,45
PO-2023-0110,2023-05-10,SUP003,Himalayan Herb Extracts,RM009,Triphala Extract,Herbal Extracts,kg,22.2,1018.07,22601.15,12,2712.14,1782.48,27095.77,22,2023-06-01,2023-06-09,8,Delayed,45
PO-2023-0111,2023-05-12,SUP004,Girnar Ayur Ingredients,RM008,Turmeric Curcumin Extract (95%),Herbal Extracts,kg,31.1,2026.84,63034.72,12,7564.17,1333.67,71932.56,18,2023-05-30,2023-05-30,0,On-Time,45
PO-2023-0112,2023-05-12,SUP001,Madhya Herbs Pvt Ltd,RM001,Ashwagandha Root (Dried),Raw Herbs,kg,280.9,247.86,69623.87,5,3481.19,2359.31,75464.37,23,2023-06-04,2023-06-04,0,On-Time,30
PO-2023-0113,2023-05-14,SUP007,Indore Packaging Solutions,RM015,HDPE Bottles 100ml (units),Packaging,units,6568.0,5.59,36715.12,18,6608.72,852.06,44175.9,7,2023-05-21,2023-05-22,1,Delayed,15
PO-2023-0114,2023-05-14,SUP001,Madhya Herbs Pvt Ltd,RM002,Tulsi Leaves (Dried),Raw Herbs,kg,247.7,193.85,48016.64,5,2400.83,2295.98,52713.45,21,2023-06-04,2023-06-04,0,On-Time,30
PO-2023-0115,2023-05-20,SUP005,Chemico Excipients Ltd,RM012,Maize Starch,Excipients,kg,98.7,118.97,11742.34,18,2113.62,2139.0,15994.96,9,2023-05-29,2023-05-29,0,On-Time,60
PO-2023-0116,2023-05-20,SUP005,Chemico Excipients Ltd,RM011,Magnesium Stearate,Excipients,kg,30.5,266.02,8113.61,18,1460.45,1345.48,10919.54,10,2023-05-30,2023-05-30,0,On-Time,60
PO-2023-0117,2023-05-21,SUP008,Malwa Print & Cartons,RM016,Printed Cartons (units),Packaging,units,5570.0,4.18,23282.6,18,4190.87,1319.73,28793.2,9,2023-05-30,2023-05-30,0,On-Time,15
PO-2023-0118,2023-05-21,SUP008,Malwa Print & Cartons,RM017,Product Labels (units),Packaging,units,8465.0,1.25,10581.25,18,1904.62,497.11,12982.98,7,2023-05-28,2023-05-28,0,On-Time,15
PO-2023-0119,2023-05-21,SUP006,Capsico Gelatin & Capsules,RM014,"Veg HPMC Capsules (Size 0, '000s)",Capsules,'000 units,13.0,738.36,9598.68,12,1151.84,1184.12,11934.64,15,2023-06-05,2023-06-05,0,On-Time,45
PO-2023-0120,2023-05-23,SUP003,Himalayan Herb Extracts,RM006,Brahmi Extract,Herbal Extracts,kg,21.7,1192.72,25882.02,12,3105.84,1885.17,30873.03,18,2023-06-10,2023-06-10,0,On-Time,45
PO-2023-0121,2023-05-27,SUP007,Indore Packaging Solutions,RM018,Corrugated Shipping Boxes (units),Packaging,units,916.0,29.75,27251.0,18,4905.18,1529.97,33686.15,8,2023-06-04,2023-06-04,0,On-Time,15
PO-2023-0122,2023-05-29,SUP007,Indore Packaging Solutions,RM015,HDPE Bottles 100ml (units),Packaging,units,6184.0,5.62,34754.08,18,6255.73,833.59,41843.4,9,2023-06-07,2023-06-07,0,On-Time,15
PO-2023-0123,2023-05-30,SUP002,Vindhya Botanicals,RM003,Amla Fruit (Dried),Raw Herbs,kg,160.9,222.7,35832.43,5,1791.62,1691.21,39315.26,24,2023-06-23,2023-06-23,0,On-Time,30
PO-2023-0124,2023-05-31,SUP005,Chemico Excipients Ltd,RM010,Microcrystalline Cellulose (MCC),Excipients,kg,139.3,143.99,20057.81,18,3610.41,2247.67,25915.89,11,2023-06-11,2023-06-11,0,On-Time,60
PO-2023-0125,2023-06-01,SUP006,Capsico Gelatin & Capsules,RM013,"Gelatin Capsules (Size 00, '000s)",Capsules,'000 units,25.0,418.96,10474.0,12,1256.88,1273.76,13004.64,14,2023-06-15,2023-06-15,0,On-Time,45
PO-2023-0126,2023-06-05,SUP001,Madhya Herbs Pvt Ltd,RM004,Giloy Stem (Dried),Raw Herbs,kg,161.3,203.93,32893.91,5,1644.7,1527.17,36065.78,35,2023-07-10,2023-07-08,-2,Early,30
PO-2023-0127,2023-06-05,SUP008,Malwa Print & Cartons,RM017,Product Labels (units),Packaging,units,8409.0,1.2,10090.8,18,1816.34,500.06,12407.2,5,2023-06-10,2023-06-14,4,Delayed,15
PO-2023-0128,2023-06-09,SUP008,Malwa Print & Cartons,RM016,Printed Cartons (units),Packaging,units,6374.0,4.14,26388.36,18,4749.9,1553.93,32692.19,9,2023-06-18,2023-06-18,0,On-Time,15
PO-2023-0129,2023-06-10,SUP001,Madhya Herbs Pvt Ltd,RM002,Tulsi Leaves (Dried),Raw Herbs,kg,240.5,187.41,45072.1,5,2253.61,2261.42,49587.13,32,2023-07-12,2023-07-12,0,On-Time,30
PO-2023-0130,2023-06-11,SUP004,Girnar Ayur Ingredients,RM007,Shatavari Extract,Herbal Extracts,kg,19.7,1099.97,21669.41,12,2600.33,1121.82,25391.56,16,2023-06-27,2023-06-27,0,On-Time,45
PO-2023-0131,2023-06-11,SUP001,Madhya Herbs Pvt Ltd,RM001,Ashwagandha Root (Dried),Raw Herbs,kg,267.0,252.29,67361.43,5,3368.07,2297.48,73026.98,34,2023-07-15,2023-07-15,0,On-Time,30
PO-2023-0132,2023-06-12,SUP003,Himalayan Herb Extracts,RM005,Ashwagandha Extract (5% Withanolides),Herbal Extracts,kg,45.9,1325.63,60846.42,12,7301.57,2081.84,70229.83,30,2023-07-12,2023-07-12,0,On-Time,45
PO-2023-0133,2023-06-14,SUP007,Indore Packaging Solutions,RM015,HDPE Bottles 100ml (units),Packaging,units,6672.0,5.64,37630.08,18,6773.41,857.09,45260.58,8,2023-06-22,2023-06-20,-2,Early,15
PO-2023-0134,2023-06-14,SUP004,Girnar Ayur Ingredients,RM008,Turmeric Curcumin Extract (95%),Herbal Extracts,kg,29.9,2015.32,60258.07,12,7230.97,1290.01,68779.05,26,2023-07-10,2023-07-10,0,On-Time,45
PO-2023-0135,2023-06-16,SUP003,Himalayan Herb Extracts,RM009,Triphala Extract,Herbal Extracts,kg,23.7,1035.45,24540.17,12,2944.82,2029.87,29514.86,19,2023-07-05,2023-07-05,0,On-Time,45
PO-2023-0136,2023-06-16,SUP007,Indore Packaging Solutions,RM018,Corrugated Shipping Boxes (units),Packaging,units,877.0,29.96,26274.92,18,4729.49,1612.58,32616.99,10,2023-06-26,2023-06-26,0,On-Time,15
PO-2023-0137,2023-06-20,SUP006,Capsico Gelatin & Capsules,RM014,"Veg HPMC Capsules (Size 0, '000s)",Capsules,'000 units,14.0,743.93,10415.02,12,1249.8,1159.33,12824.15,14,2023-07-04,2023-07-04,0,On-Time,45
PO-2023-0138,2023-06-21,SUP008,Malwa Print & Cartons,RM017,Product Labels (units),Packaging,units,7754.0,1.24,9614.96,18,1730.69,505.01,11850.66,5,2023-06-26,2023-06-29,3,Delayed,15
PO-2023-0139,2023-06-23,SUP002,Vindhya Botanicals,RM003,Amla Fruit (Dried),Raw Herbs,kg,171.8,210.79,36213.72,5,1810.69,1785.75,39810.16,33,2023-07-26,2023-07-26,0,On-Time,30
PO-2023-0140,2023-06-25,SUP005,Chemico Excipients Ltd,RM012,Maize Starch,Excipients,kg,98.9,112.75,11150.98,18,2007.18,2069.18,15227.34,8,2023-07-03,2023-07-03,0,On-Time,60
PO-2023-0141,2023-06-27,SUP008,Malwa Print & Cartons,RM016,Printed Cartons (units),Packaging,units,5895.0,4.16,24523.2,18,4414.18,1408.94,30346.32,9,2023-07-06,2023-07-06,0,On-Time,15
PO-2023-0142,2023-06-27,SUP003,Himalayan Herb Extracts,RM006,Brahmi Extract,Herbal Extracts,kg,20.0,1228.1,24562.0,12,2947.44,1832.59,29342.03,20,2023-07-17,2023-07-17,0,On-Time,45
PO-2023-0143,2023-06-29,SUP006,Capsico Gelatin & Capsules,RM013,"Gelatin Capsules (Size 00, '000s)",Capsules,'000 units,28.0,416.07,11649.96,12,1398.0,1356.52,14404.48,15,2023-07-14,2023-07-12,-2,Early,45
PO-2023-0144,2023-06-30,SUP005,Chemico Excipients Ltd,RM011,Magnesium Stearate,Excipients,kg,34.0,262.33,8919.22,18,1605.46,1344.11,11868.79,13,2023-07-13,2023-07-13,0,On-Time,60
PO-2023-0145,2023-06-30,SUP001,Madhya Herbs Pvt Ltd,RM004,Giloy Stem (Dried),Raw Herbs,kg,168.3,206.68,34784.24,5,1739.21,1674.28,38197.73,35,2023-08-04,2023-08-04,0,On-Time,30
PO-2023-0146,2023-07-01,SUP007,Indore Packaging Solutions,RM015,HDPE Bottles 100ml (units),Packaging,units,7299.0,5.87,42845.13,18,7712.12,882.56,51439.81,7,2023-07-08,2023-07-08,0,On-Time,15
PO-2023-0147,2023-07-02,SUP005,Chemico Excipients Ltd,RM010,Microcrystalline Cellulose (MCC),Excipients,kg,144.7,145.9,21111.73,18,3800.11,2539.78,27451.62,10,2023-07-12,2023-07-12,0,On-Time,60
PO-2023-0148,2023-07-04,SUP001,Madhya Herbs Pvt Ltd,RM002,Tulsi Leaves (Dried),Raw Herbs,kg,261.6,193.46,50609.14,5,2530.46,2465.39,55604.99,31,2023-08-04,2023-08-04,0,On-Time,30
PO-2023-0149,2023-07-07,SUP007,Indore Packaging Solutions,RM018,Corrugated Shipping Boxes (units),Packaging,units,1230.0,29.48,36260.4,18,6526.87,1957.11,44744.38,9,2023-07-16,2023-07-16,0,On-Time,15
PO-2023-0150,2023-07-07,SUP001,Madhya Herbs Pvt Ltd,RM001,Ashwagandha Root (Dried),Raw Herbs,kg,337.5,234.0,78975.0,5,3948.75,2721.54,85645.29,31,2023-08-07,2023-08-07,0,On-Time,30
PO-2023-0151,2023-07-10,SUP004,Girnar Ayur Ingredients,RM005,Ashwagandha Extract (5% Withanolides),Herbal Extracts,kg,45.8,1233.76,56506.21,12,6780.75,1484.0,64770.96,29,2023-08-08,2023-08-06,-2,Early,45
PO-2023-0152,2023-07-10,SUP008,Malwa Print & Cartons,RM017,Product Labels (units),Packaging,units,11086.0,1.18,13081.48,18,2354.67,545.96,15982.11,6,2023-07-16,2023-07-16,0,On-Time,15
PO-2023-0153,2023-07-14,SUP007,Indore Packaging Solutions,RM015,HDPE Bottles 100ml (units),Packaging,units,8312.0,5.83,48458.96,18,8722.61,1003.03,58184.6,7,2023-07-21,2023-07-21,0,On-Time,15
PO-2023-0154,2023-07-15,SUP004,Girnar Ayur Ingredients,RM007,Shatavari Extract,Herbal Extracts,kg,23.0,1072.07,24657.61,12,2958.91,1256.56,28873.08,19,2023-08-03,2023-08-03,0,On-Time,45
PO-2023-0155,2023-07-17,SUP008,Malwa Print & Cartons,RM016,Printed Cartons (units),Packaging,units,6909.0,4.22,29155.98,18,5248.08,1687.5,36091.56,8,2023-07-25,2023-07-25,0,On-Time,15
PO-2023-0156,2023-07-17,SUP004,Girnar Ayur Ingredients,RM008,Turmeric Curcumin Extract (95%),Herbal Extracts,kg,40.9,1887.28,77189.75,12,9262.77,1539.96,87992.48,27,2023-08-13,2023-08-13,0,On-Time,45
PO-2023-0157,2023-07-18,SUP002,Vindhya Botanicals,RM003,Amla Fruit (Dried),Raw Herbs,kg,204.7,219.96,45025.81,5,2251.29,2027.33,49304.43,33,2023-08-20,2023-08-31,11,Delayed,30
PO-2023-0158,2023-07-19,SUP003,Himalayan Herb Extracts,RM009,Triphala Extract,Herbal Extracts,kg,27.2,1083.05,29458.96,12,3535.08,1826.98,34821.02,20,2023-08-08,2023-08-08,0,On-Time,45
PO-2023-0159,2023-07-23,SUP006,Capsico Gelatin & Capsules,RM014,"Veg HPMC Capsules (Size 0, '000s)",Capsules,'000 units,16.0,709.33,11349.28,12,1361.91,1145.09,13856.28,18,2023-08-10,2023-08-09,-1,Early,45
PO-2023-0160,2023-07-23,SUP007,Indore Packaging Solutions,RM018,Corrugated Shipping Boxes (units),Packaging,units,1170.0,30.25,35392.5,18,6370.65,1886.84,43649.99,9,2023-08-01,2023-07-31,-1,Early,15
PO-2023-0161,2023-07-23,SUP008,Malwa Print & Cartons,RM017,Product Labels (units),Packaging,units,9656.0,1.24,11973.44,18,2155.22,559.87,14688.53,9,2023-08-01,2023-08-04,3,Delayed,15
PO-2023-0162,2023-07-25,SUP005,Chemico Excipients Ltd,RM012,Maize Starch,Excipients,kg,103.3,116.54,12038.58,18,2166.94,2064.2,16269.72,11,2023-08-05,2023-08-03,-2,Early,60
PO-2023-0163,2023-07-26,SUP001,Madhya Herbs Pvt Ltd,RM002,Tulsi Leaves (Dried),Raw Herbs,kg,277.5,196.36,54489.9,5,2724.49,2241.33,59455.72,30,2023-08-25,2023-08-25,0,On-Time,30
PO-2023-0164,2023-07-30,SUP007,Indore Packaging Solutions,RM015,HDPE Bottles 100ml (units),Packaging,units,7156.0,5.78,41361.68,18,7445.1,829.91,49636.69,7,2023-08-06,2023-08-06,0,On-Time,15
PO-2023-0165,2023-07-31,SUP001,Madhya Herbs Pvt Ltd,RM001,Ashwagandha Root (Dried),Raw Herbs,kg,340.2,247.65,84250.53,5,4212.53,2929.83,91392.89,31,2023-08-31,2023-08-31,0,On-Time,30
PO-2023-0166,2023-07-31,SUP001,Madhya Herbs Pvt Ltd,RM004,Giloy Stem (Dried),Raw Herbs,kg,195.7,206.03,40320.07,5,2016.0,1897.86,44233.93,34,2023-09-03,2023-09-03,0,On-Time,30
PO-2023-0167,2023-07-31,SUP006,Capsico Gelatin & Capsules,RM013,"Gelatin Capsules (Size 00, '000s)",Capsules,'000 units,34.0,437.37,14870.58,12,1784.47,1389.89,18044.94,16,2023-08-16,2023-08-23,7,Delayed,45
PO-2023-0168,2023-08-01,SUP008,Malwa Print & Cartons,RM016,Printed Cartons (units),Packaging,units,6918.0,4.15,28709.7,18,5167.75,1492.9,35370.35,11,2023-08-12,2023-08-12,0,On-Time,15
PO-2023-0169,2023-08-01,SUP003,Himalayan Herb Extracts,RM006,Brahmi Extract,Herbal Extracts,kg,24.4,1173.14,28624.62,12,3434.95,1881.52,33941.09,20,2023-08-21,2023-09-03,13,Delayed,45
PO-2023-0170,2023-08-02,SUP005,Chemico Excipients Ltd,RM010,Microcrystalline Cellulose (MCC),Excipients,kg,158.3,143.18,22665.39,18,4079.77,2453.28,29198.44,10,2023-08-12,2023-08-15,3,Delayed,60
PO-2023-0171,2023-08-07,SUP008,Malwa Print & Cartons,RM017,Product Labels (units),Packaging,units,9846.0,1.26,12405.96,18,2233.07,498.98,15138.01,6,2023-08-13,2023-08-13,0,On-Time,15
PO-2023-0172,2023-08-08,SUP005,Chemico Excipients Ltd,RM011,Magnesium Stearate,Excipients,kg,36.7,252.84,9279.23,18,1670.26,1369.48,12318.97,13,2023-08-21,2023-08-21,0,On-Time,60
PO-2023-0173,2023-08-09,SUP003,Himalayan Herb Extracts,RM005,Ashwagandha Extract (5% Withanolides),Herbal Extracts,kg,53.2,1328.63,70683.12,12,8481.97,2434.15,81599.24,30,2023-09-08,2023-09-08,0,On-Time,45
PO-2023-0174,2023-08-09,SUP007,Indore Packaging Solutions,RM018,Corrugated Shipping Boxes (units),Packaging,units,1202.0,30.7,36901.4,18,6642.25,2053.83,45597.48,7,2023-08-16,2023-08-16,0,On-Time,15
PO-2023-0175,2023-08-09,SUP002,Vindhya Botanicals,RM003,Amla Fruit (Dried),Raw Herbs,kg,202.6,220.23,44618.6,5,2230.93,1907.02,48756.55,34,2023-09-12,2023-09-12,0,On-Time,30
PO-2023-0176,2023-08-14,SUP007,Indore Packaging Solutions,RM015,HDPE Bottles 100ml (units),Packaging,units,7671.0,5.82,44645.22,18,8036.14,952.49,53633.85,8,2023-08-22,2023-08-22,0,On-Time,15
PO-2023-0177,2023-08-15,SUP003,Himalayan Herb Extracts,RM009,Triphala Extract,Herbal Extracts,kg,26.7,1016.09,27129.6,12,3255.55,1892.84,32277.99,21,2023-09-05,2023-09-05,0,On-Time,45
PO-2023-0178,2023-08-15,SUP001,Madhya Herbs Pvt Ltd,RM002,Tulsi Leaves (Dried),Raw Herbs,kg,306.4,194.8,59686.72,5,2984.34,2498.6,65169.66,31,2023-09-15,2023-09-15,0,On-Time,30
PO-2023-0179,2023-08-15,SUP004,Girnar Ayur Ingredients,RM008,Turmeric Curcumin Extract (95%),Herbal Extracts,kg,41.0,1924.83,78918.03,12,9470.16,1424.04,89812.23,27,2023-09-11,2023-09-11,0,On-Time,45
PO-2023-0180,2023-08-18,SUP008,Malwa Print & Cartons,RM016,Printed Cartons (units),Packaging,units,6441.0,4.04,26021.64,18,4683.9,1453.78,32159.32,9,2023-08-27,2023-08-27,0,On-Time,15
PO-2023-0181,2023-08-19,SUP006,Capsico Gelatin & Capsules,RM014,"Veg HPMC Capsules (Size 0, '000s)",Capsules,'000 units,16.0,755.36,12085.76,12,1450.29,1237.89,14773.94,17,2023-09-05,2023-09-05,0,On-Time,45
PO-2023-0182,2023-08-19,SUP004,Girnar Ayur Ingredients,RM007,Shatavari Extract,Herbal Extracts,kg,24.7,1138.36,28117.49,12,3374.1,1176.48,32668.07,19,2023-09-07,2023-09-05,-2,Early,45
PO-2023-0183,2023-08-20,SUP001,Madhya Herbs Pvt Ltd,RM004,Giloy Stem (Dried),Raw Herbs,kg,208.1,205.86,42839.47,5,2141.97,2109.17,47090.61,36,2023-09-25,2023-09-25,0,On-Time,30
PO-2023-0184,2023-08-22,SUP008,Malwa Print & Cartons,RM017,Product Labels (units),Packaging,units,10990.0,1.21,13297.9,18,2393.62,553.22,16244.74,7,2023-08-29,2023-08-27,-2,Early,15
PO-2023-0185,2023-08-22,SUP005,Chemico Excipients Ltd,RM012,Maize Starch,Excipients,kg,124.5,112.25,13975.12,18,2515.52,2345.09,18835.73,8,2023-08-30,2023-08-30,0,On-Time,60
PO-2023-0186,2023-08-23,SUP002,Vindhya Botanicals,RM001,Ashwagandha Root (Dried),Raw Herbs,kg,318.6,246.45,78518.97,5,3925.95,2458.05,84902.97,33,2023-09-25,2023-10-04,9,Delayed,30
PO-2023-0187,2023-08-26,SUP006,Capsico Gelatin & Capsules,RM013,"Gelatin Capsules (Size 00, '000s)",Capsules,'000 units,33.0,432.05,14257.65,12,1710.92,1338.66,17307.23,16,2023-09-11,2023-09-11,0,On-Time,45
PO-2023-0188,2023-08-28,SUP007,Indore Packaging Solutions,RM018,Corrugated Shipping Boxes (units),Packaging,units,1123.0,29.33,32937.59,18,5928.77,1729.42,40595.78,9,2023-09-06,2023-09-06,0,On-Time,15
PO-2023-0189,2023-08-29,SUP007,Indore Packaging Solutions,RM015,HDPE Bottles 100ml (units),Packaging,units,7042.0,5.64,39716.88,18,7149.04,866.76,47732.68,6,2023-09-04,2023-09-04,0,On-Time,15
PO-2023-0190,2023-09-01,SUP002,Vindhya Botanicals,RM003,Amla Fruit (Dried),Raw Herbs,kg,180.5,221.89,40051.14,5,2002.56,1751.69,43805.39,32,2023-10-03,2023-10-03,0,On-Time,30
PO-2023-0191,2023-09-01,SUP008,Malwa Print & Cartons,RM016,Printed Cartons (units),Packaging,units,6795.0,4.06,27587.7,18,4965.79,1454.08,34007.57,7,2023-09-08,2023-09-08,0,On-Time,15
PO-2023-0192,2023-09-02,SUP005,Chemico Excipients Ltd,RM010,Microcrystalline Cellulose (MCC),Excipients,kg,143.7,152.94,21977.48,18,3955.95,2357.76,28291.19,13,2023-09-15,2023-09-15,0,On-Time,60
PO-2023-0193,2023-09-02,SUP003,Himalayan Herb Extracts,RM006,Brahmi Extract,Herbal Extracts,kg,23.7,1173.74,27817.64,12,3338.12,1950.74,33106.5,19,2023-09-21,2023-09-21,0,On-Time,45
PO-2023-0194,2023-09-06,SUP004,Girnar Ayur Ingredients,RM005,Ashwagandha Extract (5% Withanolides),Herbal Extracts,kg,52.5,1236.53,64917.82,12,7790.14,1646.7,74354.66,29,2023-10-05,2023-10-11,6,Delayed,45
PO-2023-0195,2023-09-06,SUP008,Malwa Print & Cartons,RM017,Product Labels (units),Packaging,units,10259.0,1.21,12413.39,18,2234.41,523.07,15170.87,5,2023-09-11,2023-09-11,0,On-Time,15
PO-2023-0196,2023-09-06,SUP001,Madhya Herbs Pvt Ltd,RM002,Tulsi Leaves (Dried),Raw Herbs,kg,253.5,184.77,46839.19,5,2341.96,2320.84,51501.99,30,2023-10-06,2023-10-04,-2,Early,30
PO-2023-0197,2023-09-10,SUP004,Girnar Ayur Ingredients,RM008,Turmeric Curcumin Extract (95%),Herbal Extracts,kg,35.7,2016.6,71992.62,12,8639.11,1329.24,81960.97,25,2023-10-05,2023-10-08,3,Delayed,45
PO-2023-0198,2023-09-10,SUP003,Himalayan Herb Extracts,RM009,Triphala Extract,Herbal Extracts,kg,29.2,1066.93,31154.36,12,3738.52,1879.87,36772.75,19,2023-09-29,2023-09-29,0,On-Time,45
PO-2023-0199,2023-09-11,SUP005,Chemico Excipients Ltd,RM011,Magnesium Stearate,Excipients,kg,35.2,262.5,9240.0,18,1663.2,1470.75,12373.95,10,2023-09-21,2023-09-21,0,On-Time,60
PO-2023-0200,2023-09-11,SUP001,Madhya Herbs Pvt Ltd,RM004,Giloy Stem (Dried),Raw Herbs,kg,178.5,203.2,36271.2,5,1813.56,1843.56,39928.32,34,2023-10-15,2023-10-13,-2,Early,30
PO-2023-0201,2023-09-12,SUP007,Indore Packaging Solutions,RM018,Corrugated Shipping Boxes (units),Packaging,units,1170.0,28.91,33824.7,18,6088.45,1977.91,41891.06,9,2023-09-21,2023-09-21,0,On-Time,15
PO-2023-0202,2023-09-12,SUP007,Indore Packaging Solutions,RM015,HDPE Bottles 100ml (units),Packaging,units,6960.0,5.49,38210.4,18,6877.87,837.9,45926.17,9,2023-09-21,2023-09-21,0,On-Time,15
PO-2023-0203,2023-09-14,SUP008,Malwa Print & Cartons,RM016,Printed Cartons (units),Packaging,units,6438.0,4.35,28005.3,18,5040.95,1597.78,34644.03,9,2023-09-23,2023-09-23,0,On-Time,15
PO-2023-0204,2023-09-16,SUP001,Madhya Herbs Pvt Ltd,RM001,Ashwagandha Root (Dried),Raw Herbs,kg,308.7,249.87,77134.87,5,3856.74,2511.76,83503.37,33,2023-10-19,2023-10-19,0,On-Time,30
PO-2023-0205,2023-09-16,SUP006,Capsico Gelatin & Capsules,RM014,"Veg HPMC Capsules (Size 0, '000s)",Capsules,'000 units,15.0,755.95,11339.25,12,1360.71,1181.29,13881.25,14,2023-09-30,2023-09-30,0,On-Time,45
PO-2023-0206,2023-09-16,SUP004,Girnar Ayur Ingredients,RM007,Shatavari Extract,Herbal Extracts,kg,23.1,1099.43,25396.83,12,3047.62,1331.51,29775.96,19,2023-10-05,2023-10-05,0,On-Time,45
PO-2023-0207,2023-09-18,SUP006,Capsico Gelatin & Capsules,RM013,"Gelatin Capsules (Size 00, '000s)",Capsules,'000 units,34.0,418.44,14226.96,12,1707.24,1355.35,17289.55,17,2023-10-05,2023-10-05,0,On-Time,45
PO-2023-0208,2023-09-18,SUP005,Chemico Excipients Ltd,RM012,Maize Starch,Excipients,kg,111.6,111.2,12409.92,18,2233.79,2096.74,16740.45,9,2023-09-27,2023-09-27,0,On-Time,60
PO-2023-0209,2023-09-21,SUP008,Malwa Print & Cartons,RM017,Product Labels (units),Packaging,units,10989.0,1.24,13626.36,18,2452.74,523.85,16602.95,8,2023-09-29,2023-09-29,0,On-Time,15
PO-2023-0210,2023-09-22,SUP002,Vindhya Botanicals,RM003,Amla Fruit (Dried),Raw Herbs,kg,206.1,208.57,42986.28,5,2149.31,1967.0,47102.59,32,2023-10-24,2023-10-24,0,On-Time,30
PO-2023-0211,2023-09-27,SUP007,Indore Packaging Solutions,RM015,HDPE Bottles 100ml (units),Packaging,units,7759.0,5.89,45700.51,18,8226.09,853.89,54780.49,8,2023-10-05,2023-10-05,0,On-Time,15
PO-2023-0212,2023-09-27,SUP001,Madhya Herbs Pvt Ltd,RM002,Tulsi Leaves (Dried),Raw Herbs,kg,253.9,187.43,47588.48,5,2379.42,2407.32,52375.22,28,2023-10-25,2023-10-25,0,On-Time,30
PO-2023-0213,2023-09-29,SUP005,Chemico Excipients Ltd,RM010,Microcrystalline Cellulose (MCC),Excipients,kg,144.3,147.06,21220.76,18,3819.74,2666.81,27707.31,13,2023-10-12,2023-10-12,0,On-Time,60
PO-2023-0214,2023-09-30,SUP008,Malwa Print & Cartons,RM016,Printed Cartons (units),Packaging,units,7394.0,4.23,31276.62,18,5629.79,1677.94,38584.35,11,2023-10-11,2023-10-09,-2,Early,15
PO-2023-0215,2023-10-01,SUP003,Himalayan Herb Extracts,RM005,Ashwagandha Extract (5% Withanolides),Herbal Extracts,kg,58.1,1286.79,74762.5,12,8971.5,2470.92,86204.92,17,2023-10-18,2023-10-23,5,Delayed,45
PO-2023-0216,2023-10-01,SUP007,Indore Packaging Solutions,RM018,Corrugated Shipping Boxes (units),Packaging,units,1408.0,29.05,40902.4,18,7362.43,2360.08,50624.91,9,2023-10-10,2023-10-10,0,On-Time,15
PO-2023-0217,2023-10-03,SUP003,Himalayan Herb Extracts,RM006,Brahmi Extract,Herbal Extracts,kg,33.3,1179.79,39287.01,12,4714.44,2123.78,46125.23,20,2023-10-23,2023-10-30,7,Delayed,45
PO-2023-0218,2023-10-05,SUP008,Malwa Print & Cartons,RM017,Product Labels (units),Packaging,units,11334.0,1.19,13487.46,18,2427.74,589.0,16504.2,8,2023-10-13,2023-10-15,2,Delayed,15
PO-2023-0219,2023-10-05,SUP001,Madhya Herbs Pvt Ltd,RM004,Giloy Stem (Dried),Raw Herbs,kg,226.6,196.16,44449.86,5,2222.49,1958.94,48631.29,22,2023-10-27,2023-10-26,-1,Early,30
PO-2023-0220,2023-10-06,SUP002,Vindhya Botanicals,RM001,Ashwagandha Root (Dried),Raw Herbs,kg,351.1,239.93,84239.42,5,4211.97,2964.23,91415.62,21,2023-10-27,2023-11-02,6,Delayed,30
PO-2023-0221,2023-10-09,SUP003,Himalayan Herb Extracts,RM009,Triphala Extract,Herbal Extracts,kg,31.9,1094.57,34916.78,12,4190.01,1886.52,40993.31,22,2023-10-31,2023-11-05,5,Delayed,45
PO-2023-0222,2023-10-10,SUP004,Girnar Ayur Ingredients,RM008,Turmeric Curcumin Extract (95%),Herbal Extracts,kg,47.1,1929.13,90862.02,12,10903.44,1406.86,103172.32,13,2023-10-23,2023-10-23,0,On-Time,45
PO-2023-0223,2023-10-12,SUP006,Capsico Gelatin & Capsules,RM013,"Gelatin Capsules (Size 00, '000s)",Capsules,'000 units,39.0,428.99,16730.61,12,2007.67,1286.52,20024.8,17,2023-10-29,2023-10-29,0,On-Time,45
PO-2023-0224,2023-10-12,SUP007,Indore Packaging Solutions,RM015,HDPE Bottles 100ml (units),Packaging,units,8365.0,5.65,47262.25,18,8507.2,984.07,56753.52,9,2023-10-21,2023-10-21,0,On-Time,15
PO-2023-0225,2023-10-13,SUP007,Indore Packaging Solutions,RM018,Corrugated Shipping Boxes (units),Packaging,units,1490.0,30.04,44759.6,18,8056.73,2247.34,55063.67,9,2023-10-22,2023-10-22,0,On-Time,15
PO-2023-0226,2023-10-14,SUP005,Chemico Excipients Ltd,RM011,Magnesium Stearate,Excipients,kg,42.1,265.78,11189.34,18,2014.08,1534.43,14737.85,13,2023-10-27,2023-10-27,0,On-Time,60
PO-2023-0227,2023-10-15,SUP005,Chemico Excipients Ltd,RM012,Maize Starch,Excipients,kg,149.2,114.4,17068.48,18,3072.33,2372.89,22513.7,9,2023-10-24,2023-10-24,0,On-Time,60
PO-2023-0228,2023-10-16,SUP006,Capsico Gelatin & Capsules,RM014,"Veg HPMC Capsules (Size 0, '000s)",Capsules,'000 units,18.0,741.66,13349.88,12,1601.99,1115.81,16067.68,15,2023-10-31,2023-10-31,0,On-Time,45
PO-2023-0229,2023-10-16,SUP001,Madhya Herbs Pvt Ltd,RM002,Tulsi Leaves (Dried),Raw Herbs,kg,362.9,184.7,67027.63,5,3351.38,2954.13,73333.14,18,2023-11-03,2023-11-03,0,On-Time,30
PO-2023-0230,2023-10-18,SUP008,Malwa Print & Cartons,RM017,Product Labels (units),Packaging,units,12575.0,1.2,15090.0,18,2716.2,590.7,18396.9,6,2023-10-24,2023-10-23,-1,Early,15
PO-2023-0231,2023-10-18,SUP008,Malwa Print & Cartons,RM016,Printed Cartons (units),Packaging,units,7825.0,4.15,32473.75,18,5845.27,1662.37,39981.39,8,2023-10-26,2023-10-26,0,On-Time,15
PO-2023-0232,2023-10-18,SUP002,Vindhya Botanicals,RM003,Amla Fruit (Dried),Raw Herbs,kg,228.4,217.42,49658.73,5,2482.94,2085.67,54227.34,19,2023-11-06,2023-11-06,0,On-Time,30
PO-2023-0233,2023-10-20,SUP004,Girnar Ayur Ingredients,RM007,Shatavari Extract,Herbal Extracts,kg,27.8,1149.77,31963.61,12,3835.63,1337.1,37136.34,16,2023-11-05,2023-11-05,0,On-Time,45
PO-2023-0234,2023-10-22,SUP007,Indore Packaging Solutions,RM015,HDPE Bottles 100ml (units),Packaging,units,10042.0,5.5,55231.0,18,9941.58,1127.26,66299.84,10,2023-11-01,2023-11-01,0,On-Time,15
PO-2023-0235,2023-10-24,SUP003,Himalayan Herb Extracts,RM005,Ashwagandha Extract (5% Withanolides),Herbal Extracts,kg,56.9,1275.52,72577.09,12,8709.25,2308.52,83594.86,13,2023-11-06,2023-11-06,0,On-Time,45
PO-2023-0236,2023-10-25,SUP001,Madhya Herbs Pvt Ltd,RM004,Giloy Stem (Dried),Raw Herbs,kg,228.5,197.06,45028.21,5,2251.41,2154.44,49434.06,22,2023-11-16,2023-11-16,0,On-Time,30
PO-2023-0237,2023-10-26,SUP003,Himalayan Herb Extracts,RM006,Brahmi Extract,Herbal Extracts,kg,32.2,1173.14,37775.11,12,4533.01,1971.0,44279.12,22,2023-11-17,2023-11-17,0,On-Time,45
PO-2023-0238,2023-10-26,SUP002,Vindhya Botanicals,RM001,Ashwagandha Root (Dried),Raw Herbs,kg,388.6,252.67,98187.56,5,4909.38,3202.33,106299.27,20,2023-11-15,2023-11-15,0,On-Time,30
PO-2023-0239,2023-10-27,SUP005,Chemico Excipients Ltd,RM010,Microcrystalline Cellulose (MCC),Excipients,kg,191.6,148.51,28454.52,18,5121.81,2809.47,36385.8,12,2023-11-08,2023-11-08,0,On-Time,60
PO-2023-0240,2023-10-28,SUP007,Indore Packaging Solutions,RM018,Corrugated Shipping Boxes (units),Packaging,units,1332.0,30.46,40572.72,18,7303.09,2006.35,49882.16,9,2023-11-06,2023-11-06,0,On-Time,15
PO-2023-0241,2023-10-29,SUP008,Malwa Print & Cartons,RM017,Product Labels (units),Packaging,units,11232.0,1.22,13703.04,18,2466.55,583.78,16753.37,8,2023-11-06,2023-11-06,0,On-Time,15
PO-2023-0242,2023-10-30,SUP004,Girnar Ayur Ingredients,RM008,Turmeric Curcumin Extract (95%),Herbal Extracts,kg,46.5,2006.62,93307.83,12,11196.94,1407.73,105912.5,12,2023-11-11,2023-11-11,0,On-Time,45
PO-2023-0243,2023-11-01,SUP008,Malwa Print & Cartons,RM016,Printed Cartons (units),Packaging,units,8527.0,4.12,35131.24,18,6323.62,1973.13,43427.99,9,2023-11-10,2023-11-13,3,Delayed,15
PO-2023-0244,2023-11-01,SUP006,Capsico Gelatin & Capsules,RM013,"Gelatin Capsules (Size 00, '000s)",Capsules,'000 units,35.0,418.03,14631.05,12,1755.73,1436.87,17823.65,16,2023-11-17,2023-11-17,0,On-Time,45
PO-2023-0245,2023-11-02,SUP007,Indore Packaging Solutions,RM015,HDPE Bottles 100ml (units),Packaging,units,9601.0,5.71,54821.71,18,9867.91,1026.88,65716.5,10,2023-11-12,2023-11-12,0,On-Time,15
PO-2023-0246,2023-11-03,SUP003,Himalayan Herb Extracts,RM009,Triphala Extract,Herbal Extracts,kg,31.8,1064.17,33840.61,12,4060.87,2091.15,39992.63,21,2023-11-24,2023-11-24,0,On-Time,45
PO-2023-0247,2023-11-04,SUP006,Capsico Gelatin & Capsules,RM014,"Veg HPMC Capsules (Size 0, '000s)",Capsules,'000 units,20.0,753.81,15076.2,12,1809.14,1193.78,18079.12,15,2023-11-19,2023-11-19,0,On-Time,45
PO-2023-0248,2023-11-04,SUP001,Madhya Herbs Pvt Ltd,RM002,Tulsi Leaves (Dried),Raw Herbs,kg,351.8,191.05,67211.39,5,3360.57,2980.93,73552.89,17,2023-11-21,2023-11-21,0,On-Time,30
PO-2023-0249,2023-11-06,SUP002,Vindhya Botanicals,RM003,Amla Fruit (Dried),Raw Herbs,kg,244.0,222.11,54194.84,5,2709.74,2063.29,58967.87,19,2023-11-25,2023-11-25,0,On-Time,30
PO-2023-0250,2023-11-07,SUP005,Chemico Excipients Ltd,RM011,Magnesium Stearate,Excipients,kg,47.5,263.55,12518.62,18,2253.35,1535.34,16307.31,12,2023-11-19,2023-11-19,0,On-Time,60
PO-2023-0251,2023-11-07,SUP005,Chemico Excipients Ltd,RM012,Maize Starch,Excipients,kg,143.1,115.47,16523.76,18,2974.28,2466.43,21964.47,10,2023-11-17,2023-11-15,-2,Early,60
PO-2023-0252,2023-11-10,SUP007,Indore Packaging Solutions,RM018,Corrugated Shipping Boxes (units),Packaging,units,1467.0,28.55,41882.85,18,7538.91,2429.55,51851.31,9,2023-11-19,2023-11-19,0,On-Time,15
PO-2023-0253,2023-11-11,SUP008,Malwa Print & Cartons,RM017,Product Labels (units),Packaging,units,12440.0,1.21,15052.4,18,2709.43,610.94,18372.77,6,2023-11-17,2023-11-16,-1,Early,15
PO-2023-0254,2023-11-11,SUP001,Madhya Herbs Pvt Ltd,RM004,Giloy Stem (Dried),Raw Herbs,kg,221.1,208.8,46165.68,5,2308.28,2053.37,50527.33,23,2023-12-04,2023-12-04,0,On-Time,30
PO-2023-0255,2023-11-13,SUP007,Indore Packaging Solutions,RM015,HDPE Bottles 100ml (units),Packaging,units,8819.0,5.51,48592.69,18,8746.68,955.84,58295.21,9,2023-11-22,2023-11-20,-2,Early,15
PO-2023-0256,2023-11-13,SUP002,Vindhya Botanicals,RM001,Ashwagandha Root (Dried),Raw Herbs,kg,373.3,234.59,87572.45,5,4378.62,2862.14,94813.21,18,2023-12-01,2023-12-01,0,On-Time,30
PO-2023-0257,2023-11-14,SUP008,Malwa Print & Cartons,RM016,Printed Cartons (units),Packaging,units,8915.0,4.29,38245.35,18,6884.16,1774.65,46904.16,10,2023-11-24,2023-11-22,-2,Early,15
PO-2023-0258,2023-11-16,SUP004,Girnar Ayur Ingredients,RM005,Ashwagandha Extract (5% Withanolides),Herbal Extracts,kg,64.1,1251.23,80203.84,12,9624.46,1772.97,91601.27,13,2023-11-29,2023-11-29,0,On-Time,45
PO-2023-0259,2023-11-17,SUP005,Chemico Excipients Ltd,RM010,Microcrystalline Cellulose (MCC),Excipients,kg,198.0,147.07,29119.86,18,5241.57,2916.81,37278.24,11,2023-11-28,2023-11-28,0,On-Time,60
PO-2023-0260,2023-11-17,SUP004,Girnar Ayur Ingredients,RM007,Shatavari Extract,Herbal Extracts,kg,25.4,1071.61,27218.89,12,3266.27,1327.76,31812.92,16,2023-12-03,2023-12-03,0,On-Time,45
PO-2023-0261,2023-11-19,SUP002,Vindhya Botanicals,RM002,Tulsi Leaves (Dried),Raw Herbs,kg,363.8,193.71,70471.7,5,3523.59,2874.24,76869.53,17,2023-12-06,2023-12-06,0,On-Time,30
PO-2023-0262,2023-11-19,SUP004,Girnar Ayur Ingredients,RM008,Turmeric Curcumin Extract (95%),Herbal Extracts,kg,48.1,2029.88,97637.23,12,11716.47,1434.58,110788.28,14,2023-12-03,2023-12-02,-1,Early,45
PO-2023-0263,2023-11-20,SUP003,Himalayan Herb Extracts,RM006,Brahmi Extract,Herbal Extracts,kg,32.7,1222.39,39972.15,12,4796.66,2042.82,46811.63,19,2023-12-09,2023-12-09,0,On-Time,45
PO-2023-0264,2023-11-22,SUP006,Capsico Gelatin & Capsules,RM013,"Gelatin Capsules (Size 00, '000s)",Capsules,'000 units,35.0,438.25,15338.75,12,1840.65,1335.9,18515.3,14,2023-12-06,2023-12-12,6,Delayed,45
PO-2023-0265,2023-11-23,SUP007,Indore Packaging Solutions,RM018,Corrugated Shipping Boxes (units),Packaging,units,1465.0,28.81,42206.65,18,7597.2,2252.69,52056.54,10,2023-12-03,2023-12-03,0,On-Time,15
PO-2023-0266,2023-11-24,SUP008,Malwa Print & Cartons,RM017,Product Labels (units),Packaging,units,12767.0,1.2,15320.4,18,2757.67,593.03,18671.1,8,2023-12-02,2023-12-04,2,Delayed,15
PO-2023-0267,2023-11-25,SUP008,Malwa Print & Cartons,RM016,Printed Cartons (units),Packaging,units,7624.0,4.31,32859.44,18,5914.7,1685.89,40460.03,10,2023-12-05,2023-12-05,0,On-Time,15
PO-2023-0268,2023-11-25,SUP002,Vindhya Botanicals,RM003,Amla Fruit (Dried),Raw Herbs,kg,238.1,211.77,50422.44,5,2521.12,2150.76,55094.32,21,2023-12-16,2023-12-16,0,On-Time,30
PO-2023-0269,2023-11-26,SUP006,Capsico Gelatin & Capsules,RM014,"Veg HPMC Capsules (Size 0, '000s)",Capsules,'000 units,19.0,722.82,13733.58,12,1648.03,1200.47,16582.08,16,2023-12-12,2023-12-16,4,Delayed,45
PO-2023-0270,2023-11-26,SUP007,Indore Packaging Solutions,RM015,HDPE Bottles 100ml (units),Packaging,units,9519.0,5.75,54734.25,18,9852.17,1109.81,65696.23,7,2023-12-03,2023-12-03,0,On-Time,15
PO-2023-0271,2023-11-29,SUP001,Madhya Herbs Pvt Ltd,RM004,Giloy Stem (Dried),Raw Herbs,kg,229.3,210.56,48281.41,5,2414.07,1962.06,52657.54,22,2023-12-21,2023-12-21,0,On-Time,30
PO-2023-0272,2023-11-30,SUP003,Himalayan Herb Extracts,RM009,Triphala Extract,Herbal Extracts,kg,33.6,1059.22,35589.79,12,4270.77,2145.83,42006.39,21,2023-12-21,2023-12-21,0,On-Time,45
PO-2023-0273,2023-12-01,SUP001,Madhya Herbs Pvt Ltd,RM001,Ashwagandha Root (Dried),Raw Herbs,kg,419.8,247.9,104068.42,5,5203.42,3322.31,112594.15,19,2023-12-20,2023-12-20,0,On-Time,30
PO-2023-0274,2023-12-02,SUP005,Chemico Excipients Ltd,RM012,Maize Starch,Excipients,kg,129.3,116.38,15047.93,18,2708.63,2152.55,19909.11,9,2023-12-11,2023-12-11,0,On-Time,60
PO-2023-0275,2023-12-04,SUP005,Chemico Excipients Ltd,RM011,Magnesium Stearate,Excipients,kg,44.9,255.44,11469.26,18,2064.47,1543.29,15077.02,12,2023-12-16,2023-12-16,0,On-Time,60
PO-2023-0276,2023-12-05,SUP007,Indore Packaging Solutions,RM018,Corrugated Shipping Boxes (units),Packaging,units,1269.0,28.89,36661.41,18,6599.05,2052.75,45313.21,9,2023-12-14,2023-12-14,0,On-Time,15
PO-2023-0277,2023-12-05,SUP008,Malwa Print & Cartons,RM017,Product Labels (units),Packaging,units,11435.0,1.23,14065.05,18,2531.71,543.87,17140.63,8,2023-12-13,2023-12-13,0,On-Time,15
PO-2023-0278,2023-12-07,SUP008,Malwa Print & Cartons,RM016,Printed Cartons (units),Packaging,units,8336.0,4.11,34260.96,18,6166.97,1846.45,42274.38,9,2023-12-16,2023-12-16,0,On-Time,15
PO-2023-0279,2023-12-07,SUP001,Madhya Herbs Pvt Ltd,RM002,Tulsi Leaves (Dried),Raw Herbs,kg,327.0,184.0,60168.0,5,3008.4,2586.41,65762.81,15,2023-12-22,2023-12-21,-1,Early,30
PO-2023-0280,2023-12-08,SUP007,Indore Packaging Solutions,RM015,HDPE Bottles 100ml (units),Packaging,units,9179.0,5.47,50209.13,18,9037.64,953.62,60200.39,10,2023-12-18,2023-12-18,0,On-Time,15
PO-2023-0281,2023-12-08,SUP005,Chemico Excipients Ltd,RM010,Microcrystalline Cellulose (MCC),Excipients,kg,174.3,150.71,26268.75,18,4728.38,2912.2,33909.33,11,2023-12-19,2023-12-17,-2,Early,60
PO-2023-0282,2023-12-09,SUP003,Himalayan Herb Extracts,RM005,Ashwagandha Extract (5% Withanolides),Herbal Extracts,kg,65.7,1325.11,87059.73,12,10447.17,2445.77,99952.67,14,2023-12-23,2023-12-23,0,On-Time,45
PO-2023-0283,2023-12-10,SUP004,Girnar Ayur Ingredients,RM008,Turmeric Curcumin Extract (95%),Herbal Extracts,kg,50.3,1962.87,98732.36,12,11847.88,1443.36,112023.6,13,2023-12-23,2023-12-23,0,On-Time,45
PO-2023-0284,2023-12-13,SUP006,Capsico Gelatin & Capsules,RM013,"Gelatin Capsules (Size 00, '000s)",Capsules,'000 units,37.0,441.24,16325.88,12,1959.11,1398.99,19683.98,17,2023-12-30,2023-12-30,0,On-Time,45
PO-2023-0285,2023-12-13,SUP002,Vindhya Botanicals,RM003,Amla Fruit (Dried),Raw Herbs,kg,248.0,210.23,52137.04,5,2606.85,2322.82,57066.71,17,2023-12-30,2023-12-30,0,On-Time,30
PO-2023-0286,2023-12-17,SUP003,Himalayan Herb Extracts,RM006,Brahmi Extract,Herbal Extracts,kg,30.5,1156.13,35261.97,12,4231.44,1921.39,41414.8,20,2024-01-06,2024-01-17,11,Delayed,45
PO-2023-0287,2023-12-17,SUP004,Girnar Ayur Ingredients,RM007,Shatavari Extract,Herbal Extracts,kg,29.8,1120.33,33385.83,12,4006.3,1281.32,38673.45,20,2024-01-06,2024-01-06,0,On-Time,45
PO-2023-0288,2023-12-18,SUP001,Madhya Herbs Pvt Ltd,RM001,Ashwagandha Root (Dried),Raw Herbs,kg,386.7,247.71,95789.46,5,4789.47,3135.42,103714.35,21,2024-01-08,2024-01-08,0,On-Time,30
PO-2023-0289,2023-12-18,SUP001,Madhya Herbs Pvt Ltd,RM004,Giloy Stem (Dried),Raw Herbs,kg,231.6,199.14,46120.82,5,2306.04,2206.43,50633.29,21,2024-01-08,2024-01-08,0,On-Time,30
PO-2023-0290,2023-12-18,SUP008,Malwa Print & Cartons,RM017,Product Labels (units),Packaging,units,11490.0,1.23,14132.7,18,2543.89,541.58,17218.17,8,2023-12-26,2023-12-26,0,On-Time,15
PO-2023-0291,2023-12-19,SUP007,Indore Packaging Solutions,RM015,HDPE Bottles 100ml (units),Packaging,units,8326.0,5.54,46126.04,18,8302.69,933.27,55362.0,8,2023-12-27,2023-12-27,0,On-Time,15
PO-2023-0292,2023-12-20,SUP006,Capsico Gelatin & Capsules,RM014,"Veg HPMC Capsules (Size 0, '000s)",Capsules,'000 units,17.0,744.7,12659.9,12,1519.19,1250.11,15429.2,16,2024-01-05,2024-01-05,0,On-Time,45
PO-2023-0293,2023-12-20,SUP008,Malwa Print & Cartons,RM016,Printed Cartons (units),Packaging,units,9071.0,4.29,38914.59,18,7004.63,1890.06,47809.28,10,2023-12-30,2023-12-30,0,On-Time,15
PO-2023-0294,2023-12-21,SUP007,Indore Packaging Solutions,RM018,Corrugated Shipping Boxes (units),Packaging,units,1250.0,29.98,37475.0,18,6745.5,1922.17,46142.67,10,2023-12-31,2023-12-31,0,On-Time,15
PO-2023-0295,2023-12-23,SUP003,Himalayan Herb Extracts,RM009,Triphala Extract,Herbal Extracts,kg,32.7,1030.67,33702.91,12,4044.35,1863.88,39611.14,19,2024-01-11,2024-01-11,0,On-Time,45
PO-2023-0296,2023-12-23,SUP005,Chemico Excipients Ltd,RM012,Maize Starch,Excipients,kg,138.3,117.26,16217.06,18,2919.07,2241.46,21377.59,10,2024-01-02,2024-01-02,0,On-Time,60
PO-2023-0297,2023-12-26,SUP002,Vindhya Botanicals,RM002,Tulsi Leaves (Dried),Raw Herbs,kg,360.5,190.21,68570.71,5,3428.54,3052.57,75051.82,18,2024-01-13,2024-01-18,5,Delayed,30
PO-2023-0298,2023-12-28,SUP008,Malwa Print & Cartons,RM017,Product Labels (units),Packaging,units,13026.0,1.25,16282.5,18,2930.85,540.62,19753.97,7,2024-01-04,2024-01-04,0,On-Time,15
PO-2023-0299,2023-12-30,SUP005,Chemico Excipients Ltd,RM011,Magnesium Stearate,Excipients,kg,48.8,255.46,12466.45,18,2243.96,1458.67,16169.08,13,2024-01-12,2024-01-12,0,On-Time,60
PO-2023-0300,2023-12-30,SUP003,Himalayan Herb Extracts,RM005,Ashwagandha Extract (5% Withanolides),Herbal Extracts,kg,61.7,1298.24,80101.41,12,9612.17,2408.85,92122.43,15,2024-01-14,2024-01-14,0,On-Time,45
PO-2023-0301,2023-12-31,SUP005,Chemico Excipients Ltd,RM010,Microcrystalline Cellulose (MCC),Excipients,kg,192.0,145.54,27943.68,18,5029.86,2992.39,35965.93,11,2024-01-11,2024-01-11,0,On-Time,60
PO-2024-0001,2024-01-01,SUP006,Capsico Gelatin & Capsules,RM013,"Gelatin Capsules (Size 00, '000s)",Capsules,'000 units,37.0,437.51,16187.87,12,1942.54,1445.86,19576.27,14,2024-01-15,2024-01-15,0,On-Time,45
PO-2024-0002,2024-01-01,SUP007,Indore Packaging Solutions,RM015,HDPE Bottles 100ml (units),Packaging,units,8369.0,5.73,47954.37,18,8631.79,946.01,57532.17,7,2024-01-08,2024-01-10,2,Delayed,15
PO-2024-0003,2024-01-01,SUP008,Malwa Print & Cartons,RM016,Printed Cartons (units),Packaging,units,8536.0,4.25,36278.0,18,6530.04,1776.09,44584.13,10,2024-01-11,2024-01-09,-2,Early,15
PO-2024-0004,2024-01-01,SUP004,Girnar Ayur Ingredients,RM008,Turmeric Curcumin Extract (95%),Herbal Extracts,kg,44.8,2063.58,92448.38,12,11093.81,1534.86,105077.05,14,2024-01-15,2024-01-13,-2,Early,45
PO-2024-0005,2024-01-04,SUP002,Vindhya Botanicals,RM003,Amla Fruit (Dried),Raw Herbs,kg,232.7,225.16,52394.73,5,2619.74,2253.14,57267.61,20,2024-01-24,2024-01-24,0,On-Time,30
PO-2024-0006,2024-01-04,SUP002,Vindhya Botanicals,RM001,Ashwagandha Root (Dried),Raw Herbs,kg,414.1,251.17,104009.5,5,5200.48,3348.57,112558.55,21,2024-01-25,2024-01-25,0,On-Time,30
PO-2024-0007,2024-01-06,SUP007,Indore Packaging Solutions,RM018,Corrugated Shipping Boxes (units),Packaging,units,1423.0,30.24,43031.52,18,7745.67,2352.51,53129.7,10,2024-01-16,2024-01-14,-2,Early,15
PO-2024-0008,2024-01-06,SUP001,Madhya Herbs Pvt Ltd,RM004,Giloy Stem (Dried),Raw Herbs,kg,240.9,213.07,51328.56,5,2566.43,2341.11,56236.1,20,2024-01-26,2024-02-01,6,Delayed,30
PO-2024-0009,2024-01-10,SUP001,Madhya Herbs Pvt Ltd,RM002,Tulsi Leaves (Dried),Raw Herbs,kg,335.5,196.35,65875.43,5,3293.77,2794.44,71963.64,16,2024-01-26,2024-01-26,0,On-Time,30
PO-2024-0010,2024-01-10,SUP008,Malwa Print & Cartons,RM017,Product Labels (units),Packaging,units,11754.0,1.29,15162.66,18,2729.28,556.77,18448.71,8,2024-01-18,2024-01-18,0,On-Time,15
PO-2024-0011,2024-01-12,SUP007,Indore Packaging Solutions,RM015,HDPE Bottles 100ml (units),Packaging,units,9390.0,6.06,56903.4,18,10242.61,1064.22,68210.23,6,2024-01-18,2024-01-18,0,On-Time,15
PO-2024-0012,2024-01-14,SUP006,Capsico Gelatin & Capsules,RM014,"Veg HPMC Capsules (Size 0, '000s)",Capsules,'000 units,18.0,767.94,13822.92,12,1658.75,1258.56,16740.23,15,2024-01-29,2024-01-29,0,On-Time,45
PO-2024-0013,2024-01-14,SUP008,Malwa Print & Cartons,RM016,Printed Cartons (units),Packaging,units,8326.0,4.48,37300.48,18,6714.09,1796.85,45811.42,10,2024-01-24,2024-01-28,4,Delayed,15
PO-2024-0014,2024-01-14,SUP004,Girnar Ayur Ingredients,RM007,Shatavari Extract,Herbal Extracts,kg,28.7,1201.26,34476.16,12,4137.14,1255.06,39868.36,20,2024-02-03,2024-02-03,0,On-Time,45
PO-2024-0015,2024-01-15,SUP005,Chemico Excipients Ltd,RM012,Maize Starch,Excipients,kg,145.7,125.38,18267.87,18,3288.22,2635.45,24191.54,10,2024-01-25,2024-01-25,0,On-Time,60
PO-2024-0016,2024-01-15,SUP003,Himalayan Herb Extracts,RM006,Brahmi Extract,Herbal Extracts,kg,32.4,1293.19,41899.36,12,5027.92,1923.86,48851.14,22,2024-02-06,2024-02-06,0,On-Time,45
PO-2024-0017,2024-01-17,SUP003,Himalayan Herb Extracts,RM009,Triphala Extract,Herbal Extracts,kg,32.3,1067.26,34472.5,12,4136.7,2094.34,40703.54,20,2024-02-06,2024-02-04,-2,Early,45
PO-2024-0018,2024-01-20,SUP003,Himalayan Herb Extracts,RM005,Ashwagandha Extract (5% Withanolides),Herbal Extracts,kg,65.3,1375.61,89827.33,12,10779.28,2362.09,102968.7,14,2024-02-03,2024-02-03,0,On-Time,45
PO-2024-0019,2024-01-21,SUP008,Malwa Print & Cartons,RM017,Product Labels (units),Packaging,units,12988.0,1.29,16754.52,18,3015.81,553.3,20323.63,6,2024-01-27,2024-01-27,0,On-Time,15
PO-2024-0020,2024-01-21,SUP001,Madhya Herbs Pvt Ltd,RM001,Ashwagandha Root (Dried),Raw Herbs,kg,398.7,262.03,104471.36,5,5223.57,3423.79,113118.72,21,2024-02-11,2024-02-11,0,On-Time,30
PO-2024-0021,2024-01-22,SUP006,Capsico Gelatin & Capsules,RM013,"Gelatin Capsules (Size 00, '000s)",Capsules,'000 units,42.0,465.83,19564.86,12,2347.78,1419.02,23331.66,16,2024-02-07,2024-02-07,0,On-Time,45
PO-2024-0022,2024-01-22,SUP007,Indore Packaging Solutions,RM018,Corrugated Shipping Boxes (units),Packaging,units,1368.0,31.77,43461.36,18,7823.04,2277.37,53561.77,7,2024-01-29,2024-01-29,0,On-Time,15
PO-2024-0023,2024-01-23,SUP005,Chemico Excipients Ltd,RM010,Microcrystalline Cellulose (MCC),Excipients,kg,183.3,158.05,28970.57,18,5214.7,2960.16,37145.43,11,2024-02-03,2024-02-03,0,On-Time,60
PO-2024-0024,2024-01-23,SUP005,Chemico Excipients Ltd,RM011,Magnesium Stearate,Excipients,kg,46.7,275.71,12875.66,18,2317.62,1595.86,16789.14,14,2024-02-06,2024-02-06,0,On-Time,60
PO-2024-0025,2024-01-24,SUP007,Indore Packaging Solutions,RM015,HDPE Bottles 100ml (units),Packaging,units,8670.0,6.07,52626.9,18,9472.84,1010.85,63110.59,9,2024-02-02,2024-02-02,0,On-Time,15
PO-2024-0026,2024-01-25,SUP002,Vindhya Botanicals,RM003,Amla Fruit (Dried),Raw Herbs,kg,215.9,229.8,49613.82,5,2480.69,2191.43,54285.94,18,2024-02-12,2024-02-10,-2,Early,30
PO-2024-0027,2024-01-25,SUP004,Girnar Ayur Ingredients,RM008,Turmeric Curcumin Extract (95%),Herbal Extracts,kg,45.3,2053.52,93024.46,12,11162.94,1412.28,105599.68,13,2024-02-07,2024-02-05,-2,Early,45
PO-2024-0028,2024-01-26,SUP001,Madhya Herbs Pvt Ltd,RM004,Giloy Stem (Dried),Raw Herbs,kg,230.4,218.75,50400.0,5,2520.0,2065.2,54985.2,22,2024-02-17,2024-02-17,0,On-Time,30
PO-2024-0029,2024-01-26,SUP008,Malwa Print & Cartons,RM016,Printed Cartons (units),Packaging,units,7843.0,4.37,34273.91,18,6169.3,1639.99,42083.2,7,2024-02-02,2024-02-01,-1,Early,15
PO-2024-0030,2024-01-27,SUP001,Madhya Herbs Pvt Ltd,RM002,Tulsi Leaves (Dried),Raw Herbs,kg,362.2,196.1,71027.42,5,3551.37,3069.93,77648.72,18,2024-02-14,2024-02-14,0,On-Time,30
PO-2024-0031,2024-02-01,SUP008,Malwa Print & Cartons,RM017,Product Labels (units),Packaging,units,11168.0,1.24,13848.32,18,2492.7,517.97,16858.99,7,2024-02-08,2024-02-08,0,On-Time,15
PO-2024-0032,2024-02-05,SUP007,Indore Packaging Solutions,RM018,Corrugated Shipping Boxes (units),Packaging,units,1438.0,32.14,46217.32,18,8319.12,2154.61,56691.05,9,2024-02-14,2024-02-14,0,On-Time,15
PO-2024-0033,2024-02-06,SUP007,Indore Packaging Solutions,RM015,HDPE Bottles 100ml (units),Packaging,units,9246.0,5.89,54458.94,18,9802.61,976.07,65237.62,7,2024-02-13,2024-02-13,0,On-Time,15
PO-2024-0034,2024-02-07,SUP003,Himalayan Herb Extracts,RM009,Triphala Extract,Herbal Extracts,kg,35.2,1110.38,39085.38,12,4690.25,2195.54,45971.17,22,2024-02-29,2024-02-29,0,On-Time,45
PO-2024-0035,2024-02-07,SUP006,Capsico Gelatin & Capsules,RM014,"Veg HPMC Capsules (Size 0, '000s)",Capsules,'000 units,20.0,756.05,15121.0,12,1814.52,1302.4,18237.92,16,2024-02-23,2024-02-23,0,On-Time,45
PO-2024-0036,2024-02-08,SUP001,Madhya Herbs Pvt Ltd,RM001,Ashwagandha Root (Dried),Raw Herbs,kg,421.2,255.86,107768.23,5,5388.41,3325.69,116482.33,18,2024-02-26,2024-02-28,2,Delayed,30
PO-2024-0037,2024-02-09,SUP003,Himalayan Herb Extracts,RM005,Ashwagandha Extract (5% Withanolides),Herbal Extracts,kg,66.4,1312.68,87161.95,12,10459.43,2522.82,100144.2,13,2024-02-22,2024-03-03,10,Delayed,45
PO-2024-0038,2024-02-09,SUP006,Capsico Gelatin & Capsules,RM013,"Gelatin Capsules (Size 00, '000s)",Capsules,'000 units,38.0,448.42,17039.96,12,2044.8,1376.0,20460.76,15,2024-02-24,2024-02-24,0,On-Time,45
PO-2024-0039,2024-02-09,SUP008,Malwa Print & Cartons,RM016,Printed Cartons (units),Packaging,units,9254.0,4.42,40902.68,18,7362.48,2039.74,50304.9,8,2024-02-17,2024-02-17,0,On-Time,15
PO-2024-0040,2024-02-10,SUP005,Chemico Excipients Ltd,RM012,Maize Starch,Excipients,kg,133.2,120.89,16102.55,18,2898.46,2313.63,21314.64,10,2024-02-20,2024-02-20,0,On-Time,60
PO-2024-0041,2024-02-11,SUP003,Himalayan Herb Extracts,RM006,Brahmi Extract,Herbal Extracts,kg,30.9,1261.86,38991.47,12,4678.98,1963.7,45634.15,20,2024-03-02,2024-03-02,0,On-Time,45
PO-2024-0042,2024-02-11,SUP002,Vindhya Botanicals,RM002,Tulsi Leaves (Dried),Raw Herbs,kg,352.6,205.32,72395.83,5,3619.79,2823.53,78839.15,17,2024-02-28,2024-02-28,0,On-Time,30
PO-2024-0043,2024-02-12,SUP002,Vindhya Botanicals,RM003,Amla Fruit (Dried),Raw Herbs,kg,219.0,227.26,49769.94,5,2488.5,2219.15,54477.59,17,2024-02-29,2024-02-29,0,On-Time,30
PO-2024-0044,2024-02-12,SUP008,Malwa Print & Cartons,RM017,Product Labels (units),Packaging,units,11236.0,1.27,14269.72,18,2568.55,586.7,17424.97,8,2024-02-20,2024-02-23,3,Delayed,15
PO-2024-0045,2024-02-12,SUP004,Girnar Ayur Ingredients,RM007,Shatavari Extract,Herbal Extracts,kg,27.1,1184.85,32109.43,12,3853.13,1341.12,37303.68,19,2024-03-02,2024-03-02,0,On-Time,45
PO-2024-0046,2024-02-14,SUP004,Girnar Ayur Ingredients,RM008,Turmeric Curcumin Extract (95%),Herbal Extracts,kg,45.3,2060.14,93324.34,12,11198.92,1454.92,105978.18,14,2024-02-28,2024-02-28,0,On-Time,45
PO-2024-0047,2024-02-17,SUP001,Madhya Herbs Pvt Ltd,RM004,Giloy Stem (Dried),Raw Herbs,kg,223.4,211.07,47153.04,5,2357.65,2192.76,51703.45,20,2024-03-08,2024-03-07,-1,Early,30
PO-2024-0048,2024-02-18,SUP005,Chemico Excipients Ltd,RM010,Microcrystalline Cellulose (MCC),Excipients,kg,196.1,151.78,29764.06,18,5357.53,3204.56,38326.15,11,2024-02-29,2024-03-02,2,Delayed,60
PO-2024-0049,2024-02-18,SUP007,Indore Packaging Solutions,RM015,HDPE Bottles 100ml (units),Packaging,units,9711.0,6.05,58751.55,18,10575.28,1093.0,70419.83,8,2024-02-26,2024-02-26,0,On-Time,15
PO-2024-0050,2024-02-19,SUP007,Indore Packaging Solutions,RM018,Corrugated Shipping Boxes (units),Packaging,units,1341.0,31.64,42429.24,18,7637.26,2353.49,52419.99,10,2024-02-29,2024-02-29,0,On-Time,15
PO-2024-0051,2024-02-21,SUP005,Chemico Excipients Ltd,RM011,Magnesium Stearate,Excipients,kg,43.6,279.12,12169.63,18,2190.53,1459.24,15819.4,14,2024-03-06,2024-03-06,0,On-Time,60
PO-2024-0052,2024-02-22,SUP008,Malwa Print & Cartons,RM016,Printed Cartons (units),Packaging,units,9231.0,4.3,39693.3,18,7144.79,2032.92,48871.01,10,2024-03-03,2024-03-01,-2,Early,15
PO-2024-0053,2024-02-24,SUP001,Madhya Herbs Pvt Ltd,RM001,Ashwagandha Root (Dried),Raw Herbs,kg,352.5,254.68,89774.7,5,4488.73,2926.14,97189.57,19,2024-03-14,2024-03-12,-2,Early,30
PO-2024-0054,2024-02-25,SUP008,Malwa Print & Cartons,RM017,Product Labels (units),Packaging,units,12792.0,1.24,15862.08,18,2855.17,614.58,19331.83,6,2024-03-02,2024-03-02,0,On-Time,15
PO-2024-0055,2024-02-27,SUP001,Madhya Herbs Pvt Ltd,RM002,Tulsi Leaves (Dried),Raw Herbs,kg,348.1,193.0,67183.3,5,3359.16,2979.75,73522.21,18,2024-03-16,2024-03-14,-2,Early,30
PO-2024-0056,2024-02-27,SUP006,Capsico Gelatin & Capsules,RM014,"Veg HPMC Capsules (Size 0, '000s)",Capsules,'000 units,20.0,777.69,15553.8,12,1866.46,1271.09,18691.35,16,2024-03-14,2024-03-13,-1,Early,45
PO-2024-0057,2024-02-27,SUP006,Capsico Gelatin & Capsules,RM013,"Gelatin Capsules (Size 00, '000s)",Capsules,'000 units,35.0,449.8,15743.0,12,1889.16,1383.22,19015.38,14,2024-03-12,2024-03-12,0,On-Time,45
PO-2024-0058,2024-03-01,SUP007,Indore Packaging Solutions,RM015,HDPE Bottles 100ml (units),Packaging,units,8456.0,5.95,50313.2,18,9056.38,1043.7,60413.28,10,2024-03-11,2024-03-11,0,On-Time,15
PO-2024-0059,2024-03-03,SUP003,Himalayan Herb Extracts,RM009,Triphala Extract,Herbal Extracts,kg,29.2,1098.66,32080.87,12,3849.7,1842.18,37772.75,22,2024-03-25,2024-04-05,11,Delayed,45
PO-2024-0060,2024-03-03,SUP007,Indore Packaging Solutions,RM018,Corrugated Shipping Boxes (units),Packaging,units,1206.0,32.08,38688.48,18,6963.93,2117.08,47769.49,7,2024-03-10,2024-03-11,1,Delayed,15
PO-2024-0061,2024-03-03,SUP005,Chemico Excipients Ltd,RM012,Maize Starch,Excipients,kg,111.3,120.69,13432.8,18,2417.9,2062.87,17913.57,12,2024-03-15,2024-03-15,0,On-Time,60
PO-2024-0062,2024-03-04,SUP003,Himalayan Herb Extracts,RM006,Brahmi Extract,Herbal Extracts,kg,25.5,1220.99,31135.24,12,3736.23,2072.26,36943.73,22,2024-03-26,2024-03-26,0,On-Time,45
PO-2024-0063,2024-03-05,SUP002,Vindhya Botanicals,RM003,Amla Fruit (Dried),Raw Herbs,kg,187.8,225.57,42362.05,5,2118.1,1757.68,46237.83,25,2024-03-30,2024-03-29,-1,Early,30
PO-2024-0064,2024-03-06,SUP003,Himalayan Herb Extracts,RM005,Ashwagandha Extract (5% Withanolides),Herbal Extracts,kg,51.9,1296.55,67290.94,12,8074.91,2164.14,77529.99,20,2024-03-26,2024-03-26,0,On-Time,45
PO-2024-0065,2024-03-07,SUP001,Madhya Herbs Pvt Ltd,RM004,Giloy Stem (Dried),Raw Herbs,kg,189.6,216.79,41103.38,5,2055.17,1991.99,45150.54,27,2024-04-03,2024-04-03,0,On-Time,30
PO-2024-0066,2024-03-08,SUP008,Malwa Print & Cartons,RM016,Printed Cartons (units),Packaging,units,7517.0,4.35,32698.95,18,5885.81,1700.03,40284.79,7,2024-03-15,2024-03-16,1,Delayed,15
PO-2024-0067,2024-03-08,SUP008,Malwa Print & Cartons,RM017,Product Labels (units),Packaging,units,11109.0,1.32,14663.88,18,2639.5,539.16,17842.54,8,2024-03-16,2024-03-17,1,Delayed,15
PO-2024-0068,2024-03-08,SUP004,Girnar Ayur Ingredients,RM008,Turmeric Curcumin Extract (95%),Herbal Extracts,kg,41.3,2110.52,87164.48,12,10459.74,1394.2,99018.42,17,2024-03-25,2024-03-25,0,On-Time,45
PO-2024-0069,2024-03-10,SUP005,Chemico Excipients Ltd,RM010,Microcrystalline Cellulose (MCC),Excipients,kg,160.7,157.49,25308.64,18,4555.56,2620.49,32484.69,11,2024-03-21,2024-03-21,0,On-Time,60
PO-2024-0070,2024-03-11,SUP002,Vindhya Botanicals,RM001,Ashwagandha Root (Dried),Raw Herbs,kg,335.2,249.61,83669.27,5,4183.46,2718.15,90570.88,25,2024-04-05,2024-04-04,-1,Early,30
PO-2024-0071,2024-03-12,SUP004,Girnar Ayur Ingredients,RM007,Shatavari Extract,Herbal Extracts,kg,21.7,1206.69,26185.17,12,3142.22,1350.12,30677.51,20,2024-04-01,2024-04-01,0,On-Time,45
PO-2024-0072,2024-03-15,SUP001,Madhya Herbs Pvt Ltd,RM002,Tulsi Leaves (Dried),Raw Herbs,kg,260.3,194.38,50597.11,5,2529.86,2301.98,55428.95,23,2024-04-07,2024-04-07,0,On-Time,30
PO-2024-0073,2024-03-16,SUP007,Indore Packaging Solutions,RM015,HDPE Bottles 100ml (units),Packaging,units,7331.0,5.75,42153.25,18,7587.59,890.98,50631.82,9,2024-03-25,2024-03-25,0,On-Time,15
PO-2024-0074,2024-03-16,SUP006,Capsico Gelatin & Capsules,RM013,"Gelatin Capsules (Size 00, '000s)",Capsules,'000 units,35.0,448.46,15696.1,12,1883.53,1388.0,18967.63,13,2024-03-29,2024-03-29,0,On-Time,45
PO-2024-0075,2024-03-18,SUP007,Indore Packaging Solutions,RM018,Corrugated Shipping Boxes (units),Packaging,units,1173.0,31.33,36750.09,18,6615.02,2057.36,45422.47,8,2024-03-26,2024-03-26,0,On-Time,15
PO-2024-0076,2024-03-19,SUP006,Capsico Gelatin & Capsules,RM014,"Veg HPMC Capsules (Size 0, '000s)",Capsules,'000 units,16.0,764.92,12238.72,12,1468.65,1167.6,14874.97,17,2024-04-05,2024-04-05,0,On-Time,45
PO-2024-0077,2024-03-20,SUP005,Chemico Excipients Ltd,RM011,Magnesium Stearate,Excipients,kg,41.9,271.02,11355.74,18,2044.03,1348.68,14748.45,10,2024-03-30,2024-03-30,0,On-Time,60
PO-2024-0078,2024-03-23,SUP008,Malwa Print & Cartons,RM017,Product Labels (units),Packaging,units,11163.0,1.24,13842.12,18,2491.58,598.16,16931.86,7,2024-03-30,2024-04-04,5,Delayed,15
PO-2024-0079,2024-03-24,SUP008,Malwa Print & Cartons,RM016,Printed Cartons (units),Packaging,units,6807.0,4.52,30767.64,18,5538.18,1622.92,37928.74,7,2024-03-31,2024-03-31,0,On-Time,15
PO-2024-0080,2024-03-28,SUP005,Chemico Excipients Ltd,RM012,Maize Starch,Excipients,kg,124.0,121.92,15118.08,18,2721.25,2280.76,20120.09,9,2024-04-06,2024-04-06,0,On-Time,60
PO-2024-0081,2024-03-30,SUP002,Vindhya Botanicals,RM003,Amla Fruit (Dried),Raw Herbs,kg,174.2,223.54,38940.67,5,1947.03,1784.17,42671.87,23,2024-04-22,2024-04-22,0,On-Time,30
PO-2024-0082,2024-03-30,SUP003,Himalayan Herb Extracts,RM009,Triphala Extract,Herbal Extracts,kg,27.3,1103.95,30137.84,12,3616.54,2081.35,35835.73,19,2024-04-18,2024-04-18,0,On-Time,45
PO-2024-0083,2024-03-31,SUP007,Indore Packaging Solutions,RM015,HDPE Bottles 100ml (units),Packaging,units,8040.0,5.86,47114.4,18,8480.59,942.53,56537.52,7,2024-04-07,2024-04-05,-2,Early,15
PO-2024-0084,2024-03-31,SUP003,Himalayan Herb Extracts,RM006,Brahmi Extract,Herbal Extracts,kg,25.7,1287.04,33076.93,12,3969.23,1945.85,38992.01,18,2024-04-18,2024-04-18,0,On-Time,45
PO-2024-0085,2024-03-31,SUP003,Himalayan Herb Extracts,RM005,Ashwagandha Extract (5% Withanolides),Herbal Extracts,kg,52.5,1335.97,70138.43,12,8416.61,2242.38,80797.42,19,2024-04-19,2024-04-17,-2,Early,45
PO-2024-0086,2024-04-01,SUP002,Vindhya Botanicals,RM001,Ashwagandha Root (Dried),Raw Herbs,kg,275.1,255.39,70257.79,5,3512.89,2354.79,76125.47,25,2024-04-26,2024-04-26,0,On-Time,30
PO-2024-0087,2024-04-01,SUP001,Madhya Herbs Pvt Ltd,RM004,Giloy Stem (Dried),Raw Herbs,kg,157.9,218.18,34450.62,5,1722.53,1617.7,37790.85,27,2024-04-28,2024-04-26,-2,Early,30
PO-2024-0088,2024-04-03,SUP005,Chemico Excipients Ltd,RM010,Microcrystalline Cellulose (MCC),Excipients,kg,141.7,153.31,21724.03,18,3910.33,2322.68,27957.04,12,2024-04-15,2024-04-15,0,On-Time,60
PO-2024-0089,2024-04-04,SUP007,Indore Packaging Solutions,RM018,Corrugated Shipping Boxes (units),Packaging,units,1027.0,31.28,32124.56,18,5782.42,1736.96,39643.94,6,2024-04-10,2024-04-10,0,On-Time,15
PO-2024-0090,2024-04-04,SUP001,Madhya Herbs Pvt Ltd,RM002,Tulsi Leaves (Dried),Raw Herbs,kg,240.3,198.79,47769.24,5,2388.46,2236.98,52394.68,24,2024-04-28,2024-04-28,0,On-Time,30
PO-2024-0091,2024-04-06,SUP008,Malwa Print & Cartons,RM017,Product Labels (units),Packaging,units,9267.0,1.23,11398.41,18,2051.71,541.3,13991.42,9,2024-04-15,2024-04-18,3,Delayed,15
PO-2024-0092,2024-04-07,SUP006,Capsico Gelatin & Capsules,RM013,"Gelatin Capsules (Size 00, '000s)",Capsules,'000 units,25.0,446.44,11161.0,12,1339.32,1165.48,13665.8,17,2024-04-24,2024-04-24,0,On-Time,45
PO-2024-0093,2024-04-07,SUP004,Girnar Ayur Ingredients,RM008,Turmeric Curcumin Extract (95%),Herbal Extracts,kg,34.7,2025.28,70277.22,12,8433.27,1342.21,80052.7,18,2024-04-25,2024-04-25,0,On-Time,45
PO-2024-0094,2024-04-07,SUP008,Malwa Print & Cartons,RM016,Printed Cartons (units),Packaging,units,5469.0,4.57,24993.33,18,4498.8,1264.68,30756.81,9,2024-04-16,2024-04-16,0,On-Time,15
PO-2024-0095,2024-04-08,SUP004,Girnar Ayur Ingredients,RM007,Shatavari Extract,Herbal Extracts,kg,20.8,1125.83,23417.26,12,2810.07,1268.5,27495.83,17,2024-04-25,2024-04-25,0,On-Time,45
PO-2024-0096,2024-04-14,SUP006,Capsico Gelatin & Capsules,RM014,"Veg HPMC Capsules (Size 0, '000s)",Capsules,'000 units,13.0,740.01,9620.13,12,1154.42,1209.54,11984.09,16,2024-04-30,2024-04-30,0,On-Time,45
PO-2024-0097,2024-04-15,SUP007,Indore Packaging Solutions,RM015,HDPE Bottles 100ml (units),Packaging,units,6209.0,6.0,37254.0,18,6705.72,811.81,44771.53,7,2024-04-22,2024-04-22,0,On-Time,15
PO-2024-0098,2024-04-17,SUP005,Chemico Excipients Ltd,RM011,Magnesium Stearate,Excipients,kg,34.1,265.04,9037.86,18,1626.81,1399.26,12063.93,11,2024-04-28,2024-04-28,0,On-Time,60
PO-2024-0099,2024-04-20,SUP005,Chemico Excipients Ltd,RM012,Maize Starch,Excipients,kg,91.6,116.93,10710.79,18,1927.94,1821.14,14459.87,11,2024-05-01,2024-05-07,6,Delayed,60
PO-2024-0100,2024-04-23,SUP008,Malwa Print & Cartons,RM017,Product Labels (units),Packaging,units,9022.0,1.28,11548.16,18,2078.67,535.72,14162.55,7,2024-04-30,2024-04-29,-1,Early,15
PO-2024-0101,2024-04-24,SUP007,Indore Packaging Solutions,RM018,Corrugated Shipping Boxes (units),Packaging,units,982.0,30.65,30098.3,18,5417.69,1655.68,37171.67,6,2024-04-30,2024-04-30,0,On-Time,15
PO-2024-0102,2024-04-25,SUP008,Malwa Print & Cartons,RM016,Printed Cartons (units),Packaging,units,5917.0,4.46,26389.82,18,4750.17,1510.22,32650.21,10,2024-05-05,2024-05-05,0,On-Time,15
PO-2024-0103,2024-04-25,SUP002,Vindhya Botanicals,RM003,Amla Fruit (Dried),Raw Herbs,kg,165.7,230.96,38270.07,5,1913.5,1734.41,41917.98,22,2024-05-17,2024-05-25,8,Delayed,30
PO-2024-0104,2024-04-28,SUP003,Himalayan Herb Extracts,RM006,Brahmi Extract,Herbal Extracts,kg,22.5,1255.89,28257.53,12,3390.9,1841.37,33489.8,22,2024-05-20,2024-05-20,0,On-Time,45
PO-2024-0105,2024-04-28,SUP003,Himalayan Herb Extracts,RM005,Ashwagandha Extract (5% Withanolides),Herbal Extracts,kg,42.8,1357.18,58087.3,12,6970.48,2234.37,67292.15,21,2024-05-19,2024-05-19,0,On-Time,45
PO-2024-0106,2024-04-28,SUP001,Madhya Herbs Pvt Ltd,RM002,Tulsi Leaves (Dried),Raw Herbs,kg,221.0,199.05,43990.05,5,2199.5,2064.35,48253.9,24,2024-05-22,2024-05-22,0,On-Time,30
PO-2024-0107,2024-04-29,SUP001,Madhya Herbs Pvt Ltd,RM001,Ashwagandha Root (Dried),Raw Herbs,kg,260.5,255.19,66476.99,5,3323.85,2393.4,72194.24,24,2024-05-23,2024-05-23,0,On-Time,30
PO-2024-0108,2024-04-30,SUP007,Indore Packaging Solutions,RM015,HDPE Bottles 100ml (units),Packaging,units,6769.0,5.73,38786.37,18,6981.55,915.33,46683.25,9,2024-05-09,2024-05-09,0,On-Time,15
PO-2024-0109,2024-05-01,SUP001,Madhya Herbs Pvt Ltd,RM004,Giloy Stem (Dried),Raw Herbs,kg,177.3,219.52,38920.9,5,1946.05,1917.73,42784.68,26,2024-05-27,2024-05-26,-1,Early,30
PO-2024-0110,2024-05-03,SUP006,Capsico Gelatin & Capsules,RM013,"Gelatin Capsules (Size 00, '000s)",Capsules,'000 units,29.0,465.82,13508.78,12,1621.05,1267.93,16397.76,14,2024-05-17,2024-05-17,0,On-Time,45
PO-2024-0111,2024-05-03,SUP005,Chemico Excipients Ltd,RM010,Microcrystalline Cellulose (MCC),Excipients,kg,126.4,152.64,19293.7,18,3472.87,2412.41,25178.98,12,2024-05-15,2024-05-15,0,On-Time,60
PO-2024-0112,2024-05-03,SUP003,Himalayan Herb Extracts,RM009,Triphala Extract,Herbal Extracts,kg,23.8,1090.71,25958.9,12,3115.07,1970.63,31044.6,19,2024-05-22,2024-05-22,0,On-Time,45
PO-2024-0113,2024-05-10,SUP008,Malwa Print & Cartons,RM017,Product Labels (units),Packaging,units,8479.0,1.26,10683.54,18,1923.04,492.83,13099.41,8,2024-05-18,2024-05-21,3,Delayed,15
PO-2024-0114,2024-05-11,SUP004,Girnar Ayur Ingredients,RM008,Turmeric Curcumin Extract (95%),Herbal Extracts,kg,32.8,2095.86,68744.21,12,8249.31,1372.78,78366.3,19,2024-05-30,2024-05-30,0,On-Time,45
PO-2024-0115,2024-05-12,SUP006,Capsico Gelatin & Capsules,RM014,"Veg HPMC Capsules (Size 0, '000s)",Capsules,'000 units,12.0,765.11,9181.32,12,1101.76,1064.94,11348.02,18,2024-05-30,2024-05-30,0,On-Time,45
PO-2024-0116,2024-05-14,SUP007,Indore Packaging Solutions,RM018,Corrugated Shipping Boxes (units),Packaging,units,1088.0,30.95,33673.6,18,6061.25,1863.88,41598.73,8,2024-05-22,2024-05-20,-2,Early,15
PO-2024-0117,2024-05-15,SUP008,Malwa Print & Cartons,RM016,Printed Cartons (units),Packaging,units,5490.0,4.23,23222.7,18,4180.09,1279.86,28682.65,10,2024-05-25,2024-05-25,0,On-Time,15
PO-2024-0118,2024-05-17,SUP004,Girnar Ayur Ingredients,RM007,Shatavari Extract,Herbal Extracts,kg,18.1,1202.68,21768.51,12,2612.22,1266.5,25647.23,20,2024-06-06,2024-06-06,0,On-Time,45
PO-2024-0119,2024-05-18,SUP007,Indore Packaging Solutions,RM015,HDPE Bottles 100ml (units),Packaging,units,6581.0,6.09,40078.29,18,7214.09,847.21,48139.59,7,2024-05-25,2024-05-24,-1,Early,15
PO-2024-0120,2024-05-20,SUP002,Vindhya Botanicals,RM003,Amla Fruit (Dried),Raw Herbs,kg,160.5,232.34,37290.57,5,1864.53,1601.26,40756.36,23,2024-06-12,2024-06-11,-1,Early,30
PO-2024-0121,2024-05-21,SUP005,Chemico Excipients Ltd,RM012,Maize Starch,Excipients,kg,92.4,125.31,11578.64,18,2084.16,1930.87,15593.67,9,2024-05-30,2024-05-29,-1,Early,60
PO-2024-0122,2024-05-22,SUP001,Madhya Herbs Pvt Ltd,RM002,Tulsi Leaves (Dried),Raw Herbs,kg,226.7,194.3,44047.81,5,2202.39,1970.73,48220.93,20,2024-06-11,2024-06-11,0,On-Time,30
PO-2024-0123,2024-05-23,SUP001,Madhya Herbs Pvt Ltd,RM001,Ashwagandha Root (Dried),Raw Herbs,kg,286.8,248.45,71255.46,5,3562.77,2314.18,77132.41,24,2024-06-16,2024-06-15,-1,Early,30
PO-2024-0124,2024-05-24,SUP005,Chemico Excipients Ltd,RM011,Magnesium Stearate,Excipients,kg,33.2,269.81,8957.69,18,1612.38,1475.8,12045.87,12,2024-06-05,2024-06-05,0,On-Time,60
PO-2024-0125,2024-05-27,SUP008,Malwa Print & Cartons,RM017,Product Labels (units),Packaging,units,9482.0,1.25,11852.5,18,2133.45,504.19,14490.14,6,2024-06-02,2024-06-02,0,On-Time,15
PO-2024-0126,2024-06-01,SUP001,Madhya Herbs Pvt Ltd,RM004,Giloy Stem (Dried),Raw Herbs,kg,179.9,204.55,36798.55,5,1839.93,1702.29,40340.77,33,2024-07-04,2024-07-04,0,On-Time,30
PO-2024-0127,2024-06-02,SUP007,Indore Packaging Solutions,RM018,Corrugated Shipping Boxes (units),Packaging,units,987.0,31.79,31376.73,18,5647.81,1850.4,38874.94,6,2024-06-08,2024-06-07,-1,Early,15
PO-2024-0128,2024-06-03,SUP003,Himalayan Herb Extracts,RM009,Triphala Extract,Herbal Extracts,kg,23.9,1126.46,26922.39,12,3230.69,1999.44,32152.52,18,2024-06-21,2024-07-08,17,Delayed,45
PO-2024-0129,2024-06-03,SUP007,Indore Packaging Solutions,RM015,HDPE Bottles 100ml (units),Packaging,units,7138.0,5.84,41685.92,18,7503.47,858.71,50048.1,7,2024-06-10,2024-06-10,0,On-Time,15
PO-2024-0130,2024-06-03,SUP004,Girnar Ayur Ingredients,RM005,Ashwagandha Extract (5% Withanolides),Herbal Extracts,kg,42.5,1389.78,59065.65,12,7087.88,1567.54,67721.07,26,2024-06-29,2024-06-29,0,On-Time,45
PO-2024-0131,2024-06-04,SUP008,Malwa Print & Cartons,RM016,Printed Cartons (units),Packaging,units,5684.0,4.33,24611.72,18,4430.11,1369.58,30411.41,8,2024-06-12,2024-06-14,2,Delayed,15
PO-2024-0132,2024-06-04,SUP005,Chemico Excipients Ltd,RM010,Microcrystalline Cellulose (MCC),Excipients,kg,126.0,159.85,20141.1,18,3625.4,2219.2,25985.7,11,2024-06-15,2024-06-15,0,On-Time,60
PO-2024-0133,2024-06-05,SUP006,Capsico Gelatin & Capsules,RM013,"Gelatin Capsules (Size 00, '000s)",Capsules,'000 units,26.0,449.16,11678.16,12,1401.38,1262.64,14342.18,14,2024-06-19,2024-06-19,0,On-Time,45
PO-2024-0134,2024-06-07,SUP003,Himalayan Herb Extracts,RM006,Brahmi Extract,Herbal Extracts,kg,22.0,1289.02,28358.44,12,3403.01,1821.12,33582.57,21,2024-06-28,2024-06-28,0,On-Time,45
PO-2024-0135,2024-06-11,SUP006,Capsico Gelatin & Capsules,RM014,"Veg HPMC Capsules (Size 0, '000s)",Capsules,'000 units,14.0,762.62,10676.68,12,1281.2,1091.13,13049.01,15,2024-06-26,2024-06-29,3,Delayed,45
PO-2024-0136,2024-06-14,SUP004,Girnar Ayur Ingredients,RM008,Turmeric Curcumin Extract (95%),Herbal Extracts,kg,31.5,2068.22,65148.93,12,7817.87,1434.23,74401.03,25,2024-07-09,2024-07-09,0,On-Time,45
PO-2024-0137,2024-06-14,SUP002,Vindhya Botanicals,RM001,Ashwagandha Root (Dried),Raw Herbs,kg,254.3,258.06,65624.66,5,3281.23,2190.77,71096.66,33,2024-07-17,2024-07-17,0,On-Time,30
PO-2024-0138,2024-06-15,SUP008,Malwa Print & Cartons,RM017,Product Labels (units),Packaging,units,9553.0,1.29,12323.37,18,2218.21,522.87,15064.45,9,2024-06-24,2024-06-26,2,Delayed,15
PO-2024-0139,2024-06-17,SUP004,Girnar Ayur Ingredients,RM007,Shatavari Extract,Herbal Extracts,kg,20.3,1150.57,23356.57,12,2802.79,1290.42,27449.78,19,2024-07-06,2024-07-06,0,On-Time,45
PO-2024-0140,2024-06-18,SUP002,Vindhya Botanicals,RM002,Tulsi Leaves (Dried),Raw Herbs,kg,246.1,193.3,47571.13,5,2378.56,2389.89,52339.58,29,2024-07-17,2024-07-17,0,On-Time,30
PO-2024-0141,2024-06-18,SUP002,Vindhya Botanicals,RM003,Amla Fruit (Dried),Raw Herbs,kg,172.9,233.33,40342.76,5,2017.14,1642.14,44002.04,34,2024-07-22,2024-07-22,0,On-Time,30
PO-2024-0142,2024-06-19,SUP007,Indore Packaging Solutions,RM015,HDPE Bottles 100ml (units),Packaging,units,7216.0,6.2,44739.2,18,8053.06,937.69,53729.95,9,2024-06-28,2024-06-28,0,On-Time,15
PO-2024-0143,2024-06-23,SUP008,Malwa Print & Cartons,RM016,Printed Cartons (units),Packaging,units,6030.0,4.27,25748.1,18,4634.66,1349.4,31732.16,9,2024-07-02,2024-07-02,0,On-Time,15
PO-2024-0144,2024-06-24,SUP007,Indore Packaging Solutions,RM018,Corrugated Shipping Boxes (units),Packaging,units,908.0,32.46,29473.68,18,5305.26,1637.8,36416.74,8,2024-07-02,2024-07-02,0,On-Time,15
PO-2024-0145,2024-06-25,SUP005,Chemico Excipients Ltd,RM012,Maize Starch,Excipients,kg,109.1,123.36,13458.58,18,2422.54,2255.17,18136.29,10,2024-07-05,2024-07-05,0,On-Time,60
PO-2024-0146,2024-06-26,SUP001,Madhya Herbs Pvt Ltd,RM004,Giloy Stem (Dried),Raw Herbs,kg,159.7,214.96,34329.11,5,1716.46,1779.66,37825.23,34,2024-07-30,2024-07-30,0,On-Time,30
PO-2024-0147,2024-06-27,SUP005,Chemico Excipients Ltd,RM011,Magnesium Stearate,Excipients,kg,33.4,261.29,8727.09,18,1570.88,1402.57,11700.54,11,2024-07-08,2024-07-11,3,Delayed,60
PO-2024-0148,2024-06-30,SUP008,Malwa Print & Cartons,RM017,Product Labels (units),Packaging,units,9667.0,1.29,12470.43,18,2244.68,569.27,15284.38,5,2024-07-05,2024-07-05,0,On-Time,15
PO-2024-0149,2024-07-03,SUP006,Capsico Gelatin & Capsules,RM013,"Gelatin Capsules (Size 00, '000s)",Capsules,'000 units,34.0,462.08,15710.72,12,1885.29,1283.68,18879.69,13,2024-07-16,2024-07-16,0,On-Time,45
PO-2024-0150,2024-07-03,SUP003,Himalayan Herb Extracts,RM005,Ashwagandha Extract (5% Withanolides),Herbal Extracts,kg,47.0,1385.93,65138.71,12,7816.65,2448.02,75403.38,29,2024-08-01,2024-08-01,0,On-Time,45
PO-2024-0151,2024-07-04,SUP003,Himalayan Herb Extracts,RM009,Triphala Extract,Herbal Extracts,kg,30.1,1127.83,33947.68,12,4073.72,2046.46,40067.86,20,2024-07-24,2024-07-24,0,On-Time,45
PO-2024-0152,2024-07-05,SUP007,Indore Packaging Solutions,RM015,HDPE Bottles 100ml (units),Packaging,units,8246.0,5.81,47909.26,18,8623.67,917.83,57450.76,6,2024-07-11,2024-07-11,0,On-Time,15
PO-2024-0153,2024-07-06,SUP005,Chemico Excipients Ltd,RM010,Microcrystalline Cellulose (MCC),Excipients,kg,141.7,151.54,21473.22,18,3865.18,2494.33,27832.73,13,2024-07-19,2024-07-18,-1,Early,60
PO-2024-0154,2024-07-07,SUP001,Madhya Herbs Pvt Ltd,RM001,Ashwagandha Root (Dried),Raw Herbs,kg,332.8,248.7,82767.36,5,4138.37,2913.47,89819.2,34,2024-08-10,2024-08-10,0,On-Time,30
PO-2024-0155,2024-07-13,SUP002,Vindhya Botanicals,RM003,Amla Fruit (Dried),Raw Herbs,kg,201.9,227.66,45964.55,5,2298.23,1994.86,50257.64,34,2024-08-16,2024-08-16,0,On-Time,30
PO-2024-0156,2024-07-13,SUP001,Madhya Herbs Pvt Ltd,RM002,Tulsi Leaves (Dried),Raw Herbs,kg,300.9,194.52,58531.07,5,2926.55,2753.69,64211.31,30,2024-08-12,2024-08-12,0,On-Time,30
PO-2024-0157,2024-07-13,SUP008,Malwa Print & Cartons,RM016,Printed Cartons (units),Packaging,units,7100.0,4.55,32305.0,18,5814.9,1536.19,39656.09,8,2024-07-21,2024-07-21,0,On-Time,15
PO-2024-0158,2024-07-15,SUP006,Capsico Gelatin & Capsules,RM014,"Veg HPMC Capsules (Size 0, '000s)",Capsules,'000 units,15.0,748.06,11220.9,12,1346.51,1242.49,13809.9,15,2024-07-30,2024-07-30,0,On-Time,45
PO-2024-0159,2024-07-16,SUP007,Indore Packaging Solutions,RM018,Corrugated Shipping Boxes (units),Packaging,units,1104.0,31.22,34466.88,18,6204.04,1735.63,42406.55,10,2024-07-26,2024-07-26,0,On-Time,15
PO-2024-0160,2024-07-18,SUP004,Girnar Ayur Ingredients,RM008,Turmeric Curcumin Extract (95%),Herbal Extracts,kg,38.2,2076.66,79328.41,12,9519.41,1538.44,90386.26,26,2024-08-13,2024-08-11,-2,Early,45
PO-2024-0161,2024-07-18,SUP008,Malwa Print & Cartons,RM017,Product Labels (units),Packaging,units,9544.0,1.23,11739.12,18,2113.04,517.12,14369.28,5,2024-07-23,2024-07-23,0,On-Time,15
PO-2024-0162,2024-07-18,SUP003,Himalayan Herb Extracts,RM006,Brahmi Extract,Herbal Extracts,kg,23.7,1199.99,28439.76,12,3412.77,1861.18,33713.71,20,2024-08-07,2024-08-07,0,On-Time,45
PO-2024-0163,2024-07-18,SUP007,Indore Packaging Solutions,RM015,HDPE Bottles 100ml (units),Packaging,units,7819.0,5.91,46210.29,18,8317.85,975.26,55503.4,6,2024-07-24,2024-07-24,0,On-Time,15
PO-2024-0164,2024-07-22,SUP004,Girnar Ayur Ingredients,RM007,Shatavari Extract,Herbal Extracts,kg,22.1,1121.32,24781.17,12,2973.74,1301.97,29056.88,18,2024-08-09,2024-08-08,-1,Early,45
PO-2024-0165,2024-07-24,SUP001,Madhya Herbs Pvt Ltd,RM004,Giloy Stem (Dried),Raw Herbs,kg,188.1,220.91,41553.17,5,2077.66,1894.46,45525.29,33,2024-08-26,2024-08-26,0,On-Time,30
PO-2024-0166,2024-07-25,SUP001,Madhya Herbs Pvt Ltd,RM001,Ashwagandha Root (Dried),Raw Herbs,kg,356.6,252.77,90137.78,5,4506.89,3092.63,97737.3,32,2024-08-26,2024-08-26,0,On-Time,30
PO-2024-0167,2024-07-27,SUP006,Capsico Gelatin & Capsules,RM013,"Gelatin Capsules (Size 00, '000s)",Capsules,'000 units,36.0,442.81,15941.16,12,1912.94,1326.77,19180.87,16,2024-08-12,2024-08-10,-2,Early,45
PO-2024-0168,2024-07-30,SUP008,Malwa Print & Cartons,RM016,Printed Cartons (units),Packaging,units,6572.0,4.25,27931.0,18,5027.58,1593.55,34552.13,8,2024-08-07,2024-08-09,2,Delayed,15
PO-2024-0169,2024-07-30,SUP004,Girnar Ayur Ingredients,RM005,Ashwagandha Extract (5% Withanolides),Herbal Extracts,kg,52.9,1299.89,68764.18,12,8251.7,1659.85,78675.73,28,2024-08-27,2024-08-27,0,On-Time,45
PO-2024-0170,2024-07-30,SUP007,Indore Packaging Solutions,RM015,HDPE Bottles 100ml (units),Packaging,units,8319.0,6.01,49997.19,18,8999.49,1035.99,60032.67,7,2024-08-06,2024-08-06,0,On-Time,15
PO-2024-0171,2024-07-30,SUP005,Chemico Excipients Ltd,RM011,Magnesium Stearate,Excipients,kg,41.6,276.73,11511.97,18,2072.15,1506.87,15090.99,13,2024-08-12,2024-08-12,0,On-Time,60
PO-2024-0172,2024-07-30,SUP008,Malwa Print & Cartons,RM017,Product Labels (units),Packaging,units,10765.0,1.23,13240.95,18,2383.37,583.72,16208.04,6,2024-08-05,2024-08-05,0,On-Time,15
PO-2024-0173,2024-07-30,SUP005,Chemico Excipients Ltd,RM012,Maize Starch,Excipients,kg,126.6,116.99,14810.93,18,2665.97,2265.6,19742.5,9,2024-08-08,2024-08-08,0,On-Time,60
PO-2024-0174,2024-08-01,SUP003,Himalayan Herb Extracts,RM009,Triphala Extract,Herbal Extracts,kg,30.4,1129.24,34328.9,12,4119.47,2133.51,40581.88,22,2024-08-23,2024-08-23,0,On-Time,45
PO-2024-0175,2024-08-02,SUP007,Indore Packaging Solutions,RM018,Corrugated Shipping Boxes (units),Packaging,units,1223.0,32.21,39392.83,18,7090.71,2187.85,48671.39,7,2024-08-09,2024-08-09,0,On-Time,15
PO-2024-0176,2024-08-03,SUP001,Madhya Herbs Pvt Ltd,RM002,Tulsi Leaves (Dried),Raw Herbs,kg,274.5,194.83,53480.84,5,2674.04,2323.88,58478.76,30,2024-09-02,2024-09-07,5,Delayed,30
PO-2024-0177,2024-08-03,SUP005,Chemico Excipients Ltd,RM010,Microcrystalline Cellulose (MCC),Excipients,kg,159.1,158.63,25238.03,18,4542.85,2474.3,32255.18,10,2024-08-13,2024-08-12,-1,Early,60
PO-2024-0178,2024-08-06,SUP002,Vindhya Botanicals,RM003,Amla Fruit (Dried),Raw Herbs,kg,212.8,226.21,48137.49,5,2406.87,2074.16,52618.52,33,2024-09-08,2024-09-14,6,Delayed,30
PO-2024-0179,2024-08-12,SUP006,Capsico Gelatin & Capsules,RM014,"Veg HPMC Capsules (Size 0, '000s)",Capsules,'000 units,16.0,794.99,12719.84,12,1526.38,1233.05,15479.27,16,2024-08-28,2024-08-28,0,On-Time,45
PO-2024-0180,2024-08-13,SUP007,Indore Packaging Solutions,RM015,HDPE Bottles 100ml (units),Packaging,units,8281.0,5.73,47450.13,18,8541.02,961.77,56952.92,7,2024-08-20,2024-08-20,0,On-Time,15
PO-2024-0181,2024-08-13,SUP008,Malwa Print & Cartons,RM016,Printed Cartons (units),Packaging,units,6988.0,4.4,30747.2,18,5534.5,1699.08,37980.78,10,2024-08-23,2024-08-23,0,On-Time,15
PO-2024-0182,2024-08-13,SUP008,Malwa Print & Cartons,RM017,Product Labels (units),Packaging,units,11463.0,1.31,15016.53,18,2702.98,585.16,18304.67,7,2024-08-20,2024-08-19,-1,Early,15
PO-2024-0183,2024-08-14,SUP001,Madhya Herbs Pvt Ltd,RM004,Giloy Stem (Dried),Raw Herbs,kg,197.8,219.56,43428.97,5,2171.45,1973.81,47574.23,35,2024-09-18,2024-09-16,-2,Early,30
PO-2024-0184,2024-08-15,SUP003,Himalayan Herb Extracts,RM006,Brahmi Extract,Herbal Extracts,kg,28.4,1212.18,34425.91,12,4131.11,1960.63,40517.65,21,2024-09-05,2024-09-05,0,On-Time,45
PO-2024-0185,2024-08-15,SUP001,Madhya Herbs Pvt Ltd,RM001,Ashwagandha Root (Dried),Raw Herbs,kg,313.9,246.97,77523.88,5,3876.19,2468.83,83868.9,32,2024-09-16,2024-09-16,0,On-Time,30
PO-2024-0186,2024-08-17,SUP004,Girnar Ayur Ingredients,RM008,Turmeric Curcumin Extract (95%),Herbal Extracts,kg,38.5,2017.3,77666.05,12,9319.93,1394.48,88380.46,27,2024-09-13,2024-09-13,0,On-Time,45
PO-2024-0187,2024-08-20,SUP007,Indore Packaging Solutions,RM018,Corrugated Shipping Boxes (units),Packaging,units,1224.0,30.0,36720.0,18,6609.6,2180.39,45509.99,9,2024-08-29,2024-08-29,0,On-Time,15
PO-2024-0188,2024-08-20,SUP006,Capsico Gelatin & Capsules,RM013,"Gelatin Capsules (Size 00, '000s)",Capsules,'000 units,35.0,439.97,15398.95,12,1847.87,1386.41,18633.23,16,2024-09-05,2024-09-05,0,On-Time,45
PO-2024-0189,2024-08-22,SUP004,Girnar Ayur Ingredients,RM007,Shatavari Extract,Herbal Extracts,kg,23.3,1198.5,27925.05,12,3351.01,1220.25,32496.31,19,2024-09-10,2024-09-10,0,On-Time,45
PO-2024-0190,2024-08-25,SUP007,Indore Packaging Solutions,RM015,HDPE Bottles 100ml (units),Packaging,units,7293.0,5.89,42955.77,18,7732.04,860.06,51547.87,8,2024-09-02,2024-09-04,2,Delayed,15
PO-2024-0191,2024-08-25,SUP004,Girnar Ayur Ingredients,RM005,Ashwagandha Extract (5% Withanolides),Herbal Extracts,kg,48.5,1312.9,63675.65,12,7641.08,1571.39,72888.12,30,2024-09-24,2024-09-24,0,On-Time,45
PO-2024-0192,2024-08-26,SUP001,Madhya Herbs Pvt Ltd,RM002,Tulsi Leaves (Dried),Raw Herbs,kg,307.3,205.69,63208.54,5,3160.43,2502.61,68871.58,30,2024-09-25,2024-09-25,0,On-Time,30
PO-2024-0193,2024-08-26,SUP002,Vindhya Botanicals,RM003,Amla Fruit (Dried),Raw Herbs,kg,210.6,219.0,46121.4,5,2306.07,2084.82,50512.29,31,2024-09-26,2024-09-26,0,On-Time,30
PO-2024-0194,2024-08-26,SUP005,Chemico Excipients Ltd,RM011,Magnesium Stearate,Excipients,kg,36.7,279.13,10244.07,18,1843.93,1464.74,13552.74,11,2024-09-06,2024-09-06,0,On-Time,60
PO-2024-0195,2024-08-27,SUP005,Chemico Excipients Ltd,RM010,Microcrystalline Cellulose (MCC),Excipients,kg,161.0,159.66,25705.26,18,4626.95,2896.3,33228.51,14,2024-09-10,2024-09-08,-2,Early,60
PO-2024-0196,2024-08-27,SUP005,Chemico Excipients Ltd,RM012,Maize Starch,Excipients,kg,112.5,120.64,13572.0,18,2442.96,2027.72,18042.68,9,2024-09-05,2024-09-05,0,On-Time,60
PO-2024-0197,2024-08-28,SUP008,Malwa Print & Cartons,RM016,Printed Cartons (units),Packaging,units,6451.0,4.41,28448.91,18,5120.8,1452.31,35022.02,9,2024-09-06,2024-09-06,0,On-Time,15
PO-2024-0198,2024-08-29,SUP008,Malwa Print & Cartons,RM017,Product Labels (units),Packaging,units,11425.0,1.26,14395.5,18,2591.19,540.5,17527.19,6,2024-09-04,2024-09-04,0,On-Time,15
PO-2024-0199,2024-08-31,SUP003,Himalayan Herb Extracts,RM009,Triphala Extract,Herbal Extracts,kg,28.4,1113.87,31633.91,12,3796.07,2082.42,37512.4,22,2024-09-22,2024-09-22,0,On-Time,45
PO-2024-0200,2024-09-04,SUP001,Madhya Herbs Pvt Ltd,RM001,Ashwagandha Root (Dried),Raw Herbs,kg,342.0,251.86,86136.12,5,4306.81,3028.81,93471.74,33,2024-10-07,2024-10-05,-2,Early,30
PO-2024-0201,2024-09-04,SUP007,Indore Packaging Solutions,RM018,Corrugated Shipping Boxes (units),Packaging,units,1231.0,32.01,39404.31,18,7092.78,2161.34,48658.43,6,2024-09-10,2024-09-10,0,On-Time,15
PO-2024-0202,2024-09-06,SUP007,Indore Packaging Solutions,RM015,HDPE Bottles 100ml (units),Packaging,units,7767.0,5.86,45514.62,18,8192.63,895.16,54602.41,9,2024-09-15,2024-09-15,0,On-Time,15
PO-2024-0203,2024-09-06,SUP006,Capsico Gelatin & Capsules,RM014,"Veg HPMC Capsules (Size 0, '000s)",Capsules,'000 units,16.0,778.02,12448.32,12,1493.8,1130.96,15073.08,14,2024-09-20,2024-09-20,0,On-Time,45
PO-2024-0204,2024-09-07,SUP001,Madhya Herbs Pvt Ltd,RM004,Giloy Stem (Dried),Raw Herbs,kg,199.7,211.56,42248.53,5,2112.43,1960.6,46321.56,32,2024-10-09,2024-10-09,0,On-Time,30
PO-2024-0205,2024-09-11,SUP006,Capsico Gelatin & Capsules,RM013,"Gelatin Capsules (Size 00, '000s)",Capsules,'000 units,31.0,447.56,13874.36,12,1664.92,1424.77,16964.05,14,2024-09-25,2024-09-25,0,On-Time,45
PO-2024-0206,2024-09-14,SUP008,Malwa Print & Cartons,RM016,Printed Cartons (units),Packaging,units,7234.0,4.54,32842.36,18,5911.62,1706.55,40460.53,8,2024-09-22,2024-09-22,0,On-Time,15
PO-2024-0207,2024-09-14,SUP008,Malwa Print & Cartons,RM017,Product Labels (units),Packaging,units,9558.0,1.24,11851.92,18,2133.35,515.86,14501.13,8,2024-09-22,2024-09-22,0,On-Time,15
PO-2024-0208,2024-09-15,SUP004,Girnar Ayur Ingredients,RM008,Turmeric Curcumin Extract (95%),Herbal Extracts,kg,42.9,2122.99,91076.27,12,10929.15,1416.81,103422.23,27,2024-10-12,2024-10-12,0,On-Time,45
PO-2024-0209,2024-09-15,SUP001,Madhya Herbs Pvt Ltd,RM002,Tulsi Leaves (Dried),Raw Herbs,kg,315.1,205.26,64677.43,5,3233.87,2805.25,70716.55,29,2024-10-14,2024-10-14,0,On-Time,30
PO-2024-0210,2024-09-19,SUP007,Indore Packaging Solutions,RM015,HDPE Bottles 100ml (units),Packaging,units,8002.0,6.15,49212.3,18,8858.21,997.51,59068.02,10,2024-09-29,2024-09-29,0,On-Time,15
PO-2024-0211,2024-09-19,SUP003,Himalayan Herb Extracts,RM006,Brahmi Extract,Herbal Extracts,kg,24.2,1232.79,29833.52,12,3580.02,1989.19,35402.73,21,2024-10-10,2024-10-20,10,Delayed,45
PO-2024-0212,2024-09-20,SUP002,Vindhya Botanicals,RM003,Amla Fruit (Dried),Raw Herbs,kg,181.6,220.24,39995.58,5,1999.78,1701.04,43696.4,33,2024-10-23,2024-10-23,0,On-Time,30
PO-2024-0213,2024-09-20,SUP005,Chemico Excipients Ltd,RM010,Microcrystalline Cellulose (MCC),Excipients,kg,163.2,150.7,24594.24,18,4426.96,2655.26,31676.46,11,2024-10-01,2024-10-01,0,On-Time,60
PO-2024-0214,2024-09-21,SUP005,Chemico Excipients Ltd,RM011,Magnesium Stearate,Excipients,kg,37.3,262.95,9808.03,18,1765.45,1305.27,12878.75,11,2024-10-02,2024-10-06,4,Delayed,60
PO-2024-0215,2024-09-23,SUP007,Indore Packaging Solutions,RM018,Corrugated Shipping Boxes (units),Packaging,units,1204.0,30.8,37083.2,18,6674.98,2170.53,45928.71,6,2024-09-29,2024-09-29,0,On-Time,15
PO-2024-0216,2024-09-25,SUP003,Himalayan Herb Extracts,RM005,Ashwagandha Extract (5% Withanolides),Herbal Extracts,kg,47.4,1348.53,63920.32,12,7670.44,2338.18,73928.94,28,2024-10-23,2024-10-23,0,On-Time,45
PO-2024-0217,2024-09-26,SUP004,Girnar Ayur Ingredients,RM007,Shatavari Extract,Herbal Extracts,kg,23.3,1194.21,27825.09,12,3339.01,1311.28,32475.38,17,2024-10-13,2024-10-13,0,On-Time,45
PO-2024-0218,2024-09-27,SUP005,Chemico Excipients Ltd,RM012,Maize Starch,Excipients,kg,114.3,121.9,13933.17,18,2507.97,2327.86,18769.0,9,2024-10-06,2024-10-06,0,On-Time,60
PO-2024-0219,2024-09-27,SUP001,Madhya Herbs Pvt Ltd,RM001,Ashwagandha Root (Dried),Raw Herbs,kg,358.5,245.46,87997.41,5,4399.87,2728.58,95125.86,35,2024-11-01,2024-10-30,-2,Early,30
PO-2024-0220,2024-09-28,SUP008,Malwa Print & Cartons,RM017,Product Labels (units),Packaging,units,11049.0,1.26,13921.74,18,2505.91,578.66,17006.31,6,2024-10-04,2024-10-04,0,On-Time,15
PO-2024-0221,2024-09-30,SUP003,Himalayan Herb Extracts,RM009,Triphala Extract,Herbal Extracts,kg,28.9,1065.23,30785.15,12,3694.22,1996.57,36475.94,20,2024-10-20,2024-10-20,0,On-Time,45
PO-2024-0222,2024-10-01,SUP008,Malwa Print & Cartons,RM016,Printed Cartons (units),Packaging,units,8096.0,4.56,36917.76,18,6645.2,1820.04,45383.0,9,2024-10-10,2024-10-10,0,On-Time,15
PO-2024-0223,2024-10-02,SUP007,Indore Packaging Solutions,RM015,HDPE Bottles 100ml (units),Packaging,units,9976.0,6.04,60255.04,18,10845.91,1165.59,72266.54,8,2024-10-10,2024-10-10,0,On-Time,15
PO-2024-0224,2024-10-03,SUP006,Capsico Gelatin & Capsules,RM013,"Gelatin Capsules (Size 00, '000s)",Capsules,'000 units,42.0,459.87,19314.54,12,2317.74,1439.58,23071.86,16,2024-10-19,2024-10-17,-2,Early,45
PO-2024-0225,2024-10-03,SUP006,Capsico Gelatin & Capsules,RM014,"Veg HPMC Capsules (Size 0, '000s)",Capsules,'000 units,18.0,796.85,14343.3,12,1721.2,1224.98,17289.48,17,2024-10-20,2024-10-20,0,On-Time,45
PO-2024-0226,2024-10-03,SUP001,Madhya Herbs Pvt Ltd,RM004,Giloy Stem (Dried),Raw Herbs,kg,237.1,209.19,49598.95,5,2479.95,2010.86,54089.76,22,2024-10-25,2024-10-23,-2,Early,30
PO-2024-0227,2024-10-05,SUP001,Madhya Herbs Pvt Ltd,RM002,Tulsi Leaves (Dried),Raw Herbs,kg,354.9,197.34,70035.97,5,3501.8,3051.08,76588.85,16,2024-10-21,2024-10-20,-1,Early,30
PO-2024-0228,2024-10-11,SUP002,Vindhya Botanicals,RM003,Amla Fruit (Dried),Raw Herbs,kg,244.3,227.91,55678.41,5,2783.92,2375.28,60837.61,19,2024-10-30,2024-11-01,2,Delayed,30
PO-2024-0229,2024-10-11,SUP007,Indore Packaging Solutions,RM018,Corrugated Shipping Boxes (units),Packaging,units,1279.0,31.81,40684.99,18,7323.3,2211.5,50219.79,7,2024-10-18,2024-10-18,0,On-Time,15
PO-2024-0230,2024-10-12,SUP008,Malwa Print & Cartons,RM017,Product Labels (units),Packaging,units,13772.0,1.31,18041.32,18,3247.44,640.09,21928.85,6,2024-10-18,2024-10-18,0,On-Time,15
PO-2024-0231,2024-10-14,SUP004,Girnar Ayur Ingredients,RM008,Turmeric Curcumin Extract (95%),Herbal Extracts,kg,48.7,2116.51,103074.04,12,12368.88,1451.22,116894.14,14,2024-10-28,2024-10-28,0,On-Time,45
PO-2024-0232,2024-10-15,SUP008,Malwa Print & Cartons,RM016,Printed Cartons (units),Packaging,units,8904.0,4.3,38287.2,18,6891.7,1963.19,47142.09,8,2024-10-23,2024-10-23,0,On-Time,15
PO-2024-0233,2024-10-15,SUP005,Chemico Excipients Ltd,RM010,Microcrystalline Cellulose (MCC),Excipients,kg,189.8,161.33,30620.43,18,5511.68,2800.83,38932.94,11,2024-10-26,2024-10-26,0,On-Time,60
PO-2024-0234,2024-10-15,SUP007,Indore Packaging Solutions,RM015,HDPE Bottles 100ml (units),Packaging,units,9895.0,5.82,57588.9,18,10366.0,1050.29,69005.19,8,2024-10-23,2024-10-23,0,On-Time,15
PO-2024-0235,2024-10-16,SUP001,Madhya Herbs Pvt Ltd,RM001,Ashwagandha Root (Dried),Raw Herbs,kg,395.4,258.09,102048.79,5,5102.44,3079.37,110230.6,18,2024-11-03,2024-11-03,0,On-Time,30
PO-2024-0236,2024-10-18,SUP005,Chemico Excipients Ltd,RM011,Magnesium Stearate,Excipients,kg,49.4,270.9,13382.46,18,2408.84,1601.9,17393.2,13,2024-10-31,2024-10-31,0,On-Time,60
PO-2024-0237,2024-10-20,SUP003,Himalayan Herb Extracts,RM005,Ashwagandha Extract (5% Withanolides),Herbal Extracts,kg,64.5,1380.34,89031.93,12,10683.83,2441.13,102156.89,16,2024-11-05,2024-11-05,0,On-Time,45
PO-2024-0238,2024-10-21,SUP006,Capsico Gelatin & Capsules,RM013,"Gelatin Capsules (Size 00, '000s)",Capsules,'000 units,42.0,458.85,19271.7,12,2312.6,1427.28,23011.58,15,2024-11-05,2024-11-05,0,On-Time,45
PO-2024-0239,2024-10-22,SUP003,Himalayan Herb Extracts,RM006,Brahmi Extract,Herbal Extracts,kg,28.6,1218.82,34858.25,12,4182.99,1832.83,40874.07,20,2024-11-11,2024-11-11,0,On-Time,45
PO-2024-0240,2024-10-22,SUP006,Capsico Gelatin & Capsules,RM014,"Veg HPMC Capsules (Size 0, '000s)",Capsules,'000 units,19.0,755.11,14347.09,12,1721.65,1246.77,17315.51,17,2024-11-08,2024-11-08,0,On-Time,45
PO-2024-0241,2024-10-22,SUP001,Madhya Herbs Pvt Ltd,RM002,Tulsi Leaves (Dried),Raw Herbs,kg,326.6,202.92,66273.67,5,3313.68,2775.34,72362.69,15,2024-11-06,2024-11-06,0,On-Time,30
PO-2024-0242,2024-10-24,SUP001,Madhya Herbs Pvt Ltd,RM004,Giloy Stem (Dried),Raw Herbs,kg,230.3,208.69,48061.31,5,2403.07,2252.87,52717.25,20,2024-11-13,2024-11-13,0,On-Time,30
PO-2024-0243,2024-10-24,SUP005,Chemico Excipients Ltd,RM012,Maize Starch,Excipients,kg,150.5,117.89,17742.44,18,3193.64,2601.4,23537.48,12,2024-11-05,2024-11-05,0,On-Time,60
PO-2024-0244,2024-10-25,SUP008,Malwa Print & Cartons,RM017,Product Labels (units),Packaging,units,12619.0,1.3,16404.7,18,2952.85,602.98,19960.53,8,2024-11-02,2024-11-02,0,On-Time,15
PO-2024-0245,2024-10-25,SUP007,Indore Packaging Solutions,RM018,Corrugated Shipping Boxes (units),Packaging,units,1446.0,31.08,44941.68,18,8089.5,2487.5,55518.68,9,2024-11-03,2024-11-03,0,On-Time,15
PO-2024-0246,2024-10-26,SUP003,Himalayan Herb Extracts,RM009,Triphala Extract,Herbal Extracts,kg,31.1,1073.53,33386.78,12,4006.41,2183.03,39576.22,22,2024-11-17,2024-11-17,0,On-Time,45
PO-2024-0247,2024-10-27,SUP007,Indore Packaging Solutions,RM015,HDPE Bottles 100ml (units),Packaging,units,9965.0,6.01,59889.65,18,10780.14,1018.88,71688.67,9,2024-11-05,2024-11-05,0,On-Time,15
PO-2024-0248,2024-10-28,SUP008,Malwa Print & Cartons,RM016,Printed Cartons (units),Packaging,units,9041.0,4.39,39689.99,18,7144.2,1977.63,48811.82,10,2024-11-07,2024-11-07,0,On-Time,15
PO-2024-0249,2024-10-29,SUP004,Girnar Ayur Ingredients,RM007,Shatavari Extract,Herbal Extracts,kg,28.4,1202.34,34146.46,12,4097.58,1358.92,39602.96,18,2024-11-16,2024-11-16,0,On-Time,45
PO-2024-0250,2024-10-31,SUP002,Vindhya Botanicals,RM003,Amla Fruit (Dried),Raw Herbs,kg,258.5,233.5,60359.75,5,3017.99,2341.8,65719.54,20,2024-11-20,2024-11-20,0,On-Time,30
PO-2024-0251,2024-11-04,SUP004,Girnar Ayur Ingredients,RM008,Turmeric Curcumin Extract (95%),Herbal Extracts,kg,46.0,2073.23,95368.58,12,11444.23,1606.73,108419.54,12,2024-11-16,2024-11-16,0,On-Time,45
PO-2024-0252,2024-11-05,SUP001,Madhya Herbs Pvt Ltd,RM001,Ashwagandha Root (Dried),Raw Herbs,kg,355.4,257.56,91536.82,5,4576.84,2811.04,98924.7,21,2024-11-26,2024-11-26,0,On-Time,30
PO-2024-0253,2024-11-05,SUP008,Malwa Print & Cartons,RM017,Product Labels (units),Packaging,units,13466.0,1.25,16832.5,18,3029.85,598.45,20460.8,8,2024-11-13,2024-11-15,2,Delayed,15
PO-2024-0254,2024-11-07,SUP007,Indore Packaging Solutions,RM018,Corrugated Shipping Boxes (units),Packaging,units,1539.0,31.5,48478.5,18,8726.13,2284.76,59489.39,9,2024-11-16,2024-11-16,0,On-Time,15
PO-2024-0255,2024-11-07,SUP005,Chemico Excipients Ltd,RM010,Microcrystalline Cellulose (MCC),Excipients,kg,172.7,161.93,27965.31,18,5033.76,2726.49,35725.56,11,2024-11-18,2024-11-18,0,On-Time,60
PO-2024-0256,2024-11-09,SUP008,Malwa Print & Cartons,RM016,Printed Cartons (units),Packaging,units,7979.0,4.46,35586.34,18,6405.54,1701.5,43693.38,7,2024-11-16,2024-11-16,0,On-Time,15
PO-2024-0257,2024-11-09,SUP001,Madhya Herbs Pvt Ltd,RM002,Tulsi Leaves (Dried),Raw Herbs,kg,316.0,191.72,60583.52,5,3029.18,2718.29,66330.99,15,2024-11-24,2024-11-24,0,On-Time,30
PO-2024-0258,2024-11-09,SUP007,Indore Packaging Solutions,RM015,HDPE Bottles 100ml (units),Packaging,units,10383.0,5.9,61259.7,18,11026.75,1149.95,73436.4,8,2024-11-17,2024-11-17,0,On-Time,15
PO-2024-0259,2024-11-11,SUP001,Madhya Herbs Pvt Ltd,RM004,Giloy Stem (Dried),Raw Herbs,kg,227.4,205.89,46819.39,5,2340.97,1996.36,51156.72,21,2024-12-02,2024-11-30,-2,Early,30
PO-2024-0260,2024-11-13,SUP005,Chemico Excipients Ltd,RM011,Magnesium Stearate,Excipients,kg,49.2,276.1,13584.12,18,2445.14,1452.43,17481.69,13,2024-11-26,2024-11-26,0,On-Time,60
PO-2024-0261,2024-11-13,SUP006,Capsico Gelatin & Capsules,RM013,"Gelatin Capsules (Size 00, '000s)",Capsules,'000 units,41.0,448.3,18380.3,12,2205.64,1406.32,21992.26,16,2024-11-29,2024-11-29,0,On-Time,45
PO-2024-0262,2024-11-14,SUP003,Himalayan Herb Extracts,RM005,Ashwagandha Extract (5% Withanolides),Herbal Extracts,kg,63.4,1351.69,85697.15,12,10283.66,2671.25,98652.06,17,2024-12-01,2024-12-01,0,On-Time,45
PO-2024-0263,2024-11-14,SUP003,Himalayan Herb Extracts,RM006,Brahmi Extract,Herbal Extracts,kg,28.3,1266.98,35855.53,12,4302.66,1844.45,42002.64,21,2024-12-05,2024-12-05,0,On-Time,45
PO-2024-0264,2024-11-15,SUP006,Capsico Gelatin & Capsules,RM014,"Veg HPMC Capsules (Size 0, '000s)",Capsules,'000 units,18.0,766.67,13800.06,12,1656.01,1259.88,16715.95,15,2024-11-30,2024-11-30,0,On-Time,45
PO-2024-0265,2024-11-17,SUP005,Chemico Excipients Ltd,RM012,Maize Starch,Excipients,kg,130.6,122.69,16023.31,18,2884.2,2513.13,21420.64,9,2024-11-26,2024-11-26,0,On-Time,60
PO-2024-0266,2024-11-18,SUP003,Himalayan Herb Extracts,RM009,Triphala Extract,Herbal Extracts,kg,35.9,1094.91,39307.27,12,4716.87,1958.08,45982.22,20,2024-12-08,2024-12-08,0,On-Time,45
PO-2024-0267,2024-11-18,SUP008,Malwa Print & Cartons,RM017,Product Labels (units),Packaging,units,12190.0,1.26,15359.4,18,2764.69,604.94,18729.03,5,2024-11-23,2024-11-23,0,On-Time,15
PO-2024-0268,2024-11-20,SUP007,Indore Packaging Solutions,RM018,Corrugated Shipping Boxes (units),Packaging,units,1471.0,31.32,46071.72,18,8292.91,2418.33,56782.96,8,2024-11-28,2024-11-28,0,On-Time,15
PO-2024-0269,2024-11-20,SUP002,Vindhya Botanicals,RM003,Amla Fruit (Dried),Raw Herbs,kg,259.5,227.06,58922.07,5,2946.1,2156.02,64024.19,19,2024-12-09,2024-12-09,0,On-Time,30
PO-2024-0270,2024-11-21,SUP008,Malwa Print & Cartons,RM016,Printed Cartons (units),Packaging,units,8060.0,4.33,34899.8,18,6281.96,1911.19,43092.95,11,2024-12-02,2024-12-02,0,On-Time,15
PO-2024-0271,2024-11-22,SUP007,Indore Packaging Solutions,RM015,HDPE Bottles 100ml (units),Packaging,units,8846.0,6.03,53341.38,18,9601.45,945.76,63888.59,8,2024-11-30,2024-11-30,0,On-Time,15
PO-2024-0272,2024-11-24,SUP001,Madhya Herbs Pvt Ltd,RM001,Ashwagandha Root (Dried),Raw Herbs,kg,407.3,260.22,105987.61,5,5299.38,3307.13,114594.12,21,2024-12-15,2024-12-18,3,Delayed,30
PO-2024-0273,2024-11-24,SUP004,Girnar Ayur Ingredients,RM007,Shatavari Extract,Herbal Extracts,kg,28.7,1165.22,33441.81,12,4013.02,1376.4,38831.23,19,2024-12-13,2024-12-11,-2,Early,45
PO-2024-0274,2024-11-26,SUP001,Madhya Herbs Pvt Ltd,RM002,Tulsi Leaves (Dried),Raw Herbs,kg,342.2,191.99,65698.98,5,3284.95,2990.35,71974.28,19,2024-12-15,2024-12-15,0,On-Time,30
PO-2024-0275,2024-11-26,SUP004,Girnar Ayur Ingredients,RM008,Turmeric Curcumin Extract (95%),Herbal Extracts,kg,42.9,2131.94,91460.23,12,10975.23,1367.76,103803.22,13,2024-12-09,2024-12-09,0,On-Time,45
PO-2024-0276,2024-11-28,SUP001,Madhya Herbs Pvt Ltd,RM004,Giloy Stem (Dried),Raw Herbs,kg,255.3,219.65,56076.65,5,2803.83,2357.48,61237.96,20,2024-12-18,2024-12-18,0,On-Time,30
PO-2024-0277,2024-11-29,SUP008,Malwa Print & Cartons,RM017,Product Labels (units),Packaging,units,11691.0,1.29,15081.39,18,2714.65,570.03,18366.07,9,2024-12-08,2024-12-08,0,On-Time,15
PO-2024-0278,2024-11-30,SUP005,Chemico Excipients Ltd,RM010,Microcrystalline Cellulose (MCC),Excipients,kg,206.0,152.3,31373.8,18,5647.28,3217.95,40239.03,13,2024-12-13,2024-12-13,0,On-Time,60
PO-2024-0279,2024-12-03,SUP007,Indore Packaging Solutions,RM015,HDPE Bottles 100ml (units),Packaging,units,9352.0,5.76,53867.52,18,9696.15,1120.24,64683.91,9,2024-12-12,2024-12-12,0,On-Time,15
PO-2024-0280,2024-12-04,SUP003,Himalayan Herb Extracts,RM005,Ashwagandha Extract (5% Withanolides),Herbal Extracts,kg,63.0,1387.44,87408.72,12,10489.05,2632.47,100530.24,13,2024-12-17,2024-12-17,0,On-Time,45
PO-2024-0281,2024-12-04,SUP006,Capsico Gelatin & Capsules,RM013,"Gelatin Capsules (Size 00, '000s)",Capsules,'000 units,35.0,437.07,15297.45,12,1835.69,1398.4,18531.54,15,2024-12-19,2024-12-19,0,On-Time,45
PO-2024-0282,2024-12-06,SUP008,Malwa Print & Cartons,RM016,Printed Cartons (units),Packaging,units,9125.0,4.23,38598.75,18,6947.77,1946.59,47493.11,8,2024-12-14,2024-12-13,-1,Early,15
PO-2024-0283,2024-12-06,SUP007,Indore Packaging Solutions,RM018,Corrugated Shipping Boxes (units),Packaging,units,1366.0,30.47,41622.02,18,7491.96,2413.51,51527.49,10,2024-12-16,2024-12-16,0,On-Time,15
PO-2024-0284,2024-12-07,SUP006,Capsico Gelatin & Capsules,RM014,"Veg HPMC Capsules (Size 0, '000s)",Capsules,'000 units,20.0,744.94,14898.8,12,1787.86,1185.75,17872.41,15,2024-12-22,2024-12-22,0,On-Time,45
PO-2024-0285,2024-12-09,SUP003,Himalayan Herb Extracts,RM006,Brahmi Extract,Herbal Extracts,kg,32.0,1260.44,40334.08,12,4840.09,2102.74,47276.91,18,2024-12-27,2024-12-27,0,On-Time,45
PO-2024-0286,2024-12-10,SUP008,Malwa Print & Cartons,RM017,Product Labels (units),Packaging,units,13273.0,1.28,16989.44,18,3058.1,612.61,20660.15,7,2024-12-17,2024-12-16,-1,Early,15
PO-2024-0287,2024-12-11,SUP002,Vindhya Botanicals,RM003,Amla Fruit (Dried),Raw Herbs,kg,247.4,221.45,54786.73,5,2739.34,2120.9,59646.97,17,2024-12-28,2024-12-31,3,Delayed,30
PO-2024-0288,2024-12-11,SUP005,Chemico Excipients Ltd,RM011,Magnesium Stearate,Excipients,kg,45.5,264.27,12024.28,18,2164.37,1589.75,15778.4,11,2024-12-22,2024-12-22,0,On-Time,60
PO-2024-0289,2024-12-12,SUP002,Vindhya Botanicals,RM001,Ashwagandha Root (Dried),Raw Herbs,kg,417.5,256.01,106884.18,5,5344.21,3288.72,115517.11,18,2024-12-30,2025-01-04,5,Delayed,30
PO-2024-0290,2024-12-12,SUP003,Himalayan Herb Extracts,RM009,Triphala Extract,Herbal Extracts,kg,35.8,1109.96,39736.57,12,4768.39,2025.11,46530.07,20,2025-01-01,2025-01-01,0,On-Time,45
PO-2024-0291,2024-12-12,SUP005,Chemico Excipients Ltd,RM012,Maize Starch,Excipients,kg,153.5,124.3,19080.05,18,3434.41,2433.78,24948.24,11,2024-12-23,2024-12-23,0,On-Time,60
PO-2024-0292,2024-12-13,SUP001,Madhya Herbs Pvt Ltd,RM002,Tulsi Leaves (Dried),Raw Herbs,kg,322.6,194.07,62606.98,5,3130.35,2795.54,68532.87,18,2024-12-31,2024-12-31,0,On-Time,30
PO-2024-0293,2024-12-15,SUP001,Madhya Herbs Pvt Ltd,RM004,Giloy Stem (Dried),Raw Herbs,kg,230.8,214.29,49458.13,5,2472.91,2085.84,54016.88,21,2025-01-05,2025-01-05,0,On-Time,30
PO-2024-0294,2024-12-16,SUP007,Indore Packaging Solutions,RM015,HDPE Bottles 100ml (units),Packaging,units,9963.0,5.82,57984.66,18,10437.24,1079.12,69501.02,7,2024-12-23,2024-12-23,0,On-Time,15
PO-2024-0295,2024-12-17,SUP008,Malwa Print & Cartons,RM016,Printed Cartons (units),Packaging,units,7885.0,4.54,35797.9,18,6443.62,1721.08,43962.6,8,2024-12-25,2024-12-25,0,On-Time,15
PO-2024-0296,2024-12-19,SUP007,Indore Packaging Solutions,RM018,Corrugated Shipping Boxes (units),Packaging,units,1397.0,32.41,45276.77,18,8149.82,2425.55,55852.14,9,2024-12-28,2024-12-28,0,On-Time,15
PO-2024-0297,2024-12-20,SUP008,Malwa Print & Cartons,RM017,Product Labels (units),Packaging,units,13407.0,1.24,16624.68,18,2992.44,608.35,20225.47,8,2024-12-28,2024-12-28,0,On-Time,15
PO-2024-0298,2024-12-20,SUP004,Girnar Ayur Ingredients,RM008,Turmeric Curcumin Extract (95%),Herbal Extracts,kg,44.3,2100.53,93053.48,12,11166.42,1405.66,105625.56,13,2025-01-02,2025-01-02,0,On-Time,45
PO-2024-0299,2024-12-21,SUP004,Girnar Ayur Ingredients,RM007,Shatavari Extract,Herbal Extracts,kg,28.5,1124.78,32056.23,12,3846.75,1364.1,37267.08,19,2025-01-09,2025-01-09,0,On-Time,45
PO-2024-0300,2024-12-23,SUP005,Chemico Excipients Ltd,RM010,Microcrystalline Cellulose (MCC),Excipients,kg,175.6,155.09,27233.8,18,4902.08,3014.1,35149.98,14,2025-01-06,2025-01-08,2,Delayed,60
PO-2024-0301,2024-12-25,SUP004,Girnar Ayur Ingredients,RM005,Ashwagandha Extract (5% Withanolides),Herbal Extracts,kg,61.8,1339.47,82779.25,12,9933.51,1586.34,94299.1,16,2025-01-10,2025-01-10,0,On-Time,45
PO-2024-0302,2024-12-26,SUP007,Indore Packaging Solutions,RM015,HDPE Bottles 100ml (units),Packaging,units,8720.0,6.07,52930.4,18,9527.47,961.95,63419.82,8,2025-01-03,2025-01-03,0,On-Time,15
PO-2024-0303,2024-12-26,SUP006,Capsico Gelatin & Capsules,RM013,"Gelatin Capsules (Size 00, '000s)",Capsules,'000 units,39.0,462.98,18056.22,12,2166.75,1499.46,21722.43,17,2025-01-12,2025-01-12,0,On-Time,45
PO-2024-0304,2024-12-28,SUP006,Capsico Gelatin & Capsules,RM014,"Veg HPMC Capsules (Size 0, '000s)",Capsules,'000 units,19.0,744.23,14140.37,12,1696.84,1247.5,17084.71,18,2025-01-15,2025-01-15,0,On-Time,45
PO-2024-0305,2024-12-29,SUP002,Vindhya Botanicals,RM003,Amla Fruit (Dried),Raw Herbs,kg,214.2,228.27,48895.43,5,2444.77,1956.08,53296.28,19,2025-01-17,2025-01-17,0,On-Time,30
PO-2024-0306,2024-12-30,SUP002,Vindhya Botanicals,RM001,Ashwagandha Root (Dried),Raw Herbs,kg,430.5,249.02,107203.11,5,5360.16,3257.23,115820.5,21,2025-01-20,2025-01-23,3,Delayed,30
PO-2024-0307,2024-12-30,SUP008,Malwa Print & Cartons,RM016,Printed Cartons (units),Packaging,units,8690.0,4.45,38670.5,18,6960.69,1880.12,47511.31,9,2025-01-08,2025-01-08,0,On-Time,15
PO-2024-0308,2024-12-31,SUP001,Madhya Herbs Pvt Ltd,RM002,Tulsi Leaves (Dried),Raw Herbs,kg,345.3,196.57,67875.62,5,3393.78,2745.54,74014.94,15,2025-01-15,2025-01-15,0,On-Time,30
PO-2025-0001,2025-01-01,SUP001,Madhya Herbs Pvt Ltd,RM004,Giloy Stem (Dried),Raw Herbs,kg,254.9,221.8,56536.82,5,2826.84,2351.19,61714.85,20,2025-01-21,2025-01-21,0,On-Time,30
PO-2025-0002,2025-01-02,SUP008,Malwa Print & Cartons,RM017,Product Labels (units),Packaging,units,12999.0,1.37,17808.63,18,3205.55,611.88,21626.06,8,2025-01-10,2025-01-10,0,On-Time,15
PO-2025-0003,2025-01-03,SUP007,Indore Packaging Solutions,RM018,Corrugated Shipping Boxes (units),Packaging,units,1386.0,34.01,47137.86,18,8484.81,2265.65,57888.32,10,2025-01-13,2025-01-12,-1,Early,15
PO-2025-0004,2025-01-03,SUP003,Himalayan Herb Extracts,RM009,Triphala Extract,Herbal Extracts,kg,32.2,1205.93,38830.95,12,4659.71,2146.28,45636.94,21,2025-01-24,2025-01-24,0,On-Time,45
PO-2025-0005,2025-01-06,SUP005,Chemico Excipients Ltd,RM012,Maize Starch,Excipients,kg,129.2,131.13,16942.0,18,3049.56,2227.69,22219.25,9,2025-01-15,2025-01-15,0,On-Time,60
PO-2025-0006,2025-01-06,SUP007,Indore Packaging Solutions,RM015,HDPE Bottles 100ml (units),Packaging,units,10315.0,6.21,64056.15,18,11530.11,1051.52,76637.78,7,2025-01-13,2025-01-13,0,On-Time,15
PO-2025-0007,2025-01-06,SUP003,Himalayan Herb Extracts,RM006,Brahmi Extract,Herbal Extracts,kg,31.2,1303.58,40671.7,12,4880.6,2146.05,47698.35,20,2025-01-26,2025-01-26,0,On-Time,45
PO-2025-0008,2025-01-08,SUP005,Chemico Excipients Ltd,RM011,Magnesium Stearate,Excipients,kg,47.0,289.43,13603.21,18,2448.58,1613.04,17664.83,13,2025-01-21,2025-01-21,0,On-Time,60
PO-2025-0009,2025-01-09,SUP004,Girnar Ayur Ingredients,RM008,Turmeric Curcumin Extract (95%),Herbal Extracts,kg,45.5,2256.6,102675.3,12,12321.04,1512.32,116508.66,11,2025-01-20,2025-01-20,0,On-Time,45
PO-2025-0010,2025-01-11,SUP008,Malwa Print & Cartons,RM016,Printed Cartons (units),Packaging,units,9372.0,4.55,42642.6,18,7675.67,2089.77,52408.04,11,2025-01-22,2025-01-22,0,On-Time,15
PO-2025-0011,2025-01-12,SUP006,Capsico Gelatin & Capsules,RM013,"Gelatin Capsules (Size 00, '000s)",Capsules,'000 units,40.0,496.29,19851.6,12,2382.19,1401.65,23635.44,17,2025-01-29,2025-01-27,-2,Early,45
PO-2025-0012,2025-01-14,SUP002,Vindhya Botanicals,RM003,Amla Fruit (Dried),Raw Herbs,kg,245.5,231.44,56818.52,5,2840.93,2428.08,62087.53,21,2025-02-04,2025-02-04,0,On-Time,30
PO-2025-0013,2025-01-15,SUP008,Malwa Print & Cartons,RM017,Product Labels (units),Packaging,units,13489.0,1.39,18749.71,18,3374.95,619.69,22744.35,7,2025-01-22,2025-01-22,0,On-Time,15
PO-2025-0014,2025-01-16,SUP001,Madhya Herbs Pvt Ltd,RM002,Tulsi Leaves (Dried),Raw Herbs,kg,357.6,211.85,75757.56,5,3787.88,3129.95,82675.39,18,2025-02-03,2025-02-02,-1,Early,30
PO-2025-0015,2025-01-16,SUP007,Indore Packaging Solutions,RM015,HDPE Bottles 100ml (units),Packaging,units,10211.0,6.31,64431.41,18,11597.65,1067.75,77096.81,8,2025-01-24,2025-01-24,0,On-Time,15
PO-2025-0016,2025-01-16,SUP003,Himalayan Herb Extracts,RM005,Ashwagandha Extract (5% Withanolides),Herbal Extracts,kg,58.4,1381.03,80652.15,12,9678.26,2410.49,92740.9,15,2025-01-31,2025-01-31,0,On-Time,45
PO-2025-0017,2025-01-17,SUP005,Chemico Excipients Ltd,RM010,Microcrystalline Cellulose (MCC),Excipients,kg,205.9,164.05,33777.9,18,6080.02,3283.6,43141.52,12,2025-01-29,2025-01-29,0,On-Time,60
PO-2025-0018,2025-01-17,SUP004,Girnar Ayur Ingredients,RM007,Shatavari Extract,Herbal Extracts,kg,26.7,1215.31,32448.78,12,3893.85,1308.71,37651.34,19,2025-02-05,2025-02-05,0,On-Time,45
PO-2025-0019,2025-01-18,SUP006,Capsico Gelatin & Capsules,RM014,"Veg HPMC Capsules (Size 0, '000s)",Capsules,'000 units,18.0,779.56,14032.08,12,1683.85,1155.39,16871.32,14,2025-02-01,2025-02-01,0,On-Time,45
PO-2025-0020,2025-01-18,SUP001,Madhya Herbs Pvt Ltd,RM001,Ashwagandha Root (Dried),Raw Herbs,kg,424.8,267.39,113587.27,5,5679.36,3446.8,122713.43,21,2025-02-08,2025-02-08,0,On-Time,30
PO-2025-0021,2025-01-19,SUP007,Indore Packaging Solutions,RM018,Corrugated Shipping Boxes (units),Packaging,units,1294.0,32.72,42339.68,18,7621.14,2317.31,52278.13,7,2025-01-26,2025-01-29,3,Delayed,15
PO-2025-0022,2025-01-22,SUP001,Madhya Herbs Pvt Ltd,RM004,Giloy Stem (Dried),Raw Herbs,kg,233.5,224.77,52483.8,5,2624.19,2074.15,57182.14,19,2025-02-10,2025-02-10,0,On-Time,30
PO-2025-0023,2025-01-24,SUP008,Malwa Print & Cartons,RM016,Printed Cartons (units),Packaging,units,8801.0,4.58,40308.58,18,7255.54,1794.66,49358.78,11,2025-02-04,2025-02-04,0,On-Time,15
PO-2025-0024,2025-01-26,SUP008,Malwa Print & Cartons,RM017,Product Labels (units),Packaging,units,11582.0,1.31,15172.42,18,2731.04,620.47,18523.93,6,2025-02-01,2025-02-01,0,On-Time,15
PO-2025-0025,2025-01-27,SUP007,Indore Packaging Solutions,RM015,HDPE Bottles 100ml (units),Packaging,units,8736.0,6.14,53639.04,18,9655.03,1081.84,64375.91,9,2025-02-05,2025-02-05,0,On-Time,15
PO-2025-0026,2025-01-29,SUP005,Chemico Excipients Ltd,RM012,Maize Starch,Excipients,kg,141.5,124.21,17575.72,18,3163.63,2526.04,23265.39,8,2025-02-06,2025-02-06,0,On-Time,60
PO-2025-0027,2025-01-29,SUP004,Girnar Ayur Ingredients,RM008,Turmeric Curcumin Extract (95%),Herbal Extracts,kg,45.5,2092.59,95212.85,12,11425.54,1527.99,108166.38,11,2025-02-09,2025-02-09,0,On-Time,45
PO-2025-0028,2025-01-30,SUP006,Capsico Gelatin & Capsules,RM013,"Gelatin Capsules (Size 00, '000s)",Capsules,'000 units,43.0,472.75,20328.25,12,2439.39,1523.38,24291.02,14,2025-02-13,2025-02-13,0,On-Time,45
PO-2025-0029,2025-01-30,SUP003,Himalayan Herb Extracts,RM009,Triphala Extract,Herbal Extracts,kg,38.1,1179.97,44956.86,12,5394.82,2137.01,52488.69,20,2025-02-19,2025-02-19,0,On-Time,45
PO-2025-0030,2025-01-30,SUP001,Madhya Herbs Pvt Ltd,RM002,Tulsi Leaves (Dried),Raw Herbs,kg,329.9,202.31,66742.07,5,3337.1,2691.31,72770.48,17,2025-02-16,2025-02-16,0,On-Time,30
PO-2025-0031,2025-02-01,SUP002,Vindhya Botanicals,RM003,Amla Fruit (Dried),Raw Herbs,kg,252.3,244.54,61697.44,5,3084.87,2204.91,66987.22,19,2025-02-20,2025-02-20,0,On-Time,30
PO-2025-0032,2025-02-02,SUP007,Indore Packaging Solutions,RM018,Corrugated Shipping Boxes (units),Packaging,units,1557.0,33.41,52019.37,18,9363.49,2696.47,64079.33,10,2025-02-12,2025-02-12,0,On-Time,15
PO-2025-0033,2025-02-04,SUP003,Himalayan Herb Extracts,RM006,Brahmi Extract,Herbal Extracts,kg,31.4,1285.17,40354.34,12,4842.52,1906.88,47103.74,18,2025-02-22,2025-03-07,13,Delayed,45
PO-2025-0034,2025-02-05,SUP008,Malwa Print & Cartons,RM016,Printed Cartons (units),Packaging,units,9410.0,4.82,45356.2,18,8164.12,2079.48,55599.8,11,2025-02-16,2025-02-16,0,On-Time,15
PO-2025-0035,2025-02-05,SUP005,Chemico Excipients Ltd,RM011,Magnesium Stearate,Excipients,kg,51.8,285.56,14792.01,18,2662.56,1469.34,18923.91,11,2025-02-16,2025-02-16,0,On-Time,60
PO-2025-0036,2025-02-05,SUP005,Chemico Excipients Ltd,RM010,Microcrystalline Cellulose (MCC),Excipients,kg,178.3,160.84,28677.77,18,5162.0,2888.76,36728.53,10,2025-02-15,2025-02-15,0,On-Time,60
PO-2025-0037,2025-02-05,SUP002,Vindhya Botanicals,RM001,Ashwagandha Root (Dried),Raw Herbs,kg,427.7,277.9,118857.83,5,5942.89,3621.29,128422.01,18,2025-02-23,2025-02-23,0,On-Time,30
PO-2025-0038,2025-02-07,SUP004,Girnar Ayur Ingredients,RM005,Ashwagandha Extract (5% Withanolides),Herbal Extracts,kg,62.2,1456.17,90573.77,12,10868.85,1795.2,103237.82,16,2025-02-23,2025-02-23,0,On-Time,45
PO-2025-0039,2025-02-07,SUP008,Malwa Print & Cartons,RM017,Product Labels (units),Packaging,units,12596.0,1.38,17382.48,18,3128.85,592.19,21103.52,5,2025-02-12,2025-02-10,-2,Early,15
PO-2025-0040,2025-02-07,SUP007,Indore Packaging Solutions,RM015,HDPE Bottles 100ml (units),Packaging,units,9237.0,6.12,56530.44,18,10175.48,1097.44,67803.36,6,2025-02-13,2025-02-13,0,On-Time,15
PO-2025-0041,2025-02-08,SUP001,Madhya Herbs Pvt Ltd,RM004,Giloy Stem (Dried),Raw Herbs,kg,231.8,216.7,50231.06,5,2511.55,2208.16,54950.77,19,2025-02-27,2025-02-27,0,On-Time,30
PO-2025-0042,2025-02-09,SUP006,Capsico Gelatin & Capsules,RM014,"Veg HPMC Capsules (Size 0, '000s)",Capsules,'000 units,20.0,839.09,16781.8,12,2013.82,1251.34,20046.96,16,2025-02-25,2025-02-23,-2,Early,45
PO-2025-0043,2025-02-10,SUP004,Girnar Ayur Ingredients,RM007,Shatavari Extract,Herbal Extracts,kg,27.7,1196.39,33140.0,12,3976.8,1378.28,38495.08,17,2025-02-27,2025-02-27,0,On-Time,45
PO-2025-0044,2025-02-15,SUP001,Madhya Herbs Pvt Ltd,RM002,Tulsi Leaves (Dried),Raw Herbs,kg,327.5,217.22,71139.55,5,3556.98,2584.12,77280.65,19,2025-03-06,2025-03-10,4,Delayed,30
PO-2025-0045,2025-02-17,SUP007,Indore Packaging Solutions,RM018,Corrugated Shipping Boxes (units),Packaging,units,1404.0,32.44,45545.76,18,8198.24,2444.76,56188.76,9,2025-02-26,2025-02-26,0,On-Time,15
PO-2025-0046,2025-02-18,SUP002,Vindhya Botanicals,RM003,Amla Fruit (Dried),Raw Herbs,kg,244.3,242.88,59335.58,5,2966.78,2172.34,64474.7,18,2025-03-08,2025-03-08,0,On-Time,30
PO-2025-0047,2025-02-18,SUP008,Malwa Print & Cartons,RM016,Printed Cartons (units),Packaging,units,8175.0,4.47,36542.25,18,6577.6,1767.2,44887.05,9,2025-02-27,2025-02-27,0,On-Time,15
PO-2025-0048,2025-02-19,SUP008,Malwa Print & Cartons,RM017,Product Labels (units),Packaging,units,11948.0,1.35,16129.8,18,2903.36,552.5,19585.66,7,2025-02-26,2025-02-26,0,On-Time,15
PO-2025-0049,2025-02-19,SUP006,Capsico Gelatin & Capsules,RM013,"Gelatin Capsules (Size 00, '000s)",Capsules,'000 units,41.0,488.21,20016.61,12,2401.99,1438.26,23856.86,14,2025-03-05,2025-03-05,0,On-Time,45
PO-2025-0050,2025-02-19,SUP003,Himalayan Herb Extracts,RM009,Triphala Extract,Herbal Extracts,kg,34.9,1196.87,41770.76,12,5012.49,2174.49,48957.74,20,2025-03-11,2025-03-17,6,Delayed,45
PO-2025-0051,2025-02-20,SUP007,Indore Packaging Solutions,RM015,HDPE Bottles 100ml (units),Packaging,units,9533.0,6.23,59390.59,18,10690.31,994.79,71075.69,10,2025-03-02,2025-03-02,0,On-Time,15
PO-2025-0052,2025-02-23,SUP004,Girnar Ayur Ingredients,RM008,Turmeric Curcumin Extract (95%),Herbal Extracts,kg,43.2,2166.07,93574.22,12,11228.91,1421.89,106225.02,11,2025-03-06,2025-03-06,0,On-Time,45
PO-2025-0053,2025-02-23,SUP005,Chemico Excipients Ltd,RM012,Maize Starch,Excipients,kg,130.5,126.53,16512.17,18,2972.19,2557.17,22041.53,11,2025-03-06,2025-03-06,0,On-Time,60
PO-2025-0054,2025-02-23,SUP001,Madhya Herbs Pvt Ltd,RM001,Ashwagandha Root (Dried),Raw Herbs,kg,386.0,274.74,106049.64,5,5302.48,3380.7,114732.82,20,2025-03-15,2025-03-15,0,On-Time,30
PO-2025-0055,2025-02-27,SUP003,Himalayan Herb Extracts,RM006,Brahmi Extract,Herbal Extracts,kg,31.4,1293.08,40602.71,12,4872.33,2218.53,47693.57,22,2025-03-21,2025-03-21,0,On-Time,45
PO-2025-0056,2025-02-27,SUP003,Himalayan Herb Extracts,RM005,Ashwagandha Extract (5% Withanolides),Herbal Extracts,kg,64.0,1455.85,93174.4,12,11180.93,2502.64,106857.97,16,2025-03-15,2025-03-15,0,On-Time,45
PO-2025-0057,2025-02-28,SUP001,Madhya Herbs Pvt Ltd,RM004,Giloy Stem (Dried),Raw Herbs,kg,227.9,216.85,49420.11,5,2471.01,1984.44,53875.56,21,2025-03-21,2025-03-21,0,On-Time,30
PO-2025-0058,2025-03-01,SUP005,Chemico Excipients Ltd,RM010,Microcrystalline Cellulose (MCC),Excipients,kg,145.0,160.65,23294.25,18,4192.97,2618.07,30105.29,11,2025-03-12,2025-03-12,0,On-Time,60
PO-2025-0059,2025-03-01,SUP008,Malwa Print & Cartons,RM017,Product Labels (units),Packaging,units,10738.0,1.37,14711.06,18,2647.99,528.33,17887.38,8,2025-03-09,2025-03-11,2,Delayed,15
PO-2025-0060,2025-03-01,SUP006,Capsico Gelatin & Capsules,RM014,"Veg HPMC Capsules (Size 0, '000s)",Capsules,'000 units,16.0,831.45,13303.2,12,1596.38,1259.19,16158.77,17,2025-03-18,2025-03-18,0,On-Time,45
PO-2025-0061,2025-03-01,SUP007,Indore Packaging Solutions,RM018,Corrugated Shipping Boxes (units),Packaging,units,1298.0,31.95,41471.1,18,7464.8,2125.08,51060.98,9,2025-03-10,2025-03-10,0,On-Time,15
PO-2025-0062,2025-03-02,SUP005,Chemico Excipients Ltd,RM011,Magnesium Stearate,Excipients,kg,38.6,285.78,11031.11,18,1985.6,1336.76,14353.47,13,2025-03-15,2025-03-14,-1,Early,60
PO-2025-0063,2025-03-03,SUP008,Malwa Print & Cartons,RM016,Printed Cartons (units),Packaging,units,7497.0,4.8,35985.6,18,6477.41,1847.09,44310.1,11,2025-03-14,2025-03-14,0,On-Time,15
PO-2025-0064,2025-03-04,SUP007,Indore Packaging Solutions,RM015,HDPE Bottles 100ml (units),Packaging,units,8579.0,6.43,55162.97,18,9929.33,993.05,66085.35,10,2025-03-14,2025-03-14,0,On-Time,15
PO-2025-0065,2025-03-05,SUP004,Girnar Ayur Ingredients,RM007,Shatavari Extract,Herbal Extracts,kg,22.8,1213.55,27668.94,12,3320.27,1318.52,32307.73,18,2025-03-23,2025-03-23,0,On-Time,45
PO-2025-0066,2025-03-05,SUP001,Madhya Herbs Pvt Ltd,RM002,Tulsi Leaves (Dried),Raw Herbs,kg,314.4,217.91,68510.9,5,3425.55,2736.18,74672.63,20,2025-03-25,2025-03-25,0,On-Time,30
PO-2025-0067,2025-03-09,SUP006,Capsico Gelatin & Capsules,RM013,"Gelatin Capsules (Size 00, '000s)",Capsules,'000 units,35.0,487.56,17064.6,12,2047.75,1450.77,20563.12,14,2025-03-23,2025-03-23,0,On-Time,45
PO-2025-0068,2025-03-10,SUP002,Vindhya Botanicals,RM003,Amla Fruit (Dried),Raw Herbs,kg,195.8,235.11,46034.54,5,2301.73,1847.41,50183.68,24,2025-04-03,2025-04-02,-1,Early,30
PO-2025-0069,2025-03-10,SUP001,Madhya Herbs Pvt Ltd,RM001,Ashwagandha Root (Dried),Raw Herbs,kg,337.2,279.4,94213.68,5,4710.68,2848.83,101773.19,24,2025-04-03,2025-04-03,0,On-Time,30
PO-2025-0070,2025-03-13,SUP008,Malwa Print & Cartons,RM017,Product Labels (units),Packaging,units,11042.0,1.34,14796.28,18,2663.33,604.7,18064.31,6,2025-03-19,2025-03-19,0,On-Time,15
PO-2025-0071,2025-03-16,SUP003,Himalayan Herb Extracts,RM009,Triphala Extract,Herbal Extracts,kg,30.3,1148.96,34813.49,12,4177.62,1948.57,40939.68,19,2025-04-04,2025-04-04,0,On-Time,45
PO-2025-0072,2025-03-16,SUP007,Indore Packaging Solutions,RM018,Corrugated Shipping Boxes (units),Packaging,units,1268.0,32.15,40766.2,18,7337.92,2028.42,50132.54,6,2025-03-22,2025-03-20,-2,Early,15
PO-2025-0073,2025-03-16,SUP005,Chemico Excipients Ltd,RM012,Maize Starch,Excipients,kg,109.5,131.93,14446.34,18,2600.34,2249.06,19295.74,8,2025-03-24,2025-03-24,0,On-Time,60
PO-2025-0074,2025-03-17,SUP007,Indore Packaging Solutions,RM015,HDPE Bottles 100ml (units),Packaging,units,7759.0,6.08,47174.72,18,8491.45,1017.07,56683.24,10,2025-03-27,2025-03-27,0,On-Time,15
PO-2025-0075,2025-03-18,SUP004,Girnar Ayur Ingredients,RM008,Turmeric Curcumin Extract (95%),Herbal Extracts,kg,42.8,2130.92,91203.38,12,10944.41,1597.83,103745.62,18,2025-04-05,2025-04-05,0,On-Time,45
PO-2025-0076,2025-03-19,SUP008,Malwa Print & Cartons,RM016,Printed Cartons (units),Packaging,units,6798.0,4.52,30726.96,18,5530.85,1548.66,37806.47,9,2025-03-28,2025-03-27,-1,Early,15
PO-2025-0077,2025-03-19,SUP001,Madhya Herbs Pvt Ltd,RM004,Giloy Stem (Dried),Raw Herbs,kg,205.6,217.09,44633.7,5,2231.68,1890.58,48755.96,25,2025-04-13,2025-04-13,0,On-Time,30
PO-2025-0078,2025-03-21,SUP003,Himalayan Herb Extracts,RM006,Brahmi Extract,Herbal Extracts,kg,24.0,1298.12,31154.88,12,3738.59,1831.6,36725.07,18,2025-04-08,2025-04-06,-2,Early,45
PO-2025-0079,2025-03-22,SUP003,Himalayan Herb Extracts,RM005,Ashwagandha Extract (5% Withanolides),Herbal Extracts,kg,56.7,1384.12,78479.6,12,9417.55,2410.55,90307.7,18,2025-04-09,2025-04-09,0,On-Time,45
PO-2025-0080,2025-03-26,SUP006,Capsico Gelatin & Capsules,RM014,"Veg HPMC Capsules (Size 0, '000s)",Capsules,'000 units,17.0,808.74,13748.58,12,1649.83,1302.24,16700.65,17,2025-04-12,2025-04-10,-2,Early,45
PO-2025-0081,2025-03-26,SUP001,Madhya Herbs Pvt Ltd,RM002,Tulsi Leaves (Dried),Raw Herbs,kg,295.0,204.18,60233.1,5,3011.66,2686.51,65931.27,20,2025-04-15,2025-04-15,0,On-Time,30
PO-2025-0082,2025-03-28,SUP008,Malwa Print & Cartons,RM017,Product Labels (units),Packaging,units,11456.0,1.31,15007.36,18,2701.32,593.82,18302.5,6,2025-04-03,2025-04-03,0,On-Time,15
PO-2025-0083,2025-03-28,SUP005,Chemico Excipients Ltd,RM010,Microcrystalline Cellulose (MCC),Excipients,kg,162.5,160.61,26099.13,18,4697.84,2690.57,33487.54,13,2025-04-10,2025-04-10,0,On-Time,60
PO-2025-0084,2025-03-29,SUP007,Indore Packaging Solutions,RM015,HDPE Bottles 100ml (units),Packaging,units,7851.0,6.21,48754.71,18,8775.85,875.74,58406.3,9,2025-04-07,2025-04-07,0,On-Time,15
PO-2025-0085,2025-04-01,SUP002,Vindhya Botanicals,RM001,Ashwagandha Root (Dried),Raw Herbs,kg,291.9,266.53,77800.11,5,3890.01,2753.78,84443.9,24,2025-04-25,2025-04-25,0,On-Time,30
PO-2025-0086,2025-04-01,SUP002,Vindhya Botanicals,RM003,Amla Fruit (Dried),Raw Herbs,kg,164.8,238.68,39334.46,5,1966.72,1821.87,43123.05,23,2025-04-24,2025-04-24,0,On-Time,30
PO-2025-0087,2025-04-02,SUP005,Chemico Excipients Ltd,RM011,Magnesium Stearate,Excipients,kg,33.7,288.13,9709.98,18,1747.8,1406.68,12864.46,10,2025-04-12,2025-04-12,0,On-Time,60
PO-2025-0088,2025-04-03,SUP006,Capsico Gelatin & Capsules,RM013,"Gelatin Capsules (Size 00, '000s)",Capsules,'000 units,26.0,485.14,12613.64,12,1513.64,1369.52,15496.8,16,2025-04-19,2025-04-19,0,On-Time,45
PO-2025-0089,2025-04-03,SUP007,Indore Packaging Solutions,RM018,Corrugated Shipping Boxes (units),Packaging,units,1104.0,33.85,37370.4,18,6726.67,1758.83,45855.9,8,2025-04-11,2025-04-11,0,On-Time,15
PO-2025-0090,2025-04-05,SUP008,Malwa Print & Cartons,RM016,Printed Cartons (units),Packaging,units,5790.0,4.57,26460.3,18,4762.85,1376.63,32599.78,8,2025-04-13,2025-04-12,-1,Early,15
PO-2025-0091,2025-04-06,SUP004,Girnar Ayur Ingredients,RM007,Shatavari Extract,Herbal Extracts,kg,20.2,1200.33,24246.67,12,2909.6,1234.9,28391.17,17,2025-04-23,2025-04-23,0,On-Time,45
PO-2025-0092,2025-04-11,SUP007,Indore Packaging Solutions,RM015,HDPE Bottles 100ml (units),Packaging,units,6546.0,6.31,41305.26,18,7434.95,814.25,49554.46,9,2025-04-20,2025-04-20,0,On-Time,15
PO-2025-0093,2025-04-11,SUP001,Madhya Herbs Pvt Ltd,RM004,Giloy Stem (Dried),Raw Herbs,kg,181.3,229.65,41635.55,5,2081.78,1987.63,45704.96,27,2025-05-08,2025-05-08,0,On-Time,30
PO-2025-0094,2025-04-11,SUP005,Chemico Excipients Ltd,RM012,Maize Starch,Excipients,kg,102.8,122.54,12597.11,18,2267.48,2113.58,16978.17,11,2025-04-22,2025-04-22,0,On-Time,60
PO-2025-0095,2025-04-12,SUP008,Malwa Print & Cartons,RM017,Product Labels (units),Packaging,units,9607.0,1.35,12969.45,18,2334.5,547.84,15851.79,9,2025-04-21,2025-04-21,0,On-Time,15
PO-2025-0096,2025-04-14,SUP003,Himalayan Herb Extracts,RM005,Ashwagandha Extract (5% Withanolides),Herbal Extracts,kg,43.0,1479.72,63627.96,12,7635.36,2158.85,73422.17,21,2025-05-05,2025-05-04,-1,Early,45
PO-2025-0097,2025-04-15,SUP004,Girnar Ayur Ingredients,RM008,Turmeric Curcumin Extract (95%),Herbal Extracts,kg,34.2,2213.56,75703.75,12,9084.45,1356.91,86145.11,19,2025-05-04,2025-05-04,0,On-Time,45
PO-2025-0098,2025-04-15,SUP003,Himalayan Herb Extracts,RM009,Triphala Extract,Herbal Extracts,kg,25.6,1133.04,29005.82,12,3480.7,1824.97,34311.49,19,2025-05-04,2025-05-04,0,On-Time,45
PO-2025-0099,2025-04-15,SUP001,Madhya Herbs Pvt Ltd,RM002,Tulsi Leaves (Dried),Raw Herbs,kg,238.4,217.89,51944.98,5,2597.25,2299.2,56841.43,21,2025-05-06,2025-05-06,0,On-Time,30
PO-2025-0100,2025-04-19,SUP003,Himalayan Herb Extracts,RM006,Brahmi Extract,Herbal Extracts,kg,22.4,1313.91,29431.58,12,3531.79,1812.57,34775.94,18,2025-05-07,2025-05-07,0,On-Time,45
PO-2025-0101,2025-04-21,SUP005,Chemico Excipients Ltd,RM010,Microcrystalline Cellulose (MCC),Excipients,kg,146.8,163.86,24054.65,18,4329.84,2498.3,30882.79,14,2025-05-05,2025-05-05,0,On-Time,60
PO-2025-0102,2025-04-23,SUP001,Madhya Herbs Pvt Ltd,RM001,Ashwagandha Root (Dried),Raw Herbs,kg,264.7,263.21,69671.69,5,3483.58,2397.2,75552.47,25,2025-05-18,2025-05-17,-1,Early,30
PO-2025-0103,2025-04-23,SUP006,Capsico Gelatin & Capsules,RM014,"Veg HPMC Capsules (Size 0, '000s)",Capsules,'000 units,12.0,808.04,9696.48,12,1163.58,1180.66,12040.72,18,2025-05-11,2025-05-11,0,On-Time,45
PO-2025-0104,2025-04-24,SUP008,Malwa Print & Cartons,RM016,Printed Cartons (units),Packaging,units,6537.0,4.83,31573.71,18,5683.27,1588.61,38845.59,9,2025-05-03,2025-05-06,3,Delayed,15
PO-2025-0105,2025-04-25,SUP007,Indore Packaging Solutions,RM018,Corrugated Shipping Boxes (units),Packaging,units,1103.0,33.35,36785.05,18,6621.31,1839.17,45245.53,9,2025-05-04,2025-05-06,2,Delayed,15
PO-2025-0106,2025-04-26,SUP008,Malwa Print & Cartons,RM017,Product Labels (units),Packaging,units,8466.0,1.3,11005.8,18,1981.04,512.05,13498.89,6,2025-05-02,2025-05-02,0,On-Time,15
PO-2025-0107,2025-04-27,SUP007,Indore Packaging Solutions,RM015,HDPE Bottles 100ml (units),Packaging,units,7252.0,6.3,45687.6,18,8223.77,910.62,54821.99,9,2025-05-06,2025-05-05,-1,Early,15
PO-2025-0108,2025-04-27,SUP002,Vindhya Botanicals,RM003,Amla Fruit (Dried),Raw Herbs,kg,166.6,244.76,40777.02,5,2038.85,1734.47,44550.34,24,2025-05-21,2025-05-21,0,On-Time,30
PO-2025-0109,2025-04-28,SUP006,Capsico Gelatin & Capsules,RM013,"Gelatin Capsules (Size 00, '000s)",Capsules,'000 units,27.0,498.24,13452.48,12,1614.3,1359.15,16425.93,17,2025-05-15,2025-05-15,0,On-Time,45
PO-2025-0110,2025-05-07,SUP005,Chemico Excipients Ltd,RM011,Magnesium Stearate,Excipients,kg,35.7,288.65,10304.81,18,1854.87,1456.14,13615.82,12,2025-05-19,2025-05-19,0,On-Time,60
PO-2025-0111,2025-05-08,SUP001,Madhya Herbs Pvt Ltd,RM002,Tulsi Leaves (Dried),Raw Herbs,kg,259.8,205.22,53316.16,5,2665.81,2492.27,58474.24,22,2025-05-30,2025-05-30,0,On-Time,30
PO-2025-0112,2025-05-09,SUP008,Malwa Print & Cartons,RM016,Printed Cartons (units),Packaging,units,6218.0,4.56,28354.08,18,5103.73,1480.97,34938.78,9,2025-05-18,2025-05-18,0,On-Time,15
PO-2025-0113,2025-05-10,SUP005,Chemico Excipients Ltd,RM012,Maize Starch,Excipients,kg,96.0,128.11,12298.56,18,2213.74,1973.24,16485.54,10,2025-05-20,2025-05-20,0,On-Time,60
PO-2025-0114,2025-05-10,SUP008,Malwa Print & Cartons,RM017,Product Labels (units),Packaging,units,9209.0,1.4,12892.6,18,2320.67,510.66,15723.93,8,2025-05-18,2025-05-18,0,On-Time,15
PO-2025-0115,2025-05-10,SUP001,Madhya Herbs Pvt Ltd,RM004,Giloy Stem (Dried),Raw Herbs,kg,179.4,232.82,41767.91,5,2088.4,1822.81,45679.12,27,2025-06-06,2025-06-06,0,On-Time,30
PO-2025-0116,2025-05-12,SUP004,Girnar Ayur Ingredients,RM007,Shatavari Extract,Herbal Extracts,kg,21.9,1273.43,27888.12,12,3346.57,1220.17,32454.86,16,2025-05-28,2025-05-28,0,On-Time,45
PO-2025-0117,2025-05-12,SUP004,Girnar Ayur Ingredients,RM008,Turmeric Curcumin Extract (95%),Herbal Extracts,kg,31.5,2154.29,67860.13,12,8143.22,1456.19,77459.54,17,2025-05-29,2025-05-29,0,On-Time,45
PO-2025-0118,2025-05-12,SUP007,Indore Packaging Solutions,RM015,HDPE Bottles 100ml (units),Packaging,units,7342.0,6.07,44565.94,18,8021.87,857.08,53444.89,9,2025-05-21,2025-05-21,0,On-Time,15
PO-2025-0119,2025-05-14,SUP007,Indore Packaging Solutions,RM018,Corrugated Shipping Boxes (units),Packaging,units,958.0,32.08,30732.64,18,5531.88,1819.91,38084.43,6,2025-05-20,2025-05-19,-1,Early,15
PO-2025-0120,2025-05-15,SUP004,Girnar Ayur Ingredients,RM005,Ashwagandha Extract (5% Withanolides),Herbal Extracts,kg,46.7,1396.54,65218.42,12,7826.21,1597.95,74642.58,21,2025-06-05,2025-06-04,-1,Early,45
PO-2025-0121,2025-05-15,SUP003,Himalayan Herb Extracts,RM009,Triphala Extract,Herbal Extracts,kg,23.4,1141.62,26713.91,12,3205.67,1900.7,31820.28,20,2025-06-04,2025-06-18,14,Delayed,45
PO-2025-0122,2025-05-20,SUP003,Himalayan Herb Extracts,RM006,Brahmi Extract,Herbal Extracts,kg,24.4,1310.07,31965.71,12,3835.89,1925.85,37727.45,21,2025-06-10,2025-06-10,0,On-Time,45
PO-2025-0123,2025-05-20,SUP005,Chemico Excipients Ltd,RM010,Microcrystalline Cellulose (MCC),Excipients,kg,123.4,169.46,20911.36,18,3764.04,2407.86,27083.26,11,2025-05-31,2025-05-30,-1,Early,60
PO-2025-0124,2025-05-21,SUP001,Madhya Herbs Pvt Ltd,RM001,Ashwagandha Root (Dried),Raw Herbs,kg,281.8,261.59,73716.06,5,3685.8,2401.73,79803.59,24,2025-06-14,2025-06-14,0,On-Time,30
PO-2025-0125,2025-05-23,SUP006,Capsico Gelatin & Capsules,RM013,"Gelatin Capsules (Size 00, '000s)",Capsules,'000 units,27.0,497.18,13423.86,12,1610.86,1377.83,16412.55,14,2025-06-06,2025-06-06,0,On-Time,45
PO-2025-0126,2025-05-24,SUP008,Malwa Print & Cartons,RM017,Product Labels (units),Packaging,units,8185.0,1.33,10886.05,18,1959.49,553.22,13398.76,6,2025-05-30,2025-05-30,0,On-Time,15
PO-2025-0127,2025-05-24,SUP008,Malwa Print & Cartons,RM016,Printed Cartons (units),Packaging,units,5725.0,4.79,27422.75,18,4936.1,1450.73,33809.58,7,2025-05-31,2025-05-30,-1,Early,15
PO-2025-0128,2025-05-25,SUP002,Vindhya Botanicals,RM003,Amla Fruit (Dried),Raw Herbs,kg,166.3,232.78,38711.31,5,1935.57,1719.27,42366.15,24,2025-06-18,2025-06-24,6,Delayed,30
PO-2025-0129,2025-05-26,SUP006,Capsico Gelatin & Capsules,RM014,"Veg HPMC Capsules (Size 0, '000s)",Capsules,'000 units,13.0,820.99,10672.87,12,1280.74,1110.92,13064.53,16,2025-06-11,2025-06-18,7,Delayed,45
PO-2025-0130,2025-05-29,SUP007,Indore Packaging Solutions,RM015,HDPE Bottles 100ml (units),Packaging,units,7045.0,6.3,44383.5,18,7989.03,840.05,53212.58,6,2025-06-04,2025-06-04,0,On-Time,15
PO-2025-0131,2025-05-31,SUP001,Madhya Herbs Pvt Ltd,RM002,Tulsi Leaves (Dried),Raw Herbs,kg,236.2,213.24,50367.29,5,2518.36,2373.81,55259.46,21,2025-06-21,2025-06-21,0,On-Time,30
PO-2025-0132,2025-06-04,SUP007,Indore Packaging Solutions,RM018,Corrugated Shipping Boxes (units),Packaging,units,1042.0,33.96,35386.32,18,6369.54,1920.54,43676.4,9,2025-06-13,2025-06-13,0,On-Time,15
PO-2025-0133,2025-06-07,SUP005,Chemico Excipients Ltd,RM011,Magnesium Stearate,Excipients,kg,32.6,296.12,9653.51,18,1737.63,1425.71,12816.85,12,2025-06-19,2025-06-19,0,On-Time,60
PO-2025-0134,2025-06-07,SUP001,Madhya Herbs Pvt Ltd,RM004,Giloy Stem (Dried),Raw Herbs,kg,180.4,230.39,41562.36,5,2078.12,1972.35,45612.83,33,2025-07-10,2025-07-10,0,On-Time,30
PO-2025-0135,2025-06-08,SUP004,Girnar Ayur Ingredients,RM008,Turmeric Curcumin Extract (95%),Herbal Extracts,kg,32.9,2108.55,69371.29,12,8324.55,1491.8,79187.64,26,2025-07-04,2025-07-04,0,On-Time,45
PO-2025-0136,2025-06-10,SUP008,Malwa Print & Cartons,RM016,Printed Cartons (units),Packaging,units,5669.0,4.52,25623.88,18,4612.3,1473.24,31709.42,10,2025-06-20,2025-06-20,0,On-Time,15
PO-2025-0137,2025-06-10,SUP008,Malwa Print & Cartons,RM017,Product Labels (units),Packaging,units,9481.0,1.35,12799.35,18,2303.88,508.39,15611.62,9,2025-06-19,2025-06-19,0,On-Time,15
PO-2025-0138,2025-06-11,SUP005,Chemico Excipients Ltd,RM012,Maize Starch,Excipients,kg,98.4,130.32,12823.49,18,2308.23,1944.67,17076.39,11,2025-06-22,2025-06-21,-1,Early,60
PO-2025-0139,2025-06-14,SUP007,Indore Packaging Solutions,RM015,HDPE Bottles 100ml (units),Packaging,units,6591.0,6.51,42907.41,18,7723.33,843.94,51474.68,8,2025-06-22,2025-06-22,0,On-Time,15
PO-2025-0140,2025-06-16,SUP004,Girnar Ayur Ingredients,RM007,Shatavari Extract,Herbal Extracts,kg,18.4,1205.52,22181.57,12,2661.79,1150.17,25993.53,19,2025-07-05,2025-07-05,0,On-Time,45
PO-2025-0141,2025-06-16,SUP003,Himalayan Herb Extracts,RM009,Triphala Extract,Herbal Extracts,kg,24.8,1202.43,29820.26,12,3578.43,1983.53,35382.22,19,2025-07-05,2025-07-05,0,On-Time,45
PO-2025-0142,2025-06-17,SUP003,Himalayan Herb Extracts,RM005,Ashwagandha Extract (5% Withanolides),Herbal Extracts,kg,43.2,1460.74,63103.97,12,7572.48,2128.79,72805.24,29,2025-07-16,2025-07-28,12,Delayed,45
PO-2025-0143,2025-06-17,SUP002,Vindhya Botanicals,RM003,Amla Fruit (Dried),Raw Herbs,kg,168.1,230.79,38795.8,5,1939.79,1685.69,42421.28,30,2025-07-17,2025-07-17,0,On-Time,30
PO-2025-0144,2025-06-18,SUP001,Madhya Herbs Pvt Ltd,RM001,Ashwagandha Root (Dried),Raw Herbs,kg,309.9,279.78,86703.82,5,4335.19,2500.91,93539.92,32,2025-07-20,2025-07-20,0,On-Time,30
PO-2025-0145,2025-06-19,SUP006,Capsico Gelatin & Capsules,RM013,"Gelatin Capsules (Size 00, '000s)",Capsules,'000 units,30.0,461.2,13836.0,12,1660.32,1317.34,16813.66,17,2025-07-06,2025-07-06,0,On-Time,45
PO-2025-0146,2025-06-24,SUP002,Vindhya Botanicals,RM002,Tulsi Leaves (Dried),Raw Herbs,kg,247.5,214.26,53029.35,5,2651.47,2197.87,57878.69,29,2025-07-23,2025-07-29,6,Delayed,30
PO-2025-0147,2025-06-24,SUP008,Malwa Print & Cartons,RM017,Product Labels (units),Packaging,units,8388.0,1.38,11575.44,18,2083.58,539.46,14198.48,6,2025-06-30,2025-06-30,0,On-Time,15
PO-2025-0148,2025-06-24,SUP006,Capsico Gelatin & Capsules,RM014,"Veg HPMC Capsules (Size 0, '000s)",Capsules,'000 units,14.0,831.41,11639.74,12,1396.77,1167.77,14204.28,16,2025-07-10,2025-07-10,0,On-Time,45
PO-2025-0149,2025-06-24,SUP005,Chemico Excipients Ltd,RM010,Microcrystalline Cellulose (MCC),Excipients,kg,129.1,167.52,21626.83,18,3892.83,2481.7,28001.36,11,2025-07-05,2025-07-05,0,On-Time,60
PO-2025-0150,2025-06-24,SUP007,Indore Packaging Solutions,RM018,Corrugated Shipping Boxes (units),Packaging,units,1017.0,31.89,32432.13,18,5837.78,1922.49,40192.4,7,2025-07-01,2025-07-01,0,On-Time,15
PO-2025-0151,2025-06-25,SUP008,Malwa Print & Cartons,RM016,Printed Cartons (units),Packaging,units,6514.0,4.79,31202.06,18,5616.37,1602.44,38420.87,10,2025-07-05,2025-07-05,0,On-Time,15
PO-2025-0152,2025-06-28,SUP003,Himalayan Herb Extracts,RM006,Brahmi Extract,Herbal Extracts,kg,22.3,1326.85,29588.75,12,3550.65,1811.42,34950.82,19,2025-07-17,2025-07-17,0,On-Time,45
PO-2025-0153,2025-06-30,SUP007,Indore Packaging Solutions,RM015,HDPE Bottles 100ml (units),Packaging,units,7182.0,6.21,44600.22,18,8028.04,891.84,53520.1,7,2025-07-07,2025-07-10,3,Delayed,15
PO-2025-0154,2025-07-03,SUP001,Madhya Herbs Pvt Ltd,RM004,Giloy Stem (Dried),Raw Herbs,kg,216.2,226.32,48930.38,5,2446.52,2097.34,53474.24,33,2025-08-05,2025-08-09,4,Delayed,30
PO-2025-0155,2025-07-08,SUP005,Chemico Excipients Ltd,RM011,Magnesium Stearate,Excipients,kg,37.3,277.12,10336.58,18,1860.58,1491.69,13688.85,13,2025-07-21,2025-07-19,-2,Early,60
PO-2025-0156,2025-07-09,SUP008,Malwa Print & Cartons,RM017,Product Labels (units),Packaging,units,11273.0,1.36,15331.28,18,2759.63,570.87,18661.78,8,2025-07-17,2025-07-17,0,On-Time,15
PO-2025-0157,2025-07-09,SUP004,Girnar Ayur Ingredients,RM008,Turmeric Curcumin Extract (95%),Herbal Extracts,kg,40.9,2244.31,91792.28,12,11015.07,1523.72,104331.07,26,2025-08-04,2025-08-04,0,On-Time,45
PO-2025-0158,2025-07-14,SUP007,Indore Packaging Solutions,RM018,Corrugated Shipping Boxes (units),Packaging,units,1255.0,32.08,40260.4,18,7246.87,2086.91,49594.18,9,2025-07-23,2025-07-23,0,On-Time,15
PO-2025-0159,2025-07-14,SUP008,Malwa Print & Cartons,RM016,Printed Cartons (units),Packaging,units,6721.0,4.62,31051.02,18,5589.18,1478.28,38118.48,8,2025-07-22,2025-07-22,0,On-Time,15
PO-2025-0160,2025-07-15,SUP002,Vindhya Botanicals,RM003,Amla Fruit (Dried),Raw Herbs,kg,201.1,230.42,46337.46,5,2316.87,1865.51,50519.84,30,2025-08-14,2025-08-14,0,On-Time,30
PO-2025-0161,2025-07-16,SUP006,Capsico Gelatin & Capsules,RM013,"Gelatin Capsules (Size 00, '000s)",Capsules,'000 units,30.0,469.42,14082.6,12,1689.91,1243.75,17016.26,14,2025-07-30,2025-07-30,0,On-Time,45
PO-2025-0162,2025-07-16,SUP001,Madhya Herbs Pvt Ltd,RM002,Tulsi Leaves (Dried),Raw Herbs,kg,319.8,212.53,67967.09,5,3398.35,2580.7,73946.14,32,2025-08-17,2025-08-16,-1,Early,30
PO-2025-0163,2025-07-16,SUP005,Chemico Excipients Ltd,RM012,Maize Starch,Excipients,kg,120.7,127.71,15414.6,18,2774.63,2149.9,20339.13,8,2025-07-24,2025-07-24,0,On-Time,60
PO-2025-0164,2025-07-16,SUP001,Madhya Herbs Pvt Ltd,RM001,Ashwagandha Root (Dried),Raw Herbs,kg,341.0,270.92,92383.72,5,4619.19,2733.87,99736.78,32,2025-08-17,2025-08-17,0,On-Time,30
PO-2025-0165,2025-07-17,SUP007,Indore Packaging Solutions,RM015,HDPE Bottles 100ml (units),Packaging,units,8324.0,6.13,51026.12,18,9184.7,960.68,61171.5,6,2025-07-23,2025-07-23,0,On-Time,15
PO-2025-0166,2025-07-21,SUP003,Himalayan Herb Extracts,RM009,Triphala Extract,Herbal Extracts,kg,32.2,1205.48,38816.46,12,4657.98,1977.42,45451.86,21,2025-08-11,2025-08-11,0,On-Time,45
PO-2025-0167,2025-07-22,SUP005,Chemico Excipients Ltd,RM010,Microcrystalline Cellulose (MCC),Excipients,kg,146.7,158.97,23320.9,18,4197.76,2642.08,30160.74,11,2025-08-02,2025-07-31,-2,Early,60
PO-2025-0168,2025-07-22,SUP008,Malwa Print & Cartons,RM017,Product Labels (units),Packaging,units,10359.0,1.35,13984.65,18,2517.24,596.52,17098.41,9,2025-07-31,2025-07-31,0,On-Time,15
PO-2025-0169,2025-07-23,SUP003,Himalayan Herb Extracts,RM005,Ashwagandha Extract (5% Withanolides),Herbal Extracts,kg,51.2,1467.9,75156.48,12,9018.78,2248.61,86423.87,27,2025-08-19,2025-08-29,10,Delayed,45
PO-2025-0170,2025-07-25,SUP006,Capsico Gelatin & Capsules,RM014,"Veg HPMC Capsules (Size 0, '000s)",Capsules,'000 units,16.0,827.27,13236.32,12,1588.36,1106.37,15931.05,16,2025-08-10,2025-08-10,0,On-Time,45
PO-2025-0171,2025-07-25,SUP004,Girnar Ayur Ingredients,RM007,Shatavari Extract,Herbal Extracts,kg,22.8,1240.0,28272.0,12,3392.64,1190.3,32854.94,19,2025-08-13,2025-08-13,0,On-Time,45
PO-2025-0172,2025-07-28,SUP001,Madhya Herbs Pvt Ltd,RM004,Giloy Stem (Dried),Raw Herbs,kg,211.7,223.94,47408.1,5,2370.41,1947.29,51725.8,33,2025-08-30,2025-08-30,0,On-Time,30
PO-2025-0173,2025-07-28,SUP008,Malwa Print & Cartons,RM016,Printed Cartons (units),Packaging,units,7152.0,4.55,32541.6,18,5857.49,1632.22,40031.31,8,2025-08-05,2025-08-05,0,On-Time,15
PO-2025-0174,2025-07-29,SUP003,Himalayan Herb Extracts,RM006,Brahmi Extract,Herbal Extracts,kg,27.5,1320.99,36327.22,12,4359.27,1908.56,42595.05,18,2025-08-16,2025-08-29,13,Delayed,45
PO-2025-0175,2025-07-31,SUP007,Indore Packaging Solutions,RM015,HDPE Bottles 100ml (units),Packaging,units,8780.0,6.11,53645.8,18,9656.24,996.65,64298.69,10,2025-08-10,2025-08-10,0,On-Time,15
PO-2025-0176,2025-07-31,SUP007,Indore Packaging Solutions,RM018,Corrugated Shipping Boxes (units),Packaging,units,1130.0,31.71,35832.3,18,6449.81,1879.36,44161.47,7,2025-08-07,2025-08-07,0,On-Time,15
PO-2025-0177,2025-08-03,SUP001,Madhya Herbs Pvt Ltd,RM001,Ashwagandha Root (Dried),Raw Herbs,kg,320.2,267.22,85563.84,5,4278.19,2710.41,92552.44,34,2025-09-06,2025-09-06,0,On-Time,30
PO-2025-0178,2025-08-04,SUP004,Girnar Ayur Ingredients,RM008,Turmeric Curcumin Extract (95%),Herbal Extracts,kg,41.1,2165.18,88988.9,12,10678.67,1539.68,101207.25,28,2025-09-01,2025-09-02,1,Delayed,45
PO-2025-0179,2025-08-05,SUP005,Chemico Excipients Ltd,RM011,Magnesium Stearate,Excipients,kg,41.6,277.66,11550.66,18,2079.12,1537.77,15167.55,14,2025-08-19,2025-08-19,0,On-Time,60
PO-2025-0180,2025-08-06,SUP008,Malwa Print & Cartons,RM017,Product Labels (units),Packaging,units,11495.0,1.4,16093.0,18,2896.74,601.45,19591.19,6,2025-08-12,2025-08-15,3,Delayed,15
PO-2025-0181,2025-08-06,SUP002,Vindhya Botanicals,RM003,Amla Fruit (Dried),Raw Herbs,kg,189.2,230.87,43680.6,5,2184.03,2028.03,47892.66,30,2025-09-05,2025-09-03,-2,Early,30
PO-2025-0182,2025-08-07,SUP002,Vindhya Botanicals,RM002,Tulsi Leaves (Dried),Raw Herbs,kg,281.2,203.95,57350.74,5,2867.54,2473.32,62691.6,30,2025-09-06,2025-09-06,0,On-Time,30
PO-2025-0183,2025-08-08,SUP006,Capsico Gelatin & Capsules,RM013,"Gelatin Capsules (Size 00, '000s)",Capsules,'000 units,36.0,465.55,16759.8,12,2011.18,1361.61,20132.59,17,2025-08-25,2025-08-25,0,On-Time,45
PO-2025-0184,2025-08-11,SUP005,Chemico Excipients Ltd,RM012,Maize Starch,Excipients,kg,117.3,128.65,15090.65,18,2716.32,2334.39,20141.36,11,2025-08-22,2025-08-22,0,On-Time,60
PO-2025-0185,2025-08-13,SUP007,Indore Packaging Solutions,RM015,HDPE Bottles 100ml (units),Packaging,units,8631.0,6.43,55497.33,18,9989.52,1024.19,66511.04,7,2025-08-20,2025-08-20,0,On-Time,15
PO-2025-0186,2025-08-14,SUP008,Malwa Print & Cartons,RM016,Printed Cartons (units),Packaging,units,7361.0,4.48,32977.28,18,5935.91,1742.89,40656.08,11,2025-08-25,2025-08-27,2,Delayed,15
PO-2025-0187,2025-08-15,SUP007,Indore Packaging Solutions,RM018,Corrugated Shipping Boxes (units),Packaging,units,1218.0,32.28,39317.04,18,7077.07,2043.7,48437.81,10,2025-08-25,2025-08-25,0,On-Time,15
PO-2025-0188,2025-08-18,SUP006,Capsico Gelatin & Capsules,RM014,"Veg HPMC Capsules (Size 0, '000s)",Capsules,'000 units,15.0,841.53,12622.95,12,1514.75,1284.36,15422.06,17,2025-09-04,2025-09-04,0,On-Time,45
PO-2025-0189,2025-08-18,SUP003,Himalayan Herb Extracts,RM009,Triphala Extract,Herbal Extracts,kg,31.5,1180.38,37181.97,12,4461.84,2079.65,43723.46,18,2025-09-05,2025-09-05,0,On-Time,45
PO-2025-0190,2025-08-19,SUP008,Malwa Print & Cartons,RM017,Product Labels (units),Packaging,units,10422.0,1.35,14069.7,18,2532.55,562.24,17164.49,6,2025-08-25,2025-08-25,0,On-Time,15
PO-2025-0191,2025-08-19,SUP004,Girnar Ayur Ingredients,RM005,Ashwagandha Extract (5% Withanolides),Herbal Extracts,kg,53.3,1376.59,73372.25,12,8804.67,1652.31,83829.23,29,2025-09-17,2025-09-17,0,On-Time,45
PO-2025-0192,2025-08-20,SUP005,Chemico Excipients Ltd,RM010,Microcrystalline Cellulose (MCC),Excipients,kg,173.1,169.47,29335.26,18,5280.35,3071.98,37687.59,14,2025-09-03,2025-09-03,0,On-Time,60
PO-2025-0193,2025-08-21,SUP001,Madhya Herbs Pvt Ltd,RM004,Giloy Stem (Dried),Raw Herbs,kg,209.0,220.5,46084.5,5,2304.22,2145.84,50534.56,33,2025-09-23,2025-09-21,-2,Early,30
PO-2025-0194,2025-08-24,SUP002,Vindhya Botanicals,RM001,Ashwagandha Root (Dried),Raw Herbs,kg,360.3,261.37,94171.61,5,4708.58,2901.38,101781.57,34,2025-09-27,2025-09-27,0,On-Time,30
PO-2025-0195,2025-08-25,SUP004,Girnar Ayur Ingredients,RM007,Shatavari Extract,Herbal Extracts,kg,25.6,1251.21,32030.98,12,3843.72,1238.01,37112.71,17,2025-09-11,2025-09-11,0,On-Time,45
PO-2025-0196,2025-08-27,SUP007,Indore Packaging Solutions,RM015,HDPE Bottles 100ml (units),Packaging,units,7593.0,6.2,47076.6,18,8473.79,914.07,56464.46,8,2025-09-04,2025-09-04,0,On-Time,15
PO-2025-0197,2025-08-27,SUP008,Malwa Print & Cartons,RM016,Printed Cartons (units),Packaging,units,7775.0,4.79,37242.25,18,6703.6,1700.0,45645.85,9,2025-09-05,2025-09-04,-1,Early,15
PO-2025-0198,2025-08-28,SUP006,Capsico Gelatin & Capsules,RM013,"Gelatin Capsules (Size 00, '000s)",Capsules,'000 units,34.0,468.88,15941.92,12,1913.03,1420.26,19275.21,16,2025-09-13,2025-09-11,-2,Early,45
PO-2025-0199,2025-08-28,SUP003,Himalayan Herb Extracts,RM006,Brahmi Extract,Herbal Extracts,kg,25.4,1352.11,34343.59,12,4121.23,2050.68,40515.5,22,2025-09-19,2025-09-19,0,On-Time,45
PO-2025-0200,2025-08-28,SUP001,Madhya Herbs Pvt Ltd,RM002,Tulsi Leaves (Dried),Raw Herbs,kg,286.4,212.54,60871.46,5,3043.57,2372.45,66287.48,28,2025-09-25,2025-09-25,0,On-Time,30
PO-2025-0201,2025-08-29,SUP002,Vindhya Botanicals,RM003,Amla Fruit (Dried),Raw Herbs,kg,205.0,242.12,49634.6,5,2481.73,2153.32,54269.65,30,2025-09-28,2025-10-06,8,Delayed,30
PO-2025-0202,2025-08-30,SUP007,Indore Packaging Solutions,RM018,Corrugated Shipping Boxes (units),Packaging,units,1112.0,33.67,37441.04,18,6739.39,1943.44,46123.87,8,2025-09-07,2025-09-10,3,Delayed,15
PO-2025-0203,2025-08-30,SUP004,Girnar Ayur Ingredients,RM008,Turmeric Curcumin Extract (95%),Herbal Extracts,kg,42.1,2118.98,89209.06,12,10705.09,1484.21,101398.36,25,2025-09-24,2025-09-24,0,On-Time,45
PO-2025-0204,2025-09-01,SUP008,Malwa Print & Cartons,RM017,Product Labels (units),Packaging,units,10690.0,1.32,14110.8,18,2539.94,544.85,17195.59,6,2025-09-07,2025-09-07,0,On-Time,15
PO-2025-0205,2025-09-03,SUP005,Chemico Excipients Ltd,RM012,Maize Starch,Excipients,kg,115.9,122.95,14249.91,18,2564.98,2083.15,18898.04,11,2025-09-14,2025-09-14,0,On-Time,60
PO-2025-0206,2025-09-05,SUP005,Chemico Excipients Ltd,RM011,Magnesium Stearate,Excipients,kg,38.9,274.72,10686.61,18,1923.59,1409.64,14019.84,14,2025-09-19,2025-09-19,0,On-Time,60
PO-2025-0207,2025-09-09,SUP006,Capsico Gelatin & Capsules,RM014,"Veg HPMC Capsules (Size 0, '000s)",Capsules,'000 units,16.0,779.89,12478.24,12,1497.39,1239.08,15214.71,18,2025-09-27,2025-09-27,0,On-Time,45
PO-2025-0208,2025-09-09,SUP007,Indore Packaging Solutions,RM015,HDPE Bottles 100ml (units),Packaging,units,8615.0,6.36,54791.4,18,9862.45,945.66,65599.51,8,2025-09-17,2025-09-17,0,On-Time,15
PO-2025-0209,2025-09-10,SUP001,Madhya Herbs Pvt Ltd,RM004,Giloy Stem (Dried),Raw Herbs,kg,210.8,224.36,47295.09,5,2364.75,1984.87,51644.71,33,2025-10-13,2025-10-13,0,On-Time,30
PO-2025-0210,2025-09-12,SUP008,Malwa Print & Cartons,RM016,Printed Cartons (units),Packaging,units,6989.0,4.78,33407.42,18,6013.34,1627.88,41048.64,11,2025-09-23,2025-09-23,0,On-Time,15
PO-2025-0211,2025-09-13,SUP008,Malwa Print & Cartons,RM017,Product Labels (units),Packaging,units,11414.0,1.31,14952.34,18,2691.42,596.82,18240.58,6,2025-09-19,2025-09-21,2,Delayed,15
PO-2025-0212,2025-09-14,SUP007,Indore Packaging Solutions,RM018,Corrugated Shipping Boxes (units),Packaging,units,1218.0,32.3,39341.4,18,7081.45,1920.39,48343.24,8,2025-09-22,2025-09-22,0,On-Time,15
PO-2025-0213,2025-09-14,SUP001,Madhya Herbs Pvt Ltd,RM002,Tulsi Leaves (Dried),Raw Herbs,kg,287.2,210.51,60458.47,5,3022.92,2574.11,66055.5,28,2025-10-12,2025-10-12,0,On-Time,30
PO-2025-0214,2025-09-16,SUP003,Himalayan Herb Extracts,RM009,Triphala Extract,Herbal Extracts,kg,26.8,1205.94,32319.19,12,3878.3,2097.48,38294.97,20,2025-10-06,2025-10-06,0,On-Time,45
PO-2025-0215,2025-09-17,SUP001,Madhya Herbs Pvt Ltd,RM001,Ashwagandha Root (Dried),Raw Herbs,kg,348.6,277.59,96767.87,5,4838.39,3114.43,104720.69,32,2025-10-19,2025-10-19,0,On-Time,30
PO-2025-0216,2025-09-17,SUP005,Chemico Excipients Ltd,RM010,Microcrystalline Cellulose (MCC),Excipients,kg,174.3,171.24,29847.13,18,5372.48,2998.08,38217.69,11,2025-09-28,2025-09-28,0,On-Time,60
PO-2025-0217,2025-09-17,SUP003,Himalayan Herb Extracts,RM005,Ashwagandha Extract (5% Withanolides),Herbal Extracts,kg,53.6,1472.05,78901.88,12,9468.23,2470.13,90840.24,30,2025-10-17,2025-10-17,0,On-Time,45
PO-2025-0218,2025-09-21,SUP007,Indore Packaging Solutions,RM015,HDPE Bottles 100ml (units),Packaging,units,8262.0,6.4,52876.8,18,9517.82,915.42,63310.04,7,2025-09-28,2025-09-28,0,On-Time,15
PO-2025-0219,2025-09-22,SUP004,Girnar Ayur Ingredients,RM007,Shatavari Extract,Herbal Extracts,kg,22.4,1197.1,26815.04,12,3217.8,1278.19,31311.03,18,2025-10-10,2025-10-10,0,On-Time,45
PO-2025-0220,2025-09-23,SUP003,Himalayan Herb Extracts,RM006,Brahmi Extract,Herbal Extracts,kg,25.1,1335.92,33531.59,12,4023.79,1993.34,39548.72,19,2025-10-12,2025-10-13,1,Delayed,45
PO-2025-0221,2025-09-23,SUP006,Capsico Gelatin & Capsules,RM013,"Gelatin Capsules (Size 00, '000s)",Capsules,'000 units,32.0,466.09,14914.88,12,1789.79,1353.83,18058.5,17,2025-10-10,2025-10-09,-1,Early,45
PO-2025-0222,2025-09-24,SUP002,Vindhya Botanicals,RM003,Amla Fruit (Dried),Raw Herbs,kg,197.5,237.77,46959.58,5,2347.98,2083.08,51390.64,31,2025-10-25,2025-10-31,6,Delayed,30
PO-2025-0223,2025-09-26,SUP004,Girnar Ayur Ingredients,RM008,Turmeric Curcumin Extract (95%),Herbal Extracts,kg,40.3,2132.22,85928.47,12,10311.42,1515.74,97755.63,26,2025-10-22,2025-10-22,0,On-Time,45
PO-2025-0224,2025-09-26,SUP008,Malwa Print & Cartons,RM017,Product Labels (units),Packaging,units,10966.0,1.36,14913.76,18,2684.48,593.88,18192.12,5,2025-10-01,2025-10-01,0,On-Time,15
PO-2025-0225,2025-09-27,SUP008,Malwa Print & Cartons,RM016,Printed Cartons (units),Packaging,units,6779.0,4.49,30437.71,18,5478.79,1697.59,37614.09,8,2025-10-05,2025-10-05,0,On-Time,15
PO-2025-0226,2025-09-30,SUP005,Chemico Excipients Ltd,RM012,Maize Starch,Excipients,kg,118.0,130.9,15446.2,18,2780.32,2357.16,20583.68,8,2025-10-08,2025-10-08,0,On-Time,60
PO-2025-0227,2025-10-02,SUP001,Madhya Herbs Pvt Ltd,RM004,Giloy Stem (Dried),Raw Herbs,kg,264.9,221.88,58776.01,5,2938.8,2232.69,63947.5,20,2025-10-22,2025-10-22,0,On-Time,30
PO-2025-0228,2025-10-02,SUP007,Indore Packaging Solutions,RM018,Corrugated Shipping Boxes (units),Packaging,units,1435.0,33.1,47498.5,18,8549.73,2414.77,58463.0,8,2025-10-10,2025-10-08,-2,Early,15
PO-2025-0229,2025-10-03,SUP002,Vindhya Botanicals,RM002,Tulsi Leaves (Dried),Raw Herbs,kg,374.0,217.43,81318.82,5,4065.94,2867.39,88252.15,17,2025-10-20,2025-10-20,0,On-Time,30
PO-2025-0230,2025-10-05,SUP007,Indore Packaging Solutions,RM015,HDPE Bottles 100ml (units),Packaging,units,10106.0,6.13,61949.78,18,11150.96,1131.21,74231.95,7,2025-10-12,2025-10-12,0,On-Time,15
PO-2025-0231,2025-10-07,SUP005,Chemico Excipients Ltd,RM011,Magnesium Stearate,Excipients,kg,48.4,273.72,13248.05,18,2384.65,1589.35,17222.05,10,2025-10-17,2025-10-17,0,On-Time,60
PO-2025-0232,2025-10-07,SUP006,Capsico Gelatin & Capsules,RM014,"Veg HPMC Capsules (Size 0, '000s)",Capsules,'000 units,19.0,824.35,15662.65,12,1879.52,1203.33,18745.5,18,2025-10-25,2025-10-24,-1,Early,45
PO-2025-0233,2025-10-08,SUP002,Vindhya Botanicals,RM001,Ashwagandha Root (Dried),Raw Herbs,kg,437.6,278.38,121819.09,5,6090.95,3677.55,131587.59,20,2025-10-28,2025-10-28,0,On-Time,30
PO-2025-0234,2025-10-10,SUP008,Malwa Print & Cartons,RM017,Product Labels (units),Packaging,units,12867.0,1.36,17499.12,18,3149.84,620.4,21269.36,8,2025-10-18,2025-10-22,4,Delayed,15
PO-2025-0235,2025-10-13,SUP008,Malwa Print & Cartons,RM016,Printed Cartons (units),Packaging,units,8363.0,4.64,38804.32,18,6984.78,1830.33,47619.43,10,2025-10-23,2025-10-23,0,On-Time,15
PO-2025-0236,2025-10-15,SUP004,Girnar Ayur Ingredients,RM005,Ashwagandha Extract (5% Withanolides),Herbal Extracts,kg,60.6,1479.5,89657.7,12,10758.92,1665.48,102082.1,14,2025-10-29,2025-10-29,0,On-Time,45
PO-2025-0237,2025-10-16,SUP007,Indore Packaging Solutions,RM015,HDPE Bottles 100ml (units),Packaging,units,9350.0,6.25,58437.5,18,10518.75,1090.82,70047.07,7,2025-10-23,2025-10-24,1,Delayed,15
PO-2025-0238,2025-10-16,SUP005,Chemico Excipients Ltd,RM010,Microcrystalline Cellulose (MCC),Excipients,kg,206.9,165.81,34306.09,18,6175.1,3444.86,43926.05,10,2025-10-26,2025-10-25,-1,Early,60
PO-2025-0239,2025-10-16,SUP007,Indore Packaging Solutions,RM018,Corrugated Shipping Boxes (units),Packaging,units,1363.0,33.55,45728.65,18,8231.16,2117.21,56077.02,7,2025-10-23,2025-10-23,0,On-Time,15
PO-2025-0240,2025-10-16,SUP003,Himalayan Herb Extracts,RM009,Triphala Extract,Herbal Extracts,kg,34.1,1182.07,40308.59,12,4837.03,2247.32,47392.94,19,2025-11-04,2025-11-11,7,Delayed,45
PO-2025-0241,2025-10-17,SUP002,Vindhya Botanicals,RM003,Amla Fruit (Dried),Raw Herbs,kg,263.9,231.51,61095.49,5,3054.77,2544.81,66695.07,19,2025-11-05,2025-11-03,-2,Early,30
PO-2025-0242,2025-10-18,SUP004,Girnar Ayur Ingredients,RM007,Shatavari Extract,Herbal Extracts,kg,27.9,1202.79,33557.84,12,4026.94,1401.56,38986.34,20,2025-11-07,2025-11-06,-1,Early,45
PO-2025-0243,2025-10-19,SUP001,Madhya Herbs Pvt Ltd,RM002,Tulsi Leaves (Dried),Raw Herbs,kg,384.3,218.08,83808.14,5,4190.41,2939.88,90938.43,17,2025-11-05,2025-11-04,-1,Early,30
PO-2025-0244,2025-10-19,SUP006,Capsico Gelatin & Capsules,RM013,"Gelatin Capsules (Size 00, '000s)",Capsules,'000 units,42.0,479.08,20121.36,12,2414.56,1536.0,24071.92,13,2025-11-01,2025-11-01,0,On-Time,45
PO-2025-0245,2025-10-19,SUP001,Madhya Herbs Pvt Ltd,RM004,Giloy Stem (Dried),Raw Herbs,kg,233.5,227.92,53219.32,5,2660.97,2230.09,58110.38,23,2025-11-11,2025-11-15,4,Delayed,30
PO-2025-0246,2025-10-22,SUP008,Malwa Print & Cartons,RM017,Product Labels (units),Packaging,units,13257.0,1.35,17896.95,18,3221.45,564.64,21683.04,8,2025-10-30,2025-10-28,-2,Early,15
PO-2025-0247,2025-10-22,SUP003,Himalayan Herb Extracts,RM006,Brahmi Extract,Herbal Extracts,kg,31.1,1359.06,42266.77,12,5072.01,2198.38,49537.16,20,2025-11-11,2025-11-20,9,Delayed,45
PO-2025-0248,2025-10-24,SUP001,Madhya Herbs Pvt Ltd,RM001,Ashwagandha Root (Dried),Raw Herbs,kg,372.6,261.91,97587.67,5,4879.38,3319.52,105786.57,20,2025-11-13,2025-11-17,4,Delayed,30
PO-2025-0249,2025-10-24,SUP008,Malwa Print & Cartons,RM016,Printed Cartons (units),Packaging,units,9038.0,4.51,40761.38,18,7337.05,1895.03,49993.46,10,2025-11-03,2025-11-03,0,On-Time,15
PO-2025-0250,2025-10-25,SUP004,Girnar Ayur Ingredients,RM008,Turmeric Curcumin Extract (95%),Herbal Extracts,kg,45.8,2134.52,97761.02,12,11731.32,1428.57,110920.91,13,2025-11-07,2025-11-05,-2,Early,45
PO-2025-0251,2025-10-26,SUP007,Indore Packaging Solutions,RM015,HDPE Bottles 100ml (units),Packaging,units,9267.0,6.38,59123.46,18,10642.22,978.61,70744.29,9,2025-11-04,2025-11-04,0,On-Time,15
PO-2025-0252,2025-10-27,SUP006,Capsico Gelatin & Capsules,RM014,"Veg HPMC Capsules (Size 0, '000s)",Capsules,'000 units,20.0,811.07,16221.4,12,1946.57,1236.01,19403.98,17,2025-11-13,2025-11-13,0,On-Time,45
PO-2025-0253,2025-10-27,SUP005,Chemico Excipients Ltd,RM012,Maize Starch,Excipients,kg,151.4,129.4,19591.16,18,3526.41,2554.83,25672.4,12,2025-11-08,2025-11-08,0,On-Time,60
PO-2025-0254,2025-10-28,SUP007,Indore Packaging Solutions,RM018,Corrugated Shipping Boxes (units),Packaging,units,1322.0,32.89,43480.58,18,7826.5,2108.27,53415.35,10,2025-11-07,2025-11-07,0,On-Time,15
PO-2025-0255,2025-11-01,SUP005,Chemico Excipients Ltd,RM011,Magnesium Stearate,Excipients,kg,48.7,273.93,13340.39,18,2401.27,1504.66,17246.32,14,2025-11-15,2025-11-15,0,On-Time,60
PO-2025-0256,2025-11-02,SUP008,Malwa Print & Cartons,RM017,Product Labels (units),Packaging,units,12338.0,1.3,16039.4,18,2887.09,596.96,19523.45,8,2025-11-10,2025-11-08,-2,Early,15
PO-2025-0257,2025-11-04,SUP008,Malwa Print & Cartons,RM016,Printed Cartons (units),Packaging,units,8397.0,4.58,38458.26,18,6922.49,1992.47,47373.22,9,2025-11-13,2025-11-13,0,On-Time,15
PO-2025-0258,2025-11-05,SUP002,Vindhya Botanicals,RM003,Amla Fruit (Dried),Raw Herbs,kg,239.7,233.38,55941.19,5,2797.06,2133.94,60872.19,20,2025-11-25,2025-11-25,0,On-Time,30
PO-2025-0259,2025-11-05,SUP003,Himalayan Herb Extracts,RM009,Triphala Extract,Herbal Extracts,kg,33.6,1189.64,39971.9,12,4796.63,2186.5,46955.03,20,2025-11-25,2025-11-25,0,On-Time,45
PO-2025-0260,2025-11-06,SUP001,Madhya Herbs Pvt Ltd,RM002,Tulsi Leaves (Dried),Raw Herbs,kg,320.4,209.2,67027.68,5,3351.38,2904.59,73283.65,16,2025-11-22,2025-11-22,0,On-Time,30
PO-2025-0261,2025-11-07,SUP001,Madhya Herbs Pvt Ltd,RM004,Giloy Stem (Dried),Raw Herbs,kg,256.0,224.84,57559.04,5,2877.95,2408.08,62845.07,19,2025-11-26,2025-11-26,0,On-Time,30
PO-2025-0262,2025-11-07,SUP007,Indore Packaging Solutions,RM015,HDPE Bottles 100ml (units),Packaging,units,10255.0,6.49,66554.95,18,11979.89,1121.97,79656.81,8,2025-11-15,2025-11-15,0,On-Time,15
PO-2025-0263,2025-11-07,SUP006,Capsico Gelatin & Capsules,RM013,"Gelatin Capsules (Size 00, '000s)",Capsules,'000 units,40.0,491.16,19646.4,12,2357.57,1383.75,23387.72,16,2025-11-23,2025-11-23,0,On-Time,45
PO-2025-0264,2025-11-07,SUP003,Himalayan Herb Extracts,RM005,Ashwagandha Extract (5% Withanolides),Herbal Extracts,kg,70.8,1442.29,102114.13,12,12253.7,2770.86,117138.69,14,2025-11-21,2025-11-25,4,Delayed,45
PO-2025-0265,2025-11-08,SUP005,Chemico Excipients Ltd,RM010,Microcrystalline Cellulose (MCC),Excipients,kg,192.7,161.47,31115.27,18,5600.75,3289.37,40005.39,12,2025-11-20,2025-11-20,0,On-Time,60
PO-2025-0266,2025-11-10,SUP004,Girnar Ayur Ingredients,RM007,Shatavari Extract,Herbal Extracts,kg,31.0,1189.15,36863.65,12,4423.64,1475.35,42762.64,18,2025-11-28,2025-11-28,0,On-Time,45
PO-2025-0267,2025-11-11,SUP002,Vindhya Botanicals,RM001,Ashwagandha Root (Dried),Raw Herbs,kg,383.1,259.85,99548.54,5,4977.43,2971.39,107497.36,22,2025-12-03,2025-12-03,0,On-Time,30
PO-2025-0268,2025-11-11,SUP007,Indore Packaging Solutions,RM018,Corrugated Shipping Boxes (units),Packaging,units,1474.0,34.21,50425.54,18,9076.6,2359.02,61861.16,9,2025-11-20,2025-11-20,0,On-Time,15
PO-2025-0269,2025-11-13,SUP003,Himalayan Herb Extracts,RM006,Brahmi Extract,Herbal Extracts,kg,34.6,1307.53,45240.54,12,5428.86,2202.74,52872.14,20,2025-12-03,2025-12-03,0,On-Time,45
PO-2025-0270,2025-11-14,SUP008,Malwa Print & Cartons,RM017,Product Labels (units),Packaging,units,13997.0,1.32,18476.04,18,3325.69,649.42,22451.15,5,2025-11-19,2025-11-19,0,On-Time,15
PO-2025-0271,2025-11-15,SUP004,Girnar Ayur Ingredients,RM008,Turmeric Curcumin Extract (95%),Herbal Extracts,kg,50.6,2106.38,106582.83,12,12789.94,1670.71,121043.48,12,2025-11-27,2025-11-26,-1,Early,45
PO-2025-0272,2025-11-16,SUP008,Malwa Print & Cartons,RM016,Printed Cartons (units),Packaging,units,9381.0,4.83,45310.23,18,8155.84,2060.75,55526.82,9,2025-11-25,2025-11-25,0,On-Time,15
PO-2025-0273,2025-11-17,SUP005,Chemico Excipients Ltd,RM012,Maize Starch,Excipients,kg,138.7,126.96,17609.35,18,3169.68,2553.86,23332.89,10,2025-11-27,2025-11-27,0,On-Time,60
PO-2025-0274,2025-11-18,SUP007,Indore Packaging Solutions,RM015,HDPE Bottles 100ml (units),Packaging,units,9449.0,6.37,60190.13,18,10834.22,1122.11,72146.46,7,2025-11-25,2025-11-24,-1,Early,15
PO-2025-0275,2025-11-19,SUP006,Capsico Gelatin & Capsules,RM014,"Veg HPMC Capsules (Size 0, '000s)",Capsules,'000 units,18.0,821.73,14791.14,12,1774.94,1155.21,17721.29,17,2025-12-06,2025-12-06,0,On-Time,45
PO-2025-0276,2025-11-21,SUP002,Vindhya Botanicals,RM002,Tulsi Leaves (Dried),Raw Herbs,kg,322.9,217.48,70224.29,5,3511.21,2666.2,76401.7,17,2025-12-08,2025-12-08,0,On-Time,30
PO-2025-0277,2025-11-24,SUP008,Malwa Print & Cartons,RM017,Product Labels (units),Packaging,units,14039.0,1.35,18952.65,18,3411.48,599.5,22963.63,5,2025-11-29,2025-11-29,0,On-Time,15
PO-2025-0278,2025-11-25,SUP007,Indore Packaging Solutions,RM018,Corrugated Shipping Boxes (units),Packaging,units,1372.0,31.9,43766.8,18,7878.02,2134.89,53779.71,10,2025-12-05,2025-12-05,0,On-Time,15
PO-2025-0279,2025-11-25,SUP002,Vindhya Botanicals,RM003,Amla Fruit (Dried),Raw Herbs,kg,218.0,233.49,50900.82,5,2545.04,2140.94,55586.8,17,2025-12-12,2025-12-12,0,On-Time,30
PO-2025-0280,2025-11-25,SUP005,Chemico Excipients Ltd,RM011,Magnesium Stearate,Excipients,kg,47.2,289.21,13650.71,18,2457.13,1480.39,17588.23,12,2025-12-07,2025-12-07,0,On-Time,60
PO-2025-0281,2025-11-25,SUP003,Himalayan Herb Extracts,RM009,Triphala Extract,Herbal Extracts,kg,37.0,1131.24,41855.88,12,5022.71,2035.88,48914.47,19,2025-12-14,2025-12-24,10,Delayed,45
PO-2025-0282,2025-11-26,SUP006,Capsico Gelatin & Capsules,RM013,"Gelatin Capsules (Size 00, '000s)",Capsules,'000 units,41.0,464.94,19062.54,12,2287.5,1538.81,22888.85,17,2025-12-13,2025-12-13,0,On-Time,45
PO-2025-0283,2025-11-27,SUP005,Chemico Excipients Ltd,RM010,Microcrystalline Cellulose (MCC),Excipients,kg,204.1,167.67,34221.45,18,6159.86,3210.16,43591.47,13,2025-12-10,2025-12-10,0,On-Time,60
PO-2025-0284,2025-11-27,SUP001,Madhya Herbs Pvt Ltd,RM004,Giloy Stem (Dried),Raw Herbs,kg,258.1,232.79,60083.1,5,3004.16,2242.8,65330.06,21,2025-12-18,2025-12-18,0,On-Time,30
PO-2025-0285,2025-11-28,SUP008,Malwa Print & Cartons,RM016,Printed Cartons (units),Packaging,units,8296.0,4.82,39986.72,18,7197.61,1997.32,49181.65,9,2025-12-07,2025-12-07,0,On-Time,15
PO-2025-0286,2025-11-29,SUP001,Madhya Herbs Pvt Ltd,RM001,Ashwagandha Root (Dried),Raw Herbs,kg,405.6,263.24,106770.14,5,5338.51,3570.58,115679.23,21,2025-12-20,2025-12-20,0,On-Time,30
PO-2025-0287,2025-11-30,SUP003,Himalayan Herb Extracts,RM005,Ashwagandha Extract (5% Withanolides),Herbal Extracts,kg,69.2,1402.62,97061.3,12,11647.36,2734.37,111443.03,15,2025-12-15,2025-12-15,0,On-Time,45
PO-2025-0288,2025-11-30,SUP007,Indore Packaging Solutions,RM015,HDPE Bottles 100ml (units),Packaging,units,9087.0,6.32,57429.84,18,10337.37,959.01,68726.22,10,2025-12-10,2025-12-10,0,On-Time,15
PO-2025-0289,2025-12-02,SUP004,Girnar Ayur Ingredients,RM007,Shatavari Extract,Herbal Extracts,kg,30.7,1192.27,36602.69,12,4392.32,1444.42,42439.43,18,2025-12-20,2025-12-20,0,On-Time,45
PO-2025-0290,2025-12-04,SUP004,Girnar Ayur Ingredients,RM008,Turmeric Curcumin Extract (95%),Herbal Extracts,kg,46.1,2176.65,100343.57,12,12041.23,1435.98,113820.78,15,2025-12-19,2025-12-19,0,On-Time,45
PO-2025-0291,2025-12-06,SUP005,Chemico Excipients Ltd,RM012,Maize Starch,Excipients,kg,154.6,130.2,20128.92,18,3623.21,2783.84,26535.97,12,2025-12-18,2025-12-18,0,On-Time,60
PO-2025-0292,2025-12-06,SUP008,Malwa Print & Cartons,RM017,Product Labels (units),Packaging,units,12872.0,1.38,17763.36,18,3197.4,628.52,21589.28,5,2025-12-11,2025-12-11,0,On-Time,15
PO-2025-0293,2025-12-07,SUP001,Madhya Herbs Pvt Ltd,RM002,Tulsi Leaves (Dried),Raw Herbs,kg,388.9,205.95,80093.95,5,4004.7,3204.62,87303.27,18,2025-12-25,2025-12-25,0,On-Time,30
PO-2025-0294,2025-12-08,SUP007,Indore Packaging Solutions,RM018,Corrugated Shipping Boxes (units),Packaging,units,1516.0,32.61,49436.76,18,8898.62,2454.46,60789.84,9,2025-12-17,2025-12-17,0,On-Time,15
PO-2025-0295,2025-12-09,SUP006,Capsico Gelatin & Capsules,RM014,"Veg HPMC Capsules (Size 0, '000s)",Capsules,'000 units,21.0,835.95,17554.95,12,2106.59,1183.33,20844.87,17,2025-12-26,2025-12-26,0,On-Time,45
PO-2025-0296,2025-12-10,SUP008,Malwa Print & Cartons,RM016,Printed Cartons (units),Packaging,units,8882.0,4.59,40768.38,18,7338.31,1901.38,50008.07,8,2025-12-18,2025-12-18,0,On-Time,15
PO-2025-0297,2025-12-10,SUP003,Himalayan Herb Extracts,RM006,Brahmi Extract,Herbal Extracts,kg,35.3,1299.16,45860.35,12,5503.24,2292.36,53655.95,20,2025-12-30,2025-12-29,-1,Early,45
PO-2025-0298,2025-12-12,SUP007,Indore Packaging Solutions,RM015,HDPE Bottles 100ml (units),Packaging,units,8925.0,6.47,57744.75,18,10394.06,1059.64,69198.45,6,2025-12-18,2025-12-19,1,Delayed,15
PO-2025-0299,2025-12-13,SUP001,Madhya Herbs Pvt Ltd,RM004,Giloy Stem (Dried),Raw Herbs,kg,235.0,228.57,53713.95,5,2685.7,2096.49,58496.14,20,2026-01-02,2026-01-02,0,On-Time,30
PO-2025-0300,2025-12-15,SUP006,Capsico Gelatin & Capsules,RM013,"Gelatin Capsules (Size 00, '000s)",Capsules,'000 units,40.0,473.01,18920.4,12,2270.45,1513.62,22704.47,14,2025-12-29,2025-12-29,0,On-Time,45
PO-2025-0301,2025-12-16,SUP002,Vindhya Botanicals,RM003,Amla Fruit (Dried),Raw Herbs,kg,235.8,243.79,57485.68,5,2874.28,2232.67,62592.63,18,2026-01-03,2026-01-03,0,On-Time,30
PO-2025-0302,2025-12-16,SUP005,Chemico Excipients Ltd,RM010,Microcrystalline Cellulose (MCC),Excipients,kg,202.4,167.33,33867.59,18,6096.17,3098.88,43062.64,10,2025-12-26,2025-12-26,0,On-Time,60
PO-2025-0303,2025-12-16,SUP001,Madhya Herbs Pvt Ltd,RM001,Ashwagandha Root (Dried),Raw Herbs,kg,391.0,260.28,101769.48,5,5088.47,3134.96,109992.91,21,2026-01-06,2026-01-06,0,On-Time,30
PO-2025-0304,2025-12-18,SUP005,Chemico Excipients Ltd,RM011,Magnesium Stearate,Excipients,kg,53.1,276.33,14673.12,18,2641.16,1564.39,18878.67,11,2025-12-29,2025-12-29,0,On-Time,60
PO-2025-0305,2025-12-19,SUP008,Malwa Print & Cartons,RM017,Product Labels (units),Packaging,units,13091.0,1.39,18196.49,18,3275.37,573.17,22045.03,9,2025-12-28,2025-12-28,0,On-Time,15
PO-2025-0306,2025-12-19,SUP003,Himalayan Herb Extracts,RM005,Ashwagandha Extract (5% Withanolides),Herbal Extracts,kg,63.9,1426.39,91146.32,12,10937.56,2459.17,104543.05,17,2026-01-05,2026-01-05,0,On-Time,45
PO-2025-0307,2025-12-20,SUP003,Himalayan Herb Extracts,RM009,Triphala Extract,Herbal Extracts,kg,32.8,1176.95,38603.96,12,4632.48,1983.15,45219.59,19,2026-01-08,2026-01-08,0,On-Time,45
PO-2025-0308,2025-12-22,SUP007,Indore Packaging Solutions,RM018,Corrugated Shipping Boxes (units),Packaging,units,1309.0,33.5,43851.5,18,7893.27,2266.27,54011.04,10,2026-01-01,2026-01-01,0,On-Time,15
PO-2025-0309,2025-12-23,SUP004,Girnar Ayur Ingredients,RM007,Shatavari Extract,Herbal Extracts,kg,27.0,1259.31,34001.37,12,4080.16,1323.48,39405.01,20,2026-01-12,2026-01-12,0,On-Time,45
PO-2025-0310,2025-12-24,SUP008,Malwa Print & Cartons,RM016,Printed Cartons (units),Packaging,units,8704.0,4.77,41518.08,18,7473.25,1902.65,50893.98,8,2026-01-01,2026-01-03,2,Delayed,15
PO-2025-0311,2025-12-24,SUP007,Indore Packaging Solutions,RM015,HDPE Bottles 100ml (units),Packaging,units,9056.0,6.41,58048.96,18,10448.81,962.58,69460.35,6,2025-12-30,2025-12-30,0,On-Time,15
PO-2025-0312,2025-12-25,SUP001,Madhya Herbs Pvt Ltd,RM002,Tulsi Leaves (Dried),Raw Herbs,kg,357.6,218.01,77960.38,5,3898.02,2846.93,84705.33,16,2026-01-10,2026-01-10,0,On-Time,30
PO-2025-0313,2025-12-27,SUP004,Girnar Ayur Ingredients,RM008,Turmeric Curcumin Extract (95%),Herbal Extracts,kg,46.0,2134.45,98184.7,12,11782.16,1605.6,111572.46,12,2026-01-08,2026-01-08,0,On-Time,45
PO-2025-0314,2025-12-29,SUP005,Chemico Excipients Ltd,RM012,Maize Starch,Excipients,kg,147.5,124.62,18381.45,18,3308.66,2800.79,24490.9,9,2026-01-07,2026-01-07,0,On-Time,60
PO-2025-0315,2025-12-29,SUP001,Madhya Herbs Pvt Ltd,RM004,Giloy Stem (Dried),Raw Herbs,kg,249.7,227.68,56851.7,5,2842.59,2392.55,62086.84,21,2026-01-19,2026-01-17,-2,Early,30
PO-2025-0316,2025-12-30,SUP008,Malwa Print & Cartons,RM017,Product Labels (units),Packaging,units,12993.0,1.3,16890.9,18,3040.36,555.71,20486.97,7,2026-01-06,2026-01-06,0,On-Time,15
PO-2025-0317,2025-12-30,SUP006,Capsico Gelatin & Capsules,RM014,"Veg HPMC Capsules (Size 0, '000s)",Capsules,'000 units,19.0,793.74,15081.06,12,1809.73,1213.38,18104.17,17,2026-01-16,2026-01-15,-1,Early,45
PO-2026-0001,2026-01-01,SUP002,Vindhya Botanicals,RM001,Ashwagandha Root (Dried),Raw Herbs,kg,439.0,281.2,123446.8,5,6172.34,3664.07,133283.21,18,2026-01-19,2026-01-24,5,Delayed,30
PO-2026-0002,2026-01-02,SUP006,Capsico Gelatin & Capsules,RM013,"Gelatin Capsules (Size 00, '000s)",Capsules,'000 units,42.0,493.08,20709.36,12,2485.12,1503.95,24698.43,16,2026-01-18,2026-01-18,0,On-Time,45
PO-2026-0003,2026-01-03,SUP007,Indore Packaging Solutions,RM018,Corrugated Shipping Boxes (units),Packaging,units,1499.0,35.82,53694.18,18,9664.95,2689.52,66048.65,9,2026-01-12,2026-01-14,2,Delayed,15
PO-2026-0004,2026-01-04,SUP002,Vindhya Botanicals,RM003,Amla Fruit (Dried),Raw Herbs,kg,241.4,247.61,59773.05,5,2988.65,2119.88,64881.58,18,2026-01-22,2026-01-22,0,On-Time,30
PO-2026-0005,2026-01-04,SUP008,Malwa Print & Cartons,RM016,Printed Cartons (units),Packaging,units,8123.0,4.83,39234.09,18,7062.14,1896.63,48192.86,8,2026-01-12,2026-01-12,0,On-Time,15
PO-2026-0006,2026-01-05,SUP007,Indore Packaging Solutions,RM015,HDPE Bottles 100ml (units),Packaging,units,9930.0,6.6,65538.0,18,11796.84,1173.05,78507.89,7,2026-01-12,2026-01-12,0,On-Time,15
PO-2026-0007,2026-01-05,SUP003,Himalayan Herb Extracts,RM006,Brahmi Extract,Herbal Extracts,kg,31.1,1393.59,43340.65,12,5200.88,2036.15,50577.68,20,2026-01-25,2026-02-05,11,Delayed,45
PO-2026-0008,2026-01-07,SUP003,Himalayan Herb Extracts,RM005,Ashwagandha Extract (5% Withanolides),Herbal Extracts,kg,69.3,1471.33,101963.17,12,12235.58,2570.23,116768.98,14,2026-01-21,2026-01-21,0,On-Time,45
PO-2026-0009,2026-01-10,SUP005,Chemico Excipients Ltd,RM010,Microcrystalline Cellulose (MCC),Excipients,kg,187.7,174.44,32742.39,18,5893.63,2911.89,41547.91,11,2026-01-21,2026-01-21,0,On-Time,60
PO-2026-0010,2026-01-10,SUP008,Malwa Print & Cartons,RM017,Product Labels (units),Packaging,units,12088.0,1.38,16681.44,18,3002.66,586.29,20270.39,6,2026-01-16,2026-01-16,0,On-Time,15
PO-2026-0011,2026-01-12,SUP001,Madhya Herbs Pvt Ltd,RM002,Tulsi Leaves (Dried),Raw Herbs,kg,333.4,222.87,74304.86,5,3715.24,2773.04,80793.14,16,2026-01-28,2026-01-28,0,On-Time,30
PO-2026-0012,2026-01-13,SUP004,Girnar Ayur Ingredients,RM007,Shatavari Extract,Herbal Extracts,kg,27.0,1334.9,36042.3,12,4325.08,1265.84,41633.22,18,2026-01-31,2026-01-31,0,On-Time,45
PO-2026-0013,2026-01-15,SUP005,Chemico Excipients Ltd,RM011,Magnesium Stearate,Excipients,kg,47.8,292.87,13999.19,18,2519.85,1516.89,18035.93,14,2026-01-29,2026-01-27,-2,Early,60
PO-2026-0014,2026-01-15,SUP007,Indore Packaging Solutions,RM015,HDPE Bottles 100ml (units),Packaging,units,9594.0,6.8,65239.2,18,11743.06,1058.88,78041.14,8,2026-01-23,2026-01-23,0,On-Time,15
PO-2026-0015,2026-01-15,SUP003,Himalayan Herb Extracts,RM009,Triphala Extract,Herbal Extracts,kg,36.7,1272.01,46682.77,12,5601.93,2247.03,54531.73,18,2026-02-02,2026-02-11,9,Delayed,45
PO-2026-0016,2026-01-17,SUP001,Madhya Herbs Pvt Ltd,RM004,Giloy Stem (Dried),Raw Herbs,kg,233.7,229.44,53620.13,5,2681.01,2048.73,58349.87,20,2026-02-06,2026-02-06,0,On-Time,30
PO-2026-0017,2026-01-18,SUP007,Indore Packaging Solutions,RM018,Corrugated Shipping Boxes (units),Packaging,units,1578.0,35.45,55940.1,18,10069.22,2440.32,68449.64,7,2026-01-25,2026-01-25,0,On-Time,15
PO-2026-0018,2026-01-18,SUP008,Malwa Print & Cartons,RM016,Printed Cartons (units),Packaging,units,8252.0,4.98,41094.96,18,7397.09,1905.86,50397.91,9,2026-01-27,2026-01-27,0,On-Time,15
PO-2026-0019,2026-01-19,SUP006,Capsico Gelatin & Capsules,RM013,"Gelatin Capsules (Size 00, '000s)",Capsules,'000 units,37.0,485.87,17977.19,12,2157.26,1436.43,21570.88,14,2026-02-02,2026-02-02,0,On-Time,45
PO-2026-0020,2026-01-20,SUP008,Malwa Print & Cartons,RM017,Product Labels (units),Packaging,units,13429.0,1.39,18666.31,18,3359.94,648.11,22674.36,7,2026-01-27,2026-01-27,0,On-Time,15
PO-2026-0021,2026-01-20,SUP004,Girnar Ayur Ingredients,RM008,Turmeric Curcumin Extract (95%),Herbal Extracts,kg,52.5,2302.33,120872.32,12,14504.68,1644.15,137021.15,12,2026-02-01,2026-02-01,0,On-Time,45
PO-2026-0022,2026-01-20,SUP001,Madhya Herbs Pvt Ltd,RM001,Ashwagandha Root (Dried),Raw Herbs,kg,374.6,274.74,102917.6,5,5145.88,3222.89,111286.37,20,2026-02-09,2026-02-09,0,On-Time,30
PO-2026-0023,2026-01-21,SUP006,Capsico Gelatin & Capsules,RM014,"Veg HPMC Capsules (Size 0, '000s)",Capsules,'000 units,20.0,824.03,16480.6,12,1977.67,1222.43,19680.7,18,2026-02-08,2026-02-08,0,On-Time,45
PO-2026-0024,2026-01-23,SUP002,Vindhya Botanicals,RM003,Amla Fruit (Dried),Raw Herbs,kg,258.1,244.54,63115.77,5,3155.79,2298.91,68570.47,19,2026-02-11,2026-02-11,0,On-Time,30
PO-2026-0025,2026-01-23,SUP005,Chemico Excipients Ltd,RM012,Maize Starch,Excipients,kg,143.3,133.36,19110.49,18,3439.89,2765.98,25316.36,10,2026-02-02,2026-02-02,0,On-Time,60
PO-2026-0026,2026-01-26,SUP007,Indore Packaging Solutions,RM015,HDPE Bottles 100ml (units),Packaging,units,9966.0,6.66,66373.56,18,11947.24,1095.14,79415.94,6,2026-02-01,2026-01-31,-1,Early,15
PO-2026-0027,2026-01-26,SUP003,Himalayan Herb Extracts,RM005,Ashwagandha Extract (5% Withanolides),Herbal Extracts,kg,66.7,1438.17,95925.94,12,11511.11,2592.58,110029.63,16,2026-02-11,2026-02-11,0,On-Time,45
PO-2026-0028,2026-01-27,SUP001,Madhya Herbs Pvt Ltd,RM002,Tulsi Leaves (Dried),Raw Herbs,kg,381.2,221.07,84271.88,5,4213.59,3053.46,91538.93,19,2026-02-15,2026-02-13,-2,Early,30
PO-2026-0029,2026-01-30,SUP003,Himalayan Herb Extracts,RM006,Brahmi Extract,Herbal Extracts,kg,32.9,1435.91,47241.44,12,5668.97,2033.33,54943.74,19,2026-02-18,2026-02-18,0,On-Time,45
PO-2026-0030,2026-01-31,SUP008,Malwa Print & Cartons,RM016,Printed Cartons (units),Packaging,units,8485.0,4.94,41915.9,18,7544.86,1792.3,51253.06,8,2026-02-08,2026-02-06,-2,Early,15
PO-2026-0031,2026-02-01,SUP007,Indore Packaging Solutions,RM018,Corrugated Shipping Boxes (units),Packaging,units,1402.0,34.59,48495.18,18,8729.13,2197.05,59421.36,10,2026-02-11,2026-02-11,0,On-Time,15
PO-2026-0032,2026-02-01,SUP008,Malwa Print & Cartons,RM017,Product Labels (units),Packaging,units,12909.0,1.38,17814.42,18,3206.6,623.23,21644.25,6,2026-02-07,2026-02-07,0,On-Time,15
PO-2026-0033,2026-02-02,SUP005,Chemico Excipients Ltd,RM010,Microcrystalline Cellulose (MCC),Excipients,kg,194.1,171.14,33218.27,18,5979.29,3244.14,42441.7,14,2026-02-16,2026-02-16,0,On-Time,60
PO-2026-0034,2026-02-03,SUP001,Madhya Herbs Pvt Ltd,RM004,Giloy Stem (Dried),Raw Herbs,kg,257.8,236.78,61041.88,5,3052.09,2241.39,66335.36,21,2026-02-24,2026-02-24,0,On-Time,30
PO-2026-0035,2026-02-04,SUP001,Madhya Herbs Pvt Ltd,RM001,Ashwagandha Root (Dried),Raw Herbs,kg,418.4,284.85,119181.24,5,5959.06,3432.35,128572.65,22,2026-02-26,2026-02-26,0,On-Time,30
PO-2026-0036,2026-02-05,SUP004,Girnar Ayur Ingredients,RM007,Shatavari Extract,Herbal Extracts,kg,30.9,1315.95,40662.85,12,4879.54,1474.96,47017.35,17,2026-02-22,2026-02-21,-1,Early,45
PO-2026-0037,2026-02-05,SUP006,Capsico Gelatin & Capsules,RM013,"Gelatin Capsules (Size 00, '000s)",Capsules,'000 units,37.0,494.56,18298.72,12,2195.85,1411.84,21906.41,13,2026-02-18,2026-02-24,6,Delayed,45
PO-2026-0038,2026-02-05,SUP003,Himalayan Herb Extracts,RM009,Triphala Extract,Herbal Extracts,kg,36.8,1261.73,46431.66,12,5571.8,2175.34,54178.8,20,2026-02-25,2026-02-23,-2,Early,45
PO-2026-0039,2026-02-07,SUP004,Girnar Ayur Ingredients,RM008,Turmeric Curcumin Extract (95%),Herbal Extracts,kg,52.4,2290.96,120046.3,12,14405.56,1697.42,136149.28,12,2026-02-19,2026-02-19,0,On-Time,45
PO-2026-0040,2026-02-08,SUP007,Indore Packaging Solutions,RM015,HDPE Bottles 100ml (units),Packaging,units,10031.0,6.4,64198.4,18,11555.71,1045.21,76799.32,8,2026-02-16,2026-02-14,-2,Early,15
PO-2026-0041,2026-02-09,SUP002,Vindhya Botanicals,RM003,Amla Fruit (Dried),Raw Herbs,kg,261.5,244.24,63868.76,5,3193.44,2510.4,69572.6,18,2026-02-27,2026-03-04,5,Delayed,30
PO-2026-0042,2026-02-09,SUP005,Chemico Excipients Ltd,RM011,Magnesium Stearate,Excipients,kg,48.2,302.81,14595.44,18,2627.18,1601.31,18823.93,14,2026-02-23,2026-02-23,0,On-Time,60
PO-2026-0043,2026-02-11,SUP008,Malwa Print & Cartons,RM017,Product Labels (units),Packaging,units,12818.0,1.36,17432.48,18,3137.85,607.67,21178.0,6,2026-02-17,2026-02-17,0,On-Time,15
PO-2026-0044,2026-02-11,SUP006,Capsico Gelatin & Capsules,RM014,"Veg HPMC Capsules (Size 0, '000s)",Capsules,'000 units,19.0,856.07,16265.33,12,1951.84,1197.97,19415.14,15,2026-02-26,2026-03-05,7,Delayed,45
PO-2026-0045,2026-02-12,SUP001,Madhya Herbs Pvt Ltd,RM002,Tulsi Leaves (Dried),Raw Herbs,kg,374.4,213.31,79863.26,5,3993.16,3309.69,87166.11,19,2026-03-03,2026-03-03,0,On-Time,30
PO-2026-0046,2026-02-13,SUP005,Chemico Excipients Ltd,RM012,Maize Starch,Excipients,kg,138.4,128.25,17749.8,18,3194.96,2589.13,23533.89,11,2026-02-24,2026-02-24,0,On-Time,60
PO-2026-0047,2026-02-13,SUP007,Indore Packaging Solutions,RM018,Corrugated Shipping Boxes (units),Packaging,units,1547.0,34.91,54005.77,18,9721.04,2544.9,66271.71,7,2026-02-20,2026-02-20,0,On-Time,15
PO-2026-0048,2026-02-13,SUP008,Malwa Print & Cartons,RM016,Printed Cartons (units),Packaging,units,9189.0,4.96,45577.44,18,8203.94,1901.85,55683.23,8,2026-02-21,2026-02-21,0,On-Time,15
PO-2026-0049,2026-02-15,SUP004,Girnar Ayur Ingredients,RM005,Ashwagandha Extract (5% Withanolides),Herbal Extracts,kg,64.5,1436.49,92653.6,12,11118.43,1686.69,105458.72,17,2026-03-04,2026-03-11,7,Delayed,45
PO-2026-0050,2026-02-18,SUP007,Indore Packaging Solutions,RM015,HDPE Bottles 100ml (units),Packaging,units,9803.0,6.73,65974.19,18,11875.35,1165.31,79014.85,9,2026-02-27,2026-02-27,0,On-Time,15
PO-2026-0051,2026-02-21,SUP008,Malwa Print & Cartons,RM017,Product Labels (units),Packaging,units,13173.0,1.4,18442.2,18,3319.6,628.58,22390.38,9,2026-03-02,2026-02-28,-2,Early,15
PO-2026-0052,2026-02-22,SUP005,Chemico Excipients Ltd,RM010,Microcrystalline Cellulose (MCC),Excipients,kg,197.1,170.2,33546.42,18,6038.36,2908.8,42493.58,13,2026-03-07,2026-03-07,0,On-Time,60
PO-2026-0053,2026-02-22,SUP001,Madhya Herbs Pvt Ltd,RM001,Ashwagandha Root (Dried),Raw Herbs,kg,368.2,281.46,103633.57,5,5181.68,3309.05,112124.3,21,2026-03-15,2026-03-18,3,Delayed,30
PO-2026-0054,2026-02-24,SUP001,Madhya Herbs Pvt Ltd,RM004,Giloy Stem (Dried),Raw Herbs,kg,239.8,231.35,55477.73,5,2773.89,2326.86,60578.48,22,2026-03-18,2026-03-18,0,On-Time,30
PO-2026-0055,2026-02-24,SUP008,Malwa Print & Cartons,RM016,Printed Cartons (units),Packaging,units,9183.0,4.97,45639.51,18,8215.11,2195.1,56049.72,8,2026-03-04,2026-03-04,0,On-Time,15
PO-2026-0056,2026-02-26,SUP003,Himalayan Herb Extracts,RM006,Brahmi Extract,Herbal Extracts,kg,33.9,1363.41,46219.6,12,5546.35,1970.27,53736.22,21,2026-03-19,2026-03-29,10,Delayed,45
PO-2026-0057,2026-02-26,SUP007,Indore Packaging Solutions,RM018,Corrugated Shipping Boxes (units),Packaging,units,1444.0,35.87,51796.28,18,9323.33,2496.74,63616.35,8,2026-03-06,2026-03-08,2,Delayed,15
PO-2026-0058,2026-02-26,SUP001,Madhya Herbs Pvt Ltd,RM002,Tulsi Leaves (Dried),Raw Herbs,kg,345.5,213.87,73892.09,5,3694.6,2971.66,80558.35,17,2026-03-15,2026-03-15,0,On-Time,30
PO-2026-0059,2026-02-26,SUP004,Girnar Ayur Ingredients,RM008,Turmeric Curcumin Extract (95%),Herbal Extracts,kg,47.5,2189.75,104013.12,12,12481.57,1649.31,118144.0,12,2026-03-10,2026-03-10,0,On-Time,45
PO-2026-0060,2026-02-27,SUP006,Capsico Gelatin & Capsules,RM013,"Gelatin Capsules (Size 00, '000s)",Capsules,'000 units,42.0,514.82,21622.44,12,2594.69,1501.71,25718.84,16,2026-03-15,2026-03-15,0,On-Time,45
PO-2026-0061,2026-02-28,SUP003,Himalayan Herb Extracts,RM009,Triphala Extract,Herbal Extracts,kg,33.0,1214.27,40070.91,12,4808.51,2084.24,46963.66,19,2026-03-19,2026-03-19,0,On-Time,45
PO-2026-0062,2026-02-28,SUP007,Indore Packaging Solutions,RM015,HDPE Bottles 100ml (units),Packaging,units,9991.0,6.55,65441.05,18,11779.39,1085.72,78306.16,7,2026-03-07,2026-03-07,0,On-Time,15
PO-2026-0063,2026-03-02,SUP002,Vindhya Botanicals,RM003,Amla Fruit (Dried),Raw Herbs,kg,189.2,241.39,45670.99,5,2283.55,1845.62,49800.16,26,2026-03-28,2026-03-28,0,On-Time,30
PO-2026-0064,2026-03-02,SUP004,Girnar Ayur Ingredients,RM007,Shatavari Extract,Herbal Extracts,kg,23.4,1293.73,30273.28,12,3632.79,1243.5,35149.57,19,2026-03-21,2026-03-21,0,On-Time,45
PO-2026-0065,2026-03-04,SUP006,Capsico Gelatin & Capsules,RM014,"Veg HPMC Capsules (Size 0, '000s)",Capsules,'000 units,15.0,815.94,12239.1,12,1468.69,1144.92,14852.71,18,2026-03-22,2026-03-22,0,On-Time,45
PO-2026-0066,2026-03-05,SUP008,Malwa Print & Cartons,RM017,Product Labels (units),Packaging,units,9773.0,1.44,14073.12,18,2533.16,518.12,17124.4,5,2026-03-10,2026-03-10,0,On-Time,15
PO-2026-0067,2026-03-07,SUP003,Himalayan Herb Extracts,RM005,Ashwagandha Extract (5% Withanolides),Herbal Extracts,kg,57.9,1527.61,88448.62,12,10613.83,2369.38,101431.83,18,2026-03-25,2026-03-25,0,On-Time,45
PO-2026-0068,2026-03-07,SUP005,Chemico Excipients Ltd,RM011,Magnesium Stearate,Excipients,kg,38.0,289.41,10997.58,18,1979.56,1522.11,14499.25,13,2026-03-20,2026-03-20,0,On-Time,60
PO-2026-0069,2026-03-08,SUP008,Malwa Print & Cartons,RM016,Printed Cartons (units),Packaging,units,7291.0,5.01,36527.91,18,6575.02,1666.3,44769.23,8,2026-03-16,2026-03-16,0,On-Time,15
PO-2026-0070,2026-03-09,SUP005,Chemico Excipients Ltd,RM012,Maize Starch,Excipients,kg,126.0,134.14,16901.64,18,3042.3,2544.43,22488.37,11,2026-03-20,2026-03-20,0,On-Time,60
PO-2026-0071,2026-03-11,SUP007,Indore Packaging Solutions,RM015,HDPE Bottles 100ml (units),Packaging,units,8409.0,6.79,57097.11,18,10277.48,1002.52,68377.11,6,2026-03-17,2026-03-17,0,On-Time,15
PO-2026-0072,2026-03-12,SUP001,Madhya Herbs Pvt Ltd,RM001,Ashwagandha Root (Dried),Raw Herbs,kg,368.9,279.58,103137.06,5,5156.85,3237.18,111531.09,25,2026-04-06,2026-04-06,0,On-Time,30
PO-2026-0073,2026-03-12,SUP007,Indore Packaging Solutions,RM018,Corrugated Shipping Boxes (units),Packaging,units,1284.0,34.33,44079.72,18,7934.35,2194.68,54208.75,7,2026-03-19,2026-03-19,0,On-Time,15
PO-2026-0074,2026-03-14,SUP001,Madhya Herbs Pvt Ltd,RM004,Giloy Stem (Dried),Raw Herbs,kg,184.1,239.7,44128.77,5,2206.44,1902.86,48238.07,25,2026-04-08,2026-04-08,0,On-Time,30
PO-2026-0075,2026-03-15,SUP001,Madhya Herbs Pvt Ltd,RM002,Tulsi Leaves (Dried),Raw Herbs,kg,283.9,211.7,60101.63,5,3005.08,2392.92,65499.63,21,2026-04-05,2026-04-04,-1,Early,30
PO-2026-0076,2026-03-15,SUP005,Chemico Excipients Ltd,RM010,Microcrystalline Cellulose (MCC),Excipients,kg,173.5,168.15,29174.03,18,5251.33,2868.42,37293.78,13,2026-03-28,2026-03-28,0,On-Time,60
PO-2026-0077,2026-03-19,SUP008,Malwa Print & Cartons,RM017,Product Labels (units),Packaging,units,11528.0,1.45,16715.6,18,3008.81,579.02,20303.43,9,2026-03-28,2026-03-28,0,On-Time,15
PO-2026-0078,2026-03-20,SUP006,Capsico Gelatin & Capsules,RM013,"Gelatin Capsules (Size 00, '000s)",Capsules,'000 units,34.0,502.86,17097.24,12,2051.67,1324.12,20473.03,14,2026-04-03,2026-04-02,-1,Early,45
PO-2026-0079,2026-03-21,SUP004,Girnar Ayur Ingredients,RM008,Turmeric Curcumin Extract (95%),Herbal Extracts,kg,37.1,2190.12,81253.45,12,9750.41,1555.99,92559.85,17,2026-04-07,2026-04-07,0,On-Time,45
PO-2026-0080,2026-03-21,SUP008,Malwa Print & Cartons,RM016,Printed Cartons (units),Packaging,units,7862.0,4.99,39231.38,18,7061.65,1782.04,48075.07,9,2026-03-30,2026-03-30,0,On-Time,15
PO-2026-0081,2026-03-23,SUP007,Indore Packaging Solutions,RM015,HDPE Bottles 100ml (units),Packaging,units,8436.0,6.71,56605.56,18,10189.0,1007.42,67801.98,9,2026-04-01,2026-03-31,-1,Early,15
PO-2026-0082,2026-03-23,SUP002,Vindhya Botanicals,RM003,Amla Fruit (Dried),Raw Herbs,kg,206.9,246.32,50963.61,5,2548.18,2054.91,55566.7,23,2026-04-15,2026-04-15,0,On-Time,30
PO-2026-0083,2026-03-24,SUP003,Himalayan Herb Extracts,RM006,Brahmi Extract,Herbal Extracts,kg,25.9,1373.36,35570.02,12,4268.4,1929.28,41767.7,19,2026-04-12,2026-04-12,0,On-Time,45
PO-2026-0084,2026-03-25,SUP003,Himalayan Herb Extracts,RM009,Triphala Extract,Herbal Extracts,kg,27.8,1260.79,35049.96,12,4206.0,2193.34,41449.3,20,2026-04-14,2026-04-12,-2,Early,45
PO-2026-0085,2026-03-29,SUP007,Indore Packaging Solutions,RM018,Corrugated Shipping Boxes (units),Packaging,units,1328.0,33.61,44634.08,18,8034.13,2372.53,55040.74,7,2026-04-05,2026-04-03,-2,Early,15
PO-2026-0086,2026-03-31,SUP002,Vindhya Botanicals,RM002,Tulsi Leaves (Dried),Raw Herbs,kg,290.7,217.78,63308.65,5,3165.43,2531.23,69005.31,21,2026-04-21,2026-04-20,-1,Early,30
PO-2026-0087,2026-03-31,SUP004,Girnar Ayur Ingredients,RM005,Ashwagandha Extract (5% Withanolides),Herbal Extracts,kg,55.0,1450.42,79773.1,12,9572.77,1698.31,91044.18,22,2026-04-22,2026-04-20,-2,Early,45
PO-2026-0088,2026-03-31,SUP006,Capsico Gelatin & Capsules,RM014,"Veg HPMC Capsules (Size 0, '000s)",Capsules,'000 units,15.0,851.81,12777.15,12,1533.26,1146.43,15456.84,15,2026-04-15,2026-04-17,2,Delayed,45
PO-2026-0089,2026-04-02,SUP008,Malwa Print & Cartons,RM017,Product Labels (units),Packaging,units,9071.0,1.46,13243.66,18,2383.86,505.59,16133.11,5,2026-04-07,2026-04-07,0,On-Time,15
PO-2026-0090,2026-04-03,SUP008,Malwa Print & Cartons,RM016,Printed Cartons (units),Packaging,units,5830.0,4.95,28858.5,18,5194.53,1521.93,35574.96,8,2026-04-11,2026-04-11,0,On-Time,15
PO-2026-0091,2026-04-03,SUP004,Girnar Ayur Ingredients,RM007,Shatavari Extract,Herbal Extracts,kg,22.8,1261.42,28760.38,12,3451.25,1266.75,33478.38,17,2026-04-20,2026-04-20,0,On-Time,45
PO-2026-0092,2026-04-03,SUP001,Madhya Herbs Pvt Ltd,RM001,Ashwagandha Root (Dried),Raw Herbs,kg,283.7,285.92,81115.5,5,4055.78,2487.25,87658.53,25,2026-04-28,2026-04-27,-1,Early,30
PO-2026-0093,2026-04-05,SUP001,Madhya Herbs Pvt Ltd,RM004,Giloy Stem (Dried),Raw Herbs,kg,172.2,237.78,40945.72,5,2047.29,1785.15,44778.16,26,2026-05-01,2026-05-01,0,On-Time,30
PO-2026-0094,2026-04-06,SUP005,Chemico Excipients Ltd,RM012,Maize Starch,Excipients,kg,104.3,133.06,13878.16,18,2498.07,2246.65,18622.88,10,2026-04-16,2026-04-14,-2,Early,60
PO-2026-0095,2026-04-07,SUP007,Indore Packaging Solutions,RM015,HDPE Bottles 100ml (units),Packaging,units,6246.0,6.6,41223.6,18,7420.25,898.55,49542.4,8,2026-04-15,2026-04-15,0,On-Time,15
PO-2026-0096,2026-04-07,SUP005,Chemico Excipients Ltd,RM010,Microcrystalline Cellulose (MCC),Excipients,kg,144.4,179.3,25890.92,18,4660.37,2621.06,33172.35,13,2026-04-20,2026-04-20,0,On-Time,60
PO-2026-0097,2026-04-10,SUP005,Chemico Excipients Ltd,RM011,Magnesium Stearate,Excipients,kg,32.1,300.88,9658.25,18,1738.48,1467.81,12864.54,13,2026-04-23,2026-04-22,-1,Early,60
PO-2026-0098,2026-04-11,SUP002,Vindhya Botanicals,RM003,Amla Fruit (Dried),Raw Herbs,kg,171.9,254.23,43702.14,5,2185.11,1700.57,47587.82,26,2026-05-07,2026-05-07,0,On-Time,30
PO-2026-0099,2026-04-13,SUP004,Girnar Ayur Ingredients,RM008,Turmeric Curcumin Extract (95%),Herbal Extracts,kg,34.8,2280.31,79354.79,12,9522.57,1406.03,90283.39,18,2026-05-01,2026-05-08,7,Delayed,45
PO-2026-0100,2026-04-14,SUP007,Indore Packaging Solutions,RM018,Corrugated Shipping Boxes (units),Packaging,units,1029.0,34.04,35027.16,18,6304.89,1885.58,43217.63,8,2026-04-22,2026-04-22,0,On-Time,15
PO-2026-0101,2026-04-14,SUP006,Capsico Gelatin & Capsules,RM013,"Gelatin Capsules (Size 00, '000s)",Capsules,'000 units,29.0,510.6,14807.4,12,1776.89,1355.05,17939.34,16,2026-04-30,2026-04-29,-1,Early,45
PO-2026-0102,2026-04-18,SUP001,Madhya Herbs Pvt Ltd,RM002,Tulsi Leaves (Dried),Raw Herbs,kg,275.5,219.87,60574.18,5,3028.71,2509.79,66112.68,21,2026-05-09,2026-05-09,0,On-Time,30
PO-2026-0103,2026-04-19,SUP008,Malwa Print & Cartons,RM017,Product Labels (units),Packaging,units,9047.0,1.37,12394.39,18,2230.99,532.39,15157.77,6,2026-04-25,2026-04-25,0,On-Time,15
PO-2026-0104,2026-04-20,SUP003,Himalayan Herb Extracts,RM006,Brahmi Extract,Herbal Extracts,kg,20.9,1427.79,29840.81,12,3580.9,1900.82,35322.53,19,2026-05-09,2026-05-09,0,On-Time,45
PO-2026-0105,2026-04-20,SUP008,Malwa Print & Cartons,RM016,Printed Cartons (units),Packaging,units,6551.0,4.72,30920.72,18,5565.73,1646.3,38132.75,8,2026-04-28,2026-04-29,1,Delayed,15
PO-2026-0106,2026-04-20,SUP003,Himalayan Herb Extracts,RM009,Triphala Extract,Herbal Extracts,kg,27.6,1247.2,34422.72,12,4130.73,1987.38,40540.83,22,2026-05-12,2026-05-12,0,On-Time,45
PO-2026-0107,2026-04-21,SUP007,Indore Packaging Solutions,RM015,HDPE Bottles 100ml (units),Packaging,units,6332.0,6.81,43120.92,18,7761.77,908.79,51791.48,9,2026-04-30,2026-04-30,0,On-Time,15
PO-2026-0108,2026-04-27,SUP001,Madhya Herbs Pvt Ltd,RM001,Ashwagandha Root (Dried),Raw Herbs,kg,297.3,286.28,85111.04,5,4255.55,2439.04,91805.63,24,2026-05-21,2026-05-21,0,On-Time,30
PO-2026-0109,2026-04-29,SUP003,Himalayan Herb Extracts,RM005,Ashwagandha Extract (5% Withanolides),Herbal Extracts,kg,49.0,1472.45,72150.05,12,8658.01,2520.68,83328.74,19,2026-05-18,2026-05-18,0,On-Time,45
PO-2026-0110,2026-04-29,SUP006,Capsico Gelatin & Capsules,RM014,"Veg HPMC Capsules (Size 0, '000s)",Capsules,'000 units,13.0,854.21,11104.73,12,1332.57,1105.08,13542.38,16,2026-05-15,2026-05-15,0,On-Time,45
PO-2026-0111,2026-05-02,SUP001,Madhya Herbs Pvt Ltd,RM004,Giloy Stem (Dried),Raw Herbs,kg,157.4,241.06,37942.84,5,1897.14,1652.27,41492.25,27,2026-05-29,2026-05-29,0,On-Time,30
PO-2026-0112,2026-05-03,SUP004,Girnar Ayur Ingredients,RM007,Shatavari Extract,Herbal Extracts,kg,20.4,1303.43,26589.97,12,3190.8,1349.93,31130.7,19,2026-05-22,2026-05-21,-1,Early,45
PO-2026-0113,2026-05-03,SUP007,Indore Packaging Solutions,RM018,Corrugated Shipping Boxes (units),Packaging,units,949.0,33.73,32009.77,18,5761.76,1779.61,39551.14,9,2026-05-12,2026-05-12,0,On-Time,15
PO-2026-0114,2026-05-05,SUP008,Malwa Print & Cartons,RM016,Printed Cartons (units),Packaging,units,6675.0,4.87,32507.25,18,5851.31,1521.07,39879.63,10,2026-05-15,2026-05-14,-1,Early,15
PO-2026-0115,2026-05-05,SUP002,Vindhya Botanicals,RM003,Amla Fruit (Dried),Raw Herbs,kg,180.6,255.54,46150.52,5,2307.53,1977.98,50436.03,24,2026-05-29,2026-05-27,-2,Early,30
PO-2026-0116,2026-05-05,SUP005,Chemico Excipients Ltd,RM010,Microcrystalline Cellulose (MCC),Excipients,kg,144.3,178.72,25789.3,18,4642.07,2636.22,33067.59,12,2026-05-17,2026-05-17,0,On-Time,60
PO-2026-0117,2026-05-05,SUP007,Indore Packaging Solutions,RM015,HDPE Bottles 100ml (units),Packaging,units,7175.0,6.45,46278.75,18,8330.17,916.22,55525.14,9,2026-05-14,2026-05-14,0,On-Time,15
PO-2026-0118,2026-05-06,SUP008,Malwa Print & Cartons,RM017,Product Labels (units),Packaging,units,9098.0,1.43,13010.14,18,2341.83,523.21,15875.18,7,2026-05-13,2026-05-13,0,On-Time,15
PO-2026-0119,2026-05-08,SUP006,Capsico Gelatin & Capsules,RM013,"Gelatin Capsules (Size 00, '000s)",Capsules,'000 units,31.0,511.15,15845.65,12,1901.48,1396.35,19143.48,16,2026-05-24,2026-05-24,0,On-Time,45
PO-2026-0120,2026-05-08,SUP005,Chemico Excipients Ltd,RM012,Maize Starch,Excipients,kg,107.0,131.77,14099.39,18,2537.89,2151.85,18789.13,9,2026-05-17,2026-05-18,1,Delayed,60
PO-2026-0121,2026-05-12,SUP001,Madhya Herbs Pvt Ltd,RM002,Tulsi Leaves (Dried),Raw Herbs,kg,250.9,224.49,56324.54,5,2816.23,2447.88,61588.65,21,2026-06-02,2026-06-01,-1,Early,30
PO-2026-0122,2026-05-15,SUP004,Girnar Ayur Ingredients,RM008,Turmeric Curcumin Extract (95%),Herbal Extracts,kg,33.5,2346.35,78602.72,12,9432.33,1337.66,89372.71,19,2026-06-03,2026-06-03,0,On-Time,45
PO-2026-0123,2026-05-17,SUP005,Chemico Excipients Ltd,RM011,Magnesium Stearate,Excipients,kg,31.4,306.06,9610.28,18,1729.85,1399.44,12739.57,11,2026-05-28,2026-05-26,-2,Early,60
PO-2026-0124,2026-05-18,SUP001,Madhya Herbs Pvt Ltd,RM001,Ashwagandha Root (Dried),Raw Herbs,kg,298.6,274.22,81882.09,5,4094.1,2555.33,88531.52,24,2026-06-11,2026-06-11,0,On-Time,30
PO-2026-0125,2026-05-20,SUP008,Malwa Print & Cartons,RM017,Product Labels (units),Packaging,units,8732.0,1.44,12574.08,18,2263.33,516.7,15354.11,8,2026-05-28,2026-05-28,0,On-Time,15
PO-2026-0126,2026-05-20,SUP007,Indore Packaging Solutions,RM018,Corrugated Shipping Boxes (units),Packaging,units,1001.0,33.17,33203.17,18,5976.57,1839.2,41018.94,7,2026-05-27,2026-05-27,0,On-Time,15
PO-2026-0127,2026-05-22,SUP008,Malwa Print & Cartons,RM016,Printed Cartons (units),Packaging,units,6496.0,5.0,32480.0,18,5846.4,1575.73,39902.13,8,2026-05-30,2026-05-29,-1,Early,15
PO-2026-0128,2026-05-22,SUP003,Himalayan Herb Extracts,RM009,Triphala Extract,Herbal Extracts,kg,24.0,1262.38,30297.12,12,3635.65,1935.08,35867.85,21,2026-06-12,2026-06-12,0,On-Time,45
PO-2026-0129,2026-05-22,SUP007,Indore Packaging Solutions,RM015,HDPE Bottles 100ml (units),Packaging,units,7208.0,6.61,47644.88,18,8576.08,904.6,57125.56,6,2026-05-28,2026-05-28,0,On-Time,15
PO-2026-0130,2026-05-24,SUP003,Himalayan Herb Extracts,RM006,Brahmi Extract,Herbal Extracts,kg,21.0,1342.39,28190.19,12,3382.82,1821.9,33394.91,20,2026-06-13,2026-06-17,4,Delayed,45
PO-2026-0131,2026-05-25,SUP006,Capsico Gelatin & Capsules,RM014,"Veg HPMC Capsules (Size 0, '000s)",Capsules,'000 units,13.0,877.35,11405.55,12,1368.67,1167.36,13941.58,16,2026-06-10,2026-06-10,0,On-Time,45
PO-2026-0132,2026-05-29,SUP001,Madhya Herbs Pvt Ltd,RM004,Giloy Stem (Dried),Raw Herbs,kg,189.3,235.66,44610.44,5,2230.52,1995.36,48836.32,27,2026-06-25,2026-06-25,0,On-Time,30
PO-2026-0133,2026-05-30,SUP003,Himalayan Herb Extracts,RM005,Ashwagandha Extract (5% Withanolides),Herbal Extracts,kg,47.7,1448.82,69108.71,12,8293.05,2210.71,79612.47,19,2026-06-18,2026-06-18,0,On-Time,45
PO-2026-0134,2026-06-01,SUP002,Vindhya Botanicals,RM003,Amla Fruit (Dried),Raw Herbs,kg,158.6,246.0,39015.6,5,1950.78,1598.82,42565.2,32,2026-07-03,2026-07-03,0,On-Time,30
PO-2026-0135,2026-06-02,SUP008,Malwa Print & Cartons,RM017,Product Labels (units),Packaging,units,9047.0,1.38,12484.86,18,2247.27,509.05,15241.18,8,2026-06-10,2026-06-10,0,On-Time,15
PO-2026-0136,2026-06-04,SUP004,Girnar Ayur Ingredients,RM007,Shatavari Extract,Herbal Extracts,kg,19.9,1241.78,24711.42,12,2965.37,1309.91,28986.7,17,2026-06-21,2026-06-21,0,On-Time,45
PO-2026-0137,2026-06-06,SUP006,Capsico Gelatin & Capsules,RM013,"Gelatin Capsules (Size 00, '000s)",Capsules,'000 units,26.0,484.85,12606.1,12,1512.73,1283.8,15402.63,15,2026-06-21,2026-06-21,0,On-Time,45
PO-2026-0138,2026-06-06,SUP001,Madhya Herbs Pvt Ltd,RM002,Tulsi Leaves (Dried),Raw Herbs,kg,234.0,222.55,52076.7,5,2603.84,2055.56,56736.1,31,2026-07-07,2026-07-07,0,On-Time,30
PO-2026-0139,2026-06-07,SUP007,Indore Packaging Solutions,RM015,HDPE Bottles 100ml (units),Packaging,units,6326.0,6.81,43080.06,18,7754.41,881.19,51715.66,6,2026-06-13,2026-06-13,0,On-Time,15
PO-2026-0140,2026-06-08,SUP005,Chemico Excipients Ltd,RM010,Microcrystalline Cellulose (MCC),Excipients,kg,143.0,169.01,24168.43,18,4350.32,2603.77,31122.52,13,2026-06-21,2026-06-21,0,On-Time,60
PO-2026-0141,2026-06-08,SUP007,Indore Packaging Solutions,RM018,Corrugated Shipping Boxes (units),Packaging,units,945.0,35.78,33812.1,18,6086.18,1665.35,41563.63,8,2026-06-16,2026-06-16,0,On-Time,15
PO-2026-0142,2026-06-09,SUP005,Chemico Excipients Ltd,RM012,Maize Starch,Excipients,kg,102.2,135.98,13897.16,18,2501.49,2160.95,18559.6,12,2026-06-21,2026-06-20,-1,Early,60
PO-2026-0143,2026-06-09,SUP008,Malwa Print & Cartons,RM016,Printed Cartons (units),Packaging,units,5867.0,4.91,28806.97,18,5185.25,1474.95,35467.17,10,2026-06-19,2026-06-19,0,On-Time,15
PO-2026-0144,2026-06-14,SUP002,Vindhya Botanicals,RM001,Ashwagandha Root (Dried),Raw Herbs,kg,291.9,287.15,83819.08,5,4190.95,2795.0,90805.03,33,2026-07-17,2026-07-17,0,On-Time,30
PO-2026-0145,2026-06-14,SUP004,Girnar Ayur Ingredients,RM008,Turmeric Curcumin Extract (95%),Herbal Extracts,kg,34.6,2220.46,76827.92,12,9219.35,1511.15,87558.42,25,2026-07-09,2026-07-09,0,On-Time,45
PO-2026-0146,2026-06-18,SUP005,Chemico Excipients Ltd,RM011,Magnesium Stearate,Excipients,kg,34.7,289.94,10060.92,18,1810.97,1400.76,13272.65,11,2026-06-29,2026-06-29,0,On-Time,60
PO-2026-0147,2026-06-19,SUP008,Malwa Print & Cartons,RM017,Product Labels (units),Packaging,units,9106.0,1.39,12657.34,18,2278.32,518.15,15453.81,8,2026-06-27,2026-06-27,0,On-Time,15
PO-2026-0148,2026-06-20,SUP007,Indore Packaging Solutions,RM015,HDPE Bottles 100ml (units),Packaging,units,6904.0,6.57,45359.28,18,8164.67,852.2,54376.15,9,2026-06-29,2026-06-29,0,On-Time,15
PO-2026-0149,2026-06-22,SUP006,Capsico Gelatin & Capsules,RM014,"Veg HPMC Capsules (Size 0, '000s)",Capsules,'000 units,13.0,864.37,11236.81,12,1348.42,1231.59,13816.82,15,2026-07-07,2026-07-07,0,On-Time,45
PO-2026-0150,2026-06-23,SUP003,Himalayan Herb Extracts,RM009,Triphala Extract,Herbal Extracts,kg,25.4,1188.56,30189.42,12,3622.73,2130.09,35942.24,20,2026-07-13,2026-07-13,0,On-Time,45
PO-2026-0151,2026-06-25,SUP007,Indore Packaging Solutions,RM018,Corrugated Shipping Boxes (units),Packaging,units,1083.0,34.47,37331.01,18,6719.58,1852.53,45903.12,7,2026-07-02,2026-07-02,0,On-Time,15
PO-2026-0152,2026-06-25,SUP004,Girnar Ayur Ingredients,RM005,Ashwagandha Extract (5% Withanolides),Herbal Extracts,kg,48.7,1519.8,74014.26,12,8881.71,1707.96,84603.93,27,2026-07-22,2026-07-22,0,On-Time,45
PO-2026-0153,2026-06-25,SUP001,Madhya Herbs Pvt Ltd,RM004,Giloy Stem (Dried),Raw Herbs,kg,166.0,232.99,38676.34,5,1933.82,1738.04,42348.2,34,2026-07-29,2026-07-29,0,On-Time,30
PO-2026-0154,2026-06-27,SUP008,Malwa Print & Cartons,RM016,Printed Cartons (units),Packaging,units,6461.0,4.85,31335.85,18,5640.45,1620.86,38597.16,11,2026-07-08,2026-07-08,0,On-Time,15
PO-2026-0155,2026-06-28,SUP002,Vindhya Botanicals,RM003,Amla Fruit (Dried),Raw Herbs,kg,184.9,247.37,45738.71,5,2286.94,1909.42,49935.07,32,2026-07-30,2026-07-30,0,On-Time,30
