OrderID,OrderDate,CustomerID,DistributorID,RepEmployeeID,NumLines,OrderValue
SO000001,2022-01-03,C0001,D01,E06,6,6210.0
SO000002,2022-01-15,C0001,D01,E06,3,2430.0
SO000003,2022-01-25,C0001,D01,E06,4,5428.0
SO000004,2022-02-04,C0001,D01,E06,7,5853.3
SO000005,2022-02-14,C0001,D01,E06,4,4900.0
SO000006,2022-02-28,C0001,D01,E06,7,7328.8
SO000007,2022-03-13,C0001,D01,E06,7,3808.6
SO000008,2022-03-25,C0001,D01,E06,5,2583.75
SO000009,2022-04-05,C0001,D01,E06,6,3785.0
SO000010,2022-04-19,C0001,D01,E06,6,4048.6
SO000011,2022-04-30,C0001,D01,E06,7,3471.5
SO000012,2022-05-12,C0001,D01,E06,4,2121.1
SO000013,2022-05-24,C0001,D01,E06,3,1485.6
SO000014,2022-06-07,C0001,D01,E06,3,2010.0
SO000015,2022-06-17,C0001,D01,E06,3,2695.0
SO000016,2022-06-30,C0001,D01,E06,4,3164.6
SO000017,2022-07-10,C0001,D01,E06,7,5040.0
SO000018,2022-07-23,C0001,D01,E06,5,4247.6
SO000019,2022-08-06,C0001,D01,E06,5,3725.2
SO000020,2022-08-17,C0001,D01,E06,3,1245.0
SO000021,2022-08-31,C0001,D01,E06,3,2166.2
SO000022,2022-09-14,C0001,D01,E06,6,4990.7
SO000023,2022-09-25,C0001,D01,E06,7,4505.0
SO000024,2022-10-09,C0001,D01,E06,6,5849.4
SO000025,2022-10-23,C0001,D01,E06,7,7713.35
SO000026,2022-11-02,C0001,D01,E06,4,4585.0
SO000027,2022-11-16,C0001,D01,E06,5,5756.0
SO000028,2022-11-26,C0001,D01,E06,7,5451.2
SO000029,2022-12-06,C0001,D01,E06,5,7135.0
SO000030,2022-12-17,C0001,D01,E06,5,7815.0
SO000031,2022-12-29,C0001,D01,E06,7,6578.75
SO000032,2023-01-12,C0001,D01,E06,5,3060.0
SO000033,2023-01-22,C0001,D01,E06,7,8931.1
SO000034,2023-02-05,C0001,D01,E06,3,2175.6
SO000035,2023-02-17,C0001,D01,E06,7,9240.0
SO000036,2023-03-03,C0001,D01,E06,6,3660.8
SO000037,2023-03-17,C0001,D01,E06,5,3690.0
SO000038,2023-03-28,C0001,D01,E06,7,4091.3
SO000039,2023-04-09,C0001,D01,E06,3,1640.0
SO000040,2023-04-19,C0001,D01,E06,4,2090.0
SO000041,2023-05-02,C0001,D01,E06,7,3790.0
SO000042,2023-05-12,C0001,D01,E06,3,1780.0
SO000043,2023-05-22,C0001,D01,E06,4,2701.35
SO000044,2023-06-05,C0001,D01,E06,4,2620.0
SO000045,2023-06-18,C0001,D01,E06,3,1698.8
SO000046,2023-07-01,C0001,D01,E06,6,4590.0
SO000047,2023-07-11,C0001,D01,E06,4,4097.8
SO000048,2023-07-25,C0001,D01,E06,3,2500.0
SO000049,2023-08-05,C0001,D01,E06,7,5733.1
SO000050,2023-08-16,C0001,D01,E06,3,2505.75
SO000051,2023-08-27,C0001,D01,E06,5,4759.45
SO000052,2023-09-06,C0001,D01,E06,5,3070.0
SO000053,2023-09-19,C0001,D01,E06,6,5228.7
SO000054,2023-10-01,C0001,D01,E06,7,6447.6
SO000055,2023-10-14,C0001,D01,E06,7,5330.8
SO000056,2023-10-26,C0001,D01,E06,6,4160.6
SO000057,2023-11-06,C0001,D01,E06,6,9325.2
SO000058,2023-11-17,C0001,D01,E06,5,6860.0
SO000059,2023-11-27,C0001,D01,E06,6,5820.0
SO000060,2023-12-10,C0001,D01,E06,5,7480.0
SO000061,2023-12-22,C0001,D01,E06,6,6897.7
SO000062,2024-01-03,C0001,D01,E06,3,2555.0
SO000063,2024-01-13,C0001,D01,E06,6,8611.05
SO000064,2024-01-27,C0001,D01,E06,6,6620.0
SO000065,2024-02-09,C0001,D01,E06,5,6545.0
SO000066,2024-02-23,C0001,D01,E06,6,8904.2
SO000067,2024-03-06,C0001,D01,E06,4,2971.1
SO000068,2024-03-17,C0001,D01,E06,5,2421.3
SO000069,2024-03-27,C0001,D01,E06,6,4535.0
SO000070,2024-04-09,C0001,D01,E06,6,3230.0
SO000071,2024-04-23,C0001,D01,E06,3,1955.0
SO000072,2024-05-04,C0001,D01,E06,7,3726.1
SO000073,2024-05-14,C0001,D01,E06,7,4914.85
SO000074,2024-05-26,C0001,D01,E06,6,3127.5
SO000075,2024-06-07,C0001,D01,E06,3,2275.0
SO000076,2024-06-17,C0001,D01,E06,7,7984.1
SO000077,2024-06-29,C0001,D01,E06,6,4253.4
SO000078,2024-07-11,C0001,D01,E06,6,4305.0
SO000079,2024-07-21,C0001,D01,E06,7,6511.65
SO000080,2024-08-02,C0001,D01,E06,7,6215.0
SO000081,2024-08-13,C0001,D01,E06,4,3865.0
SO000082,2024-08-23,C0001,D01,E06,5,3445.0
SO000083,2024-09-03,C0001,D01,E06,5,4050.0
SO000084,2024-09-15,C0001,D01,E06,4,3749.1
SO000085,2024-09-29,C0001,D01,E06,7,6135.0
SO000086,2024-10-13,C0001,D01,E06,5,6372.75
SO000087,2024-10-27,C0001,D01,E06,7,7566.75
SO000088,2024-11-10,C0001,D01,E06,5,4754.3
SO000089,2024-11-24,C0001,D01,E06,4,4143.8
SO000090,2024-12-07,C0001,D01,E06,4,6760.0
SO000091,2024-12-20,C0001,D01,E06,4,3510.0
SO000092,2022-01-10,C0002,D01,E07,3,2507.5
SO000093,2022-01-20,C0002,D01,E07,6,5098.75
SO000094,2022-01-30,C0002,D01,E07,5,3740.0
SO000095,2022-02-11,C0002,D01,E07,3,3190.0
SO000096,2022-02-21,C0002,D01,E07,6,5520.6
SO000097,2022-03-06,C0002,D01,E07,3,2603.4
SO000098,2022-03-18,C0002,D01,E07,3,2100.0
SO000099,2022-03-30,C0002,D01,E07,6,3618.35
SO000100,2022-04-10,C0002,D01,E07,4,2060.0
SO000101,2022-04-22,C0002,D01,E07,3,1490.0
SO000102,2022-05-05,C0002,D01,E07,6,3122.85
SO000103,2022-05-18,C0002,D01,E07,7,3715.0
SO000104,2022-05-28,C0002,D01,E07,4,2695.0
SO000105,2022-06-11,C0002,D01,E07,3,2397.7
SO000106,2022-06-21,C0002,D01,E07,5,4361.1
SO000107,2022-07-05,C0002,D01,E07,6,3079.0
SO000108,2022-07-15,C0002,D01,E07,6,3583.55
SO000109,2022-07-26,C0002,D01,E07,6,4542.6
SO000110,2022-08-07,C0002,D01,E07,3,2131.9
SO000111,2022-08-17,C0002,D01,E07,7,5880.0
SO000112,2022-08-27,C0002,D01,E07,4,3135.0
SO000113,2022-09-07,C0002,D01,E07,4,3020.0
SO000114,2022-09-20,C0002,D01,E07,3,1955.0
SO000115,2022-10-02,C0002,D01,E07,4,3394.4
SO000116,2022-10-15,C0002,D01,E07,3,2941.75
SO000117,2022-10-25,C0002,D01,E07,4,4265.25
SO000118,2022-11-05,C0002,D01,E07,4,2725.0
SO000119,2022-11-19,C0002,D01,E07,4,3272.4
SO000120,2022-11-29,C0002,D01,E07,6,3656.2
SO000121,2022-12-13,C0002,D01,E07,5,5340.0
SO000122,2022-12-25,C0002,D01,E07,5,4646.65
SO000123,2023-01-05,C0002,D01,E07,3,3315.0
SO000124,2023-01-15,C0002,D01,E07,3,4394.25
SO000125,2023-01-27,C0002,D01,E07,4,3705.0
SO000126,2023-02-08,C0002,D01,E07,7,10125.0
SO000127,2023-02-19,C0002,D01,E07,7,8849.35
SO000128,2023-03-04,C0002,D01,E07,4,1352.4
SO000129,2023-03-14,C0002,D01,E07,3,2115.05
SO000130,2023-03-27,C0002,D01,E07,7,4335.7
SO000131,2023-04-06,C0002,D01,E07,3,1508.25
SO000132,2023-04-17,C0002,D01,E07,7,4227.2
SO000133,2023-04-30,C0002,D01,E07,6,4410.8
SO000134,2023-05-11,C0002,D01,E07,7,5070.0
SO000135,2023-05-22,C0002,D01,E07,3,1225.0
SO000136,2023-06-02,C0002,D01,E07,4,2215.0
SO000137,2023-06-15,C0002,D01,E07,3,1585.0
SO000138,2023-06-27,C0002,D01,E07,6,3985.0
SO000139,2023-07-07,C0002,D01,E07,4,3655.0
SO000140,2023-07-21,C0002,D01,E07,6,3631.9
SO000141,2023-08-02,C0002,D01,E07,4,3785.0
SO000142,2023-08-13,C0002,D01,E07,7,3615.1
SO000143,2023-08-24,C0002,D01,E07,4,3095.0
SO000144,2023-09-07,C0002,D01,E07,4,3185.7
SO000145,2023-09-19,C0002,D01,E07,6,4515.0
SO000146,2023-10-02,C0002,D01,E07,6,3452.35
SO000147,2023-10-12,C0002,D01,E07,3,2445.0
SO000148,2023-10-24,C0002,D01,E07,4,4953.05
SO000149,2023-11-06,C0002,D01,E07,5,4855.2
SO000150,2023-11-16,C0002,D01,E07,4,6060.0
SO000151,2023-11-26,C0002,D01,E07,4,4433.8
SO000152,2023-12-08,C0002,D01,E07,3,3975.0
SO000153,2023-12-21,C0002,D01,E07,6,6252.35
SO000154,2024-01-04,C0002,D01,E07,5,7142.8
SO000155,2024-01-15,C0002,D01,E07,6,6672.7
SO000156,2024-01-28,C0002,D01,E07,4,4815.0
SO000157,2024-02-09,C0002,D01,E07,4,5370.0
SO000158,2024-02-23,C0002,D01,E07,3,3755.0
SO000159,2024-03-07,C0002,D01,E07,6,4214.4
SO000160,2024-03-19,C0002,D01,E07,7,4420.0
SO000161,2024-03-31,C0002,D01,E07,3,2070.0
SO000162,2024-04-14,C0002,D01,E07,7,7750.0
SO000163,2024-04-27,C0002,D01,E07,3,1314.4
SO000164,2024-05-07,C0002,D01,E07,3,2232.5
SO000165,2024-05-18,C0002,D01,E07,3,2040.0
SO000166,2024-05-31,C0002,D01,E07,5,2922.5
SO000167,2024-06-11,C0002,D01,E07,4,4133.2
SO000168,2024-06-22,C0002,D01,E07,7,6270.0
SO000169,2024-07-05,C0002,D01,E07,4,3299.8
SO000170,2024-07-19,C0002,D01,E07,4,3520.0
SO000171,2024-07-30,C0002,D01,E07,3,3300.0
SO000172,2024-08-09,C0002,D01,E07,6,4292.6
SO000173,2024-08-21,C0002,D01,E07,7,6106.75
SO000174,2024-08-31,C0002,D01,E07,3,3084.5
SO000175,2024-09-10,C0002,D01,E07,5,3478.0
SO000176,2024-09-22,C0002,D01,E07,7,6036.25
SO000177,2024-10-06,C0002,D01,E07,4,3432.0
SO000178,2024-10-20,C0002,D01,E07,7,6686.1
SO000179,2024-11-02,C0002,D01,E07,3,3410.85
SO000180,2024-11-13,C0002,D01,E07,5,8780.0
SO000181,2024-11-27,C0002,D01,E07,3,3305.0
SO000182,2024-12-11,C0002,D01,E07,5,5164.55
SO000183,2024-12-24,C0002,D01,E07,4,7450.0
SO000184,2022-01-08,C0003,D01,E08,3,1645.0
SO000185,2022-01-25,C0003,D01,E08,4,1695.0
SO000186,2022-02-11,C0003,D01,E08,4,1665.0
SO000187,2022-02-24,C0003,D01,E08,3,2360.0
SO000188,2022-03-13,C0003,D01,E08,4,1636.35
SO000189,2022-03-26,C0003,D01,E08,7,2310.0
SO000190,2022-04-09,C0003,D01,E08,4,1248.4
SO000191,2022-04-23,C0003,D01,E08,3,672.0
SO000192,2022-05-06,C0003,D01,E08,6,1990.0
SO000193,2022-05-22,C0003,D01,E08,6,2137.4
SO000194,2022-06-07,C0003,D01,E08,3,1250.0
SO000195,2022-06-21,C0003,D01,E08,6,2625.0
SO000196,2022-07-05,C0003,D01,E08,6,2831.6
SO000197,2022-07-21,C0003,D01,E08,4,1620.0
SO000198,2022-08-06,C0003,D01,E08,5,1574.8
SO000199,2022-08-22,C0003,D01,E08,3,1158.75
SO000200,2022-09-06,C0003,D01,E08,4,2317.3
SO000201,2022-09-23,C0003,D01,E08,4,2415.0
SO000202,2022-10-09,C0003,D01,E08,6,2375.55
SO000203,2022-10-23,C0003,D01,E08,6,3281.75
SO000204,2022-11-07,C0003,D01,E08,3,1385.0
SO000205,2022-11-24,C0003,D01,E08,5,1691.05
SO000206,2022-12-08,C0003,D01,E08,4,2021.1
SO000207,2022-12-25,C0003,D01,E08,3,1360.0
SO000208,2023-01-07,C0003,D01,E08,4,2385.0
SO000209,2023-01-22,C0003,D01,E08,7,4987.8
SO000210,2023-02-06,C0003,D01,E08,5,1990.0
SO000211,2023-02-21,C0003,D01,E08,4,1185.0
SO000212,2023-03-07,C0003,D01,E08,5,1890.0
SO000213,2023-03-20,C0003,D01,E08,6,2622.0
SO000214,2023-04-02,C0003,D01,E08,3,1075.0
SO000215,2023-04-15,C0003,D01,E08,3,780.0
SO000216,2023-04-29,C0003,D01,E08,4,1838.7
SO000217,2023-05-15,C0003,D01,E08,3,700.0
SO000218,2023-05-30,C0003,D01,E08,6,2607.85
SO000219,2023-06-15,C0003,D01,E08,3,1117.95
SO000220,2023-07-02,C0003,D01,E08,4,1660.2
SO000221,2023-07-17,C0003,D01,E08,5,1545.0
SO000222,2023-08-02,C0003,D01,E08,4,2385.0
SO000223,2023-08-19,C0003,D01,E08,4,1435.65
SO000224,2023-09-01,C0003,D01,E08,5,1422.35
SO000225,2023-09-17,C0003,D01,E08,3,1097.15
SO000226,2023-10-03,C0003,D01,E08,4,2415.0
SO000227,2023-10-17,C0003,D01,E08,6,3458.25
SO000228,2023-10-30,C0003,D01,E08,3,1459.5
SO000229,2023-11-14,C0003,D01,E08,4,2723.45
SO000230,2023-11-29,C0003,D01,E08,5,2260.0
SO000231,2023-12-15,C0003,D01,E08,6,3425.05
SO000232,2024-01-01,C0003,D01,E08,4,3408.0
SO000233,2024-01-14,C0003,D01,E08,5,4094.8
SO000234,2024-01-31,C0003,D01,E08,3,1610.0
SO000235,2024-02-16,C0003,D01,E08,3,1923.2
SO000236,2024-02-29,C0003,D01,E08,7,5205.0
SO000237,2024-03-16,C0003,D01,E08,7,2505.2
SO000238,2024-04-01,C0003,D01,E08,6,2097.8
SO000239,2024-04-15,C0003,D01,E08,4,1718.8
SO000240,2024-05-02,C0003,D01,E08,3,1365.0
SO000241,2024-05-18,C0003,D01,E08,3,900.0
SO000242,2024-06-04,C0003,D01,E08,5,2459.9
SO000243,2024-06-19,C0003,D01,E08,5,2420.0
SO000244,2024-07-06,C0003,D01,E08,4,2805.0
SO000245,2024-07-23,C0003,D01,E08,4,2065.0
SO000246,2024-08-08,C0003,D01,E08,4,1485.6
SO000247,2024-08-24,C0003,D01,E08,3,1365.6
SO000248,2024-09-06,C0003,D01,E08,3,1085.0
SO000249,2024-09-23,C0003,D01,E08,6,3178.0
SO000250,2024-10-07,C0003,D01,E08,4,2240.2
SO000251,2024-10-23,C0003,D01,E08,6,3273.85
SO000252,2024-11-09,C0003,D01,E08,6,4717.2
SO000253,2024-11-22,C0003,D01,E08,3,1570.0
SO000254,2024-12-06,C0003,D01,E08,6,4852.95
SO000255,2024-12-20,C0003,D01,E08,4,4881.6
SO000256,2022-01-03,C0004,D02,E09,4,2510.0
SO000257,2022-01-20,C0004,D02,E09,7,3863.9
SO000258,2022-02-05,C0004,D02,E09,6,2735.0
SO000259,2022-02-22,C0004,D02,E09,3,2410.0
SO000260,2022-03-11,C0004,D02,E09,6,2040.0
SO000261,2022-03-25,C0004,D02,E09,4,1230.0
SO000262,2022-04-09,C0004,D02,E09,6,2427.8
SO000263,2022-04-25,C0004,D02,E09,5,1393.1
SO000264,2022-05-10,C0004,D02,E09,4,1053.7
SO000265,2022-05-26,C0004,D02,E09,5,2183.6
SO000266,2022-06-12,C0004,D02,E09,5,2573.6
SO000267,2022-06-25,C0004,D02,E09,3,1050.0
SO000268,2022-07-11,C0004,D02,E09,6,2444.3
SO000269,2022-07-25,C0004,D02,E09,3,1045.0
SO000270,2022-08-08,C0004,D02,E09,6,2231.1
SO000271,2022-08-23,C0004,D02,E09,5,1445.0
SO000272,2022-09-05,C0004,D02,E09,5,1520.2
SO000273,2022-09-18,C0004,D02,E09,4,1575.9
SO000274,2022-10-01,C0004,D02,E09,3,1012.7
SO000275,2022-10-14,C0004,D02,E09,3,1130.5
SO000276,2022-10-31,C0004,D02,E09,6,1635.0
SO000277,2022-11-13,C0004,D02,E09,5,2783.8
SO000278,2022-11-29,C0004,D02,E09,6,2300.0
SO000279,2022-12-12,C0004,D02,E09,7,4552.0
SO000280,2022-12-27,C0004,D02,E09,3,2050.0
SO000281,2023-01-09,C0004,D02,E09,5,3905.0
SO000282,2023-01-25,C0004,D02,E09,4,1704.5
SO000283,2023-02-07,C0004,D02,E09,7,6345.0
SO000284,2023-02-21,C0004,D02,E09,6,2343.0
SO000285,2023-03-06,C0004,D02,E09,3,1032.2
SO000286,2023-03-22,C0004,D02,E09,7,2134.3
SO000287,2023-04-07,C0004,D02,E09,7,1474.2
SO000288,2022-01-01,C0005,D02,E10,4,4258.7
SO000289,2022-01-12,C0005,D02,E10,5,3738.3
SO000290,2022-01-24,C0005,D02,E10,7,7912.0
SO000291,2022-02-03,C0005,D02,E10,5,5270.0
SO000292,2022-02-17,C0005,D02,E10,3,2030.0
SO000293,2022-03-01,C0005,D02,E10,3,1480.0
SO000294,2022-03-12,C0005,D02,E10,4,1955.0
SO000295,2022-03-22,C0005,D02,E10,5,2665.0
SO000296,2022-04-03,C0005,D02,E10,4,1960.0
SO000297,2022-04-15,C0005,D02,E10,6,3617.35
SO000298,2022-04-27,C0005,D02,E10,3,1746.35
SO000299,2022-05-08,C0005,D02,E10,6,3875.0
SO000300,2022-05-20,C0005,D02,E10,6,3785.0
SO000301,2022-06-01,C0005,D02,E10,7,5380.0
SO000302,2022-06-15,C0005,D02,E10,7,5675.4
SO000303,2022-06-29,C0005,D02,E10,4,3430.0
SO000304,2022-07-13,C0005,D02,E10,6,3724.35
SO000305,2022-07-24,C0005,D02,E10,3,2320.8
SO000306,2022-08-06,C0005,D02,E10,5,3800.0
SO000307,2022-08-20,C0005,D02,E10,6,5382.2
SO000308,2022-09-03,C0005,D02,E10,6,3108.3
SO000309,2022-09-15,C0005,D02,E10,3,2610.0
SO000310,2022-09-25,C0005,D02,E10,4,3863.7
SO000311,2022-10-06,C0005,D02,E10,5,2406.6
SO000312,2022-10-17,C0005,D02,E10,5,6187.55
SO000313,2022-10-29,C0005,D02,E10,5,5582.2
SO000314,2022-11-08,C0005,D02,E10,4,4326.25
SO000315,2022-11-21,C0005,D02,E10,5,6900.0
SO000316,2022-12-03,C0005,D02,E10,7,8485.2
SO000317,2022-12-16,C0005,D02,E10,4,9163.65
SO000318,2022-12-29,C0005,D02,E10,4,4740.0
SO000319,2023-01-10,C0005,D02,E10,3,3105.0
SO000320,2023-01-23,C0005,D02,E10,3,3000.0
SO000321,2023-02-02,C0005,D02,E10,3,2396.2
SO000322,2023-02-16,C0005,D02,E10,3,3495.0
SO000323,2023-02-28,C0005,D02,E10,6,6280.0
SO000324,2023-03-11,C0005,D02,E10,7,4265.0
SO000325,2023-03-22,C0005,D02,E10,5,1945.3
SO000326,2023-04-04,C0005,D02,E10,7,5560.4
SO000327,2023-04-15,C0005,D02,E10,6,3606.1
SO000328,2023-04-29,C0005,D02,E10,4,2643.7
SO000329,2023-05-09,C0005,D02,E10,5,3412.9
SO000330,2023-05-22,C0005,D02,E10,7,4317.9
SO000331,2023-06-04,C0005,D02,E10,4,2592.5
SO000332,2023-06-18,C0005,D02,E10,7,6377.6
SO000333,2023-06-29,C0005,D02,E10,3,2920.0
SO000334,2023-07-09,C0005,D02,E10,6,6210.0
SO000335,2023-07-20,C0005,D02,E10,4,3455.0
SO000336,2023-08-01,C0005,D02,E10,3,3350.0
SO000337,2023-08-15,C0005,D02,E10,6,5081.1
SO000338,2023-08-29,C0005,D02,E10,5,2915.0
SO000339,2023-09-08,C0005,D02,E10,6,3536.5
SO000340,2023-09-20,C0005,D02,E10,7,5722.5
SO000341,2023-10-04,C0005,D02,E10,7,5170.4
SO000342,2023-10-14,C0005,D02,E10,7,6781.65
SO000343,2023-10-26,C0005,D02,E10,5,4282.8
SO000344,2023-11-05,C0005,D02,E10,3,2303.4
SO000345,2023-11-18,C0005,D02,E10,4,2907.6
SO000346,2023-11-30,C0005,D02,E10,6,6955.0
SO000347,2023-12-12,C0005,D02,E10,6,6336.2
SO000348,2023-12-24,C0005,D02,E10,3,2941.65
SO000349,2024-01-05,C0005,D02,E10,6,7275.0
SO000350,2024-01-17,C0005,D02,E10,6,4113.0
SO000351,2024-01-31,C0005,D02,E10,6,8819.3
SO000352,2024-02-13,C0005,D02,E10,5,6459.65
SO000353,2024-02-27,C0005,D02,E10,3,4065.85
SO000354,2024-03-10,C0005,D02,E10,7,4054.9
SO000355,2024-03-23,C0005,D02,E10,7,4850.0
SO000356,2024-04-04,C0005,D02,E10,3,1822.0
SO000357,2024-04-16,C0005,D02,E10,7,4617.4
SO000358,2024-04-30,C0005,D02,E10,6,5182.8
SO000359,2024-05-14,C0005,D02,E10,7,4022.3
SO000360,2024-05-26,C0005,D02,E10,6,4112.5
SO000361,2024-06-05,C0005,D02,E10,6,5225.0
SO000362,2024-06-15,C0005,D02,E10,4,3270.0
SO000363,2024-06-26,C0005,D02,E10,5,4590.0
SO000364,2024-07-10,C0005,D02,E10,5,5930.0
SO000365,2024-07-24,C0005,D02,E10,6,5245.0
SO000366,2024-08-06,C0005,D02,E10,6,6535.0
SO000367,2024-08-18,C0005,D02,E10,4,4835.0
SO000368,2024-08-30,C0005,D02,E10,3,2454.0
SO000369,2024-09-13,C0005,D02,E10,5,2895.0
SO000370,2024-09-26,C0005,D02,E10,7,4725.5
SO000371,2024-10-08,C0005,D02,E10,7,9750.1
SO000372,2024-10-22,C0005,D02,E10,6,6043.75
SO000373,2024-11-03,C0005,D02,E10,6,5990.7
SO000374,2024-11-16,C0005,D02,E10,3,4130.0
SO000375,2024-11-26,C0005,D02,E10,3,3416.9
SO000376,2024-12-06,C0005,D02,E10,6,7641.95
SO000377,2024-12-16,C0005,D02,E10,7,6358.5
SO000378,2024-12-30,C0005,D02,E10,7,9837.5
SO000379,2022-01-12,C0006,D02,E11,5,4194.15
SO000380,2022-01-24,C0006,D02,E11,5,4995.7
SO000381,2022-02-05,C0006,D02,E11,3,2681.2
SO000382,2022-02-19,C0006,D02,E11,4,2450.95
SO000383,2022-03-04,C0006,D02,E11,6,3980.0
SO000384,2022-03-14,C0006,D02,E11,5,2828.2
SO000385,2022-03-28,C0006,D02,E11,3,965.0
SO000386,2022-04-11,C0006,D02,E11,7,4190.0
SO000387,2022-04-25,C0006,D02,E11,6,3465.0
SO000388,2022-05-08,C0006,D02,E11,6,3082.8
SO000389,2022-05-20,C0006,D02,E11,4,2161.1
SO000390,2022-06-03,C0006,D02,E11,7,4122.1
SO000391,2022-06-16,C0006,D02,E11,5,3910.0
SO000392,2022-06-27,C0006,D02,E11,4,2401.6
SO000393,2022-07-07,C0006,D02,E11,3,2155.0
SO000394,2022-07-17,C0006,D02,E11,6,3210.0
SO000395,2022-07-29,C0006,D02,E11,6,4925.0
SO000396,2022-08-09,C0006,D02,E11,3,1980.0
SO000397,2022-08-22,C0006,D02,E11,4,2530.0
SO000398,2022-09-02,C0006,D02,E11,4,2623.7
SO000399,2022-09-13,C0006,D02,E11,4,2030.0
SO000400,2022-09-24,C0006,D02,E11,5,3265.0
SO000401,2022-10-06,C0006,D02,E11,6,3379.8
SO000402,2022-10-17,C0006,D02,E11,4,5407.55
SO000403,2022-10-31,C0006,D02,E11,4,2645.0
SO000404,2022-11-12,C0006,D02,E11,7,6548.4
SO000405,2022-11-25,C0006,D02,E11,5,5317.1
SO000406,2022-12-06,C0006,D02,E11,5,4135.0
SO000407,2022-12-18,C0006,D02,E11,6,7828.05
SO000408,2023-01-01,C0006,D02,E11,6,5474.7
SO000409,2023-01-15,C0006,D02,E11,6,3970.7
SO000410,2023-01-26,C0006,D02,E11,6,6500.0
SO000411,2023-02-09,C0006,D02,E11,3,3745.0
SO000412,2023-02-23,C0006,D02,E11,3,3640.2
SO000413,2023-03-05,C0006,D02,E11,6,3525.0
SO000414,2023-03-18,C0006,D02,E11,5,2685.0
SO000415,2023-03-28,C0006,D02,E11,6,3621.0
SO000416,2023-04-11,C0006,D02,E11,6,5013.6
SO000417,2023-04-22,C0006,D02,E11,5,2245.0
SO000418,2023-05-04,C0006,D02,E11,3,1710.0
SO000419,2023-05-17,C0006,D02,E11,6,4145.0
SO000420,2023-05-27,C0006,D02,E11,3,1972.9
SO000421,2023-06-09,C0006,D02,E11,5,4096.6
SO000422,2023-06-23,C0006,D02,E11,4,3252.45
SO000423,2023-07-06,C0006,D02,E11,3,2261.5
SO000424,2023-07-20,C0006,D02,E11,4,2380.0
SO000425,2023-07-31,C0006,D02,E11,7,5464.3
SO000426,2023-08-14,C0006,D02,E11,6,5510.0
SO000427,2023-08-26,C0006,D02,E11,3,1648.4
SO000428,2023-09-05,C0006,D02,E11,5,4261.8
SO000429,2023-09-17,C0006,D02,E11,6,3626.2
SO000430,2023-10-01,C0006,D02,E11,3,1510.0
SO000431,2023-10-11,C0006,D02,E11,3,2670.05
SO000432,2023-10-24,C0006,D02,E11,6,4446.85
SO000433,2023-11-06,C0006,D02,E11,4,7704.5
SO000434,2023-11-16,C0006,D02,E11,4,5391.8
SO000435,2023-11-27,C0006,D02,E11,4,3850.0
SO000436,2023-12-09,C0006,D02,E11,4,4652.35
SO000437,2023-12-21,C0006,D02,E11,6,7150.0
SO000438,2023-12-31,C0006,D02,E11,5,6225.0
SO000439,2024-01-14,C0006,D02,E11,5,6184.1
SO000440,2024-01-27,C0006,D02,E11,4,6296.15
SO000441,2024-02-07,C0006,D02,E11,4,4202.8
SO000442,2024-02-20,C0006,D02,E11,3,2520.0
SO000443,2024-03-04,C0006,D02,E11,4,1818.3
SO000444,2024-03-15,C0006,D02,E11,3,2310.0
SO000445,2024-03-26,C0006,D02,E11,6,3160.0
SO000446,2024-04-09,C0006,D02,E11,7,4420.0
SO000447,2024-04-19,C0006,D02,E11,6,4830.0
SO000448,2024-04-29,C0006,D02,E11,7,3145.0
SO000449,2024-05-12,C0006,D02,E11,7,4626.9
SO000450,2024-05-23,C0006,D02,E11,3,2355.0
SO000451,2024-06-05,C0006,D02,E11,7,6155.0
SO000452,2024-06-16,C0006,D02,E11,5,3908.95
SO000453,2024-06-30,C0006,D02,E11,4,3935.0
SO000454,2024-07-14,C0006,D02,E11,3,1600.0
SO000455,2024-07-24,C0006,D02,E11,5,5127.6
SO000456,2024-08-07,C0006,D02,E11,3,3200.0
SO000457,2024-08-21,C0006,D02,E11,3,1950.0
SO000458,2024-08-31,C0006,D02,E11,7,3434.25
SO000459,2024-09-12,C0006,D02,E11,7,7634.0
SO000460,2024-09-26,C0006,D02,E11,5,4740.0
SO000461,2024-10-07,C0006,D02,E11,7,7032.4
SO000462,2024-10-20,C0006,D02,E11,3,2685.0
SO000463,2024-11-02,C0006,D02,E11,5,7386.25
SO000464,2024-11-13,C0006,D02,E11,4,4832.0
SO000465,2024-11-26,C0006,D02,E11,3,3020.0
SO000466,2024-12-06,C0006,D02,E11,5,6888.7
SO000467,2024-12-20,C0006,D02,E11,6,7219.6
SO000468,2024-12-31,C0006,D02,E11,4,3804.6
SO000469,2022-01-12,C0007,D01,E06,4,1367.5
SO000470,2022-01-27,C0007,D01,E06,6,3680.8
SO000471,2022-02-11,C0007,D01,E06,3,1500.0
SO000472,2022-02-24,C0007,D01,E06,6,3170.0
SO000473,2022-03-13,C0007,D01,E06,4,775.0
SO000474,2022-03-30,C0007,D01,E06,4,1488.6
SO000475,2022-04-15,C0007,D01,E06,5,1440.0
SO000476,2022-04-28,C0007,D01,E06,5,1265.0
SO000477,2022-05-12,C0007,D01,E06,7,2670.0
SO000478,2022-05-27,C0007,D01,E06,6,1380.4
SO000479,2022-06-10,C0007,D01,E06,3,1503.6
SO000480,2022-06-23,C0007,D01,E06,7,2497.4
SO000481,2022-07-10,C0007,D01,E06,5,2555.6
SO000482,2022-07-24,C0007,D01,E06,3,1405.0
SO000483,2022-08-07,C0007,D01,E06,4,1950.25
SO000484,2022-08-23,C0007,D01,E06,3,1700.0
SO000485,2022-09-07,C0007,D01,E06,3,2040.0
SO000486,2022-09-24,C0007,D01,E06,4,1185.0
SO000487,2022-10-07,C0007,D01,E06,7,2068.8
SO000488,2022-10-22,C0007,D01,E06,7,4711.4
SO000489,2022-11-07,C0007,D01,E06,3,1276.45
SO000490,2022-11-22,C0007,D01,E06,7,2546.45
SO000491,2022-12-08,C0007,D01,E06,4,2406.1
SO000492,2022-12-25,C0007,D01,E06,5,3080.0
SO000493,2023-01-10,C0007,D01,E06,3,1080.0
SO000494,2023-01-25,C0007,D01,E06,4,2577.2
SO000495,2023-02-07,C0007,D01,E06,4,2644.35
SO000496,2023-02-23,C0007,D01,E06,6,5068.55
SO000497,2023-03-09,C0007,D01,E06,4,1275.0
SO000498,2023-03-25,C0007,D01,E06,6,1774.6
SO000499,2023-04-10,C0007,D01,E06,7,2940.0
SO000500,2023-04-23,C0007,D01,E06,4,1330.0
SO000501,2023-05-08,C0007,D01,E06,5,1565.0
SO000502,2023-05-25,C0007,D01,E06,7,2961.25
SO000503,2023-06-10,C0007,D01,E06,3,1027.5
SO000504,2023-06-26,C0007,D01,E06,3,1395.0
SO000505,2023-07-13,C0007,D01,E06,3,720.0
SO000506,2023-07-28,C0007,D01,E06,6,2889.6
SO000507,2023-08-12,C0007,D01,E06,5,1965.0
SO000508,2023-08-27,C0007,D01,E06,6,2040.0
SO000509,2023-09-12,C0007,D01,E06,6,3055.0
SO000510,2023-09-26,C0007,D01,E06,7,2577.5
SO000511,2023-10-12,C0007,D01,E06,5,2194.7
SO000512,2023-10-25,C0007,D01,E06,5,2505.0
SO000513,2023-11-10,C0007,D01,E06,5,3515.0
SO000514,2023-11-25,C0007,D01,E06,6,3923.6
SO000515,2023-12-11,C0007,D01,E06,3,1610.0
SO000516,2023-12-27,C0007,D01,E06,4,2345.0
SO000517,2024-01-10,C0007,D01,E06,4,4060.0
SO000518,2024-01-26,C0007,D01,E06,7,4755.7
SO000519,2024-02-12,C0007,D01,E06,4,2320.0
SO000520,2024-02-28,C0007,D01,E06,5,3724.2
SO000521,2024-03-15,C0007,D01,E06,6,2635.0
SO000522,2024-03-30,C0007,D01,E06,4,1245.0
SO000523,2024-04-13,C0007,D01,E06,6,2370.0
SO000524,2022-01-02,C0008,D01,E07,5,6409.0
SO000525,2022-01-12,C0008,D01,E07,6,8410.0
SO000526,2022-01-23,C0008,D01,E07,7,13139.2
SO000527,2022-01-30,C0008,D01,E07,6,7497.4
SO000528,2022-02-07,C0008,D01,E07,6,10840.0
SO000529,2022-02-18,C0008,D01,E07,3,3474.8
SO000530,2022-02-27,C0008,D01,E07,6,7160.0
SO000531,2022-03-06,C0008,D01,E07,6,4625.0
SO000532,2022-03-15,C0008,D01,E07,5,2987.0
SO000533,2022-03-22,C0008,D01,E07,6,4330.0
SO000534,2022-03-31,C0008,D01,E07,6,3972.15
SO000535,2022-04-07,C0008,D01,E07,4,3629.2
SO000536,2022-04-14,C0008,D01,E07,5,4730.0
SO000537,2022-04-21,C0008,D01,E07,3,3250.0
SO000538,2022-05-02,C0008,D01,E07,6,6820.0
SO000539,2022-05-12,C0008,D01,E07,7,5335.6
SO000540,2022-05-21,C0008,D01,E07,3,2485.0
SO000541,2022-05-29,C0008,D01,E07,3,2355.0
SO000542,2022-06-06,C0008,D01,E07,6,8027.2
SO000543,2022-06-14,C0008,D01,E07,5,2832.25
SO000544,2022-06-24,C0008,D01,E07,3,3090.0
SO000545,2022-07-05,C0008,D01,E07,7,9142.5
SO000546,2022-07-15,C0008,D01,E07,6,6484.75
SO000547,2022-07-25,C0008,D01,E07,5,5845.0
SO000548,2022-08-01,C0008,D01,E07,6,5815.0
SO000549,2022-08-08,C0008,D01,E07,7,10140.0
SO000550,2022-08-16,C0008,D01,E07,6,8930.0
SO000551,2022-08-26,C0008,D01,E07,6,7230.0
SO000552,2022-09-02,C0008,D01,E07,6,7670.0
SO000553,2022-09-10,C0008,D01,E07,6,8245.0
SO000554,2022-09-18,C0008,D01,E07,6,5397.95
SO000555,2022-09-26,C0008,D01,E07,5,7018.35
SO000556,2022-10-05,C0008,D01,E07,6,11579.4
SO000557,2022-10-13,C0008,D01,E07,5,7480.0
SO000558,2022-10-24,C0008,D01,E07,5,8246.15
SO000559,2022-11-02,C0008,D01,E07,3,8329.2
SO000560,2022-11-10,C0008,D01,E07,3,5345.0
SO000561,2022-11-19,C0008,D01,E07,7,9750.0
SO000562,2022-11-29,C0008,D01,E07,5,6130.0
SO000563,2022-12-07,C0008,D01,E07,5,9066.25
SO000564,2022-12-15,C0008,D01,E07,7,13603.8
SO000565,2022-12-24,C0008,D01,E07,4,6698.05
SO000566,2023-01-03,C0008,D01,E07,6,9287.3
SO000567,2023-01-10,C0008,D01,E07,3,4461.1
SO000568,2023-01-19,C0008,D01,E07,3,8275.0
SO000569,2023-01-27,C0008,D01,E07,4,6085.0
SO000570,2023-02-04,C0008,D01,E07,5,6680.0
SO000571,2023-02-13,C0008,D01,E07,5,9488.0
SO000572,2023-02-22,C0008,D01,E07,5,14824.6
SO000573,2023-03-04,C0008,D01,E07,6,5545.0
SO000574,2023-03-11,C0008,D01,E07,5,4681.6
SO000575,2023-03-20,C0008,D01,E07,5,3569.5
SO000576,2023-03-28,C0008,D01,E07,4,2906.2
SO000577,2023-04-08,C0008,D01,E07,3,2100.0
SO000578,2023-04-17,C0008,D01,E07,3,4129.35
SO000579,2023-04-28,C0008,D01,E07,6,7445.3
SO000580,2023-05-09,C0008,D01,E07,7,7225.0
SO000581,2023-05-20,C0008,D01,E07,4,3115.0
SO000582,2023-05-28,C0008,D01,E07,6,7215.0
SO000583,2023-06-05,C0008,D01,E07,5,4451.1
SO000584,2023-06-12,C0008,D01,E07,7,6759.8
SO000585,2023-06-22,C0008,D01,E07,4,3800.0
SO000586,2023-07-01,C0008,D01,E07,6,7710.1
SO000587,2023-07-08,C0008,D01,E07,5,8365.0
SO000588,2023-07-18,C0008,D01,E07,7,8360.0
SO000589,2023-07-27,C0008,D01,E07,6,6790.0
SO000590,2023-08-06,C0008,D01,E07,3,4590.0
SO000591,2023-08-16,C0008,D01,E07,3,3120.1
SO000592,2023-08-24,C0008,D01,E07,3,3890.0
SO000593,2023-09-04,C0008,D01,E07,5,5650.0
SO000594,2023-09-12,C0008,D01,E07,5,5750.0
SO000595,2023-09-20,C0008,D01,E07,5,4103.2
SO000596,2023-09-27,C0008,D01,E07,5,7683.05
SO000597,2023-10-04,C0008,D01,E07,6,10111.55
SO000598,2023-10-13,C0008,D01,E07,4,3084.0
SO000599,2023-10-22,C0008,D01,E07,3,5970.75
SO000600,2023-10-29,C0008,D01,E07,3,4987.0
SO000601,2023-11-07,C0008,D01,E07,4,9910.9
SO000602,2023-11-14,C0008,D01,E07,7,21040.55
SO000603,2023-11-24,C0008,D01,E07,5,5650.0
SO000604,2023-12-03,C0008,D01,E07,4,6955.3
SO000605,2023-12-10,C0008,D01,E07,3,6800.0
SO000606,2023-12-18,C0008,D01,E07,6,12944.0
SO000607,2023-12-29,C0008,D01,E07,3,3656.5
SO000608,2024-01-08,C0008,D01,E07,4,5295.6
SO000609,2024-01-18,C0008,D01,E07,4,4400.0
SO000610,2024-01-26,C0008,D01,E07,6,15847.05
SO000611,2024-02-04,C0008,D01,E07,7,13240.1
SO000612,2024-02-11,C0008,D01,E07,3,9950.0
SO000613,2024-02-21,C0008,D01,E07,5,9347.7
SO000614,2024-02-28,C0008,D01,E07,6,11999.95
SO000615,2024-03-10,C0008,D01,E07,6,6881.25
SO000616,2024-03-19,C0008,D01,E07,6,5560.0
SO000617,2024-03-30,C0008,D01,E07,4,4920.0
SO000618,2024-04-09,C0008,D01,E07,4,3075.0
SO000619,2024-04-17,C0008,D01,E07,7,8671.05
SO000620,2024-04-26,C0008,D01,E07,7,7536.5
SO000621,2024-05-06,C0008,D01,E07,5,5905.0
SO000622,2024-05-16,C0008,D01,E07,5,3508.2
SO000623,2024-05-24,C0008,D01,E07,7,7225.0
SO000624,2024-06-02,C0008,D01,E07,7,9515.0
SO000625,2024-06-09,C0008,D01,E07,3,3045.0
SO000626,2024-06-16,C0008,D01,E07,7,9675.0
SO000627,2024-06-26,C0008,D01,E07,3,2310.0
SO000628,2024-07-07,C0008,D01,E07,3,2955.9
SO000629,2024-07-17,C0008,D01,E07,4,5166.2
SO000630,2024-07-25,C0008,D01,E07,7,10972.6
SO000631,2024-08-01,C0008,D01,E07,6,9455.0
SO000632,2024-08-10,C0008,D01,E07,6,9819.5
SO000633,2024-08-18,C0008,D01,E07,7,9830.0
SO000634,2024-08-26,C0008,D01,E07,4,4490.0
SO000635,2024-09-02,C0008,D01,E07,5,5585.0
SO000636,2024-09-13,C0008,D01,E07,3,3030.0
SO000637,2024-09-23,C0008,D01,E07,7,8952.75
SO000638,2024-10-02,C0008,D01,E07,7,8193.5
SO000639,2024-10-09,C0008,D01,E07,6,12523.2
SO000640,2024-10-20,C0008,D01,E07,3,2720.2
SO000641,2024-10-29,C0008,D01,E07,3,3450.0
SO000642,2024-11-09,C0008,D01,E07,4,9115.2
SO000643,2024-11-19,C0008,D01,E07,4,5258.9
SO000644,2024-11-26,C0008,D01,E07,5,9933.0
SO000645,2024-12-06,C0008,D01,E07,4,6106.55
SO000646,2024-12-14,C0008,D01,E07,7,18327.15
SO000647,2024-12-23,C0008,D01,E07,4,9230.0
SO000648,2022-01-04,C0009,D01,E08,5,5023.65
SO000649,2022-01-16,C0009,D01,E08,5,3158.4
SO000650,2022-01-27,C0009,D01,E08,6,6483.5
SO000651,2022-02-08,C0009,D01,E08,4,3020.0
SO000652,2022-02-20,C0009,D01,E08,7,7010.0
SO000653,2022-03-06,C0009,D01,E08,4,1389.75
SO000654,2022-03-20,C0009,D01,E08,5,3464.5
SO000655,2022-04-03,C0009,D01,E08,7,3674.75
SO000656,2022-04-16,C0009,D01,E08,5,3388.8
SO000657,2022-04-26,C0009,D01,E08,5,2500.0
SO000658,2022-05-07,C0009,D01,E08,4,2360.75
SO000659,2022-05-20,C0009,D01,E08,7,3265.0
SO000660,2022-05-31,C0009,D01,E08,7,3945.0
SO000661,2022-06-14,C0009,D01,E08,7,4760.0
SO000662,2022-06-28,C0009,D01,E08,4,2530.85
SO000663,2022-07-10,C0009,D01,E08,7,4883.7
SO000664,2022-07-23,C0009,D01,E08,3,1794.4
SO000665,2022-08-03,C0009,D01,E08,3,2370.0
SO000666,2022-08-14,C0009,D01,E08,7,7362.2
SO000667,2022-08-27,C0009,D01,E08,3,1588.5
SO000668,2022-09-06,C0009,D01,E08,5,2368.8
SO000669,2022-09-20,C0009,D01,E08,7,5486.2
SO000670,2022-10-01,C0009,D01,E08,7,5965.25
SO000671,2022-10-13,C0009,D01,E08,5,3275.0
SO000672,2022-10-24,C0009,D01,E08,4,4978.0
SO000673,2022-11-04,C0009,D01,E08,7,7425.3
SO000674,2022-11-17,C0009,D01,E08,6,6465.0
SO000675,2022-11-30,C0009,D01,E08,7,7189.8
SO000676,2022-12-13,C0009,D01,E08,3,1770.0
SO000677,2022-12-23,C0009,D01,E08,7,7717.9
SO000678,2023-01-02,C0009,D01,E08,3,2684.4
SO000679,2023-01-13,C0009,D01,E08,7,7480.0
SO000680,2023-01-25,C0009,D01,E08,5,3095.85
SO000681,2023-02-08,C0009,D01,E08,7,8510.0
SO000682,2023-02-20,C0009,D01,E08,6,5210.0
SO000683,2023-03-05,C0009,D01,E08,5,2667.75
SO000684,2023-03-18,C0009,D01,E08,3,1535.0
SO000685,2023-03-31,C0009,D01,E08,7,4064.2
SO000686,2023-04-12,C0009,D01,E08,6,3426.1
SO000687,2023-04-22,C0009,D01,E08,4,2065.0
SO000688,2023-05-05,C0009,D01,E08,7,4066.5
SO000689,2023-05-18,C0009,D01,E08,4,2084.7
SO000690,2023-06-01,C0009,D01,E08,3,1595.0
SO000691,2023-06-14,C0009,D01,E08,5,4315.0
SO000692,2023-06-28,C0009,D01,E08,4,2545.0
SO000693,2023-07-11,C0009,D01,E08,4,3842.7
SO000694,2023-07-25,C0009,D01,E08,7,6829.0
SO000695,2023-08-04,C0009,D01,E08,5,4701.0
SO000696,2023-08-17,C0009,D01,E08,6,4565.0
SO000697,2023-08-27,C0009,D01,E08,5,3526.25
SO000698,2023-09-07,C0009,D01,E08,6,5623.4
SO000699,2023-09-18,C0009,D01,E08,3,2052.7
SO000700,2023-09-30,C0009,D01,E08,5,3560.6
SO000701,2023-10-14,C0009,D01,E08,3,3240.0
SO000702,2023-10-26,C0009,D01,E08,3,4505.0
SO000703,2023-11-07,C0009,D01,E08,6,10989.15
SO000704,2023-11-17,C0009,D01,E08,3,3935.0
SO000705,2023-11-28,C0009,D01,E08,5,6337.35
SO000706,2023-12-10,C0009,D01,E08,6,10632.35
SO000707,2023-12-22,C0009,D01,E08,6,4560.0
SO000708,2024-01-03,C0009,D01,E08,7,8840.1
SO000709,2024-01-13,C0009,D01,E08,5,7035.0
SO000710,2024-01-25,C0009,D01,E08,7,6311.9
SO000711,2024-02-04,C0009,D01,E08,3,3238.0
SO000712,2024-02-15,C0009,D01,E08,6,4830.0
SO000713,2024-02-27,C0009,D01,E08,4,3980.0
SO000714,2024-03-08,C0009,D01,E08,6,2980.0
SO000715,2024-03-21,C0009,D01,E08,3,2730.0
SO000716,2024-04-02,C0009,D01,E08,6,4015.0
SO000717,2024-04-12,C0009,D01,E08,3,1670.0
SO000718,2024-04-26,C0009,D01,E08,6,3800.0
SO000719,2024-05-07,C0009,D01,E08,6,2585.0
SO000720,2024-05-20,C0009,D01,E08,5,4000.0
SO000721,2024-05-30,C0009,D01,E08,4,2850.0
SO000722,2024-06-13,C0009,D01,E08,5,4625.05
SO000723,2024-06-23,C0009,D01,E08,3,2563.75
SO000724,2024-07-04,C0009,D01,E08,5,3410.0
SO000725,2024-07-14,C0009,D01,E08,3,2750.8
SO000726,2024-07-24,C0009,D01,E08,6,7140.0
SO000727,2024-08-07,C0009,D01,E08,6,4371.6
SO000728,2024-08-20,C0009,D01,E08,5,4965.35
SO000729,2024-09-02,C0009,D01,E08,3,2831.5
SO000730,2024-09-15,C0009,D01,E08,5,4142.95
SO000731,2024-09-26,C0009,D01,E08,4,2785.0
SO000732,2024-10-08,C0009,D01,E08,7,10546.7
SO000733,2024-10-19,C0009,D01,E08,3,3340.0
SO000734,2024-10-30,C0009,D01,E08,5,3232.05
SO000735,2024-11-09,C0009,D01,E08,3,4115.0
SO000736,2024-11-19,C0009,D01,E08,5,5422.6
SO000737,2024-12-02,C0009,D01,E08,5,6060.0
SO000738,2024-12-16,C0009,D01,E08,4,3885.5
SO000739,2024-12-28,C0009,D01,E08,6,7090.0
SO000740,2022-01-11,C0010,D02,E09,6,3592.7
SO000741,2022-01-27,C0010,D02,E09,3,1445.0
SO000742,2022-02-09,C0010,D02,E09,6,4177.2
SO000743,2022-02-24,C0010,D02,E09,3,2342.2
SO000744,2022-03-10,C0010,D02,E09,3,1205.0
SO000745,2022-03-26,C0010,D02,E09,6,1320.0
SO000746,2022-04-08,C0010,D02,E09,7,2460.0
SO000747,2022-04-25,C0010,D02,E09,4,910.0
SO000748,2022-05-09,C0010,D02,E09,7,1885.15
SO000749,2022-05-24,C0010,D02,E09,6,1435.0
SO000750,2022-06-10,C0010,D02,E09,7,3241.8
SO000751,2022-06-26,C0010,D02,E09,5,2315.0
SO000752,2022-07-12,C0010,D02,E09,6,2428.1
SO000753,2022-07-29,C0010,D02,E09,6,2379.2
SO000754,2022-08-14,C0010,D02,E09,6,1906.9
SO000755,2022-08-28,C0010,D02,E09,6,2085.0
SO000756,2022-09-12,C0010,D02,E09,6,2348.0
SO000757,2022-09-25,C0010,D02,E09,7,3131.25
SO000758,2022-10-12,C0010,D02,E09,6,2360.0
SO000759,2022-10-29,C0010,D02,E09,4,1693.75
SO000760,2022-11-15,C0010,D02,E09,7,4205.0
SO000761,2022-12-02,C0010,D02,E09,7,4405.0
SO000762,2022-12-16,C0010,D02,E09,3,1349.2
SO000763,2023-01-02,C0010,D02,E09,4,1955.0
SO000764,2023-01-17,C0010,D02,E09,4,2075.0
SO000765,2023-01-30,C0010,D02,E09,7,5872.8
SO000766,2023-02-15,C0010,D02,E09,5,1811.25
SO000767,2023-03-01,C0010,D02,E09,6,1841.85
SO000768,2023-03-15,C0010,D02,E09,3,930.0
SO000769,2023-03-29,C0010,D02,E09,5,1445.0
SO000770,2023-04-13,C0010,D02,E09,3,1075.0
SO000771,2023-04-30,C0010,D02,E09,3,975.0
SO000772,2023-05-13,C0010,D02,E09,5,1331.65
SO000773,2023-05-27,C0010,D02,E09,3,761.9
SO000774,2023-06-11,C0010,D02,E09,4,1940.0
SO000775,2023-06-24,C0010,D02,E09,7,2849.45
SO000776,2023-07-08,C0010,D02,E09,4,2286.9
SO000777,2023-07-25,C0010,D02,E09,4,1876.9
SO000778,2023-08-10,C0010,D02,E09,4,1521.2
SO000779,2023-08-26,C0010,D02,E09,3,921.0
SO000780,2023-09-08,C0010,D02,E09,5,1468.7
SO000781,2023-09-24,C0010,D02,E09,6,2760.0
SO000782,2023-10-09,C0010,D02,E09,4,2685.0
SO000783,2023-10-22,C0010,D02,E09,6,4613.25
SO000784,2023-11-08,C0010,D02,E09,5,2997.25
SO000785,2023-11-25,C0010,D02,E09,4,2805.0
SO000786,2023-12-09,C0010,D02,E09,5,3001.5
SO000787,2023-12-24,C0010,D02,E09,5,1718.75
SO000788,2024-01-10,C0010,D02,E09,7,4613.75
SO000789,2024-01-24,C0010,D02,E09,3,2200.0
SO000790,2024-02-10,C0010,D02,E09,4,2935.0
SO000791,2024-02-23,C0010,D02,E09,7,3310.0
SO000792,2024-03-11,C0010,D02,E09,3,520.0
SO000793,2024-03-24,C0010,D02,E09,4,1352.85
SO000794,2024-04-08,C0010,D02,E09,4,1035.0
SO000795,2024-04-22,C0010,D02,E09,7,2905.0
SO000796,2024-05-06,C0010,D02,E09,7,2283.8
SO000797,2024-05-21,C0010,D02,E09,6,1865.0
SO000798,2024-06-04,C0010,D02,E09,3,1616.1
SO000799,2024-06-21,C0010,D02,E09,4,1318.3
SO000800,2024-07-04,C0010,D02,E09,7,2627.8
SO000801,2024-07-18,C0010,D02,E09,3,1264.2
SO000802,2024-08-01,C0010,D02,E09,3,1090.0
SO000803,2024-08-14,C0010,D02,E09,6,3245.0
SO000804,2024-08-28,C0010,D02,E09,4,1600.0
SO000805,2024-09-14,C0010,D02,E09,3,1295.0
SO000806,2024-09-28,C0010,D02,E09,3,1260.0
SO000807,2024-10-12,C0010,D02,E09,5,4392.05
SO000808,2024-10-25,C0010,D02,E09,5,3144.5
SO000809,2024-11-07,C0010,D02,E09,4,2914.65
SO000810,2024-11-21,C0010,D02,E09,3,1109.8
SO000811,2024-12-04,C0010,D02,E09,6,4190.0
SO000812,2024-12-20,C0010,D02,E09,4,2342.8
SO000813,2022-01-04,C0011,D02,E10,5,3790.0
SO000814,2022-01-16,C0011,D02,E10,6,6295.0
SO000815,2022-01-30,C0011,D02,E10,7,6415.2
SO000816,2022-02-12,C0011,D02,E10,6,2939.8
SO000817,2022-02-23,C0011,D02,E10,5,5430.0
SO000818,2022-03-08,C0011,D02,E10,7,4531.65
SO000819,2022-03-20,C0011,D02,E10,5,3021.75
SO000820,2022-04-01,C0011,D02,E10,5,2437.9
SO000821,2022-04-11,C0011,D02,E10,5,2793.9
SO000822,2022-04-24,C0011,D02,E10,3,1075.0
SO000823,2022-05-04,C0011,D02,E10,7,4374.35
SO000824,2022-05-15,C0011,D02,E10,4,1875.0
SO000825,2022-05-25,C0011,D02,E10,5,2450.0
SO000826,2022-06-08,C0011,D02,E10,7,5303.65
SO000827,2022-06-21,C0011,D02,E10,7,4221.5
SO000828,2022-07-04,C0011,D02,E10,4,2610.0
SO000829,2022-07-18,C0011,D02,E10,3,2450.0
SO000830,2022-07-31,C0011,D02,E10,3,2255.0
SO000831,2022-08-12,C0011,D02,E10,3,2515.0
SO000832,2022-08-26,C0011,D02,E10,3,3210.0
SO000833,2022-09-06,C0011,D02,E10,6,3358.55
SO000834,2022-09-17,C0011,D02,E10,3,1719.7
SO000835,2022-09-27,C0011,D02,E10,7,7249.1
SO000836,2022-10-07,C0011,D02,E10,4,1750.6
SO000837,2022-10-20,C0011,D02,E10,5,5115.0
SO000838,2022-10-30,C0011,D02,E10,7,4568.3
SO000839,2022-11-12,C0011,D02,E10,7,7793.4
SO000840,2022-11-23,C0011,D02,E10,7,7020.0
SO000841,2022-12-03,C0011,D02,E10,4,3900.0
SO000842,2022-12-14,C0011,D02,E10,3,5590.5
SO000843,2022-12-28,C0011,D02,E10,6,6151.2
SO000844,2023-01-09,C0011,D02,E10,4,2655.0
SO000845,2023-01-22,C0011,D02,E10,6,4505.0
SO000846,2023-02-05,C0011,D02,E10,5,5420.0
SO000847,2023-02-15,C0011,D02,E10,6,5515.0
SO000848,2023-03-01,C0011,D02,E10,3,1158.45
SO000849,2023-03-15,C0011,D02,E10,3,1885.0
SO000850,2023-03-25,C0011,D02,E10,3,2305.2
SO000851,2023-04-06,C0011,D02,E10,3,2070.0
SO000852,2023-04-18,C0011,D02,E10,6,4272.2
SO000853,2023-04-30,C0011,D02,E10,7,3549.8
SO000854,2023-05-10,C0011,D02,E10,3,2401.1
SO000855,2023-05-21,C0011,D02,E10,7,4826.1
SO000856,2023-06-01,C0011,D02,E10,7,6619.95
SO000857,2023-06-11,C0011,D02,E10,4,3000.1
SO000858,2023-06-21,C0011,D02,E10,7,5740.0
SO000859,2023-07-03,C0011,D02,E10,5,4145.5
SO000860,2023-07-13,C0011,D02,E10,5,4885.3
SO000861,2023-07-23,C0011,D02,E10,5,3955.0
SO000862,2023-08-02,C0011,D02,E10,4,2594.75
SO000863,2023-08-15,C0011,D02,E10,6,5805.0
SO000864,2023-08-29,C0011,D02,E10,4,2175.0
SO000865,2023-09-09,C0011,D02,E10,6,4114.9
SO000866,2023-09-22,C0011,D02,E10,5,4170.0
SO000867,2023-10-04,C0011,D02,E10,3,1650.0
SO000868,2023-10-16,C0011,D02,E10,7,5290.0
SO000869,2023-10-26,C0011,D02,E10,7,6665.05
SO000870,2023-11-07,C0011,D02,E10,3,3462.75
SO000871,2023-11-17,C0011,D02,E10,6,6185.0
SO000872,2023-12-01,C0011,D02,E10,6,5162.6
SO000873,2023-12-14,C0011,D02,E10,3,1610.0
SO000874,2023-12-25,C0011,D02,E10,6,5101.65
SO000875,2024-01-06,C0011,D02,E10,7,6260.3
SO000876,2024-01-19,C0011,D02,E10,6,5798.75
SO000877,2024-02-02,C0011,D02,E10,7,6220.0
SO000878,2024-02-15,C0011,D02,E10,5,6531.25
SO000879,2024-02-28,C0011,D02,E10,7,8166.25
SO000880,2024-03-10,C0011,D02,E10,3,1485.6
SO000881,2024-03-24,C0011,D02,E10,6,4950.5
SO000882,2024-04-05,C0011,D02,E10,4,2513.0
SO000883,2024-04-15,C0011,D02,E10,7,3445.0
SO000884,2024-04-27,C0011,D02,E10,5,2520.0
SO000885,2024-05-10,C0011,D02,E10,5,3920.0
SO000886,2024-05-20,C0011,D02,E10,5,3965.0
SO000887,2024-05-31,C0011,D02,E10,5,2725.0
SO000888,2024-06-13,C0011,D02,E10,5,4460.0
SO000889,2024-06-24,C0011,D02,E10,5,4634.0
SO000890,2024-07-04,C0011,D02,E10,3,4415.0
SO000891,2024-07-14,C0011,D02,E10,6,5419.35
SO000892,2024-07-25,C0011,D02,E10,5,4725.7
SO000893,2024-08-06,C0011,D02,E10,5,5313.0
SO000894,2024-08-17,C0011,D02,E10,5,3540.0
SO000895,2024-08-28,C0011,D02,E10,6,4570.75
SO000896,2024-09-07,C0011,D02,E10,4,3372.0
SO000897,2024-09-21,C0011,D02,E10,7,4890.0
SO000898,2024-10-04,C0011,D02,E10,7,5906.25
SO000899,2024-10-16,C0011,D02,E10,7,5910.8
SO000900,2024-10-30,C0011,D02,E10,7,6637.95
SO000901,2024-11-09,C0011,D02,E10,4,4590.0
SO000902,2024-11-20,C0011,D02,E10,4,6370.0
SO000903,2024-12-01,C0011,D02,E10,6,5720.0
SO000904,2024-12-14,C0011,D02,E10,6,6890.0
SO000905,2024-12-28,C0011,D02,E10,5,5931.95
SO000906,2022-01-11,C0012,D02,E11,4,2825.6
SO000907,2022-01-24,C0012,D02,E11,7,2965.0
SO000908,2022-02-08,C0012,D02,E11,4,1420.0
SO000909,2022-02-25,C0012,D02,E11,4,2180.0
SO000910,2022-03-12,C0012,D02,E11,6,2145.8
SO000911,2022-03-28,C0012,D02,E11,4,1595.0
SO000912,2022-04-10,C0012,D02,E11,5,1295.4
SO000913,2022-04-25,C0012,D02,E11,6,1969.2
SO000914,2022-05-11,C0012,D02,E11,7,2390.2
SO000915,2022-05-26,C0012,D02,E11,3,1460.6
SO000916,2022-06-10,C0012,D02,E11,6,3279.25
SO000917,2022-06-24,C0012,D02,E11,4,1735.0
SO000918,2022-07-07,C0012,D02,E11,7,2908.6
SO000919,2022-07-21,C0012,D02,E11,3,1360.0
SO000920,2022-08-07,C0012,D02,E11,3,950.0
SO000921,2022-08-22,C0012,D02,E11,3,1122.5
SO000922,2022-09-07,C0012,D02,E11,4,1196.9
SO000923,2022-09-21,C0012,D02,E11,6,2915.05
SO000924,2022-10-04,C0012,D02,E11,4,1534.8
SO000925,2022-10-19,C0012,D02,E11,7,2811.45
SO000926,2022-11-03,C0012,D02,E11,4,2100.0
SO000927,2022-11-20,C0012,D02,E11,3,2200.0
SO000928,2022-12-05,C0012,D02,E11,5,2340.0
SO000929,2022-12-19,C0012,D02,E11,7,3215.0
SO000930,2023-01-01,C0012,D02,E11,3,1389.2
SO000931,2023-01-18,C0012,D02,E11,3,2245.0
SO000932,2023-02-04,C0012,D02,E11,4,3050.0
SO000933,2023-02-20,C0012,D02,E11,4,1190.6
SO000934,2023-03-05,C0012,D02,E11,7,1749.85
SO000935,2023-03-21,C0012,D02,E11,6,1309.55
SO000936,2023-04-06,C0012,D02,E11,5,1289.4
SO000937,2023-04-20,C0012,D02,E11,6,2059.25
SO000938,2023-05-07,C0012,D02,E11,5,2070.0
SO000939,2023-05-20,C0012,D02,E11,3,724.3
SO000940,2023-06-06,C0012,D02,E11,3,1130.0
SO000941,2023-06-21,C0012,D02,E11,7,3499.75
SO000942,2023-07-08,C0012,D02,E11,6,2235.0
SO000943,2023-07-21,C0012,D02,E11,5,2215.0
SO000944,2023-08-03,C0012,D02,E11,4,1180.4
SO000945,2023-08-19,C0012,D02,E11,7,3845.0
SO000946,2023-09-03,C0012,D02,E11,6,2131.6
SO000947,2023-09-17,C0012,D02,E11,6,2769.25
SO000948,2023-10-04,C0012,D02,E11,3,1600.0
SO000949,2023-10-21,C0012,D02,E11,6,3463.7
SO000950,2023-11-07,C0012,D02,E11,4,3861.75
SO000951,2023-11-24,C0012,D02,E11,3,1890.0
SO000952,2023-12-10,C0012,D02,E11,7,3590.25
SO000953,2023-12-24,C0012,D02,E11,5,4172.75
SO000954,2024-01-08,C0012,D02,E11,4,2885.0
SO000955,2024-01-21,C0012,D02,E11,3,1505.0
SO000956,2024-02-05,C0012,D02,E11,3,3015.0
SO000957,2024-02-18,C0012,D02,E11,4,4260.0
SO000958,2024-03-03,C0012,D02,E11,3,1275.0
SO000959,2024-03-16,C0012,D02,E11,4,836.3
SO000960,2024-04-02,C0012,D02,E11,5,2102.85
SO000961,2024-04-16,C0012,D02,E11,6,2320.0
SO000962,2024-05-01,C0012,D02,E11,7,1800.5
SO000963,2024-05-15,C0012,D02,E11,7,2019.6
SO000964,2024-05-28,C0012,D02,E11,3,1185.0
SO000965,2024-06-10,C0012,D02,E11,4,1740.0
SO000966,2024-06-23,C0012,D02,E11,4,1720.0
SO000967,2024-07-07,C0012,D02,E11,5,1548.4
SO000968,2024-07-21,C0012,D02,E11,4,1495.6
SO000969,2024-08-04,C0012,D02,E11,3,1452.85
SO000970,2024-08-17,C0012,D02,E11,4,1870.0
SO000971,2024-09-03,C0012,D02,E11,4,1670.6
SO000972,2024-09-19,C0012,D02,E11,4,1927.45
SO000973,2024-10-05,C0012,D02,E11,4,3179.35
SO000974,2024-10-20,C0012,D02,E11,4,2161.9
SO000975,2024-11-02,C0012,D02,E11,7,8155.75
SO000976,2024-11-18,C0012,D02,E11,3,1235.4
SO000977,2024-12-01,C0012,D02,E11,7,2724.6
SO000978,2024-12-15,C0012,D02,E11,4,2845.0
SO000979,2024-12-29,C0012,D02,E11,7,3340.0
SO000980,2022-01-06,C0013,D01,E06,6,4990.0
SO000981,2022-01-23,C0013,D01,E06,7,5029.0
SO000982,2022-02-05,C0013,D01,E06,6,3670.0
SO000983,2022-02-20,C0013,D01,E06,6,4776.4
SO000984,2022-03-09,C0013,D01,E06,3,758.0
SO000985,2022-03-25,C0013,D01,E06,7,1833.75
SO000986,2022-04-07,C0013,D01,E06,6,2526.5
SO000987,2022-04-23,C0013,D01,E06,6,1701.5
SO000988,2022-05-06,C0013,D01,E06,6,2288.6
SO000989,2022-05-23,C0013,D01,E06,7,2659.25
SO000990,2022-06-08,C0013,D01,E06,6,2741.5
SO000991,2022-06-21,C0013,D01,E06,3,1810.0
SO000992,2022-07-06,C0013,D01,E06,3,1405.0
SO000993,2022-07-19,C0013,D01,E06,4,1455.0
SO000994,2022-08-03,C0013,D01,E06,3,1853.6
SO000995,2022-08-17,C0013,D01,E06,6,2748.6
SO000996,2022-08-31,C0013,D01,E06,7,2845.0
SO000997,2022-09-17,C0013,D01,E06,6,2728.95
SO000998,2022-10-01,C0013,D01,E06,6,3231.6
SO000999,2022-10-15,C0013,D01,E06,5,2558.55
SO001000,2022-10-29,C0013,D01,E06,3,1055.0
SO001001,2022-11-13,C0013,D01,E06,7,3405.0
SO001002,2022-11-26,C0013,D01,E06,4,2130.0
SO001003,2022-12-13,C0013,D01,E06,5,2115.0
SO001004,2022-12-26,C0013,D01,E06,3,3415.0
SO001005,2023-01-08,C0013,D01,E06,6,4235.5
SO001006,2023-01-24,C0013,D01,E06,6,4155.0
SO001007,2023-02-09,C0013,D01,E06,5,2335.0
SO001008,2023-02-24,C0013,D01,E06,6,4245.0
SO001009,2023-03-09,C0013,D01,E06,5,1647.2
SO001010,2023-03-23,C0013,D01,E06,7,1950.4
SO001011,2023-04-07,C0013,D01,E06,5,2110.0
SO001012,2023-04-21,C0013,D01,E06,4,1365.0
SO001013,2023-05-05,C0013,D01,E06,3,1069.3
SO001014,2023-05-20,C0013,D01,E06,4,1270.0
SO001015,2023-06-03,C0013,D01,E06,3,1560.0
SO001016,2023-06-19,C0013,D01,E06,3,1365.0
SO001017,2023-07-05,C0013,D01,E06,6,1999.8
SO001018,2023-07-21,C0013,D01,E06,6,3070.0
SO001019,2023-08-05,C0013,D01,E06,4,1625.0
SO001020,2023-08-22,C0013,D01,E06,4,1929.2
SO001021,2023-09-06,C0013,D01,E06,5,2445.0
SO001022,2023-09-19,C0013,D01,E06,4,1749.95
SO001023,2023-10-02,C0013,D01,E06,6,2159.2
SO001024,2023-10-16,C0013,D01,E06,5,3247.8
SO001025,2023-11-01,C0013,D01,E06,6,4110.05
SO001026,2023-11-14,C0013,D01,E06,5,2654.8
SO001027,2023-12-01,C0013,D01,E06,5,3740.1
SO001028,2023-12-15,C0013,D01,E06,6,2919.65
SO001029,2023-12-29,C0013,D01,E06,7,4140.0
SO001030,2024-01-12,C0013,D01,E06,3,3090.0
SO001031,2024-01-29,C0013,D01,E06,6,3715.6
SO001032,2024-02-14,C0013,D01,E06,4,4427.9
SO001033,2024-03-01,C0013,D01,E06,7,2781.0
SO001034,2024-03-15,C0013,D01,E06,7,1802.8
SO001035,2024-04-01,C0013,D01,E06,3,1105.0
SO001036,2024-04-17,C0013,D01,E06,5,1148.4
SO001037,2024-05-03,C0013,D01,E06,4,1135.0
SO001038,2024-05-20,C0013,D01,E06,4,973.7
SO001039,2024-06-06,C0013,D01,E06,6,2684.3
SO001040,2024-06-20,C0013,D01,E06,3,1236.35
SO001041,2024-07-03,C0013,D01,E06,4,1935.0
SO001042,2024-07-16,C0013,D01,E06,4,2383.8
SO001043,2024-07-29,C0013,D01,E06,6,2577.4
SO001044,2024-08-15,C0013,D01,E06,7,3610.6
SO001045,2024-09-01,C0013,D01,E06,5,1830.9
SO001046,2024-09-14,C0013,D01,E06,5,2706.1
SO001047,2024-09-27,C0013,D01,E06,3,1470.0
SO001048,2024-10-10,C0013,D01,E06,6,4115.55
SO001049,2024-10-23,C0013,D01,E06,5,2179.5
SO001050,2024-11-08,C0013,D01,E06,7,5750.0
SO001051,2024-11-23,C0013,D01,E06,7,5254.65
SO001052,2024-12-09,C0013,D01,E06,3,2880.0
SO001053,2024-12-22,C0013,D01,E06,6,4400.0
SO001054,2022-01-03,C0014,D01,E07,3,4050.0
SO001055,2022-01-17,C0014,D01,E07,5,3780.0
SO001056,2022-01-30,C0014,D01,E07,6,5212.2
SO001057,2022-02-13,C0014,D01,E07,3,2340.0
SO001058,2022-02-27,C0014,D01,E07,3,2560.0
SO001059,2022-03-13,C0014,D01,E07,5,2634.6
SO001060,2022-03-24,C0014,D01,E07,7,3771.1
SO001061,2022-04-05,C0014,D01,E07,4,2670.2
SO001062,2022-04-19,C0014,D01,E07,3,2415.0
SO001063,2022-04-30,C0014,D01,E07,4,1685.0
SO001064,2022-05-11,C0014,D01,E07,4,2960.0
SO001065,2022-05-23,C0014,D01,E07,3,1967.25
SO001066,2022-06-06,C0014,D01,E07,4,2918.5
SO001067,2022-06-18,C0014,D01,E07,7,5985.0
SO001068,2022-06-30,C0014,D01,E07,3,2103.5
SO001069,2022-07-11,C0014,D01,E07,5,3023.8
SO001070,2022-07-23,C0014,D01,E07,5,3235.2
SO001071,2022-08-03,C0014,D01,E07,5,4155.0
SO001072,2022-08-14,C0014,D01,E07,4,2397.7
SO001073,2022-08-27,C0014,D01,E07,6,5192.7
SO001074,2022-09-09,C0014,D01,E07,4,2690.0
SO001075,2022-09-21,C0014,D01,E07,4,3950.0
SO001076,2022-10-05,C0014,D01,E07,5,3948.2
SO001077,2022-10-16,C0014,D01,E07,7,8317.75
SO001078,2022-10-27,C0014,D01,E07,6,7791.8
SO001079,2022-11-10,C0014,D01,E07,4,4705.0
SO001080,2022-11-20,C0014,D01,E07,3,2376.5
SO001081,2022-12-03,C0014,D01,E07,5,2925.0
SO001082,2022-12-15,C0014,D01,E07,3,2687.5
SO001083,2022-12-29,C0014,D01,E07,5,5145.0
SO001084,2023-01-08,C0014,D01,E07,6,8962.65
SO001085,2023-01-21,C0014,D01,E07,5,7048.2
SO001086,2023-02-01,C0014,D01,E07,6,5100.0
SO001087,2023-02-11,C0014,D01,E07,7,8805.0
SO001088,2023-02-24,C0014,D01,E07,3,3360.0
SO001089,2023-03-07,C0014,D01,E07,7,4749.15
SO001090,2023-03-19,C0014,D01,E07,7,3462.8
SO001091,2023-03-31,C0014,D01,E07,7,5135.0
SO001092,2023-04-13,C0014,D01,E07,4,2494.8
SO001093,2023-04-26,C0014,D01,E07,6,4060.0
SO001094,2023-05-08,C0014,D01,E07,3,1440.0
SO001095,2023-05-22,C0014,D01,E07,7,2725.0
SO001096,2023-06-03,C0014,D01,E07,5,3545.5
SO001097,2023-06-17,C0014,D01,E07,3,1870.0
SO001098,2023-06-30,C0014,D01,E07,6,6135.0
SO001099,2023-07-12,C0014,D01,E07,4,3969.75
SO001100,2023-07-22,C0014,D01,E07,3,2515.0
SO001101,2023-08-04,C0014,D01,E07,7,5215.0
SO001102,2023-08-17,C0014,D01,E07,6,5375.0
SO001103,2023-08-29,C0014,D01,E07,6,5545.0
SO001104,2023-09-10,C0014,D01,E07,7,5813.0
SO001105,2023-09-24,C0014,D01,E07,6,4813.4
SO001106,2023-10-07,C0014,D01,E07,5,3770.0
SO001107,2023-10-20,C0014,D01,E07,6,6263.95
SO001108,2023-11-02,C0014,D01,E07,5,5493.3
SO001109,2023-11-16,C0014,D01,E07,7,8402.0
SO001110,2023-11-30,C0014,D01,E07,6,6105.85
SO001111,2023-12-10,C0014,D01,E07,5,4310.0
SO001112,2023-12-23,C0014,D01,E07,4,5660.0
SO001113,2024-01-04,C0014,D01,E07,6,8489.25
SO001114,2024-01-17,C0014,D01,E07,7,6500.1
SO001115,2024-01-29,C0014,D01,E07,3,2515.0
SO001116,2024-02-10,C0014,D01,E07,6,7745.0
SO001117,2024-02-21,C0014,D01,E07,3,3165.0
SO001118,2024-03-04,C0014,D01,E07,6,3210.8
SO001119,2024-03-18,C0014,D01,E07,7,6420.0
SO001120,2024-03-31,C0014,D01,E07,6,3699.9
SO001121,2024-04-10,C0014,D01,E07,6,3090.0
SO001122,2024-04-24,C0014,D01,E07,4,2290.0
SO001123,2024-05-05,C0014,D01,E07,7,4975.0
SO001124,2024-05-16,C0014,D01,E07,7,4267.2
SO001125,2024-05-26,C0014,D01,E07,5,3940.0
SO001126,2024-06-06,C0014,D01,E07,4,3390.0
SO001127,2024-06-16,C0014,D01,E07,4,2758.75
SO001128,2024-06-30,C0014,D01,E07,6,5020.0
SO001129,2024-07-11,C0014,D01,E07,7,6161.25
SO001130,2024-07-25,C0014,D01,E07,6,4285.0
SO001131,2024-08-08,C0014,D01,E07,3,2085.0
SO001132,2024-08-18,C0014,D01,E07,6,5825.05
SO001133,2024-08-28,C0014,D01,E07,4,2932.4
SO001134,2024-09-08,C0014,D01,E07,5,4023.95
SO001135,2024-09-22,C0014,D01,E07,7,6469.75
SO001136,2024-10-06,C0014,D01,E07,7,9067.2
SO001137,2024-10-17,C0014,D01,E07,4,3821.5
SO001138,2024-10-28,C0014,D01,E07,4,4722.3
SO001139,2024-11-11,C0014,D01,E07,3,2680.0
SO001140,2024-11-25,C0014,D01,E07,7,6840.6
SO001141,2024-12-08,C0014,D01,E07,7,5734.45
SO001142,2024-12-22,C0014,D01,E07,4,4704.9
SO001143,2022-01-05,C0015,D01,E08,5,9319.2
SO001144,2022-01-14,C0015,D01,E08,6,7187.5
SO001145,2022-01-23,C0015,D01,E08,6,9655.0
SO001146,2022-01-30,C0015,D01,E08,7,11407.55
SO001147,2022-02-08,C0015,D01,E08,7,13920.0
SO001148,2022-02-15,C0015,D01,E08,5,9795.0
SO001149,2022-02-26,C0015,D01,E08,3,5646.65
SO001150,2022-03-05,C0015,D01,E08,3,1745.0
SO001151,2022-03-16,C0015,D01,E08,4,3037.2
SO001152,2022-03-26,C0015,D01,E08,6,5354.8
SO001153,2022-04-03,C0015,D01,E08,5,4676.2
SO001154,2022-04-14,C0015,D01,E08,6,5159.55
SO001155,2022-04-25,C0015,D01,E08,7,6038.75
SO001156,2022-05-05,C0015,D01,E08,3,2747.0
SO001157,2022-05-15,C0015,D01,E08,6,3997.75
SO001158,2022-05-23,C0015,D01,E08,6,4254.8
SO001159,2022-06-02,C0015,D01,E08,5,5694.6
SO001160,2022-06-09,C0015,D01,E08,6,5920.0
SO001161,2022-06-18,C0015,D01,E08,5,5195.0
SO001162,2022-06-25,C0015,D01,E08,5,5016.4
SO001163,2022-07-02,C0015,D01,E08,6,5947.6
SO001164,2022-07-13,C0015,D01,E08,6,6450.0
SO001165,2022-07-24,C0015,D01,E08,7,7095.4
SO001166,2022-08-03,C0015,D01,E08,7,9092.0
SO001167,2022-08-14,C0015,D01,E08,7,9092.35
SO001168,2022-08-24,C0015,D01,E08,3,2573.4
SO001169,2022-09-03,C0015,D01,E08,7,10074.05
SO001170,2022-09-10,C0015,D01,E08,3,4155.0
SO001171,2022-09-19,C0015,D01,E08,3,2495.0
SO001172,2022-09-27,C0015,D01,E08,3,5813.4
SO001173,2022-10-04,C0015,D01,E08,6,11355.2
SO001174,2022-10-13,C0015,D01,E08,6,7890.0
SO001175,2022-10-23,C0015,D01,E08,6,9385.8
SO001176,2022-11-03,C0015,D01,E08,5,4688.55
SO001177,2022-11-11,C0015,D01,E08,3,7780.0
SO001178,2022-11-20,C0015,D01,E08,6,12005.0
SO001179,2022-11-28,C0015,D01,E08,6,6949.65
SO001180,2022-12-05,C0015,D01,E08,7,8271.6
SO001181,2022-12-12,C0015,D01,E08,6,7956.4
SO001182,2022-12-19,C0015,D01,E08,3,3550.0
SO001183,2022-12-27,C0015,D01,E08,3,5760.3
SO001184,2023-01-03,C0015,D01,E08,7,11030.0
SO001185,2023-01-10,C0015,D01,E08,6,7598.6
SO001186,2023-01-21,C0015,D01,E08,3,3628.5
SO001187,2023-02-01,C0015,D01,E08,4,3800.0
SO001188,2023-02-12,C0015,D01,E08,3,3985.0
SO001189,2023-02-20,C0015,D01,E08,6,10059.6
SO001190,2023-03-02,C0015,D01,E08,3,2526.25
SO001191,2023-03-10,C0015,D01,E08,5,5290.6
SO001192,2023-03-20,C0015,D01,E08,3,2965.0
SO001193,2023-03-28,C0015,D01,E08,6,5050.0
SO001194,2023-04-08,C0015,D01,E08,3,2060.0
SO001195,2023-04-15,C0015,D01,E08,7,6918.4
SO001196,2023-04-22,C0015,D01,E08,7,6663.6
SO001197,2023-05-03,C0015,D01,E08,6,6657.5
SO001198,2023-05-10,C0015,D01,E08,3,4280.0
SO001199,2023-05-17,C0015,D01,E08,4,4428.4
SO001200,2023-05-26,C0015,D01,E08,6,6809.6
SO001201,2023-06-05,C0015,D01,E08,7,7364.3
SO001202,2023-06-14,C0015,D01,E08,5,5769.9
SO001203,2023-06-25,C0015,D01,E08,3,3118.2
SO001204,2023-07-06,C0015,D01,E08,3,3720.0
SO001205,2023-07-17,C0015,D01,E08,3,4210.0
SO001206,2023-07-27,C0015,D01,E08,3,1971.9
SO001207,2023-08-03,C0015,D01,E08,5,5650.0
SO001208,2023-08-12,C0015,D01,E08,3,2940.0
SO001209,2023-08-23,C0015,D01,E08,4,6457.7
SO001210,2023-09-02,C0015,D01,E08,6,7355.0
SO001211,2023-09-13,C0015,D01,E08,6,7433.6
SO001212,2023-09-22,C0015,D01,E08,6,5688.4
SO001213,2023-09-30,C0015,D01,E08,7,8650.0
SO001214,2023-10-09,C0015,D01,E08,3,3386.65
SO001215,2023-10-18,C0015,D01,E08,4,7675.6
SO001216,2023-10-29,C0015,D01,E08,6,4390.0
SO001217,2023-11-07,C0015,D01,E08,5,11376.0
SO001218,2023-11-16,C0015,D01,E08,5,9444.5
SO001219,2023-11-27,C0015,D01,E08,3,7800.0
SO001220,2023-12-05,C0015,D01,E08,3,5800.0
SO001221,2023-12-16,C0015,D01,E08,6,12275.35
SO001222,2023-12-24,C0015,D01,E08,6,10380.25
SO001223,2024-01-03,C0015,D01,E08,3,5320.0
SO001224,2024-01-13,C0015,D01,E08,5,11910.0
SO001225,2024-01-23,C0015,D01,E08,3,2715.0
SO001226,2024-02-02,C0015,D01,E08,4,6020.0
SO001227,2024-02-11,C0015,D01,E08,4,7587.6
SO001228,2024-02-20,C0015,D01,E08,3,6470.0
SO001229,2024-03-01,C0015,D01,E08,3,2548.4
SO001230,2024-03-10,C0015,D01,E08,3,3363.0
SO001231,2024-03-18,C0015,D01,E08,7,7840.95
SO001232,2024-03-25,C0015,D01,E08,7,6970.1
SO001233,2024-04-05,C0015,D01,E08,7,8380.0
SO001234,2024-04-14,C0015,D01,E08,5,6749.5
SO001235,2024-04-23,C0015,D01,E08,7,5400.7
SO001236,2024-05-01,C0015,D01,E08,6,7237.6
SO001237,2024-05-08,C0015,D01,E08,4,4013.8
SO001238,2024-05-19,C0015,D01,E08,4,4374.0
SO001239,2024-05-27,C0015,D01,E08,7,9019.8
SO001240,2024-06-05,C0015,D01,E08,5,6248.55
SO001241,2024-06-13,C0015,D01,E08,3,4875.0
SO001242,2024-06-24,C0015,D01,E08,7,12389.5
SO001243,2024-07-04,C0015,D01,E08,6,7490.0
SO001244,2024-07-14,C0015,D01,E08,4,4830.6
SO001245,2024-07-24,C0015,D01,E08,6,6580.8
SO001246,2024-07-31,C0015,D01,E08,6,10867.2
SO001247,2024-08-07,C0015,D01,E08,7,9675.8
SO001248,2024-08-18,C0015,D01,E08,4,4966.7
SO001249,2024-08-25,C0015,D01,E08,7,11073.2
SO001250,2024-09-04,C0015,D01,E08,7,9485.0
SO001251,2024-09-15,C0015,D01,E08,4,4838.4
SO001252,2024-09-24,C0015,D01,E08,5,6882.4
SO001253,2024-10-03,C0015,D01,E08,4,8144.65
SO001254,2024-10-12,C0015,D01,E08,4,6113.25
SO001255,2024-10-19,C0015,D01,E08,5,4825.0
SO001256,2024-10-27,C0015,D01,E08,6,9677.85
SO001257,2024-11-05,C0015,D01,E08,7,18211.8
SO001258,2024-11-13,C0015,D01,E08,5,8862.4
SO001259,2024-11-22,C0015,D01,E08,7,12280.0
SO001260,2024-11-29,C0015,D01,E08,6,13072.3
SO001261,2024-12-10,C0015,D01,E08,4,4080.0
SO001262,2024-12-17,C0015,D01,E08,7,13442.7
SO001263,2024-12-26,C0015,D01,E08,3,7355.0
SO001264,2022-01-13,C0016,D02,E09,4,2579.3
SO001265,2022-01-26,C0016,D02,E09,3,1830.0
SO001266,2022-02-08,C0016,D02,E09,6,5298.4
SO001267,2022-02-21,C0016,D02,E09,5,3125.0
SO001268,2022-03-09,C0016,D02,E09,7,1956.6
SO001269,2022-03-24,C0016,D02,E09,5,1350.0
SO001270,2022-04-06,C0016,D02,E09,7,1795.25
SO001271,2022-04-20,C0016,D02,E09,3,710.0
SO001272,2022-05-03,C0016,D02,E09,6,1686.8
SO001273,2022-05-16,C0016,D02,E09,4,1309.2
SO001274,2022-05-31,C0016,D02,E09,7,2385.0
SO001275,2022-06-13,C0016,D02,E09,5,1796.5
SO001276,2022-06-27,C0016,D02,E09,5,1932.2
SO001277,2022-07-13,C0016,D02,E09,6,2393.6
SO001278,2022-07-30,C0016,D02,E09,4,1472.1
SO001279,2022-08-12,C0016,D02,E09,6,2620.0
SO001280,2022-08-29,C0016,D02,E09,5,1985.0
SO001281,2022-09-11,C0016,D02,E09,5,1870.0
SO001282,2022-09-24,C0016,D02,E09,5,1885.2
SO001283,2022-10-08,C0016,D02,E09,3,1295.15
SO001284,2022-10-21,C0016,D02,E09,3,781.2
SO001285,2022-11-05,C0016,D02,E09,4,1798.7
SO001286,2022-11-18,C0016,D02,E09,6,3510.0
SO001287,2022-12-04,C0016,D02,E09,5,1355.0
SO001288,2022-12-19,C0016,D02,E09,6,3788.75
SO001289,2023-01-04,C0016,D02,E09,7,4719.05
SO001290,2023-01-19,C0016,D02,E09,5,3745.0
SO001291,2023-02-02,C0016,D02,E09,5,2485.0
SO001292,2023-02-18,C0016,D02,E09,5,3081.75
SO001293,2023-03-05,C0016,D02,E09,7,2310.0
SO001294,2023-03-19,C0016,D02,E09,4,1550.0
SO001295,2023-04-05,C0016,D02,E09,4,980.0
SO001296,2023-04-20,C0016,D02,E09,7,2293.15
SO001297,2023-05-07,C0016,D02,E09,4,963.7
SO001298,2023-05-23,C0016,D02,E09,4,893.2
SO001299,2023-06-07,C0016,D02,E09,4,1389.25
SO001300,2023-06-21,C0016,D02,E09,7,2975.0
SO001301,2023-07-08,C0016,D02,E09,4,1600.0
SO001302,2023-07-25,C0016,D02,E09,4,2000.0
SO001303,2023-08-11,C0016,D02,E09,4,1180.0
SO001304,2023-08-27,C0016,D02,E09,6,2340.0
SO001305,2023-09-12,C0016,D02,E09,6,2500.0
SO001306,2023-09-29,C0016,D02,E09,4,1719.6
SO001307,2023-10-13,C0016,D02,E09,3,1770.0
SO001308,2023-10-26,C0016,D02,E09,7,3030.0
SO001309,2023-11-08,C0016,D02,E09,6,4171.1
SO001310,2023-11-24,C0016,D02,E09,3,2041.8
SO001311,2023-12-07,C0016,D02,E09,6,3785.6
SO001312,2023-12-24,C0016,D02,E09,7,5135.4
SO001313,2024-01-08,C0016,D02,E09,6,3840.0
SO001314,2024-01-25,C0016,D02,E09,3,2560.0
SO001315,2024-02-11,C0016,D02,E09,5,5192.9
SO001316,2024-02-26,C0016,D02,E09,6,3860.0
SO001317,2024-03-14,C0016,D02,E09,4,1314.2
SO001318,2024-03-27,C0016,D02,E09,4,1152.9
SO001319,2024-04-11,C0016,D02,E09,6,2444.3
SO001320,2022-01-03,C0017,D02,E10,5,3630.0
SO001321,2022-01-16,C0017,D02,E10,7,2848.05
SO001322,2022-02-01,C0017,D02,E10,3,1098.0
SO001323,2022-02-15,C0017,D02,E10,7,3822.2
SO001324,2022-03-04,C0017,D02,E10,4,1995.2
SO001325,2022-03-17,C0017,D02,E10,6,2360.0
SO001326,2022-03-30,C0017,D02,E10,7,2703.0
SO001327,2022-04-16,C0017,D02,E10,6,2279.2
SO001328,2022-04-30,C0017,D02,E10,5,1067.1
SO001329,2022-05-17,C0017,D02,E10,7,1905.0
SO001330,2022-06-02,C0017,D02,E10,7,2095.6
SO001331,2022-06-15,C0017,D02,E10,6,3030.0
SO001332,2022-06-28,C0017,D02,E10,4,1350.0
SO001333,2022-07-14,C0017,D02,E10,5,1734.8
SO001334,2022-07-28,C0017,D02,E10,6,2087.2
SO001335,2022-08-11,C0017,D02,E10,4,1120.0
SO001336,2022-08-28,C0017,D02,E10,6,2383.3
SO001337,2022-09-14,C0017,D02,E10,5,2035.0
SO001338,2022-09-29,C0017,D02,E10,3,1366.6
SO001339,2022-10-14,C0017,D02,E10,4,2560.25
SO001340,2022-10-28,C0017,D02,E10,6,2345.5
SO001341,2022-11-13,C0017,D02,E10,5,2625.0
SO001342,2022-11-29,C0017,D02,E10,6,2386.4
SO001343,2022-12-14,C0017,D02,E10,4,2130.0
SO001344,2022-12-30,C0017,D02,E10,4,2995.0
SO001345,2023-01-16,C0017,D02,E10,7,3610.0
SO001346,2023-01-31,C0017,D02,E10,3,2730.0
SO001347,2023-02-17,C0017,D02,E10,3,1563.1
SO001348,2023-03-06,C0017,D02,E10,4,1320.0
SO001349,2023-03-21,C0017,D02,E10,6,1681.8
SO001350,2023-04-05,C0017,D02,E10,4,1140.0
SO001351,2023-04-22,C0017,D02,E10,5,1897.8
SO001352,2023-05-06,C0017,D02,E10,3,684.3
SO001353,2023-05-20,C0017,D02,E10,6,2313.7
SO001354,2023-06-05,C0017,D02,E10,7,2490.0
SO001355,2023-06-19,C0017,D02,E10,4,1875.0
SO001356,2023-07-05,C0017,D02,E10,6,2705.0
SO001357,2023-07-19,C0017,D02,E10,6,3275.7
SO001358,2023-08-02,C0017,D02,E10,5,2348.1
SO001359,2023-08-19,C0017,D02,E10,5,2340.0
SO001360,2023-09-04,C0017,D02,E10,4,1935.0
SO001361,2023-09-18,C0017,D02,E10,7,2860.0
SO001362,2023-10-01,C0017,D02,E10,6,3950.0
SO001363,2023-10-16,C0017,D02,E10,5,3569.9
SO001364,2023-10-31,C0017,D02,E10,4,1435.0
SO001365,2023-11-14,C0017,D02,E10,5,4198.85
SO001366,2023-11-30,C0017,D02,E10,4,2805.0
SO001367,2023-12-16,C0017,D02,E10,7,4093.6
SO001368,2023-12-29,C0017,D02,E10,5,3446.8
SO001369,2024-01-12,C0017,D02,E10,6,2875.0
SO001370,2024-01-27,C0017,D02,E10,7,5078.5
SO001371,2024-02-11,C0017,D02,E10,6,3733.6
SO001372,2024-02-28,C0017,D02,E10,4,2860.0
SO001373,2024-03-12,C0017,D02,E10,7,2502.85
SO001374,2024-03-26,C0017,D02,E10,5,1440.0
SO001375,2024-04-12,C0017,D02,E10,6,1976.5
SO001376,2024-04-25,C0017,D02,E10,3,1160.0
SO001377,2024-05-10,C0017,D02,E10,7,2601.25
SO001378,2024-05-27,C0017,D02,E10,6,2205.0
SO001379,2024-06-10,C0017,D02,E10,4,2029.25
SO001380,2024-06-24,C0017,D02,E10,7,2995.2
SO001381,2024-07-08,C0017,D02,E10,7,4318.6
SO001382,2024-07-21,C0017,D02,E10,3,1000.0
SO001383,2024-08-05,C0017,D02,E10,3,1220.0
SO001384,2024-08-19,C0017,D02,E10,7,2181.1
SO001385,2024-09-01,C0017,D02,E10,6,2354.75
SO001386,2024-09-16,C0017,D02,E10,7,3037.8
SO001387,2024-10-03,C0017,D02,E10,5,2445.4
SO001388,2024-10-19,C0017,D02,E10,5,2950.0
SO001389,2024-11-04,C0017,D02,E10,3,2236.8
SO001390,2024-11-20,C0017,D02,E10,3,2889.4
SO001391,2024-12-05,C0017,D02,E10,3,2673.6
SO001392,2024-12-18,C0017,D02,E10,4,1760.0
SO001393,2022-01-10,C0018,D02,E11,3,5039.0
SO001394,2022-01-20,C0018,D02,E11,7,8767.6
SO001395,2022-01-31,C0018,D02,E11,6,6930.0
SO001396,2022-02-11,C0018,D02,E11,7,6831.95
SO001397,2022-02-22,C0018,D02,E11,6,7500.0
SO001398,2022-03-06,C0018,D02,E11,7,3096.05
SO001399,2022-03-16,C0018,D02,E11,3,2265.0
SO001400,2022-03-27,C0018,D02,E11,3,1918.75
SO001401,2022-04-08,C0018,D02,E11,5,2771.6
SO001402,2022-04-18,C0018,D02,E11,4,2225.0
SO001403,2022-04-29,C0018,D02,E11,3,1362.0
SO001404,2022-05-10,C0018,D02,E11,3,1455.0
SO001405,2022-05-23,C0018,D02,E11,7,4045.0
SO001406,2022-06-02,C0018,D02,E11,6,4963.8
SO001407,2022-06-12,C0018,D02,E11,5,4223.4
SO001408,2022-06-23,C0018,D02,E11,3,2850.0
SO001409,2022-07-06,C0018,D02,E11,6,3749.7
SO001410,2022-07-18,C0018,D02,E11,3,2115.0
SO001411,2022-07-28,C0018,D02,E11,6,3775.0
SO001412,2022-08-10,C0018,D02,E11,5,3425.0
SO001413,2022-08-24,C0018,D02,E11,5,3170.0
SO001414,2022-09-05,C0018,D02,E11,3,1575.0
SO001415,2022-09-16,C0018,D02,E11,7,5730.0
SO001416,2022-09-29,C0018,D02,E11,7,5404.8
SO001417,2022-10-11,C0018,D02,E11,6,3860.0
SO001418,2022-10-23,C0018,D02,E11,4,5217.05
SO001419,2022-11-05,C0018,D02,E11,4,2056.1
SO001420,2022-11-18,C0018,D02,E11,5,6066.75
SO001421,2022-12-01,C0018,D02,E11,3,2201.25
SO001422,2022-12-12,C0018,D02,E11,3,4725.0
SO001423,2022-12-22,C0018,D02,E11,7,8740.0
SO001424,2023-01-01,C0018,D02,E11,7,9130.2
SO001425,2023-01-14,C0018,D02,E11,4,6090.0
SO001426,2023-01-27,C0018,D02,E11,3,3210.0
SO001427,2023-02-10,C0018,D02,E11,4,2531.6
SO001428,2023-02-24,C0018,D02,E11,7,5444.2
SO001429,2023-03-08,C0018,D02,E11,3,1976.65
SO001430,2023-03-21,C0018,D02,E11,6,3949.2
SO001431,2023-04-03,C0018,D02,E11,5,3661.9
SO001432,2023-04-16,C0018,D02,E11,6,4101.45
SO001433,2023-04-29,C0018,D02,E11,5,2755.0
SO001434,2023-05-11,C0018,D02,E11,5,2627.5
SO001435,2023-05-21,C0018,D02,E11,7,5030.0
SO001436,2023-06-04,C0018,D02,E11,3,3065.0
SO001437,2023-06-16,C0018,D02,E11,5,3720.0
SO001438,2023-06-30,C0018,D02,E11,6,4875.0
SO001439,2023-07-12,C0018,D02,E11,6,4439.75
SO001440,2023-07-24,C0018,D02,E11,6,4872.85
SO001441,2023-08-04,C0018,D02,E11,7,4641.95
SO001442,2023-08-16,C0018,D02,E11,5,3742.0
SO001443,2023-08-26,C0018,D02,E11,5,3819.2
SO001444,2023-09-05,C0018,D02,E11,6,3813.6
SO001445,2023-09-16,C0018,D02,E11,7,5525.0
SO001446,2023-09-29,C0018,D02,E11,6,5210.0
SO001447,2023-10-09,C0018,D02,E11,6,4660.7
SO001448,2023-10-19,C0018,D02,E11,7,6834.9
SO001449,2023-10-29,C0018,D02,E11,6,4713.4
SO001450,2023-11-10,C0018,D02,E11,6,6649.35
SO001451,2023-11-24,C0018,D02,E11,3,2886.5
SO001452,2023-12-08,C0018,D02,E11,7,7522.95
SO001453,2023-12-20,C0018,D02,E11,4,7145.0
SO001454,2023-12-31,C0018,D02,E11,5,5290.0
SO001455,2024-01-14,C0018,D02,E11,3,3383.9
SO001456,2024-01-25,C0018,D02,E11,6,5238.35
SO001457,2024-02-08,C0018,D02,E11,3,4240.0
SO001458,2024-02-19,C0018,D02,E11,6,7994.2
SO001459,2024-03-04,C0018,D02,E11,5,3370.1
SO001460,2024-03-17,C0018,D02,E11,5,3890.8
SO001461,2024-03-27,C0018,D02,E11,3,3260.0
SO001462,2024-04-09,C0018,D02,E11,4,2900.0
SO001463,2024-04-21,C0018,D02,E11,5,3670.0
SO001464,2024-05-05,C0018,D02,E11,6,4198.3
SO001465,2024-05-19,C0018,D02,E11,7,3490.0
SO001466,2024-06-02,C0018,D02,E11,5,5183.2
SO001467,2024-06-14,C0018,D02,E11,5,5479.9
SO001468,2024-06-25,C0018,D02,E11,4,2871.35
SO001469,2024-07-07,C0018,D02,E11,4,4350.0
SO001470,2024-07-21,C0018,D02,E11,6,6785.0
SO001471,2024-07-31,C0018,D02,E11,4,3105.0
SO001472,2024-08-11,C0018,D02,E11,6,6914.8
SO001473,2024-08-23,C0018,D02,E11,7,4470.2
SO001474,2024-09-06,C0018,D02,E11,4,2573.25
SO001475,2024-09-17,C0018,D02,E11,4,5205.7
SO001476,2024-10-01,C0018,D02,E11,3,4049.85
SO001477,2024-10-14,C0018,D02,E11,3,2875.0
SO001478,2024-10-26,C0018,D02,E11,6,5123.25
SO001479,2024-11-09,C0018,D02,E11,5,5699.6
SO001480,2024-11-23,C0018,D02,E11,5,6500.0
SO001481,2024-12-07,C0018,D02,E11,4,4665.0
SO001482,2024-12-20,C0018,D02,E11,3,4870.0
SO001483,2022-01-06,C0019,D01,E06,4,2691.3
SO001484,2022-01-18,C0019,D01,E06,5,5114.3
SO001485,2022-01-31,C0019,D01,E06,6,4185.0
SO001486,2022-02-12,C0019,D01,E06,6,5348.4
SO001487,2022-02-23,C0019,D01,E06,6,9738.8
SO001488,2022-03-06,C0019,D01,E06,4,2225.0
SO001489,2022-03-18,C0019,D01,E06,5,2570.0
SO001490,2022-03-29,C0019,D01,E06,3,1783.85
SO001491,2022-04-08,C0019,D01,E06,4,3005.2
SO001492,2022-04-18,C0019,D01,E06,7,3968.6
SO001493,2022-05-02,C0019,D01,E06,7,4701.25
SO001494,2022-05-15,C0019,D01,E06,6,3680.0
SO001495,2022-05-25,C0019,D01,E06,4,2000.0
SO001496,2022-06-07,C0019,D01,E06,7,5205.0
SO001497,2022-06-20,C0019,D01,E06,4,2540.0
SO001498,2022-06-30,C0019,D01,E06,3,2145.0
SO001499,2022-07-10,C0019,D01,E06,7,5315.8
SO001500,2022-07-23,C0019,D01,E06,7,5415.6
SO001501,2022-08-04,C0019,D01,E06,4,2820.0
SO001502,2022-08-14,C0019,D01,E06,5,3956.0
SO001503,2022-08-24,C0019,D01,E06,7,5032.2
SO001504,2022-09-03,C0019,D01,E06,3,2745.0
SO001505,2022-09-13,C0019,D01,E06,6,4066.5
SO001506,2022-09-26,C0019,D01,E06,4,4476.6
SO001507,2022-10-09,C0019,D01,E06,4,4025.0
SO001508,2022-10-19,C0019,D01,E06,3,2239.4
SO001509,2022-10-31,C0019,D01,E06,5,2785.0
SO001510,2022-11-11,C0019,D01,E06,6,6908.55
SO001511,2022-11-22,C0019,D01,E06,5,3580.5
SO001512,2022-12-05,C0019,D01,E06,3,3135.0
SO001513,2022-12-19,C0019,D01,E06,5,7365.0
SO001514,2023-01-01,C0019,D01,E06,4,6701.1
SO001515,2023-01-13,C0019,D01,E06,5,4230.0
SO001516,2023-01-25,C0019,D01,E06,6,4551.35
SO001517,2023-02-05,C0019,D01,E06,6,5930.0
SO001518,2023-02-15,C0019,D01,E06,4,5665.0
SO001519,2023-02-25,C0019,D01,E06,6,6060.0
SO001520,2023-03-08,C0019,D01,E06,5,3690.0
SO001521,2023-03-22,C0019,D01,E06,4,2675.0
SO001522,2023-04-05,C0019,D01,E06,6,3635.25
SO001523,2023-04-17,C0019,D01,E06,3,2642.5
SO001524,2023-04-27,C0019,D01,E06,6,4127.35
SO001525,2023-05-09,C0019,D01,E06,3,2120.1
SO001526,2023-05-20,C0019,D01,E06,7,3450.2
SO001527,2023-05-31,C0019,D01,E06,7,3379.2
SO001528,2023-06-14,C0019,D01,E06,5,3614.8
SO001529,2023-06-26,C0019,D01,E06,6,5727.5
SO001530,2023-07-07,C0019,D01,E06,6,5925.0
SO001531,2023-07-21,C0019,D01,E06,3,3018.4
SO001532,2023-08-02,C0019,D01,E06,6,4330.0
SO001533,2023-08-15,C0019,D01,E06,7,7240.0
SO001534,2023-08-29,C0019,D01,E06,7,5082.6
SO001535,2023-09-12,C0019,D01,E06,3,3541.8
SO001536,2023-09-23,C0019,D01,E06,4,3485.0
SO001537,2023-10-07,C0019,D01,E06,7,5195.6
SO001538,2023-10-21,C0019,D01,E06,4,5277.25
SO001539,2023-11-02,C0019,D01,E06,3,4018.4
SO001540,2023-11-14,C0019,D01,E06,5,6384.8
SO001541,2023-11-27,C0019,D01,E06,6,8063.8
SO001542,2023-12-07,C0019,D01,E06,6,7890.0
SO001543,2023-12-18,C0019,D01,E06,6,5980.0
SO001544,2024-01-01,C0019,D01,E06,7,8923.8
SO001545,2024-01-15,C0019,D01,E06,4,5397.1
SO001546,2024-01-26,C0019,D01,E06,3,2965.0
SO001547,2024-02-05,C0019,D01,E06,4,5729.2
SO001548,2024-02-18,C0019,D01,E06,4,4290.0
SO001549,2024-03-03,C0019,D01,E06,5,3698.4
SO001550,2024-03-17,C0019,D01,E06,7,4382.7
SO001551,2024-03-30,C0019,D01,E06,4,3034.7
SO001552,2024-04-13,C0019,D01,E06,6,4650.0
SO001553,2024-04-23,C0019,D01,E06,3,2232.9
SO001554,2024-05-07,C0019,D01,E06,7,4305.0
SO001555,2024-05-17,C0019,D01,E06,7,3670.5
SO001556,2024-05-28,C0019,D01,E06,4,2700.0
SO001557,2024-06-11,C0019,D01,E06,3,2244.4
SO001558,2024-06-24,C0019,D01,E06,4,3973.75
SO001559,2024-07-08,C0019,D01,E06,4,3584.35
SO001560,2024-07-19,C0019,D01,E06,4,3617.4
SO001561,2024-07-29,C0019,D01,E06,4,3540.0
SO001562,2024-08-10,C0019,D01,E06,7,5022.0
SO001563,2024-08-20,C0019,D01,E06,6,5005.0
SO001564,2024-08-31,C0019,D01,E06,5,3900.0
SO001565,2024-09-13,C0019,D01,E06,3,3304.5
SO001566,2024-09-27,C0019,D01,E06,5,3630.4
SO001567,2024-10-11,C0019,D01,E06,4,2236.2
SO001568,2024-10-24,C0019,D01,E06,4,4418.85
SO001569,2024-11-03,C0019,D01,E06,3,4089.75
SO001570,2024-11-14,C0019,D01,E06,7,7960.0
SO001571,2024-11-25,C0019,D01,E06,5,8496.4
SO001572,2024-12-07,C0019,D01,E06,5,5431.75
SO001573,2024-12-20,C0019,D01,E06,7,7903.8
SO001574,2024-12-31,C0019,D01,E06,4,7180.0
SO001575,2022-01-07,C0020,D01,E07,4,2610.0
SO001576,2022-01-23,C0020,D01,E07,5,1955.0
SO001577,2022-02-09,C0020,D01,E07,7,3096.1
SO001578,2022-02-23,C0020,D01,E07,4,1468.0
SO001579,2022-03-08,C0020,D01,E07,7,2222.75
SO001580,2022-03-23,C0020,D01,E07,7,2415.1
SO001581,2022-04-06,C0020,D01,E07,5,1528.1
SO001582,2022-04-21,C0020,D01,E07,3,525.0
SO001583,2022-05-08,C0020,D01,E07,4,1640.0
SO001584,2022-05-21,C0020,D01,E07,4,2070.0
SO001585,2022-06-03,C0020,D01,E07,5,1653.7
SO001586,2022-06-16,C0020,D01,E07,5,2299.2
SO001587,2022-06-30,C0020,D01,E07,4,1590.0
SO001588,2022-07-13,C0020,D01,E07,4,1832.2
SO001589,2022-07-29,C0020,D01,E07,4,1907.35
SO001590,2022-08-13,C0020,D01,E07,7,2717.4
SO001591,2022-08-29,C0020,D01,E07,3,1085.0
SO001592,2022-09-15,C0020,D01,E07,6,2245.0
SO001593,2022-10-02,C0020,D01,E07,4,1928.4
SO001594,2022-10-19,C0020,D01,E07,7,3151.8
SO001595,2022-11-01,C0020,D01,E07,5,2100.0
SO001596,2022-11-16,C0020,D01,E07,4,2550.0
SO001597,2022-12-03,C0020,D01,E07,6,2562.5
SO001598,2022-12-16,C0020,D01,E07,6,3660.0
SO001599,2023-01-01,C0020,D01,E07,7,4090.0
SO001600,2023-01-14,C0020,D01,E07,7,4291.0
SO001601,2023-01-30,C0020,D01,E07,5,1940.0
SO001602,2023-02-12,C0020,D01,E07,7,3593.2
SO001603,2023-02-27,C0020,D01,E07,6,2545.0
SO001604,2023-03-16,C0020,D01,E07,4,1480.6
SO001605,2023-03-30,C0020,D01,E07,6,2160.0
SO001606,2023-04-12,C0020,D01,E07,7,1972.2
SO001607,2023-04-29,C0020,D01,E07,6,1607.4
SO001608,2023-05-14,C0020,D01,E07,3,1145.0
SO001609,2023-05-30,C0020,D01,E07,4,964.55
SO001610,2023-06-12,C0020,D01,E07,7,2557.4
SO001611,2023-06-25,C0020,D01,E07,3,1455.0
SO001612,2023-07-08,C0020,D01,E07,7,2726.5
SO001613,2023-07-21,C0020,D01,E07,6,2575.0
SO001614,2023-08-03,C0020,D01,E07,4,2210.0
SO001615,2023-08-18,C0020,D01,E07,5,2095.0
SO001616,2023-09-04,C0020,D01,E07,3,1986.2
SO001617,2023-09-17,C0020,D01,E07,6,2958.6
SO001618,2023-10-01,C0020,D01,E07,3,1324.3
SO001619,2023-10-16,C0020,D01,E07,4,2320.15
SO001620,2023-11-01,C0020,D01,E07,6,2795.0
SO001621,2023-11-15,C0020,D01,E07,7,5573.4
SO001622,2023-12-01,C0020,D01,E07,4,1907.8
SO001623,2023-12-17,C0020,D01,E07,5,2275.05
SO001624,2023-12-31,C0020,D01,E07,3,3015.0
SO001625,2024-01-17,C0020,D01,E07,7,5839.7
SO001626,2024-02-01,C0020,D01,E07,6,3696.65
SO001627,2024-02-17,C0020,D01,E07,6,4665.0
SO001628,2024-03-03,C0020,D01,E07,4,1470.0
SO001629,2024-03-17,C0020,D01,E07,7,2615.7
SO001630,2024-04-03,C0020,D01,E07,4,1025.0
SO001631,2024-04-16,C0020,D01,E07,5,1725.0
SO001632,2024-04-29,C0020,D01,E07,4,984.6
SO001633,2024-05-13,C0020,D01,E07,6,2199.2
SO001634,2024-05-26,C0020,D01,E07,4,1550.0
SO001635,2024-06-08,C0020,D01,E07,7,3252.8
SO001636,2024-06-22,C0020,D01,E07,7,2193.05
SO001637,2024-07-06,C0020,D01,E07,4,1535.0
SO001638,2024-07-19,C0020,D01,E07,4,844.6
SO001639,2024-08-01,C0020,D01,E07,6,2963.35
SO001640,2024-08-17,C0020,D01,E07,5,2190.0
SO001641,2024-09-03,C0020,D01,E07,4,2987.6
SO001642,2024-09-18,C0020,D01,E07,3,1914.75
SO001643,2024-10-01,C0020,D01,E07,5,2600.6
SO001644,2024-10-18,C0020,D01,E07,7,3755.4
SO001645,2024-11-03,C0020,D01,E07,4,3695.5
SO001646,2024-11-19,C0020,D01,E07,7,5826.4
SO001647,2024-12-02,C0020,D01,E07,7,5407.9
SO001648,2024-12-16,C0020,D01,E07,6,3145.0
SO001649,2024-12-31,C0020,D01,E07,4,4130.0
SO001650,2022-01-01,C0021,D01,E08,3,3310.0
SO001651,2022-01-11,C0021,D01,E08,7,6986.4
SO001652,2022-01-24,C0021,D01,E08,5,3710.0
SO001653,2022-02-06,C0021,D01,E08,7,8392.4
SO001654,2022-02-19,C0021,D01,E08,6,8228.6
SO001655,2022-03-02,C0021,D01,E08,5,1871.0
SO001656,2022-03-14,C0021,D01,E08,5,2525.0
SO001657,2022-03-24,C0021,D01,E08,7,4498.75
SO001658,2022-04-06,C0021,D01,E08,6,2965.0
SO001659,2022-04-16,C0021,D01,E08,7,3477.8
SO001660,2022-04-29,C0021,D01,E08,4,1845.5
SO001661,2022-05-12,C0021,D01,E08,5,2085.75
SO001662,2022-05-26,C0021,D01,E08,7,4000.0
SO001663,2022-06-07,C0021,D01,E08,6,3918.95
SO001664,2022-06-20,C0021,D01,E08,3,2850.0
SO001665,2022-07-02,C0021,D01,E08,7,4161.2
SO001666,2022-07-14,C0021,D01,E08,7,5157.7
SO001667,2022-07-27,C0021,D01,E08,3,1435.0
SO001668,2022-08-09,C0021,D01,E08,5,2419.2
SO001669,2022-08-20,C0021,D01,E08,7,5866.45
SO001670,2022-09-02,C0021,D01,E08,6,4350.0
SO001671,2022-09-15,C0021,D01,E08,4,3280.0
SO001672,2022-09-29,C0021,D01,E08,6,5437.4
SO001673,2022-10-11,C0021,D01,E08,4,3638.8
SO001674,2022-10-25,C0021,D01,E08,7,7112.8
SO001675,2022-11-06,C0021,D01,E08,5,6405.0
SO001676,2022-11-17,C0021,D01,E08,4,2900.4
SO001677,2022-11-27,C0021,D01,E08,4,3615.25
SO001678,2022-12-07,C0021,D01,E08,6,7815.0
SO001679,2022-12-20,C0021,D01,E08,7,8085.0
SO001680,2023-01-03,C0021,D01,E08,7,7098.7
SO001681,2023-01-15,C0021,D01,E08,4,5120.0
SO001682,2023-01-28,C0021,D01,E08,4,5618.55
SO001683,2023-02-07,C0021,D01,E08,3,3300.0
SO001684,2023-02-19,C0021,D01,E08,3,2655.0
SO001685,2023-03-03,C0021,D01,E08,7,4810.0
SO001686,2023-03-14,C0021,D01,E08,4,1766.2
SO001687,2023-03-25,C0021,D01,E08,6,4511.9
SO001688,2023-04-07,C0021,D01,E08,7,4095.7
SO001689,2023-04-19,C0021,D01,E08,5,3117.0
SO001690,2023-04-29,C0021,D01,E08,7,5376.95
SO001691,2023-05-10,C0021,D01,E08,3,845.0
SO001692,2023-05-24,C0021,D01,E08,4,3350.0
SO001693,2023-06-04,C0021,D01,E08,3,2790.0
SO001694,2023-06-16,C0021,D01,E08,7,6715.0
SO001695,2023-06-29,C0021,D01,E08,4,4535.75
SO001696,2023-07-12,C0021,D01,E08,6,4456.8
SO001697,2023-07-25,C0021,D01,E08,6,4545.0
SO001698,2023-08-05,C0021,D01,E08,7,5233.55
SO001699,2023-08-17,C0021,D01,E08,4,2300.0
SO001700,2023-08-31,C0021,D01,E08,7,5165.0
SO001701,2023-09-11,C0021,D01,E08,7,5647.35
SO001702,2023-09-22,C0021,D01,E08,7,6498.7
SO001703,2023-10-06,C0021,D01,E08,5,2070.0
SO001704,2023-10-16,C0021,D01,E08,7,9305.7
SO001705,2023-10-30,C0021,D01,E08,6,6970.9
SO001706,2023-11-09,C0021,D01,E08,5,5190.0
SO001707,2023-11-20,C0021,D01,E08,3,4700.9
SO001708,2023-12-01,C0021,D01,E08,6,6870.0
SO001709,2023-12-11,C0021,D01,E08,5,7000.0
SO001710,2023-12-25,C0021,D01,E08,3,3226.8
SO001711,2024-01-08,C0021,D01,E08,3,5228.0
SO001712,2024-01-21,C0021,D01,E08,7,8041.6
SO001713,2024-01-31,C0021,D01,E08,4,3931.35
SO001714,2024-02-14,C0021,D01,E08,5,7152.95
SO001715,2024-02-28,C0021,D01,E08,3,2110.0
SO001716,2024-03-10,C0021,D01,E08,5,2715.0
SO001717,2024-03-24,C0021,D01,E08,4,2565.0
SO001718,2024-04-05,C0021,D01,E08,6,4199.75
SO001719,2024-04-18,C0021,D01,E08,5,3157.5
SO001720,2024-05-01,C0021,D01,E08,4,2150.0
SO001721,2024-05-12,C0021,D01,E08,6,4266.0
SO001722,2024-05-26,C0021,D01,E08,5,3420.0
SO001723,2024-06-08,C0021,D01,E08,6,6253.4
SO001724,2024-06-18,C0021,D01,E08,5,4450.0
SO001725,2024-06-28,C0021,D01,E08,7,5527.5
SO001726,2024-07-08,C0021,D01,E08,5,3780.0
SO001727,2024-07-21,C0021,D01,E08,3,2960.0
SO001728,2024-08-01,C0021,D01,E08,6,5209.2
SO001729,2024-08-15,C0021,D01,E08,7,4441.1
SO001730,2024-08-27,C0021,D01,E08,7,6100.0
SO001731,2024-09-08,C0021,D01,E08,3,1453.6
SO001732,2024-09-19,C0021,D01,E08,6,6006.2
SO001733,2024-10-02,C0021,D01,E08,7,9969.4
SO001734,2024-10-12,C0021,D01,E08,7,9149.4
SO001735,2024-10-25,C0021,D01,E08,5,4460.25
SO001736,2024-11-04,C0021,D01,E08,6,9412.75
SO001737,2024-11-18,C0021,D01,E08,5,4310.8
SO001738,2024-11-28,C0021,D01,E08,4,5545.0
SO001739,2024-12-08,C0021,D01,E08,3,5210.0
SO001740,2024-12-21,C0021,D01,E08,4,2873.0
SO001741,2022-01-02,C0022,D02,E09,4,3444.7
SO001742,2022-01-16,C0022,D02,E09,7,7608.65
SO001743,2022-01-27,C0022,D02,E09,4,4040.0
SO001744,2022-02-10,C0022,D02,E09,3,2470.0
SO001745,2022-02-24,C0022,D02,E09,3,3735.0
SO001746,2022-03-07,C0022,D02,E09,3,958.75
SO001747,2022-03-19,C0022,D02,E09,3,2475.0
SO001748,2022-03-31,C0022,D02,E09,6,2567.0
SO001749,2022-04-14,C0022,D02,E09,6,4945.5
SO001750,2022-04-26,C0022,D02,E09,4,2678.15
SO001751,2022-05-10,C0022,D02,E09,3,1193.4
SO001752,2022-05-24,C0022,D02,E09,3,1440.0
SO001753,2022-06-05,C0022,D02,E09,6,4350.0
SO001754,2022-06-18,C0022,D02,E09,3,2170.0
SO001755,2022-06-30,C0022,D02,E09,3,2130.0
SO001756,2022-07-14,C0022,D02,E09,4,2263.8
SO001757,2022-07-26,C0022,D02,E09,3,2785.0
SO001758,2022-08-08,C0022,D02,E09,6,4495.0
SO001759,2022-08-20,C0022,D02,E09,7,5210.0
SO001760,2022-08-31,C0022,D02,E09,6,4939.75
SO001761,2022-09-11,C0022,D02,E09,7,4641.25
SO001762,2022-09-23,C0022,D02,E09,6,4185.75
SO001763,2022-10-03,C0022,D02,E09,5,3159.3
SO001764,2022-10-14,C0022,D02,E09,6,5685.85
SO001765,2022-10-26,C0022,D02,E09,6,4984.5
SO001766,2022-11-09,C0022,D02,E09,5,4672.0
SO001767,2022-11-23,C0022,D02,E09,5,6666.75
SO001768,2022-12-04,C0022,D02,E09,3,3715.0
SO001769,2022-12-14,C0022,D02,E09,7,6794.0
SO001770,2022-12-26,C0022,D02,E09,4,3835.0
SO001771,2023-01-08,C0022,D02,E09,4,5790.0
SO001772,2023-01-21,C0022,D02,E09,5,4829.7
SO001773,2023-02-03,C0022,D02,E09,6,7123.2
SO001774,2023-02-14,C0022,D02,E09,5,4665.0
SO001775,2023-02-24,C0022,D02,E09,6,5269.4
SO001776,2023-03-10,C0022,D02,E09,5,4555.0
SO001777,2023-03-24,C0022,D02,E09,5,2626.1
SO001778,2023-04-04,C0022,D02,E09,7,5218.6
SO001779,2023-04-14,C0022,D02,E09,6,4145.0
SO001780,2023-04-28,C0022,D02,E09,7,4245.0
SO001781,2023-05-09,C0022,D02,E09,5,3680.0
SO001782,2023-05-21,C0022,D02,E09,4,3340.8
SO001783,2023-06-01,C0022,D02,E09,7,5185.0
SO001784,2023-06-12,C0022,D02,E09,5,3740.0
SO001785,2023-06-26,C0022,D02,E09,7,3600.0
SO001786,2023-07-08,C0022,D02,E09,6,3782.7
SO001787,2023-07-20,C0022,D02,E09,4,3598.5
SO001788,2023-08-03,C0022,D02,E09,5,3170.0
SO001789,2023-08-16,C0022,D02,E09,5,3688.9
SO001790,2023-08-29,C0022,D02,E09,5,4030.0
SO001791,2023-09-08,C0022,D02,E09,6,4460.0
SO001792,2023-09-21,C0022,D02,E09,4,3085.0
SO001793,2023-10-05,C0022,D02,E09,3,2385.0
SO001794,2023-10-18,C0022,D02,E09,3,3168.25
SO001795,2023-10-31,C0022,D02,E09,3,3324.4
SO001796,2023-11-11,C0022,D02,E09,7,11250.7
SO001797,2023-11-23,C0022,D02,E09,7,7739.65
SO001798,2023-12-06,C0022,D02,E09,5,6325.9
SO001799,2023-12-16,C0022,D02,E09,6,5903.25
SO001800,2023-12-26,C0022,D02,E09,7,8456.1
SO001801,2024-01-07,C0022,D02,E09,7,7302.7
SO001802,2024-01-20,C0022,D02,E09,6,5340.0
SO001803,2024-01-31,C0022,D02,E09,4,3974.1
SO001804,2024-02-10,C0022,D02,E09,5,7833.8
SO001805,2024-02-23,C0022,D02,E09,7,7218.75
SO001806,2024-03-07,C0022,D02,E09,5,2205.0
SO001807,2024-03-20,C0022,D02,E09,4,3390.4
SO001808,2024-04-03,C0022,D02,E09,5,2775.7
SO001809,2024-04-16,C0022,D02,E09,5,3690.0
SO001810,2024-04-27,C0022,D02,E09,3,2305.0
SO001811,2024-05-11,C0022,D02,E09,7,5660.0
SO001812,2024-05-25,C0022,D02,E09,6,5020.0
SO001813,2024-06-05,C0022,D02,E09,4,4033.2
SO001814,2024-06-18,C0022,D02,E09,6,4640.0
SO001815,2024-06-29,C0022,D02,E09,7,4765.4
SO001816,2024-07-11,C0022,D02,E09,6,5942.6
SO001817,2024-07-23,C0022,D02,E09,6,4839.65
SO001818,2024-08-04,C0022,D02,E09,5,3800.0
SO001819,2024-08-15,C0022,D02,E09,6,5339.5
SO001820,2024-08-27,C0022,D02,E09,6,5650.0
SO001821,2024-09-09,C0022,D02,E09,6,4735.0
SO001822,2024-09-19,C0022,D02,E09,5,3764.8
SO001823,2024-10-03,C0022,D02,E09,7,8766.6
SO001824,2024-10-14,C0022,D02,E09,6,4635.75
SO001825,2024-10-26,C0022,D02,E09,5,5966.25
SO001826,2024-11-09,C0022,D02,E09,7,7060.0
SO001827,2024-11-23,C0022,D02,E09,6,9159.8
SO001828,2024-12-07,C0022,D02,E09,5,6102.7
SO001829,2024-12-20,C0022,D02,E09,4,4865.0
SO001830,2022-01-15,C0023,D02,E10,6,1775.0
SO001831,2022-01-30,C0023,D02,E10,4,2548.8
SO001832,2022-02-16,C0023,D02,E10,3,1453.8
SO001833,2022-03-02,C0023,D02,E10,6,1160.0
SO001834,2022-03-16,C0023,D02,E10,6,1728.9
SO001835,2022-04-01,C0023,D02,E10,4,1530.0
SO001836,2022-04-17,C0023,D02,E10,6,2130.25
SO001837,2022-05-04,C0023,D02,E10,6,1520.0
SO001838,2022-05-19,C0023,D02,E10,6,1487.4
SO001839,2022-06-03,C0023,D02,E10,5,1550.0
SO001840,2022-06-17,C0023,D02,E10,6,1770.2
SO001841,2022-06-30,C0023,D02,E10,4,1495.0
SO001842,2022-07-14,C0023,D02,E10,4,1970.0
SO001843,2022-07-30,C0023,D02,E10,6,2953.7
SO001844,2022-08-16,C0023,D02,E10,3,1200.0
SO001845,2022-08-30,C0023,D02,E10,3,1070.0
SO001846,2022-09-13,C0023,D02,E10,4,1059.3
SO001847,2022-09-27,C0023,D02,E10,4,1769.1
SO001848,2022-10-13,C0023,D02,E10,3,1302.2
SO001849,2022-10-28,C0023,D02,E10,7,3373.4
SO001850,2022-11-12,C0023,D02,E10,3,1590.0
SO001851,2022-11-28,C0023,D02,E10,7,3450.9
SO001852,2022-12-12,C0023,D02,E10,5,3780.2
SO001853,2022-12-29,C0023,D02,E10,4,2605.0
SO001854,2023-01-15,C0023,D02,E10,7,4231.2
SO001855,2023-02-01,C0023,D02,E10,5,2575.0
SO001856,2023-02-16,C0023,D02,E10,3,1335.0
SO001857,2023-03-04,C0023,D02,E10,5,1720.0
SO001858,2023-03-19,C0023,D02,E10,3,1150.0
SO001859,2023-04-01,C0023,D02,E10,4,1580.0
SO001860,2023-04-17,C0023,D02,E10,5,1403.3
SO001861,2023-05-04,C0023,D02,E10,4,1238.75
SO001862,2023-05-17,C0023,D02,E10,6,1967.45
SO001863,2023-05-31,C0023,D02,E10,3,1234.2
SO001864,2023-06-14,C0023,D02,E10,4,1876.5
SO001865,2023-06-28,C0023,D02,E10,7,2870.0
SO001866,2023-07-13,C0023,D02,E10,3,1730.0
SO001867,2023-07-26,C0023,D02,E10,6,2075.0
SO001868,2023-08-10,C0023,D02,E10,3,1526.5
SO001869,2023-08-24,C0023,D02,E10,3,1590.0
SO001870,2023-09-06,C0023,D02,E10,6,3310.0
SO001871,2023-09-22,C0023,D02,E10,7,3130.05
SO001872,2023-10-06,C0023,D02,E10,4,1380.0
SO001873,2023-10-19,C0023,D02,E10,5,2265.4
SO001874,2023-11-04,C0023,D02,E10,6,3794.25
SO001875,2023-11-18,C0023,D02,E10,7,4282.0
SO001876,2023-12-04,C0023,D02,E10,3,1445.0
SO001877,2023-12-19,C0023,D02,E10,6,3400.0
SO001878,2024-01-04,C0023,D02,E10,4,1800.0
SO001879,2024-01-21,C0023,D02,E10,4,1920.0
SO001880,2024-02-04,C0023,D02,E10,5,1988.3
SO001881,2024-02-21,C0023,D02,E10,5,3137.15
SO001882,2024-03-09,C0023,D02,E10,5,1480.0
SO001883,2024-03-22,C0023,D02,E10,7,3145.0
SO001884,2024-04-06,C0023,D02,E10,5,1830.0
SO001885,2024-04-19,C0023,D02,E10,6,1783.75
SO001886,2024-05-04,C0023,D02,E10,6,1881.0
SO001887,2024-05-21,C0023,D02,E10,7,2320.0
SO001888,2024-06-05,C0023,D02,E10,4,1665.0
SO001889,2024-06-20,C0023,D02,E10,3,704.3
SO001890,2024-07-07,C0023,D02,E10,7,3040.0
SO001891,2024-07-21,C0023,D02,E10,6,3695.6
SO001892,2024-08-05,C0023,D02,E10,3,1300.0
SO001893,2024-08-18,C0023,D02,E10,3,2105.0
SO001894,2024-08-31,C0023,D02,E10,5,2196.9
SO001895,2024-09-13,C0023,D02,E10,4,1820.0
SO001896,2024-09-27,C0023,D02,E10,6,2125.0
SO001897,2024-10-14,C0023,D02,E10,5,2140.0
SO001898,2024-10-30,C0023,D02,E10,5,3690.8
SO001899,2024-11-12,C0023,D02,E10,7,4765.4
SO001900,2024-11-25,C0023,D02,E10,7,4605.0
SO001901,2024-12-10,C0023,D02,E10,3,2140.0
SO001902,2024-12-27,C0023,D02,E10,7,3743.6
SO001903,2022-01-10,C0024,D02,E11,3,1110.0
SO001904,2022-01-25,C0024,D02,E11,7,3667.2
SO001905,2022-02-11,C0024,D02,E11,3,2279.2
SO001906,2022-02-24,C0024,D02,E11,3,1730.0
SO001907,2022-03-11,C0024,D02,E11,6,2580.2
SO001908,2022-03-26,C0024,D02,E11,6,1816.1
SO001909,2022-04-08,C0024,D02,E11,5,937.15
SO001910,2022-04-23,C0024,D02,E11,6,1675.65
SO001911,2022-05-09,C0024,D02,E11,6,2135.0
SO001912,2022-05-26,C0024,D02,E11,7,2525.0
SO001913,2022-06-08,C0024,D02,E11,6,2327.1
SO001914,2022-06-22,C0024,D02,E11,7,1935.7
SO001915,2022-07-08,C0024,D02,E11,6,2398.3
SO001916,2022-07-22,C0024,D02,E11,7,3180.0
SO001917,2022-08-07,C0024,D02,E11,7,3017.6
SO001918,2022-08-23,C0024,D02,E11,4,2255.0
SO001919,2022-09-05,C0024,D02,E11,6,1650.4
SO001920,2022-09-21,C0024,D02,E11,4,1306.45
SO001921,2022-10-07,C0024,D02,E11,5,1845.2
SO001922,2022-10-23,C0024,D02,E11,7,2831.75
SO001923,2022-11-09,C0024,D02,E11,7,2471.0
SO001924,2022-11-26,C0024,D02,E11,7,5125.0
SO001925,2022-12-13,C0024,D02,E11,4,1786.0
SO001926,2022-12-27,C0024,D02,E11,6,2872.5
SO001927,2023-01-10,C0024,D02,E11,3,1050.0
SO001928,2023-01-24,C0024,D02,E11,3,1804.75
SO001929,2023-02-10,C0024,D02,E11,4,3388.0
SO001930,2023-02-24,C0024,D02,E11,5,3436.0
SO001931,2023-03-12,C0024,D02,E11,5,1700.6
SO001932,2023-03-26,C0024,D02,E11,4,1056.45
SO001933,2023-04-12,C0024,D02,E11,6,1615.0
SO001934,2023-04-26,C0024,D02,E11,7,2890.0
SO001935,2023-05-12,C0024,D02,E11,4,1490.0
SO001936,2023-05-29,C0024,D02,E11,5,1537.7
SO001937,2023-06-13,C0024,D02,E11,6,3075.0
SO001938,2023-06-26,C0024,D02,E11,3,1350.0
SO001939,2023-07-11,C0024,D02,E11,7,3781.1
SO001940,2023-07-28,C0024,D02,E11,3,1045.6
SO001941,2023-08-12,C0024,D02,E11,7,3751.5
SO001942,2023-08-29,C0024,D02,E11,3,1160.25
SO001943,2023-09-13,C0024,D02,E11,7,2601.6
SO001944,2023-09-27,C0024,D02,E11,7,2469.6
SO001945,2023-10-12,C0024,D02,E11,7,3560.0
SO001946,2023-10-29,C0024,D02,E11,4,2686.4
SO001947,2023-11-14,C0024,D02,E11,3,2404.3
SO001948,2023-11-29,C0024,D02,E11,6,5180.3
SO001949,2023-12-15,C0024,D02,E11,6,3017.25
SO001950,2023-12-30,C0024,D02,E11,3,1360.0
SO001951,2024-01-14,C0024,D02,E11,6,3806.1
SO001952,2024-01-28,C0024,D02,E11,5,3430.0
SO001953,2024-02-13,C0024,D02,E11,4,2925.0
SO001954,2024-02-26,C0024,D02,E11,7,5371.0
SO001955,2024-03-11,C0024,D02,E11,5,2229.3
SO001956,2024-03-27,C0024,D02,E11,4,1690.6
SO001957,2024-04-12,C0024,D02,E11,5,2230.0
SO001958,2024-04-26,C0024,D02,E11,3,1033.25
SO001959,2024-05-11,C0024,D02,E11,7,2454.2
SO001960,2024-05-26,C0024,D02,E11,7,3322.75
SO001961,2024-06-08,C0024,D02,E11,3,2180.0
SO001962,2024-06-21,C0024,D02,E11,3,1705.0
SO001963,2024-07-05,C0024,D02,E11,7,2819.2
SO001964,2024-07-20,C0024,D02,E11,6,3056.7
SO001965,2024-08-05,C0024,D02,E11,3,1242.2
SO001966,2024-08-20,C0024,D02,E11,7,3394.9
SO001967,2024-09-03,C0024,D02,E11,3,820.0
SO001968,2024-09-18,C0024,D02,E11,6,2449.4
SO001969,2024-10-01,C0024,D02,E11,6,3095.0
SO001970,2024-10-16,C0024,D02,E11,3,2273.8
SO001971,2024-10-30,C0024,D02,E11,6,4715.4
SO001972,2024-11-15,C0024,D02,E11,6,4022.4
SO001973,2024-12-02,C0024,D02,E11,3,1781.2
SO001974,2024-12-17,C0024,D02,E11,4,4457.2
SO001975,2022-01-14,C0025,D01,E06,3,1320.0
SO001976,2022-01-31,C0025,D01,E06,5,3755.0
SO001977,2022-02-15,C0025,D01,E06,4,3272.9
SO001978,2022-03-03,C0025,D01,E06,6,2093.5
SO001979,2022-03-16,C0025,D01,E06,3,1130.0
SO001980,2022-03-29,C0025,D01,E06,6,1608.7
SO001981,2022-04-14,C0025,D01,E06,4,1096.1
SO001982,2022-04-27,C0025,D01,E06,6,2201.0
SO001983,2022-05-12,C0025,D01,E06,5,1709.2
SO001984,2022-05-26,C0025,D01,E06,6,1520.0
SO001985,2022-06-08,C0025,D01,E06,6,2176.6
SO001986,2022-06-25,C0025,D01,E06,5,2380.0
SO001987,2022-07-11,C0025,D01,E06,4,1860.0
SO001988,2022-07-24,C0025,D01,E06,6,2312.8
SO001989,2022-08-10,C0025,D01,E06,3,1409.25
SO001990,2022-08-27,C0025,D01,E06,5,2650.8
SO001991,2022-09-12,C0025,D01,E06,5,1821.6
SO001992,2022-09-27,C0025,D01,E06,7,2752.4
SO001993,2022-10-11,C0025,D01,E06,5,1910.0
SO001994,2022-10-27,C0025,D01,E06,3,1582.4
SO001995,2022-11-12,C0025,D01,E06,3,1630.0
SO001996,2022-11-29,C0025,D01,E06,6,3020.0
SO001997,2022-12-16,C0025,D01,E06,3,1760.2
SO001998,2023-01-01,C0025,D01,E06,3,1515.0
SO001999,2023-01-18,C0025,D01,E06,7,3515.0
SO002000,2023-02-01,C0025,D01,E06,5,2660.0
SO002001,2023-02-15,C0025,D01,E06,5,2525.0
SO002002,2023-03-03,C0025,D01,E06,3,805.0
SO002003,2023-03-19,C0025,D01,E06,7,2127.8
SO002004,2023-04-01,C0025,D01,E06,7,2415.0
SO002005,2023-04-16,C0025,D01,E06,6,1901.4
SO002006,2023-04-29,C0025,D01,E06,3,1245.6
SO002007,2023-05-13,C0025,D01,E06,4,2001.55
SO002008,2023-05-29,C0025,D01,E06,4,1801.25
SO002009,2023-06-11,C0025,D01,E06,6,1840.0
SO002010,2023-06-27,C0025,D01,E06,3,2130.0
SO002011,2023-07-13,C0025,D01,E06,3,840.0
SO002012,2023-07-30,C0025,D01,E06,5,2693.25
SO002013,2023-08-16,C0025,D01,E06,4,2150.0
SO002014,2023-09-01,C0025,D01,E06,6,2738.8
SO002015,2023-09-16,C0025,D01,E06,7,3200.0
SO002016,2023-10-02,C0025,D01,E06,6,2789.75
SO002017,2023-10-19,C0025,D01,E06,7,3797.3
SO002018,2023-11-03,C0025,D01,E06,6,3298.15
SO002019,2023-11-20,C0025,D01,E06,4,2796.5
SO002020,2023-12-03,C0025,D01,E06,3,1020.0
SO002021,2023-12-18,C0025,D01,E06,6,4713.55
SO002022,2024-01-04,C0025,D01,E06,3,1850.0
SO002023,2024-01-21,C0025,D01,E06,6,3414.5
SO002024,2024-02-04,C0025,D01,E06,7,4576.7
SO002025,2024-02-20,C0025,D01,E06,3,3090.0
SO002026,2024-03-04,C0025,D01,E06,7,1760.45
SO002027,2024-03-20,C0025,D01,E06,6,1600.0
SO002028,2024-04-02,C0025,D01,E06,3,1330.0
SO002029,2024-04-17,C0025,D01,E06,3,1220.0
SO002030,2024-04-30,C0025,D01,E06,7,2459.85
SO002031,2024-05-13,C0025,D01,E06,7,2528.7
SO002032,2024-05-26,C0025,D01,E06,5,1721.45
SO002033,2024-06-09,C0025,D01,E06,4,1548.4
SO002034,2024-06-23,C0025,D01,E06,7,4095.0
SO002035,2024-07-08,C0025,D01,E06,3,1325.6
SO002036,2024-07-24,C0025,D01,E06,3,1273.8
SO002037,2024-08-09,C0025,D01,E06,5,2352.8
SO002038,2024-08-22,C0025,D01,E06,4,1315.0
SO002039,2024-09-04,C0025,D01,E06,3,1188.75
SO002040,2024-09-18,C0025,D01,E06,5,2814.4
SO002041,2024-10-05,C0025,D01,E06,5,3573.7
SO002042,2024-10-22,C0025,D01,E06,7,3747.35
SO002043,2024-11-04,C0025,D01,E06,3,2707.2
SO002044,2024-11-19,C0025,D01,E06,3,1990.0
SO002045,2024-12-05,C0025,D01,E06,6,3478.5
SO002046,2024-12-22,C0025,D01,E06,7,4674.5
SO002047,2022-01-07,C0026,D01,E07,4,6870.0
SO002048,2022-01-17,C0026,D01,E07,5,6223.15
SO002049,2022-01-25,C0026,D01,E07,6,10155.0
SO002050,2022-02-04,C0026,D01,E07,5,7240.0
SO002051,2022-02-11,C0026,D01,E07,5,6060.0
SO002052,2022-02-18,C0026,D01,E07,4,4414.3
SO002053,2022-02-25,C0026,D01,E07,5,4846.1
SO002054,2022-03-08,C0026,D01,E07,7,5158.65
SO002055,2022-03-17,C0026,D01,E07,6,4876.15
SO002056,2022-03-28,C0026,D01,E07,3,3557.5
SO002057,2022-04-06,C0026,D01,E07,4,4629.0
SO002058,2022-04-17,C0026,D01,E07,7,5299.0
SO002059,2022-04-25,C0026,D01,E07,6,5055.0
SO002060,2022-05-02,C0026,D01,E07,3,4550.0
SO002061,2022-05-10,C0026,D01,E07,5,4542.0
SO002062,2022-05-19,C0026,D01,E07,3,2385.0
SO002063,2022-05-27,C0026,D01,E07,7,7690.0
SO002064,2022-06-03,C0026,D01,E07,4,4149.1
SO002065,2022-06-11,C0026,D01,E07,3,3420.0
SO002066,2022-06-19,C0026,D01,E07,3,1967.0
SO002067,2022-06-26,C0026,D01,E07,7,8520.0
SO002068,2022-07-03,C0026,D01,E07,7,7850.0
SO002069,2022-07-12,C0026,D01,E07,6,6826.25
SO002070,2022-07-23,C0026,D01,E07,6,7445.0
SO002071,2022-07-30,C0026,D01,E07,5,3266.5
SO002072,2022-08-10,C0026,D01,E07,4,5898.25
SO002073,2022-08-21,C0026,D01,E07,3,4090.0
SO002074,2022-08-30,C0026,D01,E07,5,6360.0
SO002075,2022-09-08,C0026,D01,E07,4,2822.2
SO002076,2022-09-16,C0026,D01,E07,7,7520.0
SO002077,2022-09-23,C0026,D01,E07,3,2075.0
SO002078,2022-10-04,C0026,D01,E07,7,10407.75
SO002079,2022-10-12,C0026,D01,E07,4,5488.4
SO002080,2022-10-20,C0026,D01,E07,6,8831.35
SO002081,2022-10-28,C0026,D01,E07,3,3739.4
SO002082,2022-11-06,C0026,D01,E07,4,6835.0
SO002083,2022-11-17,C0026,D01,E07,4,5725.0
SO002084,2022-11-27,C0026,D01,E07,7,11473.7
SO002085,2022-12-07,C0026,D01,E07,6,7440.0
SO002086,2022-12-16,C0026,D01,E07,7,11935.0
SO002087,2022-12-24,C0026,D01,E07,5,9050.7
SO002088,2022-12-31,C0026,D01,E07,3,2213.55
SO002089,2023-01-11,C0026,D01,E07,7,11280.0
SO002090,2023-01-21,C0026,D01,E07,5,8850.4
SO002091,2023-01-29,C0026,D01,E07,5,9553.2
SO002092,2023-02-05,C0026,D01,E07,3,5500.0
SO002093,2023-02-14,C0026,D01,E07,5,6365.0
SO002094,2023-02-25,C0026,D01,E07,3,3560.0
SO002095,2023-03-04,C0026,D01,E07,5,4230.0
SO002096,2023-03-13,C0026,D01,E07,4,3460.0
SO002097,2023-03-24,C0026,D01,E07,7,7390.3
SO002098,2023-03-31,C0026,D01,E07,3,4418.8
SO002099,2023-04-08,C0026,D01,E07,7,4455.0
SO002100,2023-04-18,C0026,D01,E07,4,4517.7
SO002101,2023-04-26,C0026,D01,E07,7,7554.8
SO002102,2023-05-05,C0026,D01,E07,4,4911.25
SO002103,2023-05-15,C0026,D01,E07,3,3540.0
SO002104,2023-05-25,C0026,D01,E07,4,4660.0
SO002105,2023-06-02,C0026,D01,E07,4,5715.5
SO002106,2023-06-11,C0026,D01,E07,7,8280.0
SO002107,2023-06-21,C0026,D01,E07,4,4965.95
SO002108,2023-07-02,C0026,D01,E07,3,3840.0
SO002109,2023-07-10,C0026,D01,E07,4,6050.0
SO002110,2023-07-18,C0026,D01,E07,7,6742.5
SO002111,2023-07-29,C0026,D01,E07,3,2470.0
SO002112,2023-08-07,C0026,D01,E07,5,6055.0
SO002113,2023-08-16,C0026,D01,E07,3,3140.0
SO002114,2023-08-27,C0026,D01,E07,3,4620.0
SO002115,2023-09-04,C0026,D01,E07,3,2048.0
SO002116,2023-09-14,C0026,D01,E07,4,5000.0
SO002117,2023-09-21,C0026,D01,E07,7,8712.5
SO002118,2023-09-28,C0026,D01,E07,3,1582.25
SO002119,2023-10-09,C0026,D01,E07,7,8693.4
SO002120,2022-01-09,C0027,D01,E08,5,5825.0
SO002121,2022-01-19,C0027,D01,E08,4,4200.0
SO002122,2022-01-30,C0027,D01,E08,5,7243.8
SO002123,2022-02-12,C0027,D01,E08,6,4334.8
SO002124,2022-02-23,C0027,D01,E08,6,3858.8
SO002125,2022-03-06,C0027,D01,E08,6,3867.85
SO002126,2022-03-16,C0027,D01,E08,6,2750.0
SO002127,2022-03-28,C0027,D01,E08,6,4266.5
SO002128,2022-04-08,C0027,D01,E08,6,3195.0
SO002129,2022-04-20,C0027,D01,E08,7,3870.0
SO002130,2022-04-30,C0027,D01,E08,5,3370.1
SO002131,2022-05-10,C0027,D01,E08,5,2090.6
SO002132,2022-05-23,C0027,D01,E08,6,3250.7
SO002133,2022-06-02,C0027,D01,E08,5,2990.0
SO002134,2022-06-12,C0027,D01,E08,7,4195.0
SO002135,2022-06-26,C0027,D01,E08,6,4755.25
SO002136,2022-07-07,C0027,D01,E08,4,2240.0
SO002137,2022-07-18,C0027,D01,E08,7,3783.6
SO002138,2022-07-30,C0027,D01,E08,5,2331.9
SO002139,2022-08-13,C0027,D01,E08,3,3078.5
SO002140,2022-08-25,C0027,D01,E08,5,5040.0
SO002141,2022-09-06,C0027,D01,E08,3,2535.0
SO002142,2022-09-16,C0027,D01,E08,5,2415.0
SO002143,2022-09-30,C0027,D01,E08,4,3410.5
SO002144,2022-10-12,C0027,D01,E08,5,3395.0
SO002145,2022-10-22,C0027,D01,E08,4,3961.1
SO002146,2022-11-05,C0027,D01,E08,6,6369.8
SO002147,2022-11-16,C0027,D01,E08,7,4853.5
SO002148,2022-11-27,C0027,D01,E08,7,5974.2
SO002149,2022-12-07,C0027,D01,E08,7,7275.0
SO002150,2022-12-18,C0027,D01,E08,6,5512.5
SO002151,2022-12-29,C0027,D01,E08,7,7020.0
SO002152,2023-01-09,C0027,D01,E08,3,5715.0
SO002153,2023-01-22,C0027,D01,E08,4,6213.2
SO002154,2023-02-04,C0027,D01,E08,6,6689.45
SO002155,2023-02-15,C0027,D01,E08,6,6438.6
SO002156,2023-02-25,C0027,D01,E08,3,5145.0
SO002157,2023-03-07,C0027,D01,E08,7,4010.0
SO002158,2023-03-19,C0027,D01,E08,6,5279.9
SO002159,2023-03-29,C0027,D01,E08,3,1707.4
SO002160,2023-04-09,C0027,D01,E08,5,2787.4
SO002161,2023-04-22,C0027,D01,E08,4,2740.05
SO002162,2023-05-06,C0027,D01,E08,4,1983.6
SO002163,2023-05-20,C0027,D01,E08,3,1583.7
SO002164,2023-06-01,C0027,D01,E08,6,4385.0
SO002165,2023-06-14,C0027,D01,E08,3,2535.0
SO002166,2023-06-27,C0027,D01,E08,5,5040.75
SO002167,2023-07-11,C0027,D01,E08,7,4640.2
SO002168,2023-07-22,C0027,D01,E08,7,5026.1
SO002169,2023-08-03,C0027,D01,E08,7,5968.6
SO002170,2023-08-17,C0027,D01,E08,5,3670.0
SO002171,2023-08-30,C0027,D01,E08,5,5194.0
SO002172,2023-09-09,C0027,D01,E08,7,4493.4
SO002173,2023-09-22,C0027,D01,E08,3,1950.0
SO002174,2023-10-04,C0027,D01,E08,6,6205.0
SO002175,2023-10-16,C0027,D01,E08,4,3239.35
SO002176,2023-10-28,C0027,D01,E08,3,2870.0
SO002177,2023-11-09,C0027,D01,E08,7,8644.1
SO002178,2023-11-21,C0027,D01,E08,4,4595.0
SO002179,2023-12-04,C0027,D01,E08,3,2760.0
SO002180,2023-12-14,C0027,D01,E08,4,6520.0
SO002181,2023-12-27,C0027,D01,E08,4,4995.0
SO002182,2024-01-09,C0027,D01,E08,5,6583.25
SO002183,2024-01-20,C0027,D01,E08,4,3885.0
SO002184,2024-01-30,C0027,D01,E08,6,9322.35
SO002185,2024-02-10,C0027,D01,E08,7,7501.85
SO002186,2024-02-23,C0027,D01,E08,5,4351.1
SO002187,2024-03-04,C0027,D01,E08,4,3176.0
SO002188,2024-03-14,C0027,D01,E08,6,4631.85
SO002189,2024-03-27,C0027,D01,E08,7,5558.4
SO002190,2024-04-06,C0027,D01,E08,6,3451.9
SO002191,2024-04-18,C0027,D01,E08,3,2270.0
SO002192,2024-05-02,C0027,D01,E08,4,3140.0
SO002193,2024-05-14,C0027,D01,E08,5,1860.0
SO002194,2024-05-26,C0027,D01,E08,3,2000.0
SO002195,2024-06-07,C0027,D01,E08,5,3622.6
SO002196,2024-06-20,C0027,D01,E08,4,2910.0
SO002197,2024-07-02,C0027,D01,E08,4,4415.0
SO002198,2024-07-14,C0027,D01,E08,4,2727.4
SO002199,2024-07-24,C0027,D01,E08,3,2220.6
SO002200,2024-08-07,C0027,D01,E08,7,5490.0
SO002201,2024-08-17,C0027,D01,E08,5,3483.6
SO002202,2024-08-31,C0027,D01,E08,7,5128.8
SO002203,2024-09-10,C0027,D01,E08,3,1920.0
SO002204,2024-09-23,C0027,D01,E08,4,4895.0
SO002205,2024-10-06,C0027,D01,E08,7,9262.15
SO002206,2024-10-18,C0027,D01,E08,6,7542.6
SO002207,2024-10-28,C0027,D01,E08,4,3421.45
SO002208,2024-11-10,C0027,D01,E08,6,6084.05
SO002209,2024-11-23,C0027,D01,E08,6,9205.0
SO002210,2024-12-06,C0027,D01,E08,7,6105.0
SO002211,2024-12-19,C0027,D01,E08,4,3285.0
SO002212,2022-01-07,C0028,D02,E09,4,3482.9
SO002213,2022-01-17,C0028,D02,E09,6,4453.2
SO002214,2022-01-31,C0028,D02,E09,3,4680.0
SO002215,2022-02-13,C0028,D02,E09,5,5100.2
SO002216,2022-02-26,C0028,D02,E09,3,3710.0
SO002217,2022-03-11,C0028,D02,E09,3,1155.0
SO002218,2022-03-21,C0028,D02,E09,3,885.0
SO002219,2022-04-01,C0028,D02,E09,7,3650.0
SO002220,2022-04-11,C0028,D02,E09,5,2595.0
SO002221,2022-04-25,C0028,D02,E09,5,2632.95
SO002222,2022-05-05,C0028,D02,E09,7,5155.0
SO002223,2022-05-15,C0028,D02,E09,7,4378.2
SO002224,2022-05-27,C0028,D02,E09,7,3484.4
SO002225,2022-06-09,C0028,D02,E09,3,1640.0
SO002226,2022-06-20,C0028,D02,E09,3,1500.0
SO002227,2022-07-03,C0028,D02,E09,7,4020.1
SO002228,2022-07-17,C0028,D02,E09,6,6105.0
SO002229,2022-07-28,C0028,D02,E09,4,2735.6
SO002230,2022-08-08,C0028,D02,E09,3,2200.0
SO002231,2022-08-20,C0028,D02,E09,3,2950.0
SO002232,2022-09-03,C0028,D02,E09,7,4378.0
SO002233,2022-09-16,C0028,D02,E09,7,5333.55
SO002234,2022-09-29,C0028,D02,E09,6,5174.85
SO002235,2022-10-09,C0028,D02,E09,6,6258.8
SO002236,2022-10-21,C0028,D02,E09,3,2959.1
SO002237,2022-10-31,C0028,D02,E09,4,2720.0
SO002238,2022-11-12,C0028,D02,E09,3,2000.0
SO002239,2022-11-23,C0028,D02,E09,7,5476.8
SO002240,2022-12-06,C0028,D02,E09,3,2925.0
SO002241,2022-12-16,C0028,D02,E09,7,6254.0
SO002242,2022-12-29,C0028,D02,E09,7,6180.9
SO002243,2023-01-11,C0028,D02,E09,7,9497.0
SO002244,2023-01-21,C0028,D02,E09,4,3712.5
SO002245,2023-02-03,C0028,D02,E09,4,3120.0
SO002246,2023-02-13,C0028,D02,E09,5,4175.0
SO002247,2023-02-23,C0028,D02,E09,6,4376.9
SO002248,2023-03-08,C0028,D02,E09,5,3700.0
SO002249,2023-03-19,C0028,D02,E09,4,2399.3
SO002250,2023-03-30,C0028,D02,E09,7,4980.0
SO002251,2023-04-10,C0028,D02,E09,3,1041.9
SO002252,2023-04-22,C0028,D02,E09,7,5110.0
SO002253,2023-05-06,C0028,D02,E09,6,4065.0
SO002254,2023-05-19,C0028,D02,E09,6,3360.0
SO002255,2023-05-29,C0028,D02,E09,3,1850.0
SO002256,2023-06-11,C0028,D02,E09,5,3090.0
SO002257,2023-06-23,C0028,D02,E09,5,3162.45
SO002258,2023-07-06,C0028,D02,E09,6,4456.65
SO002259,2023-07-16,C0028,D02,E09,6,4480.0
SO002260,2023-07-29,C0028,D02,E09,4,1720.0
SO002261,2023-08-10,C0028,D02,E09,4,2010.0
SO002262,2023-08-24,C0028,D02,E09,3,2775.1
SO002263,2023-09-05,C0028,D02,E09,6,4425.75
SO002264,2023-09-16,C0028,D02,E09,5,4530.0
SO002265,2023-09-30,C0028,D02,E09,6,4325.0
SO002266,2023-10-10,C0028,D02,E09,4,3425.0
SO002267,2023-10-22,C0028,D02,E09,5,5800.2
SO002268,2023-11-02,C0028,D02,E09,5,8174.75
SO002269,2023-11-13,C0028,D02,E09,3,4801.8
SO002270,2023-11-25,C0028,D02,E09,6,8333.4
SO002271,2023-12-06,C0028,D02,E09,4,5785.0
SO002272,2023-12-19,C0028,D02,E09,7,11979.2
SO002273,2024-01-01,C0028,D02,E09,6,4967.4
SO002274,2024-01-11,C0028,D02,E09,5,5255.0
SO002275,2024-01-25,C0028,D02,E09,5,4758.95
SO002276,2024-02-08,C0028,D02,E09,3,2615.0
SO002277,2024-02-22,C0028,D02,E09,7,6349.8
SO002278,2024-03-06,C0028,D02,E09,6,2927.5
SO002279,2024-03-17,C0028,D02,E09,3,2691.1
SO002280,2024-03-29,C0028,D02,E09,4,3065.0
SO002281,2024-04-09,C0028,D02,E09,7,3947.5
SO002282,2024-04-22,C0028,D02,E09,7,3597.0
SO002283,2024-05-04,C0028,D02,E09,3,1980.0
SO002284,2024-05-16,C0028,D02,E09,4,2755.0
SO002285,2024-05-26,C0028,D02,E09,5,2225.0
SO002286,2024-06-05,C0028,D02,E09,4,4151.0
SO002287,2024-06-19,C0028,D02,E09,5,3140.0
SO002288,2024-07-03,C0028,D02,E09,3,2905.0
SO002289,2024-07-13,C0028,D02,E09,4,1956.8
SO002290,2024-07-24,C0028,D02,E09,6,4805.2
SO002291,2024-08-06,C0028,D02,E09,6,4595.6
SO002292,2024-08-17,C0028,D02,E09,5,3323.55
SO002293,2024-08-30,C0028,D02,E09,6,6358.0
SO002294,2024-09-12,C0028,D02,E09,5,3265.0
SO002295,2024-09-23,C0028,D02,E09,3,2490.0
SO002296,2024-10-05,C0028,D02,E09,7,7395.95
SO002297,2024-10-19,C0028,D02,E09,4,4405.0
SO002298,2024-10-31,C0028,D02,E09,4,2725.7
SO002299,2024-11-14,C0028,D02,E09,6,11067.1
SO002300,2024-11-26,C0028,D02,E09,3,3645.0
SO002301,2024-12-10,C0028,D02,E09,7,9136.05
SO002302,2024-12-20,C0028,D02,E09,4,5765.0
SO002303,2024-12-31,C0028,D02,E09,5,7300.4
SO002304,2022-01-04,C0029,D02,E10,7,3905.0
SO002305,2022-01-14,C0029,D02,E10,6,4595.0
SO002306,2022-01-26,C0029,D02,E10,7,6877.6
SO002307,2022-02-07,C0029,D02,E10,7,6445.0
SO002308,2022-02-17,C0029,D02,E10,5,4455.2
SO002309,2022-02-28,C0029,D02,E10,5,3222.2
SO002310,2022-03-13,C0029,D02,E10,6,2890.0
SO002311,2022-03-25,C0029,D02,E10,3,2570.0
SO002312,2022-04-06,C0029,D02,E10,6,2763.75
SO002313,2022-04-20,C0029,D02,E10,5,2760.0
SO002314,2022-05-03,C0029,D02,E10,6,3375.0
SO002315,2022-05-14,C0029,D02,E10,6,4097.0
SO002316,2022-05-28,C0029,D02,E10,3,1247.4
SO002317,2022-06-09,C0029,D02,E10,6,5807.2
SO002318,2022-06-20,C0029,D02,E10,4,3520.0
SO002319,2022-07-02,C0029,D02,E10,3,1429.2
SO002320,2022-07-14,C0029,D02,E10,6,4133.55
SO002321,2022-07-28,C0029,D02,E10,4,3133.8
SO002322,2022-08-07,C0029,D02,E10,6,5346.1
SO002323,2022-08-21,C0029,D02,E10,7,4318.4
SO002324,2022-08-31,C0029,D02,E10,4,2797.5
SO002325,2022-09-12,C0029,D02,E10,4,2565.0
SO002326,2022-09-25,C0029,D02,E10,3,1811.1
SO002327,2022-10-08,C0029,D02,E10,7,5814.25
SO002328,2022-10-19,C0029,D02,E10,4,3328.3
SO002329,2022-10-29,C0029,D02,E10,5,4011.25
SO002330,2022-11-09,C0029,D02,E10,6,6008.7
SO002331,2022-11-22,C0029,D02,E10,7,5734.8
SO002332,2022-12-03,C0029,D02,E10,6,5975.7
SO002333,2022-12-14,C0029,D02,E10,6,5075.0
SO002334,2022-12-24,C0029,D02,E10,5,4306.9
SO002335,2023-01-05,C0029,D02,E10,3,3677.05
SO002336,2023-01-18,C0029,D02,E10,3,2875.8
SO002337,2023-01-31,C0029,D02,E10,7,8535.0
SO002338,2023-02-10,C0029,D02,E10,6,9115.0
SO002339,2023-02-23,C0029,D02,E10,5,6645.0
SO002340,2023-03-08,C0029,D02,E10,5,3881.65
SO002341,2023-03-19,C0029,D02,E10,7,5974.15
SO002342,2023-03-31,C0029,D02,E10,6,2920.0
SO002343,2023-04-10,C0029,D02,E10,7,4549.05
SO002344,2023-04-24,C0029,D02,E10,4,2220.0
SO002345,2023-05-05,C0029,D02,E10,4,2300.0
SO002346,2023-05-18,C0029,D02,E10,6,3404.9
SO002347,2023-05-29,C0029,D02,E10,3,2265.0
SO002348,2023-06-09,C0029,D02,E10,5,4122.9
SO002349,2023-06-19,C0029,D02,E10,4,2135.0
SO002350,2023-07-03,C0029,D02,E10,6,3687.6
SO002351,2023-07-14,C0029,D02,E10,6,5110.7
SO002352,2023-07-28,C0029,D02,E10,7,2669.6
SO002353,2023-08-09,C0029,D02,E10,7,4430.7
SO002354,2023-08-19,C0029,D02,E10,4,1660.0
SO002355,2023-09-01,C0029,D02,E10,6,3230.0
SO002356,2023-09-11,C0029,D02,E10,4,2138.8
SO002357,2023-09-24,C0029,D02,E10,6,3790.0
SO002358,2023-10-05,C0029,D02,E10,3,2175.6
SO002359,2023-10-16,C0029,D02,E10,7,6494.85
SO002360,2023-10-27,C0029,D02,E10,3,1090.0
SO002361,2023-11-07,C0029,D02,E10,5,7296.2
SO002362,2023-11-19,C0029,D02,E10,6,7425.0
SO002363,2023-11-29,C0029,D02,E10,3,5995.0
SO002364,2023-12-13,C0029,D02,E10,4,4150.0
SO002365,2023-12-24,C0029,D02,E10,5,5985.0
SO002366,2024-01-07,C0029,D02,E10,7,8486.15
SO002367,2024-01-17,C0029,D02,E10,7,9732.5
SO002368,2024-01-30,C0029,D02,E10,4,2910.0
SO002369,2024-02-12,C0029,D02,E10,5,8020.0
SO002370,2024-02-25,C0029,D02,E10,3,5365.0
SO002371,2024-03-09,C0029,D02,E10,3,2600.0
SO002372,2024-03-19,C0029,D02,E10,5,3710.0
SO002373,2024-03-29,C0029,D02,E10,4,1802.1
SO002374,2024-04-12,C0029,D02,E10,5,2720.0
SO002375,2024-04-25,C0029,D02,E10,7,3612.5
SO002376,2024-05-09,C0029,D02,E10,4,2465.0
SO002377,2024-05-19,C0029,D02,E10,4,3740.0
SO002378,2024-05-31,C0029,D02,E10,7,4550.6
SO002379,2024-06-14,C0029,D02,E10,6,5110.0
SO002380,2024-06-26,C0029,D02,E10,7,6875.0
SO002381,2024-07-07,C0029,D02,E10,6,4130.0
SO002382,2024-07-21,C0029,D02,E10,4,3910.7
SO002383,2024-07-31,C0029,D02,E10,6,3845.0
SO002384,2024-08-13,C0029,D02,E10,6,4493.75
SO002385,2024-08-27,C0029,D02,E10,3,1620.0
SO002386,2024-09-07,C0029,D02,E10,3,2055.0
SO002387,2024-09-18,C0029,D02,E10,5,4545.0
SO002388,2024-09-30,C0029,D02,E10,4,4575.0
SO002389,2024-10-10,C0029,D02,E10,6,6997.5
SO002390,2024-10-23,C0029,D02,E10,3,2801.1
SO002391,2024-11-06,C0029,D02,E10,7,8906.95
SO002392,2024-11-18,C0029,D02,E10,6,6805.0
SO002393,2024-12-01,C0029,D02,E10,4,3371.25
SO002394,2024-12-12,C0029,D02,E10,4,3565.0
SO002395,2024-12-24,C0029,D02,E10,7,8360.0
SO002396,2022-01-08,C0030,D02,E11,3,3575.0
SO002397,2022-01-19,C0030,D02,E11,3,3923.2
SO002398,2022-01-30,C0030,D02,E11,4,2886.9
SO002399,2022-02-09,C0030,D02,E11,4,3411.9
SO002400,2022-02-19,C0030,D02,E11,3,3650.0
SO002401,2022-03-03,C0030,D02,E11,6,2977.75
SO002402,2022-03-17,C0030,D02,E11,3,1535.0
SO002403,2022-03-31,C0030,D02,E11,5,2735.75
SO002404,2022-04-11,C0030,D02,E11,7,4129.25
SO002405,2022-04-25,C0030,D02,E11,6,3189.4
SO002406,2022-05-08,C0030,D02,E11,3,1185.0
SO002407,2022-05-18,C0030,D02,E11,4,1830.0
SO002408,2022-05-28,C0030,D02,E11,6,2387.9
SO002409,2022-06-07,C0030,D02,E11,5,2901.25
SO002410,2022-06-21,C0030,D02,E11,4,3520.0
SO002411,2022-07-01,C0030,D02,E11,6,4835.0
SO002412,2022-07-13,C0030,D02,E11,4,3040.0
SO002413,2022-07-25,C0030,D02,E11,6,3130.0
SO002414,2022-08-04,C0030,D02,E11,5,2941.4
SO002415,2022-08-18,C0030,D02,E11,7,4305.65
SO002416,2022-08-28,C0030,D02,E11,6,4047.9
SO002417,2022-09-09,C0030,D02,E11,4,2885.6
SO002418,2022-09-23,C0030,D02,E11,6,4870.5
SO002419,2022-10-05,C0030,D02,E11,4,3135.0
SO002420,2022-10-17,C0030,D02,E11,7,7047.9
SO002421,2022-10-31,C0030,D02,E11,4,4173.0
SO002422,2022-11-13,C0030,D02,E11,5,3435.0
SO002423,2022-11-25,C0030,D02,E11,7,5695.0
SO002424,2022-12-08,C0030,D02,E11,7,8162.25
SO002425,2022-12-21,C0030,D02,E11,5,5705.0
SO002426,2023-01-01,C0030,D02,E11,3,3645.0
SO002427,2023-01-14,C0030,D02,E11,7,6204.35
SO002428,2023-01-25,C0030,D02,E11,4,4884.5
SO002429,2023-02-07,C0030,D02,E11,7,6484.85
SO002430,2023-02-17,C0030,D02,E11,3,4500.0
SO002431,2023-03-02,C0030,D02,E11,5,3340.0
SO002432,2023-03-15,C0030,D02,E11,4,2420.0
SO002433,2023-03-29,C0030,D02,E11,7,4077.9
SO002434,2023-04-12,C0030,D02,E11,7,3787.2
SO002435,2023-04-22,C0030,D02,E11,6,3170.0
SO002436,2023-05-02,C0030,D02,E11,7,4636.0
SO002437,2023-05-14,C0030,D02,E11,6,3030.0
SO002438,2023-05-27,C0030,D02,E11,4,2220.6
SO002439,2023-06-09,C0030,D02,E11,7,5345.0
SO002440,2023-06-19,C0030,D02,E11,5,4463.7
SO002441,2023-07-03,C0030,D02,E11,4,4298.4
SO002442,2023-07-17,C0030,D02,E11,3,2470.0
SO002443,2023-07-30,C0030,D02,E11,3,1460.0
SO002444,2023-08-10,C0030,D02,E11,5,4558.55
SO002445,2023-08-24,C0030,D02,E11,4,2640.0
SO002446,2023-09-03,C0030,D02,E11,4,4003.8
SO002447,2023-09-13,C0030,D02,E11,4,2987.6
SO002448,2023-09-24,C0030,D02,E11,7,4515.0
SO002449,2023-10-07,C0030,D02,E11,6,4305.0
SO002450,2023-10-21,C0030,D02,E11,7,9722.15
SO002451,2023-10-31,C0030,D02,E11,7,6098.6
SO002452,2023-11-11,C0030,D02,E11,5,9487.4
SO002453,2023-11-22,C0030,D02,E11,3,2579.9
SO002454,2023-12-02,C0030,D02,E11,7,8697.75
SO002455,2023-12-15,C0030,D02,E11,3,2341.0
SO002456,2023-12-25,C0030,D02,E11,5,4747.95
SO002457,2024-01-06,C0030,D02,E11,5,5240.0
SO002458,2024-01-20,C0030,D02,E11,7,8992.95
SO002459,2024-02-03,C0030,D02,E11,7,7288.6
SO002460,2024-02-17,C0030,D02,E11,7,8535.0
SO002461,2024-03-02,C0030,D02,E11,6,3570.0
SO002462,2024-03-15,C0030,D02,E11,6,3555.0
SO002463,2024-03-25,C0030,D02,E11,7,4270.0
SO002464,2024-04-06,C0030,D02,E11,5,3170.0
SO002465,2024-04-16,C0030,D02,E11,5,4499.4
SO002466,2024-04-27,C0030,D02,E11,5,2630.0
SO002467,2024-05-08,C0030,D02,E11,5,2075.0
SO002468,2024-05-18,C0030,D02,E11,3,2893.8
SO002469,2024-06-01,C0030,D02,E11,7,6098.8
SO002470,2024-06-13,C0030,D02,E11,4,3620.0
SO002471,2024-06-24,C0030,D02,E11,5,5285.0
SO002472,2024-07-05,C0030,D02,E11,3,3110.0
SO002473,2024-07-15,C0030,D02,E11,7,5235.3
SO002474,2024-07-25,C0030,D02,E11,3,2275.0
SO002475,2024-08-04,C0030,D02,E11,3,3270.0
SO002476,2024-08-18,C0030,D02,E11,6,7267.4
SO002477,2024-09-01,C0030,D02,E11,6,4205.0
SO002478,2024-09-12,C0030,D02,E11,3,3514.0
SO002479,2024-09-25,C0030,D02,E11,7,4770.0
SO002480,2024-10-09,C0030,D02,E11,5,5617.15
SO002481,2024-10-19,C0030,D02,E11,7,5717.75
SO002482,2024-10-30,C0030,D02,E11,6,7366.75
SO002483,2024-11-09,C0030,D02,E11,4,6950.0
SO002484,2024-11-19,C0030,D02,E11,7,10445.0
SO002485,2024-12-02,C0030,D02,E11,5,3550.0
SO002486,2024-12-14,C0030,D02,E11,7,10023.8
SO002487,2024-12-24,C0030,D02,E11,6,7915.0
SO002488,2022-01-08,C0031,D01,E06,7,11930.0
SO002489,2022-01-16,C0031,D01,E06,6,9140.0
SO002490,2022-01-24,C0031,D01,E06,3,5215.0
SO002491,2022-02-04,C0031,D01,E06,6,11207.2
SO002492,2022-02-11,C0031,D01,E06,6,5830.0
SO002493,2022-02-22,C0031,D01,E06,6,11596.35
SO002494,2022-03-05,C0031,D01,E06,5,4713.4
SO002495,2022-03-15,C0031,D01,E06,4,4520.0
SO002496,2022-03-25,C0031,D01,E06,7,6578.6
SO002497,2022-04-05,C0031,D01,E06,4,5230.0
SO002498,2022-04-16,C0031,D01,E06,4,3266.8
SO002499,2022-04-24,C0031,D01,E06,5,3650.0
SO002500,2022-05-01,C0031,D01,E06,7,5558.8
SO002501,2022-05-08,C0031,D01,E06,6,7670.0
SO002502,2022-05-18,C0031,D01,E06,3,1661.5
SO002503,2022-05-28,C0031,D01,E06,3,2000.0
SO002504,2022-06-04,C0031,D01,E06,6,10300.5
SO002505,2022-06-15,C0031,D01,E06,5,6214.3
SO002506,2022-06-25,C0031,D01,E06,7,6955.05
SO002507,2022-07-05,C0031,D01,E06,3,3705.0
SO002508,2022-07-12,C0031,D01,E06,7,7119.25
SO002509,2022-07-20,C0031,D01,E06,3,2688.95
SO002510,2022-07-29,C0031,D01,E06,3,1565.0
SO002511,2022-08-08,C0031,D01,E06,3,3665.0
SO002512,2022-08-18,C0031,D01,E06,6,6845.0
SO002513,2022-08-26,C0031,D01,E06,7,8158.3
SO002514,2022-09-04,C0031,D01,E06,7,8165.6
SO002515,2022-09-11,C0031,D01,E06,4,5185.0
SO002516,2022-09-22,C0031,D01,E06,7,8845.8
SO002517,2022-10-03,C0031,D01,E06,7,10646.4
SO002518,2022-10-13,C0031,D01,E06,3,1450.0
SO002519,2022-10-23,C0031,D01,E06,3,4743.5
SO002520,2022-10-30,C0031,D01,E06,3,1950.0
SO002521,2022-11-10,C0031,D01,E06,4,7330.0
SO002522,2022-11-18,C0031,D01,E06,5,6012.0
SO002523,2022-11-29,C0031,D01,E06,4,7835.0
SO002524,2022-12-10,C0031,D01,E06,4,12630.0
SO002525,2022-12-19,C0031,D01,E06,4,5817.5
SO002526,2022-12-29,C0031,D01,E06,5,9301.0
SO002527,2023-01-07,C0031,D01,E06,7,11605.8
SO002528,2023-01-14,C0031,D01,E06,4,11575.0
SO002529,2023-01-25,C0031,D01,E06,4,5951.6
SO002530,2023-02-03,C0031,D01,E06,6,8140.0
SO002531,2023-02-11,C0031,D01,E06,3,6030.0
SO002532,2023-02-22,C0031,D01,E06,7,14267.85
SO002533,2023-03-01,C0031,D01,E06,6,5700.0
SO002534,2023-03-10,C0031,D01,E06,4,3392.2
SO002535,2023-03-20,C0031,D01,E06,6,3638.15
SO002536,2023-03-30,C0031,D01,E06,6,5315.7
SO002537,2023-04-09,C0031,D01,E06,5,3060.6
SO002538,2023-04-17,C0031,D01,E06,7,6954.15
SO002539,2023-04-24,C0031,D01,E06,4,2936.5
SO002540,2023-05-03,C0031,D01,E06,5,5753.55
SO002541,2023-05-14,C0031,D01,E06,6,4275.4
SO002542,2023-05-23,C0031,D01,E06,3,2175.0
SO002543,2023-05-30,C0031,D01,E06,4,5308.6
SO002544,2023-06-07,C0031,D01,E06,7,8671.9
SO002545,2023-06-15,C0031,D01,E06,3,2300.0
SO002546,2023-06-25,C0031,D01,E06,4,3586.8
SO002547,2023-07-02,C0031,D01,E06,4,4470.0
SO002548,2023-07-10,C0031,D01,E06,7,7795.0
SO002549,2023-07-21,C0031,D01,E06,6,7149.6
SO002550,2023-07-30,C0031,D01,E06,7,9270.0
SO002551,2023-08-09,C0031,D01,E06,5,5850.0
SO002552,2023-08-18,C0031,D01,E06,5,6250.0
SO002553,2023-08-25,C0031,D01,E06,7,8980.15
SO002554,2023-09-03,C0031,D01,E06,6,6103.6
SO002555,2023-09-11,C0031,D01,E06,7,7040.0
SO002556,2023-09-20,C0031,D01,E06,3,2260.0
SO002557,2023-09-30,C0031,D01,E06,3,4630.0
SO002558,2023-10-09,C0031,D01,E06,7,12725.0
SO002559,2023-10-16,C0031,D01,E06,3,4193.65
SO002560,2023-10-23,C0031,D01,E06,4,6769.45
SO002561,2023-11-03,C0031,D01,E06,7,12981.6
SO002562,2023-11-13,C0031,D01,E06,7,22050.8
SO002563,2023-11-22,C0031,D01,E06,4,9536.7
SO002564,2023-12-01,C0031,D01,E06,7,9555.0
SO002565,2023-12-08,C0031,D01,E06,4,6735.0
SO002566,2023-12-18,C0031,D01,E06,4,7750.0
SO002567,2023-12-25,C0031,D01,E06,4,5735.0
SO002568,2024-01-03,C0031,D01,E06,3,2955.0
SO002569,2024-01-11,C0031,D01,E06,6,9655.0
SO002570,2024-01-22,C0031,D01,E06,3,3873.75
SO002571,2024-02-02,C0031,D01,E06,4,8205.3
SO002572,2024-02-12,C0031,D01,E06,3,5190.0
SO002573,2024-02-19,C0031,D01,E06,4,9920.0
SO002574,2024-03-01,C0031,D01,E06,4,5621.5
SO002575,2024-03-08,C0031,D01,E06,6,6995.0
SO002576,2024-03-17,C0031,D01,E06,6,5816.25
SO002577,2024-03-28,C0031,D01,E06,4,4940.0
SO002578,2024-04-05,C0031,D01,E06,4,3747.0
SO002579,2024-04-14,C0031,D01,E06,4,3945.0
SO002580,2024-04-22,C0031,D01,E06,3,3275.1
SO002581,2024-05-01,C0031,D01,E06,4,5330.0
SO002582,2024-05-12,C0031,D01,E06,5,4650.0
SO002583,2024-05-19,C0031,D01,E06,6,5453.75
SO002584,2024-05-27,C0031,D01,E06,7,5575.55
SO002585,2024-06-04,C0031,D01,E06,5,6850.2
SO002586,2024-06-13,C0031,D01,E06,5,5648.2
SO002587,2024-06-23,C0031,D01,E06,3,2388.8
SO002588,2024-07-02,C0031,D01,E06,4,6755.0
SO002589,2024-07-10,C0031,D01,E06,4,4748.7
SO002590,2024-07-17,C0031,D01,E06,3,4202.5
SO002591,2024-07-27,C0031,D01,E06,6,7175.0
SO002592,2024-08-05,C0031,D01,E06,3,4771.6
SO002593,2024-08-14,C0031,D01,E06,7,10290.0
SO002594,2024-08-21,C0031,D01,E06,5,6670.0
SO002595,2024-09-01,C0031,D01,E06,3,4765.0
SO002596,2024-09-10,C0031,D01,E06,6,7510.0
SO002597,2024-09-19,C0031,D01,E06,4,5929.8
SO002598,2024-09-26,C0031,D01,E06,6,9935.0
SO002599,2024-10-05,C0031,D01,E06,5,6177.05
SO002600,2024-10-13,C0031,D01,E06,3,4452.25
SO002601,2024-10-20,C0031,D01,E06,6,9980.0
SO002602,2024-10-30,C0031,D01,E06,6,7495.25
SO002603,2024-11-09,C0031,D01,E06,4,13276.2
SO002604,2024-11-20,C0031,D01,E06,7,11389.75
SO002605,2024-12-01,C0031,D01,E06,4,8807.8
SO002606,2024-12-10,C0031,D01,E06,6,9790.0
SO002607,2024-12-18,C0031,D01,E06,3,5320.6
SO002608,2024-12-29,C0031,D01,E06,3,8840.0
SO002609,2022-01-10,C0032,D01,E07,6,6445.0
SO002610,2022-01-22,C0032,D01,E07,3,3505.0
SO002611,2022-02-02,C0032,D01,E07,5,7845.0
SO002612,2022-02-13,C0032,D01,E07,3,2952.2
SO002613,2022-02-26,C0032,D01,E07,6,5367.2
SO002614,2022-03-09,C0032,D01,E07,5,3060.0
SO002615,2022-03-21,C0032,D01,E07,3,1195.0
SO002616,2022-04-02,C0032,D01,E07,6,3050.0
SO002617,2022-04-15,C0032,D01,E07,7,4310.0
SO002618,2022-04-25,C0032,D01,E07,6,3870.0
SO002619,2022-05-07,C0032,D01,E07,5,3300.0
SO002620,2022-05-17,C0032,D01,E07,6,2820.0
SO002621,2022-05-28,C0032,D01,E07,7,4215.0
SO002622,2022-06-10,C0032,D01,E07,6,3100.0
SO002623,2022-06-20,C0032,D01,E07,6,4146.45
SO002624,2022-07-03,C0032,D01,E07,4,3980.0
SO002625,2022-07-13,C0032,D01,E07,5,2502.9
SO002626,2022-07-27,C0032,D01,E07,7,5450.0
SO002627,2022-08-09,C0032,D01,E07,6,4009.6
SO002628,2022-08-22,C0032,D01,E07,3,1795.2
SO002629,2022-09-04,C0032,D01,E07,7,5490.0
SO002630,2022-09-17,C0032,D01,E07,5,3593.7
SO002631,2022-09-30,C0032,D01,E07,3,3508.8
SO002632,2022-10-11,C0032,D01,E07,5,3735.0
SO002633,2022-10-21,C0032,D01,E07,7,6766.4
SO002634,2022-11-04,C0032,D01,E07,4,2190.0
SO002635,2022-11-17,C0032,D01,E07,3,2115.0
SO002636,2022-11-27,C0032,D01,E07,7,6733.7
SO002637,2022-12-09,C0032,D01,E07,6,6936.6
SO002638,2022-12-23,C0032,D01,E07,6,5015.0
SO002639,2023-01-05,C0032,D01,E07,4,2970.0
SO002640,2023-01-18,C0032,D01,E07,5,3897.15
SO002641,2023-01-31,C0032,D01,E07,7,9731.5
SO002642,2023-02-13,C0032,D01,E07,4,3626.1
SO002643,2023-02-25,C0032,D01,E07,4,6067.8
SO002644,2023-03-11,C0032,D01,E07,3,1405.35
SO002645,2022-01-05,C0033,D01,E08,3,1695.0
SO002646,2022-01-18,C0033,D01,E08,5,3925.4
SO002647,2022-01-31,C0033,D01,E08,6,3519.2
SO002648,2022-02-16,C0033,D01,E08,4,2127.6
SO002649,2022-03-02,C0033,D01,E08,4,1640.0
SO002650,2022-03-16,C0033,D01,E08,5,2013.3
SO002651,2022-04-01,C0033,D01,E08,5,1707.0
SO002652,2022-04-17,C0033,D01,E08,6,2591.5
SO002653,2022-05-03,C0033,D01,E08,3,984.6
SO002654,2022-05-16,C0033,D01,E08,3,905.35
SO002655,2022-05-29,C0033,D01,E08,7,2231.6
SO002656,2022-06-11,C0033,D01,E08,4,1140.0
SO002657,2022-06-28,C0033,D01,E08,4,1321.9
SO002658,2022-07-13,C0033,D01,E08,6,2755.0
SO002659,2022-07-28,C0033,D01,E08,3,1155.0
SO002660,2022-08-14,C0033,D01,E08,4,1475.6
SO002661,2022-08-31,C0033,D01,E08,3,1215.0
SO002662,2022-09-15,C0033,D01,E08,6,2529.3
SO002663,2022-09-30,C0033,D01,E08,5,2289.55
SO002664,2022-10-13,C0033,D01,E08,4,1563.0
SO002665,2022-10-27,C0033,D01,E08,5,2443.35
SO002666,2022-11-10,C0033,D01,E08,4,2350.0
SO002667,2022-11-25,C0033,D01,E08,3,1510.0
SO002668,2022-12-09,C0033,D01,E08,7,3585.75
SO002669,2022-12-24,C0033,D01,E08,5,2394.15
SO002670,2023-01-09,C0033,D01,E08,3,1408.0
SO002671,2023-01-24,C0033,D01,E08,4,1336.0
SO002672,2023-02-06,C0033,D01,E08,6,3391.2
SO002673,2023-02-19,C0033,D01,E08,7,3995.0
SO002674,2023-03-04,C0033,D01,E08,4,1383.1
SO002675,2023-03-17,C0033,D01,E08,4,980.0
SO002676,2023-03-30,C0033,D01,E08,5,1255.0
SO002677,2023-04-12,C0033,D01,E08,5,1591.45
SO002678,2023-04-26,C0033,D01,E08,3,825.0
SO002679,2023-05-09,C0033,D01,E08,5,1412.5
SO002680,2023-05-26,C0033,D01,E08,5,1850.0
SO002681,2023-06-10,C0033,D01,E08,3,1405.0
SO002682,2023-06-27,C0033,D01,E08,7,2940.0
SO002683,2023-07-11,C0033,D01,E08,7,2697.25
SO002684,2023-07-28,C0033,D01,E08,6,2635.0
SO002685,2023-08-13,C0033,D01,E08,6,2780.0
SO002686,2023-08-27,C0033,D01,E08,3,920.0
SO002687,2023-09-09,C0033,D01,E08,5,1960.0
SO002688,2023-09-26,C0033,D01,E08,3,1105.0
SO002689,2023-10-12,C0033,D01,E08,5,2401.5
SO002690,2023-10-29,C0033,D01,E08,7,2454.2
SO002691,2023-11-11,C0033,D01,E08,7,6330.3
SO002692,2023-11-26,C0033,D01,E08,6,3405.0
SO002693,2023-12-09,C0033,D01,E08,5,3438.2
SO002694,2023-12-25,C0033,D01,E08,6,3380.05
SO002695,2024-01-11,C0033,D01,E08,3,1795.0
SO002696,2024-01-25,C0033,D01,E08,7,4420.0
SO002697,2024-02-10,C0033,D01,E08,6,4417.75
SO002698,2024-02-26,C0033,D01,E08,3,1455.0
SO002699,2024-03-12,C0033,D01,E08,7,3287.9
SO002700,2024-03-27,C0033,D01,E08,5,1938.75
SO002701,2024-04-12,C0033,D01,E08,3,1420.0
SO002702,2024-04-27,C0033,D01,E08,7,2564.3
SO002703,2024-05-11,C0033,D01,E08,5,1921.5
SO002704,2024-05-24,C0033,D01,E08,7,2094.6
SO002705,2024-06-08,C0033,D01,E08,7,2887.5
SO002706,2024-06-25,C0033,D01,E08,7,4080.0
SO002707,2024-07-11,C0033,D01,E08,7,3084.8
SO002708,2024-07-26,C0033,D01,E08,4,1841.6
SO002709,2024-08-12,C0033,D01,E08,5,1737.1
SO002710,2024-08-27,C0033,D01,E08,7,3246.5
SO002711,2024-09-09,C0033,D01,E08,4,1390.0
SO002712,2024-09-22,C0033,D01,E08,4,1986.1
SO002713,2024-10-06,C0033,D01,E08,3,1315.75
SO002714,2024-10-22,C0033,D01,E08,7,3457.25
SO002715,2024-11-04,C0033,D01,E08,6,7421.2
SO002716,2024-11-21,C0033,D01,E08,4,2420.0
SO002717,2024-12-06,C0033,D01,E08,7,4051.5
SO002718,2024-12-22,C0033,D01,E08,4,1681.4
SO002719,2022-01-13,C0034,D02,E09,3,735.0
SO002720,2022-01-26,C0034,D02,E09,7,4242.0
SO002721,2022-02-08,C0034,D02,E09,3,2215.0
SO002722,2022-02-24,C0034,D02,E09,4,1350.0
SO002723,2022-03-12,C0034,D02,E09,4,905.0
SO002724,2022-03-29,C0034,D02,E09,4,800.0
SO002725,2022-04-15,C0034,D02,E09,5,1790.0
SO002726,2022-04-29,C0034,D02,E09,3,1053.3
SO002727,2022-05-12,C0034,D02,E09,4,914.35
SO002728,2022-05-26,C0034,D02,E09,7,2275.0
SO002729,2022-06-08,C0034,D02,E09,3,1490.0
SO002730,2022-06-25,C0034,D02,E09,4,1716.1
SO002731,2022-07-09,C0034,D02,E09,5,1845.4
SO002732,2022-07-26,C0034,D02,E09,5,1685.0
SO002733,2022-08-12,C0034,D02,E09,5,2763.75
SO002734,2022-08-26,C0034,D02,E09,7,3275.2
SO002735,2022-09-09,C0034,D02,E09,3,990.0
SO002736,2022-09-24,C0034,D02,E09,3,904.3
SO002737,2022-10-07,C0034,D02,E09,4,2220.0
SO002738,2022-10-20,C0034,D02,E09,5,2648.5
SO002739,2022-11-02,C0034,D02,E09,7,3066.1
SO002740,2022-11-17,C0034,D02,E09,7,3787.6
SO002741,2022-12-02,C0034,D02,E09,3,1740.0
SO002742,2022-12-17,C0034,D02,E09,7,3545.0
SO002743,2023-01-01,C0034,D02,E09,4,2094.5
SO002744,2023-01-18,C0034,D02,E09,5,4132.2
SO002745,2023-02-02,C0034,D02,E09,7,5324.35
SO002746,2023-02-18,C0034,D02,E09,4,1921.9
SO002747,2023-03-07,C0034,D02,E09,3,1041.8
SO002748,2023-03-24,C0034,D02,E09,3,810.0
SO002749,2023-04-07,C0034,D02,E09,6,2060.0
SO002750,2023-04-23,C0034,D02,E09,6,1155.0
SO002751,2023-05-09,C0034,D02,E09,4,1780.0
SO002752,2023-05-25,C0034,D02,E09,6,1775.0
SO002753,2023-06-10,C0034,D02,E09,7,3595.3
SO002754,2023-06-23,C0034,D02,E09,6,3041.1
SO002755,2023-07-07,C0034,D02,E09,5,2122.0
SO002756,2023-07-24,C0034,D02,E09,5,1866.35
SO002757,2023-08-10,C0034,D02,E09,6,3516.25
SO002758,2023-08-27,C0034,D02,E09,3,1560.0
SO002759,2023-09-09,C0034,D02,E09,7,2858.25
SO002760,2023-09-23,C0034,D02,E09,4,1850.0
SO002761,2023-10-09,C0034,D02,E09,3,1095.55
SO002762,2023-10-24,C0034,D02,E09,5,2711.45
SO002763,2023-11-08,C0034,D02,E09,3,5049.1
SO002764,2023-11-25,C0034,D02,E09,4,3625.0
SO002765,2023-12-12,C0034,D02,E09,6,5050.0
SO002766,2023-12-29,C0034,D02,E09,5,3325.0
SO002767,2024-01-14,C0034,D02,E09,6,2853.75
SO002768,2024-01-29,C0034,D02,E09,4,1520.0
SO002769,2024-02-15,C0034,D02,E09,7,3265.3
SO002770,2024-03-03,C0034,D02,E09,7,2184.65
SO002771,2024-03-20,C0034,D02,E09,7,2095.0
SO002772,2024-04-03,C0034,D02,E09,5,1855.0
SO002773,2024-04-20,C0034,D02,E09,7,3037.0
SO002774,2024-05-04,C0034,D02,E09,3,845.0
SO002775,2024-05-21,C0034,D02,E09,3,865.0
SO002776,2024-06-04,C0034,D02,E09,3,1111.1
SO002777,2024-06-21,C0034,D02,E09,5,2580.0
SO002778,2024-07-06,C0034,D02,E09,6,3190.0
SO002779,2024-07-21,C0034,D02,E09,5,1972.2
SO002780,2024-08-03,C0034,D02,E09,5,2680.6
SO002781,2024-08-16,C0034,D02,E09,3,2180.0
SO002782,2024-08-29,C0034,D02,E09,3,1380.0
SO002783,2024-09-12,C0034,D02,E09,6,2544.3
SO002784,2024-09-27,C0034,D02,E09,4,2385.0
SO002785,2024-10-10,C0034,D02,E09,5,2642.9
SO002786,2024-10-26,C0034,D02,E09,4,2788.25
SO002787,2024-11-10,C0034,D02,E09,3,1990.0
SO002788,2024-11-25,C0034,D02,E09,7,4313.0
SO002789,2024-12-09,C0034,D02,E09,5,3996.5
SO002790,2024-12-26,C0034,D02,E09,7,6799.2
SO002791,2022-01-04,C0035,D02,E10,7,10620.0
SO002792,2022-01-11,C0035,D02,E10,5,8159.6
SO002793,2022-01-22,C0035,D02,E10,5,5637.05
SO002794,2022-01-30,C0035,D02,E10,7,9819.3
SO002795,2022-02-06,C0035,D02,E10,7,8204.0
SO002796,2022-02-15,C0035,D02,E10,4,9310.0
SO002797,2022-02-22,C0035,D02,E10,3,3225.0
SO002798,2022-03-01,C0035,D02,E10,4,3831.8
SO002799,2022-03-08,C0035,D02,E10,3,2974.4
SO002800,2022-03-15,C0035,D02,E10,3,1920.0
SO002801,2022-03-24,C0035,D02,E10,3,2739.8
SO002802,2022-04-01,C0035,D02,E10,6,5438.6
SO002803,2022-04-09,C0035,D02,E10,5,3150.0
SO002804,2022-04-20,C0035,D02,E10,5,3845.1
SO002805,2022-04-30,C0035,D02,E10,6,5515.0
SO002806,2022-05-09,C0035,D02,E10,4,2563.7
SO002807,2022-05-20,C0035,D02,E10,4,3780.0
SO002808,2022-05-28,C0035,D02,E10,5,5146.85
SO002809,2022-06-05,C0035,D02,E10,4,3709.75
SO002810,2022-06-14,C0035,D02,E10,7,9575.0
SO002811,2022-06-21,C0035,D02,E10,7,7939.7
SO002812,2022-07-02,C0035,D02,E10,7,8830.85
SO002813,2022-07-13,C0035,D02,E10,5,4444.5
SO002814,2022-07-20,C0035,D02,E10,4,6810.0
SO002815,2022-07-30,C0035,D02,E10,7,9765.0
SO002816,2022-08-10,C0035,D02,E10,6,7259.9
SO002817,2022-08-17,C0035,D02,E10,6,5949.5
SO002818,2022-08-24,C0035,D02,E10,6,8035.0
SO002819,2022-09-03,C0035,D02,E10,4,4685.0
SO002820,2022-09-11,C0035,D02,E10,5,5087.1
SO002821,2022-09-22,C0035,D02,E10,6,6733.4
SO002822,2022-10-03,C0035,D02,E10,3,3854.8
SO002823,2022-10-10,C0035,D02,E10,4,7030.0
SO002824,2022-10-21,C0035,D02,E10,3,4661.8
SO002825,2022-10-28,C0035,D02,E10,7,9540.2
SO002826,2022-11-04,C0035,D02,E10,3,2935.0
SO002827,2022-11-13,C0035,D02,E10,6,8800.65
SO002828,2022-11-23,C0035,D02,E10,5,8035.3
SO002829,2022-12-02,C0035,D02,E10,4,4980.0
SO002830,2022-12-12,C0035,D02,E10,5,8720.85
SO002831,2022-12-20,C0035,D02,E10,4,4883.1
SO002832,2022-12-31,C0035,D02,E10,7,10324.2
SO002833,2023-01-10,C0035,D02,E10,7,11898.05
SO002834,2023-01-20,C0035,D02,E10,5,11705.0
SO002835,2023-01-28,C0035,D02,E10,7,12695.0
SO002836,2023-02-06,C0035,D02,E10,4,6868.8
SO002837,2023-02-15,C0035,D02,E10,5,6135.1
SO002838,2023-02-26,C0035,D02,E10,5,11010.0
SO002839,2023-03-09,C0035,D02,E10,5,4015.0
SO002840,2023-03-16,C0035,D02,E10,7,5007.65
SO002841,2023-03-25,C0035,D02,E10,4,5395.0
SO002842,2023-04-04,C0035,D02,E10,5,5130.0
SO002843,2023-04-11,C0035,D02,E10,7,6815.3
SO002844,2023-04-18,C0035,D02,E10,5,7650.0
SO002845,2023-04-28,C0035,D02,E10,6,5260.0
SO002846,2023-05-08,C0035,D02,E10,4,5115.25
SO002847,2023-05-17,C0035,D02,E10,3,2476.25
SO002848,2023-05-25,C0035,D02,E10,3,3107.2
SO002849,2023-06-02,C0035,D02,E10,6,5047.25
SO002850,2023-06-10,C0035,D02,E10,4,4857.5
SO002851,2023-06-21,C0035,D02,E10,3,2234.75
SO002852,2023-06-29,C0035,D02,E10,6,5967.2
SO002853,2023-07-07,C0035,D02,E10,7,10315.0
SO002854,2023-07-14,C0035,D02,E10,3,4365.0
SO002855,2023-07-23,C0035,D02,E10,4,6630.0
SO002856,2023-07-30,C0035,D02,E10,6,8668.3
SO002857,2023-08-10,C0035,D02,E10,3,5660.0
SO002858,2023-08-21,C0035,D02,E10,7,8420.0
SO002859,2023-09-01,C0035,D02,E10,5,5405.0
SO002860,2023-09-10,C0035,D02,E10,3,3310.0
SO002861,2023-09-17,C0035,D02,E10,3,2783.2
SO002862,2023-09-25,C0035,D02,E10,4,2673.4
SO002863,2023-10-02,C0035,D02,E10,3,2881.5
SO002864,2023-10-13,C0035,D02,E10,6,4679.65
SO002865,2023-10-24,C0035,D02,E10,7,13701.7
SO002866,2023-11-03,C0035,D02,E10,7,17543.2
SO002867,2023-11-11,C0035,D02,E10,4,5519.5
SO002868,2023-11-22,C0035,D02,E10,3,5550.0
SO002869,2023-11-29,C0035,D02,E10,7,14331.0
SO002870,2023-12-09,C0035,D02,E10,4,6945.0
SO002871,2023-12-17,C0035,D02,E10,6,13583.8
SO002872,2023-12-27,C0035,D02,E10,3,4364.0
SO002873,2024-01-05,C0035,D02,E10,7,9501.95
SO002874,2024-01-13,C0035,D02,E10,4,8942.4
SO002875,2024-01-20,C0035,D02,E10,7,10412.3
SO002876,2024-01-27,C0035,D02,E10,7,13390.25
SO002877,2024-02-06,C0035,D02,E10,7,12810.25
SO002878,2024-02-16,C0035,D02,E10,5,10109.0
SO002879,2024-02-25,C0035,D02,E10,7,13769.2
SO002880,2024-03-07,C0035,D02,E10,5,3985.05
SO002881,2024-03-18,C0035,D02,E10,6,6615.0
SO002882,2024-03-26,C0035,D02,E10,7,8985.0
SO002883,2024-04-03,C0035,D02,E10,4,4305.0
SO002884,2024-04-13,C0035,D02,E10,4,5445.0
SO002885,2024-04-22,C0035,D02,E10,4,2390.0
SO002886,2024-04-29,C0035,D02,E10,5,3183.3
SO002887,2024-05-07,C0035,D02,E10,6,6718.3
SO002888,2024-05-17,C0035,D02,E10,7,6600.0
SO002889,2024-05-24,C0035,D02,E10,7,7400.0
SO002890,2024-06-02,C0035,D02,E10,6,7060.0
SO002891,2024-06-11,C0035,D02,E10,4,4698.2
SO002892,2024-06-19,C0035,D02,E10,6,6962.0
SO002893,2024-06-27,C0035,D02,E10,4,5962.0
SO002894,2024-07-05,C0035,D02,E10,4,6420.0
SO002895,2024-07-15,C0035,D02,E10,3,2985.0
SO002896,2024-07-26,C0035,D02,E10,4,5235.0
SO002897,2024-08-06,C0035,D02,E10,3,4605.4
SO002898,2024-08-14,C0035,D02,E10,6,7489.9
SO002899,2024-08-25,C0035,D02,E10,3,4830.0
SO002900,2024-09-03,C0035,D02,E10,6,8865.3
SO002901,2024-09-11,C0035,D02,E10,4,4990.0
SO002902,2024-09-19,C0035,D02,E10,6,8845.7
SO002903,2024-09-27,C0035,D02,E10,7,7407.4
SO002904,2024-10-06,C0035,D02,E10,3,7013.7
SO002905,2024-10-17,C0035,D02,E10,6,7710.0
SO002906,2024-10-25,C0035,D02,E10,4,4958.2
SO002907,2024-11-04,C0035,D02,E10,6,15878.4
SO002908,2024-11-13,C0035,D02,E10,5,8745.0
SO002909,2024-11-23,C0035,D02,E10,5,15265.0
SO002910,2024-12-01,C0035,D02,E10,5,7795.0
SO002911,2024-12-12,C0035,D02,E10,5,7745.2
SO002912,2024-12-22,C0035,D02,E10,7,14920.0
SO002913,2022-01-04,C0036,D02,E11,5,1515.0
SO002914,2022-01-20,C0036,D02,E11,7,4792.5
SO002915,2022-02-05,C0036,D02,E11,4,4380.95
SO002916,2022-02-19,C0036,D02,E11,5,2660.0
SO002917,2022-03-06,C0036,D02,E11,5,1385.0
SO002918,2022-03-19,C0036,D02,E11,6,1845.0
SO002919,2022-04-04,C0036,D02,E11,7,2305.0
SO002920,2022-04-18,C0036,D02,E11,3,1265.0
SO002921,2022-05-01,C0036,D02,E11,5,1325.0
SO002922,2022-05-18,C0036,D02,E11,6,2415.0
SO002923,2022-05-31,C0036,D02,E11,3,1045.0
SO002924,2022-06-17,C0036,D02,E11,5,1420.0
SO002925,2022-07-04,C0036,D02,E11,5,1664.2
SO002926,2022-07-18,C0036,D02,E11,4,1285.0
SO002927,2022-07-31,C0036,D02,E11,3,1725.0
SO002928,2022-08-16,C0036,D02,E11,3,1175.0
SO002929,2022-08-31,C0036,D02,E11,6,2545.0
SO002930,2022-09-17,C0036,D02,E11,7,2670.0
SO002931,2022-10-03,C0036,D02,E11,4,1539.0
SO002932,2022-10-18,C0036,D02,E11,3,1923.75
SO002933,2022-10-31,C0036,D02,E11,6,2154.25
SO002934,2022-11-17,C0036,D02,E11,5,1923.1
SO002935,2022-12-04,C0036,D02,E11,7,3345.0
SO002936,2022-12-19,C0036,D02,E11,3,1551.45
SO002937,2023-01-04,C0036,D02,E11,6,3224.15
SO002938,2023-01-18,C0036,D02,E11,6,3542.2
SO002939,2023-02-02,C0036,D02,E11,4,1860.0
SO002940,2023-02-18,C0036,D02,E11,7,4420.5
SO002941,2023-03-03,C0036,D02,E11,3,1089.6
SO002942,2023-03-18,C0036,D02,E11,4,1360.0
SO002943,2023-04-02,C0036,D02,E11,6,1956.0
SO002944,2023-04-18,C0036,D02,E11,6,2105.0
SO002945,2023-05-05,C0036,D02,E11,4,1667.0
SO002946,2023-05-18,C0036,D02,E11,5,1150.0
SO002947,2023-06-04,C0036,D02,E11,7,3251.1
SO002948,2023-06-20,C0036,D02,E11,4,1660.0
SO002949,2023-07-07,C0036,D02,E11,3,730.0
SO002950,2023-07-21,C0036,D02,E11,7,3429.2
SO002951,2023-08-05,C0036,D02,E11,3,1275.6
SO002952,2023-08-21,C0036,D02,E11,6,1833.4
SO002953,2023-09-06,C0036,D02,E11,3,1427.1
SO002954,2023-09-20,C0036,D02,E11,6,2125.0
SO002955,2023-10-06,C0036,D02,E11,3,1605.0
SO002956,2023-10-19,C0036,D02,E11,5,2821.4
SO002957,2023-11-01,C0036,D02,E11,3,1320.0
SO002958,2023-11-18,C0036,D02,E11,5,2408.5
SO002959,2023-12-01,C0036,D02,E11,7,2700.0
SO002960,2023-12-14,C0036,D02,E11,7,4544.05
SO002961,2023-12-29,C0036,D02,E11,4,2410.0
SO002962,2024-01-11,C0036,D02,E11,6,5245.0
SO002963,2024-01-27,C0036,D02,E11,6,4780.65
SO002964,2024-02-12,C0036,D02,E11,4,2822.8
SO002965,2024-02-26,C0036,D02,E11,4,2460.0
SO002966,2024-03-10,C0036,D02,E11,6,1620.0
SO002967,2024-03-25,C0036,D02,E11,3,1135.0
SO002968,2024-04-09,C0036,D02,E11,3,1435.0
SO002969,2024-04-22,C0036,D02,E11,7,2065.0
SO002970,2024-05-08,C0036,D02,E11,4,1022.5
SO002971,2024-05-23,C0036,D02,E11,5,2097.0
SO002972,2024-06-08,C0036,D02,E11,4,2700.0
SO002973,2024-06-22,C0036,D02,E11,4,1380.0
SO002974,2024-07-08,C0036,D02,E11,5,1413.4
SO002975,2024-07-24,C0036,D02,E11,7,2135.0
SO002976,2024-08-09,C0036,D02,E11,6,2459.7
SO002977,2024-08-22,C0036,D02,E11,5,3745.0
SO002978,2024-09-05,C0036,D02,E11,4,1665.0
SO002979,2024-09-19,C0036,D02,E11,5,2309.2
SO002980,2024-10-03,C0036,D02,E11,3,2400.95
SO002981,2024-10-17,C0036,D02,E11,6,2760.0
SO002982,2024-11-03,C0036,D02,E11,4,2808.75
SO002983,2024-11-18,C0036,D02,E11,4,4478.75
SO002984,2024-12-01,C0036,D02,E11,7,4068.4
SO002985,2024-12-18,C0036,D02,E11,3,2375.0
SO002986,2022-01-01,C0037,D01,E06,5,9302.8
SO002987,2022-01-10,C0037,D01,E06,4,4730.0
SO002988,2022-01-17,C0037,D01,E06,6,5644.35
SO002989,2022-01-25,C0037,D01,E06,3,3895.0
SO002990,2022-02-01,C0037,D01,E06,7,7195.8
SO002991,2022-02-08,C0037,D01,E06,3,4132.1
SO002992,2022-02-16,C0037,D01,E06,4,7344.95
SO002993,2022-02-27,C0037,D01,E06,5,11865.0
SO002994,2022-03-06,C0037,D01,E06,5,3131.8
SO002995,2022-03-16,C0037,D01,E06,7,4418.8
SO002996,2022-03-26,C0037,D01,E06,4,3542.2
SO002997,2022-04-03,C0037,D01,E06,7,6628.0
SO002998,2022-04-14,C0037,D01,E06,3,2440.0
SO002999,2022-04-25,C0037,D01,E06,7,6015.0
SO003000,2022-05-02,C0037,D01,E06,6,6230.0
SO003001,2022-05-11,C0037,D01,E06,5,4875.0
SO003002,2022-05-18,C0037,D01,E06,3,3135.0
SO003003,2022-05-28,C0037,D01,E06,5,4368.7
SO003004,2022-06-04,C0037,D01,E06,5,5040.0
SO003005,2022-06-11,C0037,D01,E06,3,3472.6
SO003006,2022-06-19,C0037,D01,E06,5,6570.2
SO003007,2022-06-28,C0037,D01,E06,3,3465.0
SO003008,2022-07-07,C0037,D01,E06,3,1846.1
SO003009,2022-07-18,C0037,D01,E06,3,3885.0
SO003010,2022-07-26,C0037,D01,E06,5,5685.0
SO003011,2022-08-05,C0037,D01,E06,5,7721.4
SO003012,2022-08-14,C0037,D01,E06,3,3644.65
SO003013,2022-08-24,C0037,D01,E06,7,9329.0
SO003014,2022-09-01,C0037,D01,E06,4,4354.7
SO003015,2022-09-10,C0037,D01,E06,6,8060.0
SO003016,2022-09-21,C0037,D01,E06,6,4846.2
SO003017,2022-10-02,C0037,D01,E06,4,7261.6
SO003018,2022-10-12,C0037,D01,E06,6,6398.4
SO003019,2022-10-22,C0037,D01,E06,5,5864.45
SO003020,2022-11-01,C0037,D01,E06,6,10980.0
SO003021,2022-11-12,C0037,D01,E06,3,4915.0
SO003022,2022-11-19,C0037,D01,E06,3,4250.0
SO003023,2022-11-30,C0037,D01,E06,5,8280.0
SO003024,2022-12-09,C0037,D01,E06,6,12619.6
SO003025,2022-12-16,C0037,D01,E06,5,9920.0
SO003026,2022-12-23,C0037,D01,E06,4,4835.85
SO003027,2022-12-31,C0037,D01,E06,4,5140.0
SO003028,2023-01-11,C0037,D01,E06,6,11435.0
SO003029,2023-01-18,C0037,D01,E06,5,5505.0
SO003030,2023-01-25,C0037,D01,E06,3,4915.0
SO003031,2023-02-03,C0037,D01,E06,3,3404.0
SO003032,2023-02-10,C0037,D01,E06,5,8868.6
SO003033,2023-02-20,C0037,D01,E06,6,7975.0
SO003034,2023-03-03,C0037,D01,E06,7,5530.0
SO003035,2023-03-11,C0037,D01,E06,3,1500.0
SO003036,2023-03-18,C0037,D01,E06,3,3235.3
SO003037,2023-03-28,C0037,D01,E06,7,8065.0
SO003038,2023-04-07,C0037,D01,E06,3,2371.2
SO003039,2023-04-16,C0037,D01,E06,5,4618.2
SO003040,2023-04-23,C0037,D01,E06,5,5410.0
SO003041,2023-05-02,C0037,D01,E06,7,6110.0
SO003042,2023-05-09,C0037,D01,E06,7,7101.05
SO003043,2023-05-17,C0037,D01,E06,7,6095.4
SO003044,2023-05-25,C0037,D01,E06,3,3550.0
SO003045,2023-06-01,C0037,D01,E06,7,7898.8
SO003046,2023-06-12,C0037,D01,E06,4,4955.7
SO003047,2023-06-19,C0037,D01,E06,6,6949.1
SO003048,2023-06-28,C0037,D01,E06,7,6967.35
SO003049,2023-07-07,C0037,D01,E06,6,5884.5
SO003050,2023-07-17,C0037,D01,E06,5,5431.5
SO003051,2023-07-24,C0037,D01,E06,5,6850.0
SO003052,2023-08-03,C0037,D01,E06,6,5700.0
SO003053,2023-08-10,C0037,D01,E06,6,9110.1
SO003054,2023-08-17,C0037,D01,E06,5,6073.65
SO003055,2023-08-27,C0037,D01,E06,5,6670.0
SO003056,2023-09-04,C0037,D01,E06,3,4078.25
SO003057,2023-09-14,C0037,D01,E06,7,8320.0
SO003058,2023-09-22,C0037,D01,E06,4,4205.0
SO003059,2023-09-30,C0037,D01,E06,7,8920.6
SO003060,2023-10-08,C0037,D01,E06,4,6320.0
SO003061,2023-10-18,C0037,D01,E06,4,8125.3
SO003062,2023-10-27,C0037,D01,E06,4,4054.2
SO003063,2023-11-06,C0037,D01,E06,3,9931.3
SO003064,2023-11-17,C0037,D01,E06,5,6829.75
SO003065,2023-11-26,C0037,D01,E06,6,13760.0
SO003066,2023-12-03,C0037,D01,E06,7,10960.0
SO003067,2023-12-11,C0037,D01,E06,6,12050.0
SO003068,2023-12-22,C0037,D01,E06,6,13908.75
SO003069,2023-12-31,C0037,D01,E06,5,10779.8
SO003070,2024-01-08,C0037,D01,E06,3,6481.4
SO003071,2024-01-15,C0037,D01,E06,6,7185.4
SO003072,2024-01-25,C0037,D01,E06,5,9744.0
SO003073,2024-02-04,C0037,D01,E06,7,11920.0
SO003074,2024-02-15,C0037,D01,E06,7,15799.7
SO003075,2024-02-25,C0037,D01,E06,7,12959.0
SO003076,2024-03-05,C0037,D01,E06,6,5981.25
SO003077,2024-03-14,C0037,D01,E06,7,3697.0
SO003078,2024-03-23,C0037,D01,E06,4,2980.0
SO003079,2024-04-01,C0037,D01,E06,5,5500.0
SO003080,2024-04-10,C0037,D01,E06,7,9396.5
SO003081,2024-04-18,C0037,D01,E06,5,3930.0
SO003082,2024-04-26,C0037,D01,E06,6,5645.0
SO003083,2024-05-07,C0037,D01,E06,6,7220.0
SO003084,2024-05-16,C0037,D01,E06,3,4295.0
SO003085,2024-05-26,C0037,D01,E06,3,1882.0
SO003086,2024-06-03,C0037,D01,E06,7,8477.25
SO003087,2024-06-13,C0037,D01,E06,5,7330.0
SO003088,2024-06-21,C0037,D01,E06,5,5780.0
SO003089,2024-07-02,C0037,D01,E06,3,6266.4
SO003090,2024-07-12,C0037,D01,E06,4,5033.2
SO003091,2024-07-21,C0037,D01,E06,3,2558.6
SO003092,2024-08-01,C0037,D01,E06,7,9426.95
SO003093,2024-08-08,C0037,D01,E06,7,6480.5
SO003094,2024-08-17,C0037,D01,E06,4,5055.0
SO003095,2024-08-28,C0037,D01,E06,4,4072.95
SO003096,2024-09-08,C0037,D01,E06,7,7415.8
SO003097,2024-09-15,C0037,D01,E06,5,4620.0
SO003098,2024-09-22,C0037,D01,E06,6,10286.85
SO003099,2024-10-01,C0037,D01,E06,5,5770.05
SO003100,2024-10-11,C0037,D01,E06,3,3753.3
SO003101,2024-10-18,C0037,D01,E06,6,9718.5
SO003102,2024-10-29,C0037,D01,E06,4,10193.25
SO003103,2024-11-05,C0037,D01,E06,4,14840.0
SO003104,2024-11-16,C0037,D01,E06,6,8846.15
SO003105,2024-11-23,C0037,D01,E06,5,8920.8
SO003106,2024-11-30,C0037,D01,E06,3,6910.6
SO003107,2024-12-07,C0037,D01,E06,3,6003.25
SO003108,2024-12-15,C0037,D01,E06,4,5303.65
SO003109,2024-12-24,C0037,D01,E06,5,8979.8
SO003110,2022-01-04,C0038,D01,E07,5,5260.0
SO003111,2022-01-15,C0038,D01,E07,4,4283.7
SO003112,2022-01-28,C0038,D01,E07,5,2906.1
SO003113,2022-02-08,C0038,D01,E07,7,9305.2
SO003114,2022-02-22,C0038,D01,E07,5,3876.4
SO003115,2022-03-05,C0038,D01,E07,4,2115.85
SO003116,2022-03-15,C0038,D01,E07,3,1316.1
SO003117,2022-03-26,C0038,D01,E07,3,1235.0
SO003118,2022-04-05,C0038,D01,E07,6,4080.0
SO003119,2022-04-15,C0038,D01,E07,4,2167.8
SO003120,2022-04-28,C0038,D01,E07,3,2130.0
SO003121,2022-05-11,C0038,D01,E07,7,3826.1
SO003122,2022-05-23,C0038,D01,E07,4,1460.0
SO003123,2022-06-02,C0038,D01,E07,6,3478.2
SO003124,2022-06-12,C0038,D01,E07,3,1045.2
SO003125,2022-06-22,C0038,D01,E07,5,3496.65
SO003126,2022-07-05,C0038,D01,E07,4,2645.0
SO003127,2022-07-16,C0038,D01,E07,5,4170.0
SO003128,2022-07-30,C0038,D01,E07,3,1151.45
SO003129,2022-08-11,C0038,D01,E07,5,3332.15
SO003130,2022-08-25,C0038,D01,E07,6,4705.0
SO003131,2022-09-07,C0038,D01,E07,6,4827.6
SO003132,2022-09-17,C0038,D01,E07,7,5930.5
SO003133,2022-09-27,C0038,D01,E07,7,6581.3
SO003134,2022-10-09,C0038,D01,E07,5,4264.0
SO003135,2022-10-19,C0038,D01,E07,5,3462.75
SO003136,2022-10-31,C0038,D01,E07,6,4000.0
SO003137,2022-11-14,C0038,D01,E07,6,5358.35
SO003138,2022-11-27,C0038,D01,E07,5,4069.35
SO003139,2022-12-08,C0038,D01,E07,4,2655.0
SO003140,2022-12-22,C0038,D01,E07,4,4470.0
SO003141,2023-01-02,C0038,D01,E07,7,5606.1
SO003142,2023-01-13,C0038,D01,E07,7,7255.0
SO003143,2023-01-23,C0038,D01,E07,6,5410.35
SO003144,2023-02-05,C0038,D01,E07,7,5930.0
SO003145,2023-02-17,C0038,D01,E07,6,6085.3
SO003146,2023-03-02,C0038,D01,E07,4,3995.0
SO003147,2023-03-12,C0038,D01,E07,7,5269.1
SO003148,2023-03-24,C0038,D01,E07,3,1931.2
SO003149,2023-04-04,C0038,D01,E07,3,1470.0
SO003150,2023-04-18,C0038,D01,E07,4,2910.0
SO003151,2023-05-01,C0038,D01,E07,6,4240.0
SO003152,2023-05-15,C0038,D01,E07,7,3450.0
SO003153,2023-05-27,C0038,D01,E07,5,2860.4
SO003154,2023-06-10,C0038,D01,E07,5,3282.6
SO003155,2023-06-23,C0038,D01,E07,6,4071.55
SO003156,2023-07-05,C0038,D01,E07,5,2960.0
SO003157,2023-07-19,C0038,D01,E07,7,3976.1
SO003158,2023-07-30,C0038,D01,E07,5,5019.35
SO003159,2023-08-09,C0038,D01,E07,5,5067.2
SO003160,2023-08-21,C0038,D01,E07,4,3390.0
SO003161,2023-09-03,C0038,D01,E07,3,4305.0
SO003162,2023-09-16,C0038,D01,E07,7,6100.1
SO003163,2023-09-29,C0038,D01,E07,3,2500.0
SO003164,2023-10-09,C0038,D01,E07,6,5333.25
SO003165,2023-10-19,C0038,D01,E07,6,5220.1
SO003166,2023-11-02,C0038,D01,E07,5,7160.75
SO003167,2023-11-13,C0038,D01,E07,6,10118.4
SO003168,2023-11-27,C0038,D01,E07,4,4512.95
SO003169,2023-12-08,C0038,D01,E07,7,9721.15
SO003170,2023-12-19,C0038,D01,E07,5,5625.0
SO003171,2023-12-31,C0038,D01,E07,5,5695.0
SO003172,2024-01-14,C0038,D01,E07,4,6117.5
SO003173,2024-01-28,C0038,D01,E07,3,3355.7
SO003174,2024-02-11,C0038,D01,E07,3,2660.0
SO003175,2024-02-24,C0038,D01,E07,7,10304.3
SO003176,2024-03-07,C0038,D01,E07,5,3526.0
SO003177,2024-03-21,C0038,D01,E07,4,2240.2
SO003178,2024-04-02,C0038,D01,E07,5,3204.0
SO003179,2024-04-12,C0038,D01,E07,6,3123.8
SO003180,2024-04-22,C0038,D01,E07,3,1850.0
SO003181,2024-05-06,C0038,D01,E07,4,3770.0
SO003182,2024-05-19,C0038,D01,E07,7,3985.0
SO003183,2024-05-29,C0038,D01,E07,7,4803.5
SO003184,2024-06-11,C0038,D01,E07,3,2910.0
SO003185,2024-06-23,C0038,D01,E07,3,3940.0
SO003186,2024-07-05,C0038,D01,E07,6,5486.35
SO003187,2024-07-19,C0038,D01,E07,6,5323.6
SO003188,2024-08-02,C0038,D01,E07,5,4024.0
SO003189,2024-08-13,C0038,D01,E07,7,5450.0
SO003190,2024-08-24,C0038,D01,E07,6,4476.0
SO003191,2024-09-05,C0038,D01,E07,4,3390.0
SO003192,2024-09-19,C0038,D01,E07,4,2167.4
SO003193,2024-09-29,C0038,D01,E07,5,3662.5
SO003194,2024-10-09,C0038,D01,E07,3,5399.1
SO003195,2024-10-22,C0038,D01,E07,6,7430.7
SO003196,2024-11-04,C0038,D01,E07,5,7001.35
SO003197,2024-11-16,C0038,D01,E07,7,11931.2
SO003198,2024-11-30,C0038,D01,E07,6,6340.0
SO003199,2024-12-13,C0038,D01,E07,7,7695.0
SO003200,2024-12-27,C0038,D01,E07,7,11650.0
SO003201,2022-01-07,C0039,D01,E08,5,6063.1
SO003202,2022-01-21,C0039,D01,E08,3,3275.0
SO003203,2022-02-04,C0039,D01,E08,6,4440.0
SO003204,2022-02-14,C0039,D01,E08,5,3770.0
SO003205,2022-02-28,C0039,D01,E08,6,4995.25
SO003206,2022-03-11,C0039,D01,E08,3,940.0
SO003207,2022-03-24,C0039,D01,E08,4,1875.0
SO003208,2022-04-06,C0039,D01,E08,7,4845.0
SO003209,2022-04-18,C0039,D01,E08,6,3022.9
SO003210,2022-04-28,C0039,D01,E08,6,3326.25
SO003211,2022-05-11,C0039,D01,E08,4,2005.0
SO003212,2022-05-22,C0039,D01,E08,5,2550.0
SO003213,2022-06-05,C0039,D01,E08,6,4623.3
SO003214,2022-06-17,C0039,D01,E08,5,2355.0
SO003215,2022-06-29,C0039,D01,E08,4,1750.0
SO003216,2022-07-13,C0039,D01,E08,6,4050.0
SO003217,2022-07-24,C0039,D01,E08,6,4515.0
SO003218,2022-08-04,C0039,D01,E08,5,2712.85
SO003219,2022-08-18,C0039,D01,E08,5,2261.9
SO003220,2022-09-01,C0039,D01,E08,5,3620.0
SO003221,2022-09-13,C0039,D01,E08,7,5580.0
SO003222,2022-09-27,C0039,D01,E08,4,3380.95
SO003223,2022-10-07,C0039,D01,E08,5,4200.0
SO003224,2022-10-20,C0039,D01,E08,3,3665.8
SO003225,2022-10-31,C0039,D01,E08,3,3299.0
SO003226,2022-11-14,C0039,D01,E08,4,6585.0
SO003227,2022-11-25,C0039,D01,E08,4,4645.0
SO003228,2022-12-05,C0039,D01,E08,6,7415.0
SO003229,2022-12-19,C0039,D01,E08,7,6798.3
SO003230,2022-12-30,C0039,D01,E08,5,10426.8
SO003231,2023-01-10,C0039,D01,E08,5,5888.0
SO003232,2023-01-23,C0039,D01,E08,5,5170.6
SO003233,2023-02-03,C0039,D01,E08,5,6200.5
SO003234,2023-02-16,C0039,D01,E08,4,4725.0
SO003235,2023-02-26,C0039,D01,E08,5,4880.0
SO003236,2023-03-08,C0039,D01,E08,6,3992.55
SO003237,2023-03-19,C0039,D01,E08,5,2850.0
SO003238,2023-03-29,C0039,D01,E08,5,3366.1
SO003239,2023-04-12,C0039,D01,E08,7,3964.7
SO003240,2023-04-24,C0039,D01,E08,5,3235.0
SO003241,2023-05-04,C0039,D01,E08,6,2371.6
SO003242,2023-05-16,C0039,D01,E08,4,3100.0
SO003243,2023-05-28,C0039,D01,E08,4,3475.9
SO003244,2023-06-07,C0039,D01,E08,3,3220.0
SO003245,2023-06-17,C0039,D01,E08,7,6041.55
SO003246,2023-06-30,C0039,D01,E08,7,5741.1
SO003247,2023-07-11,C0039,D01,E08,6,5319.2
SO003248,2023-07-25,C0039,D01,E08,6,4767.45
SO003249,2023-08-06,C0039,D01,E08,7,5077.65
SO003250,2023-08-16,C0039,D01,E08,4,4162.5
SO003251,2023-08-30,C0039,D01,E08,7,4833.8
SO003252,2023-09-13,C0039,D01,E08,5,4577.4
SO003253,2023-09-27,C0039,D01,E08,3,2833.6
SO003254,2023-10-10,C0039,D01,E08,3,2190.0
SO003255,2023-10-22,C0039,D01,E08,3,2710.65
SO003256,2023-11-01,C0039,D01,E08,3,3355.0
SO003257,2023-11-15,C0039,D01,E08,7,10802.45
SO003258,2023-11-25,C0039,D01,E08,5,4029.15
SO003259,2023-12-09,C0039,D01,E08,3,5324.4
SO003260,2023-12-19,C0039,D01,E08,7,9435.0
SO003261,2024-01-02,C0039,D01,E08,5,7190.0
SO003262,2024-01-15,C0039,D01,E08,5,4775.0
SO003263,2024-01-25,C0039,D01,E08,3,4430.0
SO003264,2024-02-04,C0039,D01,E08,4,6792.95
SO003265,2024-02-16,C0039,D01,E08,4,6035.0
SO003266,2024-02-28,C0039,D01,E08,4,3295.0
SO003267,2024-03-11,C0039,D01,E08,6,3577.3
SO003268,2024-03-25,C0039,D01,E08,3,1370.0
SO003269,2024-04-06,C0039,D01,E08,3,2052.5
SO003270,2024-04-19,C0039,D01,E08,4,1374.1
SO003271,2024-04-29,C0039,D01,E08,6,3838.0
SO003272,2024-05-09,C0039,D01,E08,7,4165.6
SO003273,2024-05-21,C0039,D01,E08,5,2590.0
SO003274,2024-06-02,C0039,D01,E08,6,4830.0
SO003275,2024-06-15,C0039,D01,E08,3,1450.0
SO003276,2024-06-27,C0039,D01,E08,5,4294.35
SO003277,2024-07-08,C0039,D01,E08,7,8033.55
SO003278,2024-07-21,C0039,D01,E08,3,3075.0
SO003279,2024-08-02,C0039,D01,E08,3,3148.0
SO003280,2024-08-14,C0039,D01,E08,5,4185.0
SO003281,2024-08-28,C0039,D01,E08,4,5080.0
SO003282,2024-09-07,C0039,D01,E08,4,3180.0
SO003283,2024-09-17,C0039,D01,E08,6,6515.0
SO003284,2024-09-30,C0039,D01,E08,3,2235.0
SO003285,2024-10-12,C0039,D01,E08,3,3925.05
SO003286,2024-10-23,C0039,D01,E08,6,9636.65
SO003287,2024-11-04,C0039,D01,E08,7,13371.8
SO003288,2024-11-17,C0039,D01,E08,4,6290.0
SO003289,2024-11-29,C0039,D01,E08,4,4850.0
SO003290,2024-12-12,C0039,D01,E08,6,5818.65
SO003291,2024-12-24,C0039,D01,E08,5,8505.0
SO003292,2022-01-04,C0040,D02,E09,4,7900.0
SO003293,2022-01-13,C0040,D02,E09,3,2544.0
SO003294,2022-01-24,C0040,D02,E09,6,6920.0
SO003295,2022-02-02,C0040,D02,E09,4,4935.0
SO003296,2022-02-12,C0040,D02,E09,5,8281.1
SO003297,2022-02-22,C0040,D02,E09,7,10954.5
SO003298,2022-03-01,C0040,D02,E09,6,5540.0
SO003299,2022-03-10,C0040,D02,E09,3,1635.0
SO003300,2022-03-21,C0040,D02,E09,4,3220.0
SO003301,2022-03-28,C0040,D02,E09,6,5040.0
SO003302,2022-04-06,C0040,D02,E09,5,4083.4
SO003303,2022-04-17,C0040,D02,E09,5,3686.0
SO003304,2022-04-25,C0040,D02,E09,7,6414.05
SO003305,2022-05-02,C0040,D02,E09,5,5735.0
SO003306,2022-05-13,C0040,D02,E09,3,2398.0
SO003307,2022-05-20,C0040,D02,E09,5,5615.0
SO003308,2022-05-27,C0040,D02,E09,3,2160.0
SO003309,2022-06-06,C0040,D02,E09,3,2134.4
SO003310,2022-06-17,C0040,D02,E09,4,2980.0
SO003311,2022-06-27,C0040,D02,E09,6,6695.0
SO003312,2022-07-04,C0040,D02,E09,6,6770.3
SO003313,2022-07-12,C0040,D02,E09,6,6955.0
SO003314,2022-07-23,C0040,D02,E09,3,2995.0
SO003315,2022-07-30,C0040,D02,E09,3,6371.25
SO003316,2022-08-06,C0040,D02,E09,4,4334.75
SO003317,2022-08-13,C0040,D02,E09,5,4419.9
SO003318,2022-08-21,C0040,D02,E09,4,4725.0
SO003319,2022-08-30,C0040,D02,E09,7,8024.3
SO003320,2022-09-07,C0040,D02,E09,7,9714.65
SO003321,2022-09-16,C0040,D02,E09,7,8297.65
SO003322,2022-09-27,C0040,D02,E09,7,12624.25
SO003323,2022-10-08,C0040,D02,E09,3,4227.2
SO003324,2022-10-16,C0040,D02,E09,6,13651.5
SO003325,2022-10-27,C0040,D02,E09,6,8297.25
SO003326,2022-11-06,C0040,D02,E09,6,9662.6
SO003327,2022-11-17,C0040,D02,E09,3,6330.0
SO003328,2022-11-24,C0040,D02,E09,5,7410.0
SO003329,2022-12-04,C0040,D02,E09,7,13645.0
SO003330,2022-12-13,C0040,D02,E09,4,5517.3
SO003331,2022-12-22,C0040,D02,E09,7,8850.0
SO003332,2022-12-30,C0040,D02,E09,5,10293.75
SO003333,2023-01-06,C0040,D02,E09,6,11500.0
SO003334,2023-01-13,C0040,D02,E09,5,6665.0
SO003335,2023-01-23,C0040,D02,E09,3,8480.0
SO003336,2023-01-31,C0040,D02,E09,7,9666.6
SO003337,2023-02-07,C0040,D02,E09,3,8540.0
SO003338,2023-02-15,C0040,D02,E09,4,6448.05
SO003339,2023-02-24,C0040,D02,E09,5,8263.2
SO003340,2023-03-03,C0040,D02,E09,4,4215.0
SO003341,2023-03-13,C0040,D02,E09,6,6434.9
SO003342,2023-03-23,C0040,D02,E09,6,5427.8
SO003343,2023-04-01,C0040,D02,E09,5,4855.0
SO003344,2023-04-11,C0040,D02,E09,5,2919.5
SO003345,2023-04-18,C0040,D02,E09,6,4925.0
SO003346,2023-04-25,C0040,D02,E09,7,7435.0
SO003347,2023-05-03,C0040,D02,E09,7,6747.6
SO003348,2023-05-12,C0040,D02,E09,7,6427.1
SO003349,2023-05-22,C0040,D02,E09,7,6305.25
SO003350,2023-06-01,C0040,D02,E09,7,8125.0
SO003351,2023-06-08,C0040,D02,E09,4,5935.0
SO003352,2023-06-17,C0040,D02,E09,4,5237.6
SO003353,2023-06-28,C0040,D02,E09,6,8010.9
SO003354,2023-07-05,C0040,D02,E09,4,3491.4
SO003355,2023-07-13,C0040,D02,E09,6,6945.0
SO003356,2023-07-23,C0040,D02,E09,5,4592.25
SO003357,2023-08-03,C0040,D02,E09,4,4670.0
SO003358,2023-08-13,C0040,D02,E09,5,8660.0
SO003359,2023-08-21,C0040,D02,E09,6,6423.2
SO003360,2023-08-30,C0040,D02,E09,3,2210.0
SO003361,2023-09-06,C0040,D02,E09,6,6757.5
SO003362,2023-09-17,C0040,D02,E09,5,6335.0
SO003363,2023-09-27,C0040,D02,E09,6,5378.2
SO003364,2023-10-08,C0040,D02,E09,5,7690.0
SO003365,2023-10-19,C0040,D02,E09,3,7058.05
SO003366,2023-10-30,C0040,D02,E09,5,8300.0
SO003367,2023-11-10,C0040,D02,E09,7,9152.1
SO003368,2023-11-19,C0040,D02,E09,3,5343.5
SO003369,2023-11-26,C0040,D02,E09,3,2820.0
SO003370,2023-12-06,C0040,D02,E09,7,10445.0
SO003371,2023-12-16,C0040,D02,E09,5,8730.0
SO003372,2023-12-25,C0040,D02,E09,7,10982.8
SO003373,2024-01-01,C0040,D02,E09,5,9732.75
SO003374,2024-01-12,C0040,D02,E09,5,9740.0
SO003375,2024-01-23,C0040,D02,E09,6,11155.0
SO003376,2024-01-30,C0040,D02,E09,7,11735.0
SO003377,2024-02-09,C0040,D02,E09,6,10347.3
SO003378,2024-02-19,C0040,D02,E09,6,11358.3
SO003379,2024-02-27,C0040,D02,E09,6,12173.0
SO003380,2024-03-07,C0040,D02,E09,5,3955.0
SO003381,2024-03-14,C0040,D02,E09,5,5120.75
SO003382,2024-03-21,C0040,D02,E09,4,3680.0
SO003383,2024-03-31,C0040,D02,E09,7,7625.0
SO003384,2024-04-10,C0040,D02,E09,3,3985.0
SO003385,2024-04-21,C0040,D02,E09,3,3461.6
SO003386,2024-04-29,C0040,D02,E09,4,2276.5
SO003387,2024-05-07,C0040,D02,E09,3,4766.25
SO003388,2024-05-18,C0040,D02,E09,3,3556.65
SO003389,2024-05-28,C0040,D02,E09,6,9780.0
SO003390,2024-06-08,C0040,D02,E09,5,4010.0
SO003391,2024-06-16,C0040,D02,E09,3,2250.0
SO003392,2024-06-26,C0040,D02,E09,5,7714.8
SO003393,2024-07-04,C0040,D02,E09,5,8515.0
SO003394,2024-07-13,C0040,D02,E09,7,7981.2
SO003395,2024-07-20,C0040,D02,E09,3,3140.0
SO003396,2024-07-31,C0040,D02,E09,4,5007.85
SO003397,2024-08-10,C0040,D02,E09,6,7590.7
SO003398,2024-08-18,C0040,D02,E09,7,9739.7
SO003399,2024-08-25,C0040,D02,E09,7,10750.0
SO003400,2024-09-04,C0040,D02,E09,6,7462.5
SO003401,2024-09-12,C0040,D02,E09,3,3517.6
SO003402,2024-09-21,C0040,D02,E09,5,5985.0
SO003403,2024-09-30,C0040,D02,E09,3,3495.0
SO003404,2024-10-08,C0040,D02,E09,7,14264.4
SO003405,2024-10-16,C0040,D02,E09,7,10495.0
SO003406,2024-10-23,C0040,D02,E09,4,7525.6
SO003407,2024-11-02,C0040,D02,E09,3,6441.0
SO003408,2024-11-11,C0040,D02,E09,3,4782.4
SO003409,2024-11-19,C0040,D02,E09,7,15505.0
SO003410,2024-11-28,C0040,D02,E09,5,14680.0
SO003411,2024-12-08,C0040,D02,E09,3,2690.0
SO003412,2024-12-18,C0040,D02,E09,4,6121.55
SO003413,2024-12-28,C0040,D02,E09,5,12450.4
SO003414,2022-01-08,C0041,D02,E10,3,2650.0
SO003415,2022-01-25,C0041,D02,E10,7,3660.0
SO003416,2022-02-09,C0041,D02,E10,4,2302.6
SO003417,2022-02-23,C0041,D02,E10,5,1854.5
SO003418,2022-03-11,C0041,D02,E10,5,1971.25
SO003419,2022-03-26,C0041,D02,E10,5,1665.0
SO003420,2022-04-08,C0041,D02,E10,7,1687.05
SO003421,2022-04-25,C0041,D02,E10,7,2730.0
SO003422,2022-05-10,C0041,D02,E10,5,1775.0
SO003423,2022-05-23,C0041,D02,E10,5,1428.0
SO003424,2022-06-05,C0041,D02,E10,4,1211.8
SO003425,2022-06-19,C0041,D02,E10,4,1570.0
SO003426,2022-07-06,C0041,D02,E10,3,1290.0
SO003427,2022-07-23,C0041,D02,E10,5,1870.0
SO003428,2022-08-06,C0041,D02,E10,7,3411.35
SO003429,2022-08-20,C0041,D02,E10,6,2485.4
SO003430,2022-09-06,C0041,D02,E10,5,2110.0
SO003431,2022-09-23,C0041,D02,E10,3,1008.8
SO003432,2022-10-09,C0041,D02,E10,7,3176.0
SO003433,2022-10-24,C0041,D02,E10,6,3274.5
SO003434,2022-11-08,C0041,D02,E10,5,3100.0
SO003435,2022-11-21,C0041,D02,E10,7,3755.05
SO003436,2022-12-07,C0041,D02,E10,7,4168.2
SO003437,2022-12-20,C0041,D02,E10,5,2640.0
SO003438,2023-01-05,C0041,D02,E10,7,3737.8
SO003439,2023-01-18,C0041,D02,E10,6,3735.75
SO003440,2023-02-01,C0041,D02,E10,4,2397.85
SO003441,2023-02-16,C0041,D02,E10,4,3020.2
SO003442,2023-03-02,C0041,D02,E10,3,769.2
SO003443,2023-03-19,C0041,D02,E10,4,1745.0
SO003444,2023-04-05,C0041,D02,E10,5,1410.0
SO003445,2023-04-19,C0041,D02,E10,4,935.5
SO003446,2023-05-04,C0041,D02,E10,7,2725.9
SO003447,2023-05-17,C0041,D02,E10,5,1315.0
SO003448,2023-05-31,C0041,D02,E10,4,1315.0
SO003449,2023-06-17,C0041,D02,E10,3,925.0
SO003450,2023-07-01,C0041,D02,E10,3,1086.45
SO003451,2023-07-17,C0041,D02,E10,3,1095.0
SO003452,2023-08-01,C0041,D02,E10,4,1750.0
SO003453,2023-08-16,C0041,D02,E10,4,1499.5
SO003454,2023-08-30,C0041,D02,E10,4,1310.0
SO003455,2023-09-16,C0041,D02,E10,6,2715.0
SO003456,2023-10-03,C0041,D02,E10,4,1245.0
SO003457,2023-10-19,C0041,D02,E10,6,3115.9
SO003458,2023-11-04,C0041,D02,E10,5,3632.9
SO003459,2023-11-17,C0041,D02,E10,3,2055.0
SO003460,2023-12-02,C0041,D02,E10,5,1704.15
SO003461,2023-12-18,C0041,D02,E10,7,4697.9
SO003462,2024-01-04,C0041,D02,E10,3,1395.05
SO003463,2024-01-17,C0041,D02,E10,5,2820.7
SO003464,2024-01-30,C0041,D02,E10,6,4820.0
SO003465,2024-02-14,C0041,D02,E10,7,4840.2
SO003466,2024-03-02,C0041,D02,E10,3,868.75
SO003467,2024-03-17,C0041,D02,E10,4,1285.0
SO003468,2024-03-30,C0041,D02,E10,6,2285.0
SO003469,2024-04-12,C0041,D02,E10,3,1120.0
SO003470,2024-04-26,C0041,D02,E10,6,1860.25
SO003471,2024-05-09,C0041,D02,E10,7,2824.6
SO003472,2024-05-23,C0041,D02,E10,6,2073.95
SO003473,2024-06-06,C0041,D02,E10,6,2743.25
SO003474,2024-06-21,C0041,D02,E10,7,3115.0
SO003475,2024-07-07,C0041,D02,E10,4,1583.8
SO003476,2024-07-24,C0041,D02,E10,7,2619.2
SO003477,2024-08-10,C0041,D02,E10,7,3042.55
SO003478,2024-08-27,C0041,D02,E10,7,3598.6
SO003479,2024-09-10,C0041,D02,E10,3,1410.0
SO003480,2024-09-25,C0041,D02,E10,3,1565.55
SO003481,2024-10-11,C0041,D02,E10,5,2462.2
SO003482,2024-10-25,C0041,D02,E10,4,1849.2
SO003483,2024-11-09,C0041,D02,E10,4,3655.0
SO003484,2024-11-26,C0041,D02,E10,7,4320.8
SO003485,2024-12-09,C0041,D02,E10,5,4730.0
SO003486,2024-12-25,C0041,D02,E10,5,2449.8
SO003487,2022-01-01,C0042,D02,E11,3,1860.0
SO003488,2022-01-18,C0042,D02,E11,7,2723.5
SO003489,2022-02-04,C0042,D02,E11,3,2527.2
SO003490,2022-02-20,C0042,D02,E11,3,1210.0
SO003491,2022-03-08,C0042,D02,E11,7,2124.25
SO003492,2022-03-23,C0042,D02,E11,5,1995.0
SO003493,2022-04-08,C0042,D02,E11,7,2764.8
SO003494,2022-04-24,C0042,D02,E11,6,2135.0
SO003495,2022-05-08,C0042,D02,E11,3,1595.0
SO003496,2022-05-21,C0042,D02,E11,3,1475.0
SO003497,2022-06-05,C0042,D02,E11,5,2010.0
SO003498,2022-06-21,C0042,D02,E11,6,1693.7
SO003499,2022-07-06,C0042,D02,E11,3,1100.0
SO003500,2022-07-22,C0042,D02,E11,5,2270.0
SO003501,2022-08-06,C0042,D02,E11,6,3060.0
SO003502,2022-08-21,C0042,D02,E11,4,1555.0
SO003503,2022-09-05,C0042,D02,E11,7,3255.0
SO003504,2022-09-22,C0042,D02,E11,5,1604.15
SO003505,2022-10-08,C0042,D02,E11,6,3947.4
SO003506,2022-10-22,C0042,D02,E11,3,1102.0
SO003507,2022-11-06,C0042,D02,E11,7,4477.9
SO003508,2022-11-22,C0042,D02,E11,3,1375.0
SO003509,2022-12-07,C0042,D02,E11,3,1605.0
SO003510,2022-12-20,C0042,D02,E11,7,4050.0
SO003511,2023-01-05,C0042,D02,E11,3,1510.0
SO003512,2023-01-19,C0042,D02,E11,5,2756.2
SO003513,2023-02-01,C0042,D02,E11,5,2422.7
SO003514,2023-02-17,C0042,D02,E11,6,4905.6
SO003515,2023-03-04,C0042,D02,E11,5,2095.0
SO003516,2023-03-20,C0042,D02,E11,7,2625.0
SO003517,2023-04-03,C0042,D02,E11,4,1110.0
SO003518,2023-04-16,C0042,D02,E11,6,2221.8
SO003519,2023-05-02,C0042,D02,E11,4,1390.55
SO003520,2023-05-17,C0042,D02,E11,3,1600.0
SO003521,2023-05-30,C0042,D02,E11,3,770.0
SO003522,2023-06-16,C0042,D02,E11,5,2285.4
SO003523,2023-07-02,C0042,D02,E11,5,2335.0
SO003524,2023-07-15,C0042,D02,E11,3,1770.7
SO003525,2023-07-30,C0042,D02,E11,6,2565.0
SO003526,2023-08-12,C0042,D02,E11,5,2020.0
SO003527,2023-08-27,C0042,D02,E11,5,2401.8
SO003528,2023-09-11,C0042,D02,E11,4,1745.0
SO003529,2023-09-28,C0042,D02,E11,4,1339.2
SO003530,2023-10-14,C0042,D02,E11,3,1505.0
SO003531,2023-10-27,C0042,D02,E11,3,949.6
SO003532,2023-11-09,C0042,D02,E11,6,4814.55
SO003533,2023-11-24,C0042,D02,E11,3,3195.0
SO003534,2023-12-08,C0042,D02,E11,5,2706.0
SO003535,2023-12-24,C0042,D02,E11,7,4725.0
SO003536,2024-01-06,C0042,D02,E11,7,5250.0
SO003537,2024-01-19,C0042,D02,E11,5,2695.0
SO003538,2024-02-01,C0042,D02,E11,7,4510.0
SO003539,2024-02-15,C0042,D02,E11,3,1178.95
SO003540,2024-03-03,C0042,D02,E11,3,1333.8
SO003541,2024-03-17,C0042,D02,E11,6,2644.25
SO003542,2024-03-30,C0042,D02,E11,3,810.0
SO003543,2024-04-12,C0042,D02,E11,5,1349.9
SO003544,2024-04-28,C0042,D02,E11,4,1470.0
SO003545,2024-05-14,C0042,D02,E11,7,2348.6
SO003546,2024-05-30,C0042,D02,E11,5,1810.0
SO003547,2024-06-14,C0042,D02,E11,5,2410.0
SO003548,2024-06-27,C0042,D02,E11,7,2080.0
SO003549,2024-07-10,C0042,D02,E11,3,704.9
SO003550,2024-07-27,C0042,D02,E11,5,3030.0
SO003551,2024-08-12,C0042,D02,E11,4,2570.0
SO003552,2024-08-27,C0042,D02,E11,7,1925.95
SO003553,2024-09-10,C0042,D02,E11,7,3644.75
SO003554,2024-09-23,C0042,D02,E11,7,3328.3
SO003555,2024-10-10,C0042,D02,E11,3,1586.5
SO003556,2024-10-26,C0042,D02,E11,7,3557.35
SO003557,2024-11-08,C0042,D02,E11,5,3710.0
SO003558,2024-11-22,C0042,D02,E11,7,4768.75
SO003559,2024-12-07,C0042,D02,E11,7,4579.5
SO003560,2024-12-21,C0042,D02,E11,3,2695.0
SO003561,2022-01-07,C0043,D01,E06,4,4088.8
SO003562,2022-01-19,C0043,D01,E06,3,3820.0
SO003563,2022-01-29,C0043,D01,E06,4,5730.0
SO003564,2022-02-12,C0043,D01,E06,6,4275.0
SO003565,2022-02-23,C0043,D01,E06,4,3260.0
SO003566,2022-03-07,C0043,D01,E06,5,3165.0
SO003567,2022-03-21,C0043,D01,E06,7,3921.35
SO003568,2022-03-31,C0043,D01,E06,5,3840.0
SO003569,2022-04-11,C0043,D01,E06,5,2805.0
SO003570,2022-04-24,C0043,D01,E06,4,2140.0
SO003571,2022-05-08,C0043,D01,E06,6,4155.0
SO003572,2022-05-22,C0043,D01,E06,4,2819.7
SO003573,2022-06-01,C0043,D01,E06,3,3252.25
SO003574,2022-06-15,C0043,D01,E06,7,4580.0
SO003575,2022-06-26,C0043,D01,E06,4,2670.0
SO003576,2022-07-08,C0043,D01,E06,4,2355.0
SO003577,2022-07-19,C0043,D01,E06,5,2199.9
SO003578,2022-08-01,C0043,D01,E06,6,4468.8
SO003579,2022-08-15,C0043,D01,E06,4,3160.4
SO003580,2022-08-26,C0043,D01,E06,6,3640.0
SO003581,2022-09-05,C0043,D01,E06,7,5215.6
SO003582,2022-09-19,C0043,D01,E06,4,3070.4
SO003583,2022-09-30,C0043,D01,E06,3,3209.9
SO003584,2022-10-10,C0043,D01,E06,7,6220.0
SO003585,2022-10-21,C0043,D01,E06,5,3608.25
SO003586,2022-11-01,C0043,D01,E06,3,2533.5
SO003587,2022-11-13,C0043,D01,E06,5,2760.65
SO003588,2022-11-23,C0043,D01,E06,3,3375.0
SO003589,2022-12-03,C0043,D01,E06,4,2690.0
SO003590,2022-12-15,C0043,D01,E06,7,6725.4
SO003591,2022-12-26,C0043,D01,E06,5,6134.4
SO003592,2023-01-08,C0043,D01,E06,7,9492.9
SO003593,2023-01-21,C0043,D01,E06,7,5146.6
SO003594,2023-02-02,C0043,D01,E06,4,8430.0
SO003595,2023-02-12,C0043,D01,E06,5,5566.6
SO003596,2023-02-23,C0043,D01,E06,4,3105.0
SO003597,2023-03-07,C0043,D01,E06,4,2631.45
SO003598,2023-03-18,C0043,D01,E06,4,2420.05
SO003599,2023-03-30,C0043,D01,E06,4,1770.6
SO003600,2023-04-10,C0043,D01,E06,6,3411.95
SO003601,2023-04-24,C0043,D01,E06,4,2025.0
SO003602,2023-05-06,C0043,D01,E06,6,2786.5
SO003603,2023-05-19,C0043,D01,E06,5,3490.0
SO003604,2023-05-29,C0043,D01,E06,3,1622.4
SO003605,2023-06-08,C0043,D01,E06,3,2120.0
SO003606,2023-06-22,C0043,D01,E06,3,1275.0
SO003607,2023-07-05,C0043,D01,E06,6,5437.45
SO003608,2023-07-17,C0043,D01,E06,5,2867.4
SO003609,2023-07-28,C0043,D01,E06,6,4715.0
SO003610,2023-08-07,C0043,D01,E06,7,5508.3
SO003611,2023-08-18,C0043,D01,E06,5,4395.0
SO003612,2023-09-01,C0043,D01,E06,6,5000.5
SO003613,2023-09-14,C0043,D01,E06,3,3390.0
SO003614,2023-09-28,C0043,D01,E06,4,3100.0
SO003615,2023-10-09,C0043,D01,E06,6,6875.45
SO003616,2023-10-20,C0043,D01,E06,5,6002.15
SO003617,2023-11-03,C0043,D01,E06,3,3389.5
SO003618,2023-11-14,C0043,D01,E06,5,5334.25
SO003619,2023-11-25,C0043,D01,E06,3,5720.0
SO003620,2023-12-06,C0043,D01,E06,6,5460.0
SO003621,2023-12-18,C0043,D01,E06,4,5840.0
SO003622,2023-12-28,C0043,D01,E06,3,3756.0
SO003623,2024-01-11,C0043,D01,E06,4,4800.0
SO003624,2024-01-23,C0043,D01,E06,3,2224.25
SO003625,2024-02-04,C0043,D01,E06,6,4740.3
SO003626,2024-02-17,C0043,D01,E06,7,9870.0
SO003627,2024-03-01,C0043,D01,E06,4,2160.0
SO003628,2024-03-14,C0043,D01,E06,7,5080.0
SO003629,2024-03-24,C0043,D01,E06,7,4000.0
SO003630,2024-04-06,C0043,D01,E06,4,3033.4
SO003631,2024-04-18,C0043,D01,E06,4,2385.0
SO003632,2024-05-01,C0043,D01,E06,3,1780.0
SO003633,2024-05-14,C0043,D01,E06,5,3570.0
SO003634,2024-05-26,C0043,D01,E06,5,3205.6
SO003635,2024-06-09,C0043,D01,E06,4,3339.9
SO003636,2024-06-21,C0043,D01,E06,4,3175.0
SO003637,2024-07-01,C0043,D01,E06,4,3235.0
SO003638,2024-07-15,C0043,D01,E06,4,1740.0
SO003639,2024-07-29,C0043,D01,E06,4,3329.25
SO003640,2024-08-11,C0043,D01,E06,4,2954.65
SO003641,2024-08-24,C0043,D01,E06,6,6266.25
SO003642,2024-09-06,C0043,D01,E06,6,4940.0
SO003643,2024-09-19,C0043,D01,E06,7,6340.0
SO003644,2024-10-02,C0043,D01,E06,7,6522.0
SO003645,2024-10-14,C0043,D01,E06,4,3120.0
SO003646,2024-10-25,C0043,D01,E06,3,2388.3
SO003647,2024-11-06,C0043,D01,E06,6,8780.0
SO003648,2024-11-16,C0043,D01,E06,4,5380.0
SO003649,2024-11-26,C0043,D01,E06,5,5995.0
SO003650,2024-12-08,C0043,D01,E06,7,9886.95
SO003651,2024-12-20,C0043,D01,E06,5,10749.8
SO003652,2022-01-06,C0044,D01,E07,7,9745.0
SO003653,2022-01-16,C0044,D01,E07,7,10538.45
SO003654,2022-01-23,C0044,D01,E07,3,2220.0
SO003655,2022-01-31,C0044,D01,E07,7,12015.0
SO003656,2022-02-11,C0044,D01,E07,6,13732.4
SO003657,2022-02-18,C0044,D01,E07,6,12138.9
SO003658,2022-02-27,C0044,D01,E07,4,4985.25
SO003659,2022-03-06,C0044,D01,E07,6,6771.5
SO003660,2022-03-16,C0044,D01,E07,6,5786.9
SO003661,2022-03-26,C0044,D01,E07,4,4045.0
SO003662,2022-04-04,C0044,D01,E07,5,3218.6
SO003663,2022-04-13,C0044,D01,E07,5,3913.75
SO003664,2022-04-23,C0044,D01,E07,4,4430.7
SO003665,2022-04-30,C0044,D01,E07,4,4353.8
SO003666,2022-05-09,C0044,D01,E07,6,4405.0
SO003667,2022-05-16,C0044,D01,E07,6,4670.0
SO003668,2022-05-25,C0044,D01,E07,4,4360.0
SO003669,2022-06-04,C0044,D01,E07,7,5507.5
SO003670,2022-06-11,C0044,D01,E07,4,5680.0
SO003671,2022-06-21,C0044,D01,E07,3,5110.8
SO003672,2022-06-28,C0044,D01,E07,3,2975.0
SO003673,2022-07-07,C0044,D01,E07,5,7410.0
SO003674,2022-07-15,C0044,D01,E07,6,7810.4
SO003675,2022-07-26,C0044,D01,E07,7,8080.0
SO003676,2022-08-06,C0044,D01,E07,7,6101.5
SO003677,2022-08-13,C0044,D01,E07,3,3933.0
SO003678,2022-08-24,C0044,D01,E07,3,3015.0
SO003679,2022-09-04,C0044,D01,E07,6,6980.25
SO003680,2022-09-14,C0044,D01,E07,7,9314.9
SO003681,2022-09-21,C0044,D01,E07,6,6562.2
SO003682,2022-09-29,C0044,D01,E07,5,5791.25
SO003683,2022-10-06,C0044,D01,E07,4,4185.0
SO003684,2022-10-13,C0044,D01,E07,7,12150.0
SO003685,2022-10-22,C0044,D01,E07,4,5693.35
SO003686,2022-10-29,C0044,D01,E07,4,3650.0
SO003687,2022-11-08,C0044,D01,E07,3,5320.0
SO003688,2022-11-16,C0044,D01,E07,7,12400.7
SO003689,2022-11-23,C0044,D01,E07,5,8720.2
SO003690,2022-12-04,C0044,D01,E07,6,10026.4
SO003691,2022-12-15,C0044,D01,E07,7,13407.55
SO003692,2022-12-22,C0044,D01,E07,4,6445.25
SO003693,2022-12-30,C0044,D01,E07,7,14770.0
SO003694,2023-01-10,C0044,D01,E07,7,14780.0
SO003695,2023-01-21,C0044,D01,E07,6,15635.85
SO003696,2023-01-28,C0044,D01,E07,4,6596.45
SO003697,2023-02-06,C0044,D01,E07,4,6970.0
SO003698,2023-02-17,C0044,D01,E07,5,7210.0
SO003699,2023-02-25,C0044,D01,E07,6,9791.0
SO003700,2023-03-07,C0044,D01,E07,7,5044.65
SO003701,2023-03-14,C0044,D01,E07,3,4260.0
SO003702,2023-03-25,C0044,D01,E07,5,4280.0
SO003703,2023-04-05,C0044,D01,E07,6,6156.9
SO003704,2023-04-14,C0044,D01,E07,4,3275.0
SO003705,2023-04-22,C0044,D01,E07,7,5270.0
SO003706,2023-05-03,C0044,D01,E07,6,4720.0
SO003707,2023-05-14,C0044,D01,E07,6,5115.0
SO003708,2023-05-21,C0044,D01,E07,7,6860.25
SO003709,2023-05-31,C0044,D01,E07,6,5694.9
SO003710,2023-06-07,C0044,D01,E07,6,4805.0
SO003711,2023-06-17,C0044,D01,E07,6,4730.7
SO003712,2023-06-28,C0044,D01,E07,4,3803.65
SO003713,2023-07-05,C0044,D01,E07,7,10359.55
SO003714,2023-07-12,C0044,D01,E07,4,5350.6
SO003715,2023-07-22,C0044,D01,E07,7,7729.8
SO003716,2023-07-29,C0044,D01,E07,7,8669.8
SO003717,2023-08-05,C0044,D01,E07,7,8326.4
SO003718,2023-08-12,C0044,D01,E07,3,4900.0
SO003719,2023-08-21,C0044,D01,E07,3,4636.6
SO003720,2023-08-28,C0044,D01,E07,4,2935.3
SO003721,2023-09-05,C0044,D01,E07,5,5325.0
SO003722,2023-09-13,C0044,D01,E07,4,5143.4
SO003723,2023-09-24,C0044,D01,E07,4,3918.5
SO003724,2023-10-03,C0044,D01,E07,6,8982.0
SO003725,2023-10-11,C0044,D01,E07,5,8885.0
SO003726,2023-10-19,C0044,D01,E07,5,9374.55
SO003727,2023-10-26,C0044,D01,E07,7,8610.35
SO003728,2023-11-06,C0044,D01,E07,7,19163.9
SO003729,2023-11-13,C0044,D01,E07,5,7402.55
SO003730,2023-11-22,C0044,D01,E07,3,3550.0
SO003731,2023-12-02,C0044,D01,E07,7,14621.0
SO003732,2023-12-09,C0044,D01,E07,6,13680.0
SO003733,2023-12-20,C0044,D01,E07,3,6130.9
SO003734,2023-12-28,C0044,D01,E07,3,3423.5
SO003735,2024-01-07,C0044,D01,E07,6,10115.0
SO003736,2024-01-15,C0044,D01,E07,5,12189.9
SO003737,2024-01-22,C0044,D01,E07,3,8594.7
SO003738,2024-02-02,C0044,D01,E07,5,8228.3
SO003739,2024-02-10,C0044,D01,E07,3,4829.6
SO003740,2024-02-19,C0044,D01,E07,4,6872.6
SO003741,2024-02-29,C0044,D01,E07,3,4040.85
SO003742,2024-03-08,C0044,D01,E07,4,4195.0
SO003743,2024-03-18,C0044,D01,E07,6,6931.25
SO003744,2024-03-25,C0044,D01,E07,4,3055.0
SO003745,2024-04-01,C0044,D01,E07,3,4552.5
SO003746,2024-04-08,C0044,D01,E07,5,4541.0
SO003747,2024-04-19,C0044,D01,E07,4,2638.0
SO003748,2024-04-29,C0044,D01,E07,7,8919.9
SO003749,2024-05-09,C0044,D01,E07,5,5022.85
SO003750,2024-05-16,C0044,D01,E07,6,5480.0
SO003751,2024-05-23,C0044,D01,E07,5,4980.0
SO003752,2024-06-03,C0044,D01,E07,4,5486.25
SO003753,2024-06-13,C0044,D01,E07,6,6636.5
SO003754,2024-06-22,C0044,D01,E07,3,5940.0
SO003755,2024-07-01,C0044,D01,E07,6,8090.0
SO003756,2024-07-12,C0044,D01,E07,6,9233.2
SO003757,2024-07-23,C0044,D01,E07,6,10213.25
SO003758,2024-08-01,C0044,D01,E07,7,9550.0
SO003759,2024-08-10,C0044,D01,E07,6,7500.0
SO003760,2024-08-18,C0044,D01,E07,5,7985.0
SO003761,2024-08-25,C0044,D01,E07,4,5419.0
SO003762,2024-09-03,C0044,D01,E07,3,4880.4
SO003763,2024-09-11,C0044,D01,E07,7,10496.45
SO003764,2024-09-21,C0044,D01,E07,6,6620.0
SO003765,2024-09-30,C0044,D01,E07,7,11752.5
SO003766,2024-10-10,C0044,D01,E07,7,11764.45
SO003767,2024-10-20,C0044,D01,E07,5,8505.0
SO003768,2024-10-28,C0044,D01,E07,3,6735.5
SO003769,2024-11-08,C0044,D01,E07,5,8445.8
SO003770,2024-11-17,C0044,D01,E07,5,15210.0
SO003771,2024-11-26,C0044,D01,E07,5,6725.0
SO003772,2024-12-04,C0044,D01,E07,6,16628.2
SO003773,2024-12-14,C0044,D01,E07,7,16563.15
SO003774,2024-12-25,C0044,D01,E07,5,7505.0
SO003775,2022-01-07,C0045,D01,E08,5,3150.0
SO003776,2022-01-22,C0045,D01,E08,7,3905.55
SO003777,2022-02-08,C0045,D01,E08,7,3286.15
SO003778,2022-02-25,C0045,D01,E08,5,1590.0
SO003779,2022-03-11,C0045,D01,E08,7,2832.4
SO003780,2022-03-28,C0045,D01,E08,3,1612.8
SO003781,2022-04-12,C0045,D01,E08,3,1465.0
SO003782,2022-04-27,C0045,D01,E08,7,2537.8
SO003783,2022-05-12,C0045,D01,E08,7,1990.0
SO003784,2022-05-26,C0045,D01,E08,7,2555.0
SO003785,2022-06-12,C0045,D01,E08,4,1733.4
SO003786,2022-06-27,C0045,D01,E08,4,1585.0
SO003787,2022-07-10,C0045,D01,E08,3,1150.0
SO003788,2022-07-26,C0045,D01,E08,5,3030.0
SO003789,2022-08-10,C0045,D01,E08,4,1738.75
SO003790,2022-08-25,C0045,D01,E08,7,3880.0
SO003791,2022-09-11,C0045,D01,E08,7,2235.55
SO003792,2022-09-27,C0045,D01,E08,3,1559.5
SO003793,2022-10-14,C0045,D01,E08,6,3068.65
SO003794,2022-10-30,C0045,D01,E08,4,1748.5
SO003795,2022-11-13,C0045,D01,E08,6,4080.0
SO003796,2022-11-27,C0045,D01,E08,3,2845.0
SO003797,2022-12-12,C0045,D01,E08,6,3680.0
SO003798,2022-12-26,C0045,D01,E08,4,3444.4
SO003799,2023-01-12,C0045,D01,E08,4,2405.0
SO003800,2023-01-28,C0045,D01,E08,3,3443.2
SO003801,2023-02-11,C0045,D01,E08,3,1300.1
SO003802,2023-02-27,C0045,D01,E08,7,3138.3
SO003803,2023-03-15,C0045,D01,E08,5,1852.75
SO003804,2023-03-28,C0045,D01,E08,4,1014.2
SO003805,2023-04-12,C0045,D01,E08,7,2200.0
SO003806,2023-04-29,C0045,D01,E08,6,1459.6
SO003807,2023-05-15,C0045,D01,E08,7,1940.2
SO003808,2023-05-31,C0045,D01,E08,6,1652.9
SO003809,2023-06-13,C0045,D01,E08,5,2340.0
SO003810,2023-06-29,C0045,D01,E08,6,3055.0
SO003811,2023-07-15,C0045,D01,E08,3,1047.5
SO003812,2023-08-01,C0045,D01,E08,7,4190.0
SO003813,2023-08-17,C0045,D01,E08,5,1845.0
SO003814,2023-09-01,C0045,D01,E08,5,1167.5
SO003815,2023-09-18,C0045,D01,E08,6,3624.3
SO003816,2023-10-03,C0045,D01,E08,7,3335.0
SO003817,2023-10-18,C0045,D01,E08,6,3209.75
SO003818,2023-11-03,C0045,D01,E08,3,2151.75
SO003819,2023-11-16,C0045,D01,E08,3,1270.7
SO003820,2023-12-03,C0045,D01,E08,6,3397.2
SO003821,2023-12-20,C0045,D01,E08,5,2501.75
SO003822,2024-01-04,C0045,D01,E08,4,3352.9
SO003823,2024-01-18,C0045,D01,E08,5,2145.0
SO003824,2024-02-02,C0045,D01,E08,3,2185.7
SO003825,2024-02-18,C0045,D01,E08,7,4456.1
SO003826,2024-03-06,C0045,D01,E08,6,3115.0
SO003827,2024-03-21,C0045,D01,E08,6,2130.6
SO003828,2024-04-07,C0045,D01,E08,7,2205.2
SO003829,2024-04-22,C0045,D01,E08,7,2823.75
SO003830,2024-05-05,C0045,D01,E08,4,1380.7
SO003831,2024-05-21,C0045,D01,E08,3,1043.3
SO003832,2024-06-06,C0045,D01,E08,4,2205.0
SO003833,2024-06-21,C0045,D01,E08,7,3505.05
SO003834,2024-07-07,C0045,D01,E08,6,2948.65
SO003835,2024-07-23,C0045,D01,E08,3,1744.2
SO003836,2024-08-09,C0045,D01,E08,7,2880.0
SO003837,2024-08-25,C0045,D01,E08,6,2947.8
SO003838,2024-09-08,C0045,D01,E08,5,2904.6
SO003839,2024-09-25,C0045,D01,E08,7,2990.0
SO003840,2024-10-08,C0045,D01,E08,3,2194.2
SO003841,2024-10-25,C0045,D01,E08,5,2629.2
SO003842,2024-11-07,C0045,D01,E08,6,3166.1
SO003843,2024-11-20,C0045,D01,E08,6,3859.3
SO003844,2024-12-03,C0045,D01,E08,7,5092.2
SO003845,2024-12-16,C0045,D01,E08,6,4645.5
SO003846,2024-12-29,C0045,D01,E08,6,4665.0
SO003847,2022-01-15,C0046,D02,E09,6,3111.2
SO003848,2022-01-29,C0046,D02,E09,6,2471.4
SO003849,2022-02-12,C0046,D02,E09,4,1300.75
SO003850,2022-03-01,C0046,D02,E09,4,980.0
SO003851,2022-03-15,C0046,D02,E09,5,1261.1
SO003852,2022-03-31,C0046,D02,E09,5,1239.9
SO003853,2022-04-16,C0046,D02,E09,5,1795.0
SO003854,2022-05-02,C0046,D02,E09,5,1351.45
SO003855,2022-05-17,C0046,D02,E09,7,2060.0
SO003856,2022-06-03,C0046,D02,E09,5,1960.0
SO003857,2022-06-20,C0046,D02,E09,4,1656.9
SO003858,2022-07-04,C0046,D02,E09,4,1510.0
SO003859,2022-07-20,C0046,D02,E09,5,1804.8
SO003860,2022-08-06,C0046,D02,E09,5,2485.0
SO003861,2022-08-23,C0046,D02,E09,6,2120.5
SO003862,2022-09-09,C0046,D02,E09,5,2375.0
SO003863,2022-09-25,C0046,D02,E09,3,960.0
SO003864,2022-10-12,C0046,D02,E09,7,2847.3
SO003865,2022-10-28,C0046,D02,E09,5,1775.0
SO003866,2022-11-10,C0046,D02,E09,6,3115.0
SO003867,2022-11-23,C0046,D02,E09,4,3970.0
SO003868,2022-12-07,C0046,D02,E09,4,3153.6
SO003869,2022-12-23,C0046,D02,E09,4,1900.0
SO003870,2023-01-06,C0046,D02,E09,3,2545.0
SO003871,2023-01-19,C0046,D02,E09,6,4311.8
SO003872,2023-02-03,C0046,D02,E09,7,4694.75
SO003873,2023-02-20,C0046,D02,E09,4,1343.2
SO003874,2023-03-06,C0046,D02,E09,5,1930.0
SO003875,2023-03-19,C0046,D02,E09,4,1013.6
SO003876,2023-04-05,C0046,D02,E09,3,1105.0
SO003877,2023-04-21,C0046,D02,E09,7,2505.0
SO003878,2023-05-05,C0046,D02,E09,5,2270.0
SO003879,2023-05-21,C0046,D02,E09,6,1871.9
SO003880,2023-06-04,C0046,D02,E09,5,2362.2
SO003881,2023-06-19,C0046,D02,E09,4,2377.5
SO003882,2023-07-06,C0046,D02,E09,3,815.0
SO003883,2023-07-19,C0046,D02,E09,5,2040.0
SO003884,2023-08-02,C0046,D02,E09,6,1745.0
SO003885,2023-08-19,C0046,D02,E09,3,1435.0
SO003886,2023-09-02,C0046,D02,E09,4,1675.0
SO003887,2023-09-19,C0046,D02,E09,6,2910.0
SO003888,2023-10-03,C0046,D02,E09,7,4330.0
SO003889,2023-10-17,C0046,D02,E09,3,1456.8
SO003890,2023-11-02,C0046,D02,E09,3,3405.75
SO003891,2023-11-19,C0046,D02,E09,3,1500.0
SO003892,2023-12-04,C0046,D02,E09,6,3093.55
SO003893,2023-12-18,C0046,D02,E09,5,4218.15
SO003894,2024-01-01,C0046,D02,E09,6,5356.5
SO003895,2024-01-18,C0046,D02,E09,6,1965.0
SO003896,2024-01-31,C0046,D02,E09,5,3525.0
SO003897,2024-02-13,C0046,D02,E09,7,4395.0
SO003898,2024-02-29,C0046,D02,E09,4,1555.0
SO003899,2024-03-16,C0046,D02,E09,4,998.7
SO003900,2024-04-01,C0046,D02,E09,7,3237.2
SO003901,2024-04-15,C0046,D02,E09,4,1475.0
SO003902,2024-04-29,C0046,D02,E09,7,2255.0
SO003903,2024-05-12,C0046,D02,E09,5,1865.0
SO003904,2024-05-25,C0046,D02,E09,4,1263.3
SO003905,2024-06-07,C0046,D02,E09,6,2889.7
SO003906,2024-06-24,C0046,D02,E09,3,2440.0
SO003907,2024-07-10,C0046,D02,E09,6,2220.8
SO003908,2024-07-26,C0046,D02,E09,6,2554.35
SO003909,2024-08-12,C0046,D02,E09,3,1340.0
SO003910,2024-08-29,C0046,D02,E09,5,1911.5
SO003911,2024-09-15,C0046,D02,E09,6,1874.3
SO003912,2024-09-29,C0046,D02,E09,4,2255.0
SO003913,2024-10-13,C0046,D02,E09,5,2827.85
SO003914,2024-10-29,C0046,D02,E09,5,3101.2
SO003915,2024-11-12,C0046,D02,E09,7,4335.6
SO003916,2024-11-27,C0046,D02,E09,3,1555.0
SO003917,2024-12-14,C0046,D02,E09,7,4818.75
SO003918,2024-12-30,C0046,D02,E09,3,2779.4
SO003919,2022-01-02,C0047,D02,E10,5,4409.6
SO003920,2022-01-13,C0047,D02,E10,7,6906.6
SO003921,2022-01-26,C0047,D02,E10,4,3870.6
SO003922,2022-02-07,C0047,D02,E10,3,3510.4
SO003923,2022-02-20,C0047,D02,E10,4,2581.95
SO003924,2022-03-06,C0047,D02,E10,6,3378.9
SO003925,2022-03-20,C0047,D02,E10,3,2110.0
SO003926,2022-03-30,C0047,D02,E10,3,1310.0
SO003927,2022-04-13,C0047,D02,E10,6,3344.6
SO003928,2022-04-26,C0047,D02,E10,7,4905.0
SO003929,2022-05-09,C0047,D02,E10,7,3687.45
SO003930,2022-05-22,C0047,D02,E10,4,2300.0
SO003931,2022-06-01,C0047,D02,E10,7,4584.0
SO003932,2022-06-13,C0047,D02,E10,3,1800.0
SO003933,2022-06-25,C0047,D02,E10,6,3780.7
SO003934,2022-07-05,C0047,D02,E10,5,3227.95
SO003935,2022-07-16,C0047,D02,E10,6,5468.2
SO003936,2022-07-27,C0047,D02,E10,5,3458.6
SO003937,2022-08-10,C0047,D02,E10,6,4268.2
SO003938,2022-08-21,C0047,D02,E10,5,3350.0
SO003939,2022-08-31,C0047,D02,E10,6,4834.95
SO003940,2022-09-14,C0047,D02,E10,4,1755.0
SO003941,2022-09-27,C0047,D02,E10,7,6660.6
SO003942,2022-10-07,C0047,D02,E10,3,1900.0
SO003943,2022-10-17,C0047,D02,E10,5,4807.0
SO003944,2022-10-27,C0047,D02,E10,5,5096.75
SO003945,2022-11-06,C0047,D02,E10,7,6928.75
SO003946,2022-11-20,C0047,D02,E10,3,1770.0
SO003947,2022-11-30,C0047,D02,E10,7,8919.0
SO003948,2022-12-11,C0047,D02,E10,5,5865.0
SO003949,2022-12-21,C0047,D02,E10,5,4542.3
SO003950,2023-01-04,C0047,D02,E10,6,6101.25
SO003951,2023-01-17,C0047,D02,E10,7,5550.0
SO003952,2023-01-28,C0047,D02,E10,6,5984.05
SO003953,2023-02-09,C0047,D02,E10,7,6273.75
SO003954,2023-02-19,C0047,D02,E10,3,4505.0
SO003955,2023-03-02,C0047,D02,E10,7,3972.6
SO003956,2023-03-16,C0047,D02,E10,5,3705.0
SO003957,2023-03-28,C0047,D02,E10,5,4196.8
SO003958,2023-04-07,C0047,D02,E10,5,2575.25
SO003959,2023-04-17,C0047,D02,E10,7,4625.0
SO003960,2023-04-30,C0047,D02,E10,3,1231.0
SO003961,2023-05-13,C0047,D02,E10,3,2550.0
SO003962,2023-05-23,C0047,D02,E10,6,3101.2
SO003963,2023-06-02,C0047,D02,E10,3,2108.8
SO003964,2023-06-16,C0047,D02,E10,7,5118.2
SO003965,2023-06-30,C0047,D02,E10,4,2740.0
SO003966,2023-07-11,C0047,D02,E10,5,3370.0
SO003967,2023-07-24,C0047,D02,E10,7,5342.5
SO003968,2023-08-04,C0047,D02,E10,7,4083.0
SO003969,2023-08-18,C0047,D02,E10,6,2990.0
SO003970,2023-08-30,C0047,D02,E10,4,3546.8
SO003971,2023-09-10,C0047,D02,E10,7,6327.05
SO003972,2023-09-22,C0047,D02,E10,6,5060.0
SO003973,2023-10-03,C0047,D02,E10,6,5802.6
SO003974,2023-10-17,C0047,D02,E10,3,2684.05
SO003975,2023-10-30,C0047,D02,E10,7,5677.05
SO003976,2023-11-12,C0047,D02,E10,5,7988.0
SO003977,2023-11-23,C0047,D02,E10,5,5385.0
SO003978,2023-12-06,C0047,D02,E10,5,8819.2
SO003979,2023-12-19,C0047,D02,E10,4,3190.0
SO003980,2023-12-31,C0047,D02,E10,5,5195.0
SO003981,2024-01-12,C0047,D02,E10,3,3295.0
SO003982,2024-01-26,C0047,D02,E10,6,9795.0
SO003983,2024-02-07,C0047,D02,E10,6,7485.0
SO003984,2024-02-20,C0047,D02,E10,3,3804.9
SO003985,2024-03-05,C0047,D02,E10,6,3052.85
SO003986,2024-03-17,C0047,D02,E10,3,2155.0
SO003987,2024-03-29,C0047,D02,E10,6,3460.0
SO003988,2024-04-10,C0047,D02,E10,5,2685.0
SO003989,2024-04-22,C0047,D02,E10,4,2773.6
SO003990,2024-05-04,C0047,D02,E10,7,3808.1
SO003991,2024-05-14,C0047,D02,E10,4,3069.0
SO003992,2024-05-26,C0047,D02,E10,3,1967.5
SO003993,2024-06-08,C0047,D02,E10,6,5480.0
SO003994,2024-06-19,C0047,D02,E10,7,5758.6
SO003995,2024-07-02,C0047,D02,E10,5,4012.9
SO003996,2024-07-12,C0047,D02,E10,4,2637.8
SO003997,2024-07-25,C0047,D02,E10,5,3485.0
SO003998,2024-08-06,C0047,D02,E10,3,2411.2
SO003999,2024-08-16,C0047,D02,E10,3,1741.5
SO004000,2024-08-28,C0047,D02,E10,4,2895.0
SO004001,2024-09-09,C0047,D02,E10,7,7387.0
SO004002,2024-09-22,C0047,D02,E10,7,5381.45
SO004003,2024-10-02,C0047,D02,E10,5,6899.8
SO004004,2024-10-14,C0047,D02,E10,6,4882.7
SO004005,2024-10-27,C0047,D02,E10,4,4759.95
SO004006,2024-11-09,C0047,D02,E10,6,5740.1
SO004007,2024-11-23,C0047,D02,E10,5,8056.25
SO004008,2024-12-04,C0047,D02,E10,3,2605.0
SO004009,2024-12-14,C0047,D02,E10,6,10055.0
SO004010,2024-12-28,C0047,D02,E10,5,3805.6
SO004011,2022-01-08,C0048,D02,E11,5,1829.2
SO004012,2022-01-23,C0048,D02,E11,6,2150.0
SO004013,2022-02-06,C0048,D02,E11,5,3205.5
SO004014,2022-02-21,C0048,D02,E11,3,1020.0
SO004015,2022-03-09,C0048,D02,E11,3,855.0
SO004016,2022-03-24,C0048,D02,E11,4,1205.0
SO004017,2022-04-09,C0048,D02,E11,3,1012.8
SO004018,2022-04-26,C0048,D02,E11,4,927.3
SO004019,2022-05-09,C0048,D02,E11,4,1702.2
SO004020,2022-05-22,C0048,D02,E11,7,1335.0
SO004021,2022-06-04,C0048,D02,E11,5,2096.9
SO004022,2022-06-21,C0048,D02,E11,3,1675.0
SO004023,2022-07-06,C0048,D02,E11,6,1619.6
SO004024,2022-07-21,C0048,D02,E11,6,2510.0
SO004025,2022-08-06,C0048,D02,E11,6,2442.2
SO004026,2022-08-23,C0048,D02,E11,7,3595.0
SO004027,2022-09-07,C0048,D02,E11,3,1013.25
SO004028,2022-09-24,C0048,D02,E11,6,2540.0
SO004029,2022-10-07,C0048,D02,E11,7,3217.8
SO004030,2022-10-20,C0048,D02,E11,4,1482.0
SO004031,2022-11-02,C0048,D02,E11,4,3643.2
SO004032,2022-11-19,C0048,D02,E11,5,2487.25
SO004033,2022-12-03,C0048,D02,E11,7,3053.7
SO004034,2022-12-16,C0048,D02,E11,3,1953.75
SO004035,2023-01-01,C0048,D02,E11,6,3247.55
SO004036,2023-01-14,C0048,D02,E11,6,4730.0
SO004037,2023-01-31,C0048,D02,E11,4,2886.2
SO004038,2023-02-13,C0048,D02,E11,5,2210.0
SO004039,2023-03-02,C0048,D02,E11,7,2354.6
SO004040,2023-03-17,C0048,D02,E11,7,1989.45
SO004041,2023-03-30,C0048,D02,E11,3,907.85
SO004042,2023-04-16,C0048,D02,E11,3,1191.8
SO004043,2023-05-01,C0048,D02,E11,5,1649.6
SO004044,2023-05-16,C0048,D02,E11,3,1205.0
SO004045,2023-05-29,C0048,D02,E11,5,1443.4
SO004046,2023-06-15,C0048,D02,E11,7,3240.6
SO004047,2023-07-02,C0048,D02,E11,3,1527.5
SO004048,2023-07-15,C0048,D02,E11,3,1105.0
SO004049,2023-07-29,C0048,D02,E11,4,2236.9
SO004050,2023-08-15,C0048,D02,E11,4,1897.0
SO004051,2022-01-05,C0049,D01,E06,6,2480.0
SO004052,2022-01-19,C0049,D01,E06,7,7189.85
SO004053,2022-01-30,C0049,D01,E06,5,5017.5
SO004054,2022-02-13,C0049,D01,E06,6,7810.0
SO004055,2022-02-27,C0049,D01,E06,3,4080.6
SO004056,2022-03-11,C0049,D01,E06,4,2135.0
SO004057,2022-03-25,C0049,D01,E06,6,2673.95
SO004058,2022-04-05,C0049,D01,E06,5,3130.0
SO004059,2022-04-15,C0049,D01,E06,3,1100.0
SO004060,2022-04-28,C0049,D01,E06,4,1595.0
SO004061,2022-05-11,C0049,D01,E06,5,2153.75
SO004062,2022-05-22,C0049,D01,E06,5,3010.0
SO004063,2022-06-04,C0049,D01,E06,3,1334.2
SO004064,2022-06-18,C0049,D01,E06,5,3583.65
SO004065,2022-07-02,C0049,D01,E06,6,4885.0
SO004066,2022-07-16,C0049,D01,E06,7,5972.55
SO004067,2022-07-26,C0049,D01,E06,3,2925.0
SO004068,2022-08-09,C0049,D01,E06,5,3350.1
SO004069,2022-08-19,C0049,D01,E06,6,5132.85
SO004070,2022-08-29,C0049,D01,E06,4,2215.0
SO004071,2022-09-11,C0049,D01,E06,3,1860.0
SO004072,2022-09-22,C0049,D01,E06,3,1860.0
SO004073,2022-10-05,C0049,D01,E06,4,3229.4
SO004074,2022-10-18,C0049,D01,E06,5,4117.9
SO004075,2022-10-31,C0049,D01,E06,3,2700.0
SO004076,2022-11-11,C0049,D01,E06,3,1980.0
SO004077,2022-11-23,C0049,D01,E06,6,6798.25
SO004078,2022-12-06,C0049,D01,E06,3,5685.0
SO004079,2022-12-19,C0049,D01,E06,6,6689.55
SO004080,2023-01-02,C0049,D01,E06,4,2881.75
SO004081,2023-01-14,C0049,D01,E06,7,8661.0
SO004082,2023-01-27,C0049,D01,E06,6,5171.3
SO004083,2023-02-10,C0049,D01,E06,3,3030.0
SO004084,2023-02-24,C0049,D01,E06,5,3745.0
SO004085,2023-03-08,C0049,D01,E06,3,1640.0
SO004086,2023-03-21,C0049,D01,E06,6,3042.4
SO004087,2023-04-02,C0049,D01,E06,6,3907.5
SO004088,2023-04-12,C0049,D01,E06,4,2375.0
SO004089,2023-04-23,C0049,D01,E06,5,3023.8
SO004090,2023-05-07,C0049,D01,E06,7,2770.7
SO004091,2023-05-21,C0049,D01,E06,7,3250.0
SO004092,2023-06-01,C0049,D01,E06,6,5500.0
SO004093,2023-06-11,C0049,D01,E06,6,6082.5
SO004094,2023-06-22,C0049,D01,E06,6,3618.55
SO004095,2023-07-04,C0049,D01,E06,4,2654.2
SO004096,2023-07-16,C0049,D01,E06,6,4326.1
SO004097,2023-07-29,C0049,D01,E06,4,2815.0
SO004098,2023-08-08,C0049,D01,E06,4,3445.0
SO004099,2023-08-19,C0049,D01,E06,5,3328.0
SO004100,2023-08-29,C0049,D01,E06,3,2750.0
SO004101,2023-09-12,C0049,D01,E06,4,3239.2
SO004102,2023-09-26,C0049,D01,E06,6,4575.7
SO004103,2023-10-10,C0049,D01,E06,5,5295.0
SO004104,2023-10-20,C0049,D01,E06,7,7709.1
SO004105,2023-10-31,C0049,D01,E06,4,3645.0
SO004106,2023-11-12,C0049,D01,E06,4,5328.4
SO004107,2023-11-22,C0049,D01,E06,6,5966.25
SO004108,2023-12-03,C0049,D01,E06,4,4146.8
SO004109,2023-12-15,C0049,D01,E06,4,3079.95
SO004110,2023-12-28,C0049,D01,E06,3,5370.0
SO004111,2024-01-10,C0049,D01,E06,7,5331.95
SO004112,2024-01-20,C0049,D01,E06,7,7070.0
SO004113,2024-01-31,C0049,D01,E06,4,5386.25
SO004114,2024-02-13,C0049,D01,E06,6,4081.3
SO004115,2024-02-23,C0049,D01,E06,4,3910.0
SO004116,2024-03-05,C0049,D01,E06,6,4070.0
SO004117,2024-03-19,C0049,D01,E06,7,4348.3
SO004118,2024-03-31,C0049,D01,E06,7,3295.4
SO004119,2024-04-14,C0049,D01,E06,7,6332.0
SO004120,2024-04-28,C0049,D01,E06,4,2710.0
SO004121,2024-05-10,C0049,D01,E06,3,2924.0
SO004122,2024-05-20,C0049,D01,E06,6,4056.5
SO004123,2024-06-03,C0049,D01,E06,4,4005.0
SO004124,2024-06-14,C0049,D01,E06,3,3260.0
SO004125,2024-06-25,C0049,D01,E06,3,4018.7
SO004126,2024-07-05,C0049,D01,E06,7,6860.8
SO004127,2024-07-15,C0049,D01,E06,6,3930.0
SO004128,2024-07-25,C0049,D01,E06,3,2130.0
SO004129,2024-08-06,C0049,D01,E06,4,4743.8
SO004130,2024-08-18,C0049,D01,E06,5,4309.9
SO004131,2024-08-30,C0049,D01,E06,4,3375.0
SO004132,2024-09-11,C0049,D01,E06,6,6805.0
SO004133,2024-09-22,C0049,D01,E06,5,4834.0
SO004134,2024-10-02,C0049,D01,E06,6,4505.0
SO004135,2024-10-14,C0049,D01,E06,4,4120.0
SO004136,2024-10-26,C0049,D01,E06,4,4476.75
SO004137,2024-11-07,C0049,D01,E06,5,8290.0
SO004138,2024-11-20,C0049,D01,E06,5,9035.0
SO004139,2024-12-04,C0049,D01,E06,3,2905.0
SO004140,2024-12-16,C0049,D01,E06,6,7329.3
SO004141,2024-12-26,C0049,D01,E06,3,1726.1
SO004142,2022-01-04,C0050,D01,E07,5,2817.5
SO004143,2022-01-21,C0050,D01,E07,4,2460.0
SO004144,2022-02-06,C0050,D01,E07,6,3041.3
SO004145,2022-02-20,C0050,D01,E07,5,2310.0
SO004146,2022-03-05,C0050,D01,E07,5,985.0
SO004147,2022-03-22,C0050,D01,E07,4,1225.0
SO004148,2022-04-06,C0050,D01,E07,7,2343.6
SO004149,2022-04-22,C0050,D01,E07,6,1665.0
SO004150,2022-05-05,C0050,D01,E07,5,1655.2
SO004151,2022-05-18,C0050,D01,E07,5,1719.9
SO004152,2022-06-02,C0050,D01,E07,4,1440.0
SO004153,2022-06-18,C0050,D01,E07,6,3322.0
SO004154,2022-07-05,C0050,D01,E07,5,1450.0
SO004155,2022-07-21,C0050,D01,E07,3,990.0
SO004156,2022-08-04,C0050,D01,E07,7,3246.8
SO004157,2022-08-20,C0050,D01,E07,5,2030.55
SO004158,2022-09-02,C0050,D01,E07,6,2463.0
SO004159,2022-09-17,C0050,D01,E07,6,2760.0
SO004160,2022-10-01,C0050,D01,E07,3,847.35
SO004161,2022-10-16,C0050,D01,E07,3,1862.0
SO004162,2022-11-02,C0050,D01,E07,3,1175.8
SO004163,2022-11-18,C0050,D01,E07,4,2077.4
SO004164,2022-12-04,C0050,D01,E07,5,3117.2
SO004165,2022-12-17,C0050,D01,E07,7,4775.0
SO004166,2023-01-01,C0050,D01,E07,4,1233.75
SO004167,2023-01-15,C0050,D01,E07,4,1981.8
SO004168,2023-01-28,C0050,D01,E07,4,3914.7
SO004169,2023-02-12,C0050,D01,E07,5,2005.4
SO004170,2023-03-01,C0050,D01,E07,3,1345.0
SO004171,2023-03-16,C0050,D01,E07,3,944.65
SO004172,2023-04-02,C0050,D01,E07,5,1447.8
SO004173,2023-04-16,C0050,D01,E07,6,2068.75
SO004174,2023-05-03,C0050,D01,E07,3,639.3
SO004175,2023-05-20,C0050,D01,E07,6,1710.5
SO004176,2023-06-03,C0050,D01,E07,5,2580.0
SO004177,2023-06-16,C0050,D01,E07,6,2890.0
SO004178,2023-07-03,C0050,D01,E07,7,2144.6
SO004179,2023-07-16,C0050,D01,E07,6,2674.5
SO004180,2023-07-30,C0050,D01,E07,4,2014.4
SO004181,2023-08-14,C0050,D01,E07,6,2873.1
SO004182,2023-08-30,C0050,D01,E07,6,2205.0
SO004183,2023-09-12,C0050,D01,E07,5,2695.0
SO004184,2023-09-28,C0050,D01,E07,4,1249.6
SO004185,2023-10-12,C0050,D01,E07,3,1230.0
SO004186,2023-10-28,C0050,D01,E07,7,3585.0
SO004187,2023-11-10,C0050,D01,E07,3,2237.65
SO004188,2023-11-27,C0050,D01,E07,6,4427.7
SO004189,2023-12-11,C0050,D01,E07,7,4346.25
SO004190,2023-12-27,C0050,D01,E07,4,2845.0
SO004191,2024-01-13,C0050,D01,E07,5,2945.6
SO004192,2024-01-26,C0050,D01,E07,4,3935.0
SO004193,2024-02-09,C0050,D01,E07,6,3145.8
SO004194,2024-02-24,C0050,D01,E07,7,5956.0
SO004195,2024-03-08,C0050,D01,E07,6,1950.0
SO004196,2024-03-25,C0050,D01,E07,5,1328.75
SO004197,2024-04-11,C0050,D01,E07,4,1815.0
SO004198,2024-04-24,C0050,D01,E07,4,1438.8
SO004199,2024-05-11,C0050,D01,E07,3,1240.0
SO004200,2024-05-25,C0050,D01,E07,4,1620.0
SO004201,2024-06-07,C0050,D01,E07,3,1152.2
SO004202,2024-06-22,C0050,D01,E07,4,1440.0
SO004203,2024-07-05,C0050,D01,E07,5,2028.7
SO004204,2024-07-21,C0050,D01,E07,7,2640.0
SO004205,2024-08-07,C0050,D01,E07,7,3096.45
SO004206,2024-08-21,C0050,D01,E07,5,3175.0
SO004207,2024-09-06,C0050,D01,E07,5,2270.0
SO004208,2024-09-23,C0050,D01,E07,7,2780.8
SO004209,2024-10-08,C0050,D01,E07,5,2463.2
SO004210,2024-10-23,C0050,D01,E07,4,3050.55
SO004211,2024-11-06,C0050,D01,E07,4,2635.0
SO004212,2024-11-23,C0050,D01,E07,3,4050.0
SO004213,2024-12-07,C0050,D01,E07,3,1900.0
SO004214,2024-12-23,C0050,D01,E07,5,3883.6
SO004215,2022-01-06,C0051,D01,E08,5,5520.0
SO004216,2022-01-19,C0051,D01,E08,6,6343.8
SO004217,2022-02-01,C0051,D01,E08,5,3385.0
SO004218,2022-02-15,C0051,D01,E08,6,7082.9
SO004219,2022-02-28,C0051,D01,E08,5,6850.8
SO004220,2022-03-14,C0051,D01,E08,6,4408.7
SO004221,2022-03-25,C0051,D01,E08,6,2635.0
SO004222,2022-04-07,C0051,D01,E08,3,1500.0
SO004223,2022-04-18,C0051,D01,E08,7,3547.9
SO004224,2022-05-01,C0051,D01,E08,4,2985.0
SO004225,2022-05-14,C0051,D01,E08,6,4132.05
SO004226,2022-05-28,C0051,D01,E08,4,1660.0
SO004227,2022-06-10,C0051,D01,E08,6,4773.7
SO004228,2022-06-22,C0051,D01,E08,5,3735.0
SO004229,2022-07-05,C0051,D01,E08,6,3840.0
SO004230,2022-07-17,C0051,D01,E08,6,5055.0
SO004231,2022-07-30,C0051,D01,E08,5,3769.8
SO004232,2022-08-10,C0051,D01,E08,4,3859.6
SO004233,2022-08-24,C0051,D01,E08,6,3832.5
SO004234,2022-09-05,C0051,D01,E08,4,3355.0
SO004235,2022-09-18,C0051,D01,E08,6,2880.0
SO004236,2022-09-30,C0051,D01,E08,3,2417.75
SO004237,2022-10-14,C0051,D01,E08,4,5341.0
SO004238,2022-10-24,C0051,D01,E08,4,4420.8
SO004239,2022-11-06,C0051,D01,E08,3,3380.0
SO004240,2022-11-17,C0051,D01,E08,7,6946.6
SO004241,2022-11-28,C0051,D01,E08,3,2415.0
SO004242,2022-12-12,C0051,D01,E08,3,3285.0
SO004243,2022-12-25,C0051,D01,E08,7,5977.8
SO004244,2023-01-04,C0051,D01,E08,7,7735.0
SO004245,2023-01-17,C0051,D01,E08,5,6542.5
SO004246,2023-01-30,C0051,D01,E08,3,2370.0
SO004247,2023-02-12,C0051,D01,E08,7,8125.0
SO004248,2023-02-23,C0051,D01,E08,5,6060.0
SO004249,2023-03-05,C0051,D01,E08,3,1590.0
SO004250,2023-03-19,C0051,D01,E08,5,2388.85
SO004251,2023-03-30,C0051,D01,E08,7,5550.0
SO004252,2023-04-13,C0051,D01,E08,6,3864.8
SO004253,2023-04-23,C0051,D01,E08,5,3146.1
SO004254,2023-05-03,C0051,D01,E08,4,2001.35
SO004255,2023-05-16,C0051,D01,E08,3,1855.0
SO004256,2023-05-30,C0051,D01,E08,3,1640.0
SO004257,2023-06-09,C0051,D01,E08,4,2066.45
SO004258,2023-06-23,C0051,D01,E08,6,4351.8
SO004259,2023-07-06,C0051,D01,E08,7,5230.0
SO004260,2023-07-16,C0051,D01,E08,4,4551.05
SO004261,2023-07-29,C0051,D01,E08,7,5727.4
SO004262,2023-08-10,C0051,D01,E08,4,3091.0
SO004263,2023-08-20,C0051,D01,E08,5,2950.5
SO004264,2023-09-02,C0051,D01,E08,6,4401.8
SO004265,2023-09-16,C0051,D01,E08,4,3760.0
SO004266,2023-09-30,C0051,D01,E08,5,5155.9
SO004267,2023-10-11,C0051,D01,E08,7,7496.5
SO004268,2023-10-23,C0051,D01,E08,5,4418.5
SO004269,2023-11-05,C0051,D01,E08,7,9627.1
SO004270,2023-11-19,C0051,D01,E08,5,4845.1
SO004271,2023-11-29,C0051,D01,E08,5,4431.15
SO004272,2023-12-10,C0051,D01,E08,4,2364.9
SO004273,2023-12-24,C0051,D01,E08,4,4258.95
SO004274,2024-01-07,C0051,D01,E08,4,7335.0
SO004275,2024-01-17,C0051,D01,E08,3,2795.1
SO004276,2024-01-30,C0051,D01,E08,4,2587.3
SO004277,2024-02-09,C0051,D01,E08,3,3160.0
SO004278,2024-02-20,C0051,D01,E08,6,4666.35
SO004279,2024-03-02,C0051,D01,E08,5,3003.0
SO004280,2024-03-13,C0051,D01,E08,7,5240.0
SO004281,2024-03-25,C0051,D01,E08,3,1506.5
SO004282,2024-04-05,C0051,D01,E08,4,3245.0
SO004283,2024-04-16,C0051,D01,E08,3,1840.0
SO004284,2024-04-29,C0051,D01,E08,7,3064.2
SO004285,2024-05-13,C0051,D01,E08,7,4362.8
SO004286,2024-05-25,C0051,D01,E08,4,2900.0
SO004287,2024-06-04,C0051,D01,E08,3,4115.0
SO004288,2024-06-15,C0051,D01,E08,7,5128.6
SO004289,2024-06-25,C0051,D01,E08,3,3945.0
SO004290,2024-07-07,C0051,D01,E08,6,6350.4
SO004291,2024-07-21,C0051,D01,E08,3,3050.0
SO004292,2024-08-04,C0051,D01,E08,6,5066.55
SO004293,2024-08-15,C0051,D01,E08,3,3005.0
SO004294,2024-08-27,C0051,D01,E08,7,6810.0
SO004295,2024-09-09,C0051,D01,E08,7,4612.4
SO004296,2024-09-20,C0051,D01,E08,3,2935.0
SO004297,2024-10-04,C0051,D01,E08,5,5425.8
SO004298,2024-10-17,C0051,D01,E08,4,2445.0
SO004299,2024-10-29,C0051,D01,E08,5,5494.95
SO004300,2024-11-11,C0051,D01,E08,7,9310.0
SO004301,2024-11-23,C0051,D01,E08,5,9195.2
SO004302,2024-12-06,C0051,D01,E08,6,8082.1
SO004303,2024-12-19,C0051,D01,E08,7,6445.0
SO004304,2024-12-29,C0051,D01,E08,5,7799.15
SO004305,2022-01-04,C0052,D02,E09,5,3892.0
SO004306,2022-01-17,C0052,D02,E09,6,5209.6
SO004307,2022-01-27,C0052,D02,E09,6,5100.0
SO004308,2022-02-09,C0052,D02,E09,3,4377.6
SO004309,2022-02-22,C0052,D02,E09,5,5315.6
SO004310,2022-03-06,C0052,D02,E09,5,2955.5
SO004311,2022-03-20,C0052,D02,E09,3,1812.0
SO004312,2022-04-01,C0052,D02,E09,6,4160.0
SO004313,2022-04-13,C0052,D02,E09,4,3045.0
SO004314,2022-04-23,C0052,D02,E09,6,2691.45
SO004315,2022-05-05,C0052,D02,E09,3,1095.0
SO004316,2022-05-18,C0052,D02,E09,3,1750.0
SO004317,2022-06-01,C0052,D02,E09,7,5821.5
SO004318,2022-06-15,C0052,D02,E09,5,4416.8
SO004319,2022-06-27,C0052,D02,E09,4,2732.7
SO004320,2022-07-11,C0052,D02,E09,6,3711.5
SO004321,2022-07-22,C0052,D02,E09,7,5075.0
SO004322,2022-08-01,C0052,D02,E09,6,3795.0
SO004323,2022-08-12,C0052,D02,E09,4,2265.0
SO004324,2022-08-26,C0052,D02,E09,7,4880.0
SO004325,2022-09-07,C0052,D02,E09,6,4005.0
SO004326,2022-09-19,C0052,D02,E09,7,3980.65
SO004327,2022-10-03,C0052,D02,E09,7,4355.65
SO004328,2022-10-17,C0052,D02,E09,3,2102.2
SO004329,2022-10-30,C0052,D02,E09,4,3285.0
SO004330,2022-11-13,C0052,D02,E09,3,1650.0
SO004331,2022-11-25,C0052,D02,E09,6,7365.0
SO004332,2022-12-07,C0052,D02,E09,7,5952.05
SO004333,2022-12-20,C0052,D02,E09,6,5915.0
SO004334,2022-12-30,C0052,D02,E09,5,5719.35
SO004335,2023-01-09,C0052,D02,E09,6,4925.0
SO004336,2023-01-19,C0052,D02,E09,4,5115.0
SO004337,2023-01-29,C0052,D02,E09,3,3051.5
SO004338,2023-02-09,C0052,D02,E09,4,4465.0
SO004339,2023-02-22,C0052,D02,E09,3,3346.5
SO004340,2023-03-05,C0052,D02,E09,7,4327.6
SO004341,2023-03-18,C0052,D02,E09,3,1815.0
SO004342,2023-03-29,C0052,D02,E09,4,2010.0
SO004343,2023-04-09,C0052,D02,E09,4,2170.0
SO004344,2023-04-23,C0052,D02,E09,5,2735.25
SO004345,2023-05-07,C0052,D02,E09,7,4776.05
SO004346,2023-05-20,C0052,D02,E09,5,3855.0
SO004347,2023-06-03,C0052,D02,E09,5,2808.4
SO004348,2023-06-15,C0052,D02,E09,5,3457.45
SO004349,2023-06-26,C0052,D02,E09,4,3660.1
SO004350,2023-07-10,C0052,D02,E09,5,4417.7
SO004351,2023-07-22,C0052,D02,E09,6,5100.0
SO004352,2023-08-05,C0052,D02,E09,5,3300.0
SO004353,2023-08-15,C0052,D02,E09,7,4912.5
SO004354,2023-08-29,C0052,D02,E09,7,6452.7
SO004355,2023-09-12,C0052,D02,E09,4,3230.0
SO004356,2023-09-24,C0052,D02,E09,5,3262.0
SO004357,2023-10-05,C0052,D02,E09,3,1865.6
SO004358,2023-10-18,C0052,D02,E09,7,5375.25
SO004359,2023-10-29,C0052,D02,E09,6,4870.3
SO004360,2023-11-11,C0052,D02,E09,5,4284.05
SO004361,2023-11-22,C0052,D02,E09,4,6314.9
SO004362,2023-12-03,C0052,D02,E09,3,3260.0
SO004363,2023-12-15,C0052,D02,E09,4,4930.0
SO004364,2023-12-29,C0052,D02,E09,5,5649.9
SO004365,2024-01-11,C0052,D02,E09,3,2415.0
SO004366,2024-01-21,C0052,D02,E09,5,5820.35
SO004367,2024-02-02,C0052,D02,E09,4,6645.0
SO004368,2024-02-12,C0052,D02,E09,6,4380.0
SO004369,2024-02-22,C0052,D02,E09,4,5716.15
SO004370,2024-03-04,C0052,D02,E09,5,3145.5
SO004371,2024-03-14,C0052,D02,E09,4,2145.0
SO004372,2024-03-28,C0052,D02,E09,4,2155.0
SO004373,2024-04-10,C0052,D02,E09,4,2480.0
SO004374,2024-04-22,C0052,D02,E09,6,3535.7
SO004375,2024-05-06,C0052,D02,E09,5,4000.0
SO004376,2024-05-16,C0052,D02,E09,7,3446.2
SO004377,2024-05-26,C0052,D02,E09,5,2875.0
SO004378,2024-06-07,C0052,D02,E09,3,2429.55
SO004379,2024-06-18,C0052,D02,E09,7,8610.0
SO004380,2024-07-02,C0052,D02,E09,6,4084.6
SO004381,2024-07-14,C0052,D02,E09,5,4700.0
SO004382,2024-07-28,C0052,D02,E09,4,4330.0
SO004383,2024-08-10,C0052,D02,E09,3,3180.0
SO004384,2024-08-20,C0052,D02,E09,6,5625.85
SO004385,2024-08-30,C0052,D02,E09,3,2385.6
SO004386,2024-09-11,C0052,D02,E09,5,4885.0
SO004387,2024-09-21,C0052,D02,E09,6,4437.7
SO004388,2024-10-03,C0052,D02,E09,6,7104.15
SO004389,2024-10-13,C0052,D02,E09,5,5810.0
SO004390,2024-10-24,C0052,D02,E09,6,6388.2
SO004391,2024-11-06,C0052,D02,E09,6,7460.0
SO004392,2024-11-16,C0052,D02,E09,5,5645.0
SO004393,2024-11-27,C0052,D02,E09,6,8310.0
SO004394,2024-12-07,C0052,D02,E09,5,7147.6
SO004395,2024-12-20,C0052,D02,E09,4,3270.05
SO004396,2022-01-12,C0053,D02,E10,5,4260.0
SO004397,2022-01-27,C0053,D02,E10,6,2665.0
SO004398,2022-02-12,C0053,D02,E10,6,2647.25
SO004399,2022-02-27,C0053,D02,E10,6,2667.2
SO004400,2022-03-14,C0053,D02,E10,4,1297.8
SO004401,2022-03-31,C0053,D02,E10,3,712.8
SO004402,2022-04-17,C0053,D02,E10,5,941.45
SO004403,2022-05-03,C0053,D02,E10,3,639.25
SO004404,2022-05-18,C0053,D02,E10,3,1030.0
SO004405,2022-06-02,C0053,D02,E10,3,1395.0
SO004406,2022-06-17,C0053,D02,E10,5,1898.4
SO004407,2022-07-03,C0053,D02,E10,6,2740.45
SO004408,2022-07-17,C0053,D02,E10,7,2946.7
SO004409,2022-08-03,C0053,D02,E10,7,3181.25
SO004410,2022-08-20,C0053,D02,E10,6,2697.1
SO004411,2022-09-03,C0053,D02,E10,6,2263.4
SO004412,2022-09-18,C0053,D02,E10,5,1520.4
SO004413,2022-10-02,C0053,D02,E10,3,2261.0
SO004414,2022-10-16,C0053,D02,E10,3,1730.35
SO004415,2022-10-29,C0053,D02,E10,7,2570.0
SO004416,2022-11-13,C0053,D02,E10,4,2094.6
SO004417,2022-11-29,C0053,D02,E10,4,2145.0
SO004418,2022-12-12,C0053,D02,E10,7,4413.5
SO004419,2022-12-27,C0053,D02,E10,5,2900.0
SO004420,2023-01-13,C0053,D02,E10,4,3495.0
SO004421,2023-01-27,C0053,D02,E10,3,990.0
SO004422,2023-02-10,C0053,D02,E10,4,2061.5
SO004423,2023-02-23,C0053,D02,E10,6,3242.75
SO004424,2023-03-10,C0053,D02,E10,7,2570.5
SO004425,2023-03-26,C0053,D02,E10,4,1417.8
SO004426,2023-04-08,C0053,D02,E10,5,2042.8
SO004427,2023-04-24,C0053,D02,E10,7,2390.0
SO004428,2023-05-09,C0053,D02,E10,6,1814.25
SO004429,2023-05-23,C0053,D02,E10,7,2391.9
SO004430,2023-06-07,C0053,D02,E10,3,1410.0
SO004431,2023-06-20,C0053,D02,E10,7,3061.2
SO004432,2023-07-06,C0053,D02,E10,7,3140.0
SO004433,2023-07-21,C0053,D02,E10,3,1346.8
SO004434,2023-08-05,C0053,D02,E10,6,3695.6
SO004435,2023-08-21,C0053,D02,E10,6,2890.0
SO004436,2023-09-03,C0053,D02,E10,7,3313.45
SO004437,2023-09-20,C0053,D02,E10,3,1426.5
SO004438,2023-10-07,C0053,D02,E10,7,3075.0
SO004439,2023-10-24,C0053,D02,E10,6,3000.9
SO004440,2023-11-10,C0053,D02,E10,7,4760.25
SO004441,2023-11-23,C0053,D02,E10,6,3437.35
SO004442,2023-12-09,C0053,D02,E10,7,4045.0
SO004443,2023-12-24,C0053,D02,E10,5,3260.7
SO004444,2024-01-06,C0053,D02,E10,5,2420.05
SO004445,2024-01-19,C0053,D02,E10,6,4130.0
SO004446,2024-02-03,C0053,D02,E10,5,2865.0
SO004447,2024-02-20,C0053,D02,E10,4,2501.5
SO004448,2024-03-05,C0053,D02,E10,3,710.0
SO004449,2024-03-22,C0053,D02,E10,3,975.6
SO004450,2024-04-07,C0053,D02,E10,5,1554.2
SO004451,2024-04-20,C0053,D02,E10,3,1560.0
SO004452,2024-05-04,C0053,D02,E10,7,2290.0
SO004453,2024-05-18,C0053,D02,E10,5,2080.0
SO004454,2024-06-01,C0053,D02,E10,4,1500.0
SO004455,2024-06-16,C0053,D02,E10,3,1630.0
SO004456,2024-07-01,C0053,D02,E10,6,2745.0
SO004457,2024-07-18,C0053,D02,E10,6,2485.0
SO004458,2024-08-04,C0053,D02,E10,4,2260.0
SO004459,2024-08-18,C0053,D02,E10,6,2514.3
SO004460,2024-09-01,C0053,D02,E10,7,3125.0
SO004461,2024-09-17,C0053,D02,E10,4,1670.0
SO004462,2024-10-01,C0053,D02,E10,6,2575.0
SO004463,2024-10-17,C0053,D02,E10,3,2025.0
SO004464,2024-11-01,C0053,D02,E10,5,3635.45
SO004465,2024-11-17,C0053,D02,E10,4,3204.6
SO004466,2024-12-01,C0053,D02,E10,7,5980.0
SO004467,2024-12-18,C0053,D02,E10,6,4383.75
SO004468,2022-01-06,C0054,D02,E11,3,959.15
SO004469,2022-01-19,C0054,D02,E11,6,2430.75
SO004470,2022-02-03,C0054,D02,E11,3,1350.0
SO004471,2022-02-19,C0054,D02,E11,6,2427.6
SO004472,2022-03-05,C0054,D02,E11,7,2425.4
SO004473,2022-03-21,C0054,D02,E11,5,1355.0
SO004474,2022-04-07,C0054,D02,E11,3,525.0
SO004475,2022-04-21,C0054,D02,E11,5,1406.0
SO004476,2022-05-06,C0054,D02,E11,6,1833.6
SO004477,2022-05-23,C0054,D02,E11,3,935.0
SO004478,2022-06-07,C0054,D02,E11,7,2575.0
SO004479,2022-06-21,C0054,D02,E11,7,3120.0
SO004480,2022-07-07,C0054,D02,E11,3,1099.3
SO004481,2022-07-23,C0054,D02,E11,7,3233.7
SO004482,2022-08-06,C0054,D02,E11,7,2035.7
SO004483,2022-08-19,C0054,D02,E11,6,2760.0
SO004484,2022-09-05,C0054,D02,E11,3,1290.0
SO004485,2022-09-20,C0054,D02,E11,3,1355.0
SO004486,2022-10-05,C0054,D02,E11,6,2723.6
SO004487,2022-10-20,C0054,D02,E11,5,2519.55
SO004488,2022-11-04,C0054,D02,E11,6,3170.0
SO004489,2022-11-18,C0054,D02,E11,6,3571.9
SO004490,2022-12-02,C0054,D02,E11,4,2200.0
SO004491,2022-12-17,C0054,D02,E11,6,3142.4
SO004492,2023-01-02,C0054,D02,E11,4,1775.0
SO004493,2023-01-16,C0054,D02,E11,4,2955.0
SO004494,2023-02-02,C0054,D02,E11,3,932.4
SO004495,2023-02-19,C0054,D02,E11,4,2509.15
SO004496,2023-03-06,C0054,D02,E11,3,1005.0
SO004497,2023-03-20,C0054,D02,E11,6,1380.0
SO004498,2023-04-03,C0054,D02,E11,7,1745.0
SO004499,2023-04-18,C0054,D02,E11,7,1750.0
SO004500,2023-05-01,C0054,D02,E11,5,1162.8
SO004501,2023-05-17,C0054,D02,E11,3,1043.3
SO004502,2023-06-03,C0054,D02,E11,5,2400.0
SO004503,2023-06-19,C0054,D02,E11,5,2447.5
SO004504,2023-07-05,C0054,D02,E11,7,3213.4
SO004505,2023-07-19,C0054,D02,E11,5,2165.0
SO004506,2023-08-01,C0054,D02,E11,3,1470.0
SO004507,2023-08-15,C0054,D02,E11,6,2650.8
SO004508,2023-09-01,C0054,D02,E11,5,2110.0
SO004509,2023-09-14,C0054,D02,E11,5,1931.5
SO004510,2023-09-28,C0054,D02,E11,6,2754.4
SO004511,2023-10-13,C0054,D02,E11,3,1890.0
SO004512,2023-10-28,C0054,D02,E11,5,2856.2
SO004513,2023-11-10,C0054,D02,E11,7,6028.1
SO004514,2023-11-24,C0054,D02,E11,6,4295.3
SO004515,2023-12-11,C0054,D02,E11,7,3317.4
SO004516,2023-12-28,C0054,D02,E11,6,3900.0
SO004517,2024-01-10,C0054,D02,E11,3,1695.0
SO004518,2024-01-24,C0054,D02,E11,4,2755.0
SO004519,2024-02-06,C0054,D02,E11,6,4215.0
SO004520,2024-02-19,C0054,D02,E11,5,2570.0
SO004521,2024-03-05,C0054,D02,E11,3,970.0
SO004522,2024-03-18,C0054,D02,E11,6,2295.0
SO004523,2024-03-31,C0054,D02,E11,3,1141.9
SO004524,2024-04-16,C0054,D02,E11,3,750.0
SO004525,2024-04-29,C0054,D02,E11,4,1900.0
SO004526,2024-05-15,C0054,D02,E11,7,3519.8
SO004527,2024-05-29,C0054,D02,E11,7,2895.0
SO004528,2024-06-11,C0054,D02,E11,7,2692.8
SO004529,2024-06-28,C0054,D02,E11,7,3343.4
SO004530,2024-07-12,C0054,D02,E11,5,1877.2
SO004531,2024-07-29,C0054,D02,E11,4,2059.25
SO004532,2024-08-12,C0054,D02,E11,4,2111.2
SO004533,2024-08-28,C0054,D02,E11,6,2679.8
SO004534,2024-09-13,C0054,D02,E11,6,3270.0
SO004535,2024-09-27,C0054,D02,E11,5,2494.75
SO004536,2024-10-14,C0054,D02,E11,5,2968.4
SO004537,2024-10-28,C0054,D02,E11,6,2926.35
SO004538,2024-11-12,C0054,D02,E11,3,1880.7
SO004539,2024-11-27,C0054,D02,E11,4,2027.95
SO004540,2024-12-11,C0054,D02,E11,4,2408.75
SO004541,2024-12-25,C0054,D02,E11,7,3579.8
SO004542,2022-01-07,C0055,D01,E06,5,5395.0
SO004543,2022-01-19,C0055,D01,E06,4,5550.0
SO004544,2022-02-01,C0055,D01,E06,3,2510.0
SO004545,2022-02-12,C0055,D01,E06,5,5109.6
SO004546,2022-02-23,C0055,D01,E06,5,4350.0
SO004547,2022-03-06,C0055,D01,E06,6,2589.8
SO004548,2022-03-17,C0055,D01,E06,3,1890.0
SO004549,2022-03-28,C0055,D01,E06,5,2455.2
SO004550,2022-04-10,C0055,D01,E06,5,3710.0
SO004551,2022-04-23,C0055,D01,E06,3,1645.0
SO004552,2022-05-04,C0055,D01,E06,5,2205.75
SO004553,2022-05-17,C0055,D01,E06,4,2005.75
SO004554,2022-05-31,C0055,D01,E06,6,3095.0
SO004555,2022-06-11,C0055,D01,E06,7,5278.0
SO004556,2022-06-22,C0055,D01,E06,4,3250.4
SO004557,2022-07-06,C0055,D01,E06,4,2108.7
SO004558,2022-07-18,C0055,D01,E06,6,3810.0
SO004559,2022-07-28,C0055,D01,E06,4,2424.3
SO004560,2022-08-07,C0055,D01,E06,3,1795.0
SO004561,2022-08-17,C0055,D01,E06,5,4304.8
SO004562,2022-08-31,C0055,D01,E06,3,1380.0
SO004563,2022-09-11,C0055,D01,E06,7,4595.0
SO004564,2022-09-24,C0055,D01,E06,4,3320.0
SO004565,2022-10-05,C0055,D01,E06,6,5949.8
SO004566,2022-10-18,C0055,D01,E06,7,6750.2
SO004567,2022-10-30,C0055,D01,E06,3,2040.0
SO004568,2022-11-12,C0055,D01,E06,4,4095.0
SO004569,2022-11-25,C0055,D01,E06,3,2235.0
SO004570,2022-12-09,C0055,D01,E06,5,4165.8
SO004571,2022-12-22,C0055,D01,E06,3,3510.0
SO004572,2023-01-04,C0055,D01,E06,4,3550.8
SO004573,2023-01-18,C0055,D01,E06,6,5890.0
SO004574,2023-01-29,C0055,D01,E06,5,5070.0
SO004575,2023-02-12,C0055,D01,E06,5,4683.6
SO004576,2023-02-26,C0055,D01,E06,6,6123.0
SO004577,2023-03-10,C0055,D01,E06,6,2922.9
SO004578,2023-03-20,C0055,D01,E06,6,3053.2
SO004579,2023-04-03,C0055,D01,E06,3,1675.0
SO004580,2023-04-13,C0055,D01,E06,6,4470.0
SO004581,2023-04-24,C0055,D01,E06,5,3550.0
SO004582,2023-05-08,C0055,D01,E06,5,3490.0
SO004583,2023-05-19,C0055,D01,E06,5,4488.8
SO004584,2023-05-29,C0055,D01,E06,7,3850.7
SO004585,2023-06-10,C0055,D01,E06,4,2595.5
SO004586,2023-06-20,C0055,D01,E06,5,3680.0
SO004587,2023-07-03,C0055,D01,E06,6,2540.0
SO004588,2023-07-16,C0055,D01,E06,7,3887.75
SO004589,2023-07-28,C0055,D01,E06,4,3855.0
SO004590,2023-08-10,C0055,D01,E06,6,4840.0
SO004591,2023-08-22,C0055,D01,E06,4,2647.2
SO004592,2023-09-01,C0055,D01,E06,6,6262.65
SO004593,2023-09-14,C0055,D01,E06,3,2050.0
SO004594,2023-09-25,C0055,D01,E06,4,3324.2
SO004595,2023-10-09,C0055,D01,E06,7,5460.0
SO004596,2023-10-21,C0055,D01,E06,3,2422.5
SO004597,2023-11-01,C0055,D01,E06,4,5973.2
SO004598,2023-11-11,C0055,D01,E06,4,4066.0
SO004599,2023-11-22,C0055,D01,E06,7,7679.0
SO004600,2023-12-02,C0055,D01,E06,4,4945.0
SO004601,2023-12-12,C0055,D01,E06,7,6265.0
SO004602,2023-12-22,C0055,D01,E06,7,7629.0
SO004603,2024-01-04,C0055,D01,E06,6,6295.0
SO004604,2024-01-14,C0055,D01,E06,3,3695.0
SO004605,2024-01-26,C0055,D01,E06,3,3075.0
SO004606,2024-02-06,C0055,D01,E06,5,5738.8
SO004607,2024-02-16,C0055,D01,E06,6,9040.0
SO004608,2024-02-29,C0055,D01,E06,3,2665.0
SO004609,2024-03-11,C0055,D01,E06,6,3324.2
SO004610,2024-03-22,C0055,D01,E06,7,4255.0
SO004611,2024-04-03,C0055,D01,E06,6,3410.0
SO004612,2024-04-15,C0055,D01,E06,6,3760.0
SO004613,2024-04-25,C0055,D01,E06,3,2550.75
SO004614,2024-05-08,C0055,D01,E06,4,2700.0
SO004615,2024-05-18,C0055,D01,E06,7,3660.0
SO004616,2024-06-01,C0055,D01,E06,4,3295.0
SO004617,2024-06-12,C0055,D01,E06,5,4177.95
SO004618,2024-06-26,C0055,D01,E06,3,3089.1
SO004619,2024-07-06,C0055,D01,E06,6,4938.2
SO004620,2024-07-20,C0055,D01,E06,7,7225.0
SO004621,2024-08-03,C0055,D01,E06,3,3095.0
SO004622,2024-08-14,C0055,D01,E06,3,2565.0
SO004623,2024-08-28,C0055,D01,E06,7,6427.2
SO004624,2024-09-08,C0055,D01,E06,6,5105.0
SO004625,2024-09-21,C0055,D01,E06,7,5950.0
SO004626,2024-10-02,C0055,D01,E06,4,2240.3
SO004627,2024-10-12,C0055,D01,E06,3,2782.05
SO004628,2024-10-26,C0055,D01,E06,6,9307.0
SO004629,2024-11-07,C0055,D01,E06,4,2960.0
SO004630,2024-11-20,C0055,D01,E06,6,9399.2
SO004631,2024-12-03,C0055,D01,E06,7,8855.0
SO004632,2024-12-17,C0055,D01,E06,5,8558.7
SO004633,2024-12-27,C0055,D01,E06,6,5447.55
SO004634,2022-01-05,C0056,D01,E07,3,2940.0
SO004635,2022-01-22,C0056,D01,E07,4,2970.0
SO004636,2022-02-06,C0056,D01,E07,4,1150.0
SO004637,2022-02-20,C0056,D01,E07,7,3703.9
SO004638,2022-03-08,C0056,D01,E07,5,1775.0
SO004639,2022-03-24,C0056,D01,E07,5,1332.2
SO004640,2022-04-07,C0056,D01,E07,5,1166.0
SO004641,2022-04-22,C0056,D01,E07,4,1480.0
SO004642,2022-05-09,C0056,D01,E07,3,634.0
SO004643,2022-05-23,C0056,D01,E07,6,1210.0
SO004644,2022-06-07,C0056,D01,E07,3,927.2
SO004645,2022-06-22,C0056,D01,E07,5,1960.0
SO004646,2022-07-06,C0056,D01,E07,6,2480.0
SO004647,2022-07-19,C0056,D01,E07,3,2240.0
SO004648,2022-08-01,C0056,D01,E07,6,2620.0
SO004649,2022-08-18,C0056,D01,E07,7,2670.0
SO004650,2022-09-03,C0056,D01,E07,5,2565.0
SO004651,2022-09-19,C0056,D01,E07,3,1280.0
SO004652,2022-10-03,C0056,D01,E07,4,2151.85
SO004653,2022-10-16,C0056,D01,E07,7,3012.95
SO004654,2022-10-30,C0056,D01,E07,7,3585.7
SO004655,2022-11-13,C0056,D01,E07,7,3712.75
SO004656,2022-11-26,C0056,D01,E07,7,3705.0
SO004657,2022-12-11,C0056,D01,E07,6,3437.85
SO004658,2022-12-25,C0056,D01,E07,5,4144.5
SO004659,2023-01-11,C0056,D01,E07,7,3613.2
SO004660,2023-01-25,C0056,D01,E07,6,3710.0
SO004661,2023-02-10,C0056,D01,E07,3,1478.1
SO004662,2023-02-27,C0056,D01,E07,4,2792.7
SO004663,2023-03-13,C0056,D01,E07,4,2010.4
SO004664,2023-03-29,C0056,D01,E07,7,2430.0
SO004665,2023-04-15,C0056,D01,E07,3,685.0
SO004666,2023-04-29,C0056,D01,E07,5,1601.5
SO004667,2023-05-16,C0056,D01,E07,4,1154.6
SO004668,2023-06-02,C0056,D01,E07,4,1654.75
SO004669,2023-06-17,C0056,D01,E07,3,1385.0
SO004670,2023-07-03,C0056,D01,E07,3,1350.0
SO004671,2023-07-20,C0056,D01,E07,3,1177.85
SO004672,2023-08-02,C0056,D01,E07,7,2450.0
SO004673,2023-08-17,C0056,D01,E07,4,1312.7
SO004674,2023-08-31,C0056,D01,E07,7,4063.1
SO004675,2023-09-16,C0056,D01,E07,5,2200.0
SO004676,2023-10-02,C0056,D01,E07,3,1000.0
SO004677,2023-10-17,C0056,D01,E07,3,2897.5
SO004678,2023-10-31,C0056,D01,E07,6,1777.65
SO004679,2023-11-15,C0056,D01,E07,3,2138.4
SO004680,2023-12-01,C0056,D01,E07,4,2336.1
SO004681,2023-12-16,C0056,D01,E07,7,3262.2
SO004682,2023-12-30,C0056,D01,E07,6,3174.4
SO004683,2024-01-12,C0056,D01,E07,4,1562.4
SO004684,2024-01-29,C0056,D01,E07,7,4674.15
SO004685,2024-02-13,C0056,D01,E07,3,1360.0
SO004686,2024-02-26,C0056,D01,E07,6,3040.6
SO004687,2024-03-10,C0056,D01,E07,3,985.0
SO004688,2024-03-24,C0056,D01,E07,3,1605.0
SO004689,2024-04-09,C0056,D01,E07,5,1970.0
SO004690,2024-04-25,C0056,D01,E07,4,1770.0
SO004691,2024-05-08,C0056,D01,E07,7,2269.65
SO004692,2024-05-25,C0056,D01,E07,5,2130.0
SO004693,2024-06-09,C0056,D01,E07,3,859.2
SO004694,2024-06-24,C0056,D01,E07,7,3138.65
SO004695,2024-07-08,C0056,D01,E07,3,1296.45
SO004696,2024-07-21,C0056,D01,E07,3,1610.0
SO004697,2024-08-03,C0056,D01,E07,6,3156.45
SO004698,2024-08-19,C0056,D01,E07,4,1755.0
SO004699,2024-09-04,C0056,D01,E07,3,1361.2
SO004700,2024-09-20,C0056,D01,E07,5,3060.0
SO004701,2024-10-06,C0056,D01,E07,4,2701.4
SO004702,2024-10-19,C0056,D01,E07,4,2085.0
SO004703,2024-11-03,C0056,D01,E07,7,7583.15
SO004704,2024-11-20,C0056,D01,E07,6,2231.4
SO004705,2024-12-03,C0056,D01,E07,5,4995.0
SO004706,2024-12-18,C0056,D01,E07,3,1380.0
SO004707,2022-01-04,C0057,D01,E08,6,4945.0
SO004708,2022-01-14,C0057,D01,E08,6,6345.0
SO004709,2022-01-24,C0057,D01,E08,6,3774.45
SO004710,2022-02-03,C0057,D01,E08,7,6610.0
SO004711,2022-02-13,C0057,D01,E08,5,5420.4
SO004712,2022-02-26,C0057,D01,E08,3,3680.0
SO004713,2022-03-08,C0057,D01,E08,3,1745.4
SO004714,2022-03-21,C0057,D01,E08,5,2835.0
SO004715,2022-04-02,C0057,D01,E08,5,3241.25
SO004716,2022-04-14,C0057,D01,E08,3,1305.0
SO004717,2022-04-28,C0057,D01,E08,4,1615.0
SO004718,2022-05-12,C0057,D01,E08,5,3408.6
SO004719,2022-05-26,C0057,D01,E08,5,3310.0
SO004720,2022-06-09,C0057,D01,E08,3,2166.25
SO004721,2022-06-23,C0057,D01,E08,5,2950.3
SO004722,2022-07-06,C0057,D01,E08,7,4451.2
SO004723,2022-07-19,C0057,D01,E08,6,3980.0
SO004724,2022-08-01,C0057,D01,E08,7,5601.45
SO004725,2022-08-14,C0057,D01,E08,7,3238.3
SO004726,2022-08-26,C0057,D01,E08,5,3420.0
SO004727,2022-09-09,C0057,D01,E08,5,3445.0
SO004728,2022-09-20,C0057,D01,E08,6,4195.0
SO004729,2022-10-02,C0057,D01,E08,3,1662.25
SO004730,2022-10-13,C0057,D01,E08,3,2390.0
SO004731,2022-10-24,C0057,D01,E08,5,3140.3
SO004732,2022-11-06,C0057,D01,E08,6,6558.4
SO004733,2022-11-19,C0057,D01,E08,3,1860.0
SO004734,2022-12-01,C0057,D01,E08,7,8187.05
SO004735,2022-12-13,C0057,D01,E08,3,2265.0
SO004736,2022-12-26,C0057,D01,E08,7,9223.2
SO004737,2023-01-09,C0057,D01,E08,6,6535.35
SO004738,2023-01-20,C0057,D01,E08,4,2860.7
SO004739,2023-02-02,C0057,D01,E08,3,2893.8
SO004740,2023-02-14,C0057,D01,E08,3,3465.0
SO004741,2023-02-25,C0057,D01,E08,7,8326.0
SO004742,2023-03-11,C0057,D01,E08,5,2888.85
SO004743,2023-03-21,C0057,D01,E08,7,4042.45
SO004744,2023-04-01,C0057,D01,E08,4,2011.45
SO004745,2023-04-13,C0057,D01,E08,4,3590.05
SO004746,2023-04-25,C0057,D01,E08,4,2773.8
SO004747,2023-05-05,C0057,D01,E08,4,2370.0
SO004748,2023-05-15,C0057,D01,E08,4,3920.0
SO004749,2023-05-27,C0057,D01,E08,3,2510.0
SO004750,2023-06-08,C0057,D01,E08,5,3525.6
SO004751,2023-06-22,C0057,D01,E08,3,1278.8
SO004752,2023-07-04,C0057,D01,E08,4,2432.75
SO004753,2023-07-14,C0057,D01,E08,5,4935.0
SO004754,2023-07-25,C0057,D01,E08,7,6160.0
SO004755,2023-08-08,C0057,D01,E08,4,4410.0
SO004756,2023-08-18,C0057,D01,E08,6,4730.6
SO004757,2023-08-29,C0057,D01,E08,3,2716.65
SO004758,2023-09-10,C0057,D01,E08,5,3158.6
SO004759,2023-09-23,C0057,D01,E08,3,2280.0
SO004760,2023-10-05,C0057,D01,E08,6,5105.0
SO004761,2023-10-18,C0057,D01,E08,7,7355.55
SO004762,2023-10-31,C0057,D01,E08,5,2690.0
SO004763,2023-11-12,C0057,D01,E08,3,4143.4
SO004764,2023-11-26,C0057,D01,E08,6,6545.0
SO004765,2023-12-08,C0057,D01,E08,5,5635.0
SO004766,2023-12-20,C0057,D01,E08,7,7534.1
SO004767,2024-01-03,C0057,D01,E08,6,8510.0
SO004768,2024-01-14,C0057,D01,E08,6,7101.65
SO004769,2024-01-27,C0057,D01,E08,7,9010.0
SO004770,2024-02-07,C0057,D01,E08,7,11102.7
SO004771,2024-02-17,C0057,D01,E08,3,3810.0
SO004772,2024-02-28,C0057,D01,E08,3,3293.0
SO004773,2024-03-12,C0057,D01,E08,3,3655.6
SO004774,2024-03-23,C0057,D01,E08,6,3923.3
SO004775,2024-04-04,C0057,D01,E08,6,4515.0
SO004776,2024-04-14,C0057,D01,E08,4,3460.0
SO004777,2024-04-26,C0057,D01,E08,3,2340.0
SO004778,2024-05-10,C0057,D01,E08,7,3347.2
SO004779,2024-05-23,C0057,D01,E08,4,3220.0
SO004780,2024-06-03,C0057,D01,E08,3,2915.0
SO004781,2024-06-13,C0057,D01,E08,4,2376.35
SO004782,2024-06-24,C0057,D01,E08,3,2733.75
SO004783,2024-07-05,C0057,D01,E08,3,3842.9
SO004784,2024-07-15,C0057,D01,E08,6,4180.0
SO004785,2024-07-29,C0057,D01,E08,3,2200.75
SO004786,2024-08-12,C0057,D01,E08,5,3913.6
SO004787,2024-08-23,C0057,D01,E08,6,4315.0
SO004788,2024-09-06,C0057,D01,E08,7,5507.75
SO004789,2024-09-17,C0057,D01,E08,4,3490.0
SO004790,2024-09-29,C0057,D01,E08,3,2415.0
SO004791,2024-10-12,C0057,D01,E08,7,7279.7
SO004792,2024-10-24,C0057,D01,E08,3,3489.0
SO004793,2024-11-05,C0057,D01,E08,7,7405.2
SO004794,2024-11-19,C0057,D01,E08,6,6375.0
SO004795,2024-12-01,C0057,D01,E08,5,6580.0
SO004796,2024-12-14,C0057,D01,E08,7,10089.7
SO004797,2024-12-27,C0057,D01,E08,7,8842.6
SO004798,2022-01-13,C0058,D02,E09,4,2200.0
SO004799,2022-01-30,C0058,D02,E09,3,1020.0
SO004800,2022-02-13,C0058,D02,E09,5,3652.2
SO004801,2022-02-28,C0058,D02,E09,7,3460.0
SO004802,2022-03-13,C0058,D02,E09,5,1706.4
SO004803,2022-03-26,C0058,D02,E09,4,1239.3
SO004804,2022-04-10,C0058,D02,E09,3,576.1
SO004805,2022-04-23,C0058,D02,E09,5,1495.2
SO004806,2022-05-09,C0058,D02,E09,5,1392.2
SO004807,2022-05-25,C0058,D02,E09,5,1315.0
SO004808,2022-06-10,C0058,D02,E09,6,1849.3
SO004809,2022-06-24,C0058,D02,E09,4,2330.0
SO004810,2022-07-07,C0058,D02,E09,3,1298.6
SO004811,2022-07-20,C0058,D02,E09,5,1530.4
SO004812,2022-08-02,C0058,D02,E09,3,1168.6
SO004813,2022-08-15,C0058,D02,E09,3,985.0
SO004814,2022-08-29,C0058,D02,E09,4,1359.5
SO004815,2022-09-11,C0058,D02,E09,6,3187.85
SO004816,2022-09-27,C0058,D02,E09,3,1468.5
SO004817,2022-10-12,C0058,D02,E09,6,2670.0
SO004818,2022-10-26,C0058,D02,E09,7,3520.9
SO004819,2022-11-12,C0058,D02,E09,7,3910.0
SO004820,2022-11-29,C0058,D02,E09,3,1215.0
SO004821,2022-12-16,C0058,D02,E09,4,3591.65
SO004822,2022-12-30,C0058,D02,E09,3,3125.0
SO004823,2023-01-16,C0058,D02,E09,4,2728.0
SO004824,2023-01-30,C0058,D02,E09,7,3950.1
SO004825,2023-02-14,C0058,D02,E09,5,2560.0
SO004826,2023-03-01,C0058,D02,E09,6,1250.0
SO004827,2023-03-17,C0058,D02,E09,6,1630.6
SO004828,2023-04-01,C0058,D02,E09,3,790.0
SO004829,2023-04-16,C0058,D02,E09,3,963.4
SO004830,2023-04-29,C0058,D02,E09,7,1839.75
SO004831,2023-05-14,C0058,D02,E09,6,2105.0
SO004832,2023-05-27,C0058,D02,E09,5,1702.4
SO004833,2023-06-11,C0058,D02,E09,3,1760.0
SO004834,2023-06-24,C0058,D02,E09,3,1890.0
SO004835,2023-07-09,C0058,D02,E09,3,1485.0
SO004836,2023-07-26,C0058,D02,E09,4,2895.0
SO004837,2023-08-12,C0058,D02,E09,6,3223.1
SO004838,2023-08-29,C0058,D02,E09,4,2149.2
SO004839,2023-09-12,C0058,D02,E09,4,1909.95
SO004840,2023-09-26,C0058,D02,E09,4,1595.0
SO004841,2023-10-09,C0058,D02,E09,7,3643.4
SO004842,2023-10-25,C0058,D02,E09,4,1995.0
SO004843,2023-11-07,C0058,D02,E09,4,3550.75
SO004844,2023-11-23,C0058,D02,E09,5,3599.2
SO004845,2023-12-06,C0058,D02,E09,7,3160.0
SO004846,2023-12-20,C0058,D02,E09,3,1350.0
SO004847,2024-01-06,C0058,D02,E09,4,2825.0
SO004848,2024-01-19,C0058,D02,E09,4,2375.0
SO004849,2024-02-02,C0058,D02,E09,4,1910.0
SO004850,2024-02-19,C0058,D02,E09,6,4044.9
SO004851,2024-03-03,C0058,D02,E09,5,1830.0
SO004852,2024-03-20,C0058,D02,E09,5,1820.0
SO004853,2024-04-04,C0058,D02,E09,3,1020.0
SO004854,2024-04-19,C0058,D02,E09,6,2247.9
SO004855,2024-05-05,C0058,D02,E09,6,2233.8
SO004856,2024-05-20,C0058,D02,E09,6,2677.5
SO004857,2024-06-03,C0058,D02,E09,6,3223.8
SO004858,2024-06-20,C0058,D02,E09,3,1310.0
SO004859,2024-07-07,C0058,D02,E09,5,2181.8
SO004860,2024-07-23,C0058,D02,E09,4,1425.0
SO004861,2024-08-06,C0058,D02,E09,5,2591.5
SO004862,2024-08-22,C0058,D02,E09,7,3250.2
SO004863,2024-09-07,C0058,D02,E09,6,4310.0
SO004864,2024-09-20,C0058,D02,E09,5,2630.0
SO004865,2024-10-06,C0058,D02,E09,7,4412.4
SO004866,2024-10-20,C0058,D02,E09,4,2338.75
SO004867,2024-11-02,C0058,D02,E09,6,6090.15
SO004868,2024-11-16,C0058,D02,E09,5,3410.55
SO004869,2024-12-01,C0058,D02,E09,4,3440.0
SO004870,2024-12-15,C0058,D02,E09,7,5400.0
SO004871,2024-12-28,C0058,D02,E09,4,2440.0
SO004872,2022-01-11,C0059,D02,E10,4,1785.0
SO004873,2022-01-24,C0059,D02,E10,3,3020.0
SO004874,2022-02-06,C0059,D02,E10,4,1242.9
SO004875,2022-02-22,C0059,D02,E10,3,2772.8
SO004876,2022-03-09,C0059,D02,E10,5,1440.0
SO004877,2022-03-25,C0059,D02,E10,4,957.15
SO004878,2022-04-07,C0059,D02,E10,7,2802.2
SO004879,2022-04-22,C0059,D02,E10,4,1365.0
SO004880,2022-05-05,C0059,D02,E10,7,1626.4
SO004881,2022-05-20,C0059,D02,E10,4,1417.9
SO004882,2022-06-03,C0059,D02,E10,5,2115.0
SO004883,2022-06-16,C0059,D02,E10,5,2220.0
SO004884,2022-07-01,C0059,D02,E10,6,3093.0
SO004885,2022-07-18,C0059,D02,E10,5,2270.0
SO004886,2022-08-01,C0059,D02,E10,5,2119.6
SO004887,2022-08-15,C0059,D02,E10,7,3535.0
SO004888,2022-08-28,C0059,D02,E10,7,2598.3
SO004889,2022-09-14,C0059,D02,E10,4,1562.8
SO004890,2022-10-01,C0059,D02,E10,7,3468.6
SO004891,2022-10-14,C0059,D02,E10,3,1253.25
SO004892,2022-10-30,C0059,D02,E10,3,1340.0
SO004893,2022-11-14,C0059,D02,E10,7,3871.9
SO004894,2022-11-28,C0059,D02,E10,3,1482.95
SO004895,2022-12-14,C0059,D02,E10,7,5020.0
SO004896,2022-12-29,C0059,D02,E10,4,2250.0
SO004897,2023-01-12,C0059,D02,E10,3,975.0
SO004898,2023-01-28,C0059,D02,E10,6,2684.8
SO004899,2023-02-14,C0059,D02,E10,5,2495.0
SO004900,2023-03-03,C0059,D02,E10,4,1865.6
SO004901,2023-03-17,C0059,D02,E10,4,1100.0
SO004902,2023-04-02,C0059,D02,E10,6,2161.9
SO004903,2023-04-15,C0059,D02,E10,7,2827.9
SO004904,2023-04-29,C0059,D02,E10,3,1223.6
SO004905,2023-05-12,C0059,D02,E10,7,2540.0
SO004906,2023-05-26,C0059,D02,E10,4,1932.8
SO004907,2023-06-11,C0059,D02,E10,7,2853.1
SO004908,2023-06-27,C0059,D02,E10,4,1399.2
SO004909,2023-07-12,C0059,D02,E10,4,1270.0
SO004910,2023-07-26,C0059,D02,E10,4,1430.0
SO004911,2023-08-10,C0059,D02,E10,7,4188.6
SO004912,2023-08-27,C0059,D02,E10,6,2291.25
SO004913,2023-09-12,C0059,D02,E10,6,2775.35
SO004914,2023-09-25,C0059,D02,E10,5,1909.8
SO004915,2023-10-12,C0059,D02,E10,4,1105.0
SO004916,2023-10-25,C0059,D02,E10,5,2907.0
SO004917,2023-11-11,C0059,D02,E10,4,3814.0
SO004918,2023-11-25,C0059,D02,E10,6,3861.1
SO004919,2023-12-12,C0059,D02,E10,3,2163.8
SO004920,2023-12-28,C0059,D02,E10,4,4055.0
SO004921,2024-01-10,C0059,D02,E10,3,2745.05
SO004922,2024-01-27,C0059,D02,E10,4,2865.3
SO004923,2024-02-11,C0059,D02,E10,6,4305.0
SO004924,2024-02-28,C0059,D02,E10,4,1845.0
SO004925,2024-03-15,C0059,D02,E10,3,1107.8
SO004926,2024-03-30,C0059,D02,E10,5,1270.0
SO004927,2024-04-16,C0059,D02,E10,7,2305.0
SO004928,2024-04-30,C0059,D02,E10,6,2010.0
SO004929,2024-05-15,C0059,D02,E10,5,2075.0
SO004930,2024-05-28,C0059,D02,E10,5,1451.5
SO004931,2024-06-11,C0059,D02,E10,4,1042.9
SO004932,2024-06-26,C0059,D02,E10,4,1895.6
SO004933,2024-07-10,C0059,D02,E10,4,1865.0
SO004934,2024-07-25,C0059,D02,E10,4,1740.0
SO004935,2024-08-11,C0059,D02,E10,7,2596.8
SO004936,2024-08-28,C0059,D02,E10,6,2755.0
SO004937,2024-09-14,C0059,D02,E10,5,2365.0
SO004938,2024-09-29,C0059,D02,E10,4,1844.55
SO004939,2024-10-15,C0059,D02,E10,7,3643.75
SO004940,2024-10-30,C0059,D02,E10,6,4374.75
SO004941,2024-11-13,C0059,D02,E10,6,5237.2
SO004942,2024-11-27,C0059,D02,E10,7,3412.25
SO004943,2024-12-10,C0059,D02,E10,3,1835.0
SO004944,2024-12-24,C0059,D02,E10,7,4840.0
SO004945,2022-01-07,C0060,D02,E11,4,1719.45
SO004946,2022-01-24,C0060,D02,E11,5,2900.0
SO004947,2022-02-09,C0060,D02,E11,5,3505.0
SO004948,2022-02-25,C0060,D02,E11,5,1600.0
SO004949,2022-03-12,C0060,D02,E11,6,1230.0
SO004950,2022-03-29,C0060,D02,E11,7,2155.05
SO004951,2022-04-14,C0060,D02,E11,6,1449.2
SO004952,2022-04-27,C0060,D02,E11,5,1443.4
SO004953,2022-05-10,C0060,D02,E11,5,1955.0
SO004954,2022-05-23,C0060,D02,E11,3,981.45
SO004955,2022-06-09,C0060,D02,E11,5,2760.0
SO004956,2022-06-22,C0060,D02,E11,3,1190.0
SO004957,2022-07-07,C0060,D02,E11,5,2352.0
SO004958,2022-07-23,C0060,D02,E11,4,1594.4
SO004959,2022-08-08,C0060,D02,E11,6,2235.0
SO004960,2022-08-25,C0060,D02,E11,6,2298.25
SO004961,2022-09-07,C0060,D02,E11,3,1000.0
SO004962,2022-09-22,C0060,D02,E11,7,3623.4
SO004963,2022-10-07,C0060,D02,E11,4,1795.0
SO004964,2022-10-23,C0060,D02,E11,7,2841.05
SO004965,2022-11-06,C0060,D02,E11,4,3380.1
SO004966,2022-11-22,C0060,D02,E11,4,2770.75
SO004967,2022-12-06,C0060,D02,E11,5,2730.0
SO004968,2022-12-21,C0060,D02,E11,7,4476.65
SO004969,2023-01-06,C0060,D02,E11,4,2875.0
SO004970,2023-01-22,C0060,D02,E11,5,2956.2
SO004971,2023-02-07,C0060,D02,E11,3,1601.0
SO004972,2023-02-24,C0060,D02,E11,3,2499.25
SO004973,2023-03-10,C0060,D02,E11,6,1398.95
SO004974,2023-03-23,C0060,D02,E11,4,1183.2
SO004975,2023-04-08,C0060,D02,E11,7,1679.9
SO004976,2023-04-23,C0060,D02,E11,5,1315.0
SO004977,2023-05-06,C0060,D02,E11,5,1975.0
SO004978,2023-05-23,C0060,D02,E11,4,1791.25
SO004979,2023-06-09,C0060,D02,E11,5,2005.55
SO004980,2023-06-23,C0060,D02,E11,4,1682.35
SO004981,2023-07-10,C0060,D02,E11,5,3550.0
SO004982,2023-07-27,C0060,D02,E11,4,1435.0
SO004983,2023-08-13,C0060,D02,E11,5,2055.0
SO004984,2023-08-29,C0060,D02,E11,4,1785.0
SO004985,2023-09-12,C0060,D02,E11,3,1508.25
SO004986,2023-09-28,C0060,D02,E11,7,3335.0
SO004987,2023-10-15,C0060,D02,E11,4,2533.4
SO004988,2023-10-29,C0060,D02,E11,3,1627.4
SO004989,2023-11-12,C0060,D02,E11,4,2458.05
SO004990,2023-11-28,C0060,D02,E11,5,2557.0
SO004991,2023-12-12,C0060,D02,E11,7,5639.5
SO004992,2023-12-28,C0060,D02,E11,3,1255.0
SO004993,2024-01-12,C0060,D02,E11,7,5122.95
SO004994,2024-01-28,C0060,D02,E11,6,5730.3
SO004995,2024-02-11,C0060,D02,E11,4,1793.75
SO004996,2024-02-27,C0060,D02,E11,4,3720.0
SO004997,2024-03-15,C0060,D02,E11,4,1485.0
SO004998,2024-03-30,C0060,D02,E11,4,975.0
SO004999,2024-04-12,C0060,D02,E11,4,1780.0
SO005000,2024-04-28,C0060,D02,E11,7,2385.0
SO005001,2024-05-12,C0060,D02,E11,7,2672.5
SO005002,2024-05-28,C0060,D02,E11,7,2129.3
SO005003,2024-06-14,C0060,D02,E11,5,2274.3
SO005004,2024-06-28,C0060,D02,E11,4,2047.1
SO005005,2024-07-15,C0060,D02,E11,7,3442.4
SO005006,2024-07-31,C0060,D02,E11,6,2463.6
SO005007,2024-08-15,C0060,D02,E11,6,2788.8
SO005008,2024-08-31,C0060,D02,E11,3,610.2
SO005009,2024-09-17,C0060,D02,E11,5,2094.35
SO005010,2024-09-30,C0060,D02,E11,4,1130.0
SO005011,2024-10-14,C0060,D02,E11,7,2779.25
SO005012,2024-10-28,C0060,D02,E11,7,4209.0
SO005013,2024-11-13,C0060,D02,E11,3,1880.8
SO005014,2024-11-30,C0060,D02,E11,3,1185.0
SO005015,2024-12-14,C0060,D02,E11,4,3327.5
SO005016,2024-12-30,C0060,D02,E11,6,3545.0
SO005017,2022-01-13,C0061,D01,E06,7,3536.0
SO005018,2022-01-29,C0061,D01,E06,4,2956.45
SO005019,2022-02-15,C0061,D01,E06,7,3685.0
SO005020,2022-03-04,C0061,D01,E06,5,1736.45
SO005021,2022-03-20,C0061,D01,E06,3,751.0
SO005022,2022-04-04,C0061,D01,E06,4,1070.0
SO005023,2022-04-21,C0061,D01,E06,7,2285.0
SO005024,2022-05-06,C0061,D01,E06,3,1035.0
SO005025,2022-05-21,C0061,D01,E06,4,1370.0
SO005026,2022-06-07,C0061,D01,E06,5,1945.0
SO005027,2022-06-24,C0061,D01,E06,5,2375.0
SO005028,2022-07-11,C0061,D01,E06,3,1437.0
SO005029,2022-07-28,C0061,D01,E06,4,1788.6
SO005030,2022-08-14,C0061,D01,E06,6,2643.45
SO005031,2022-08-30,C0061,D01,E06,6,2345.0
SO005032,2022-09-15,C0061,D01,E06,7,2990.2
SO005033,2022-10-01,C0061,D01,E06,7,3278.45
SO005034,2022-10-18,C0061,D01,E06,5,2793.95
SO005035,2022-11-03,C0061,D01,E06,7,4180.0
SO005036,2022-11-18,C0061,D01,E06,3,765.0
SO005037,2022-12-02,C0061,D01,E06,7,4072.7
SO005038,2022-12-17,C0061,D01,E06,3,1730.0
SO005039,2023-01-03,C0061,D01,E06,5,1490.0
SO005040,2023-01-19,C0061,D01,E06,6,2820.75
SO005041,2023-02-04,C0061,D01,E06,4,2082.85
SO005042,2023-02-21,C0061,D01,E06,4,2150.0
SO005043,2023-03-10,C0061,D01,E06,4,1289.15
SO005044,2023-03-23,C0061,D01,E06,5,1120.0
SO005045,2023-04-09,C0061,D01,E06,4,1375.6
SO005046,2023-04-24,C0061,D01,E06,7,2090.0
SO005047,2023-05-09,C0061,D01,E06,4,1567.35
SO005048,2023-05-24,C0061,D01,E06,4,869.3
SO005049,2023-06-06,C0061,D01,E06,7,3240.0
SO005050,2023-06-19,C0061,D01,E06,6,3087.0
SO005051,2023-07-04,C0061,D01,E06,7,2545.15
SO005052,2023-07-20,C0061,D01,E06,7,2471.7
SO005053,2023-08-04,C0061,D01,E06,3,1615.0
SO005054,2023-08-17,C0061,D01,E06,4,1990.0
SO005055,2023-08-31,C0061,D01,E06,7,3265.0
SO005056,2023-09-14,C0061,D01,E06,7,2576.0
SO005057,2023-10-01,C0061,D01,E06,3,1005.0
SO005058,2023-10-16,C0061,D01,E06,7,4789.45
SO005059,2023-10-30,C0061,D01,E06,4,2268.8
SO005060,2023-11-15,C0061,D01,E06,7,6967.5
SO005061,2023-12-02,C0061,D01,E06,6,3925.0
SO005062,2023-12-16,C0061,D01,E06,6,2978.6
SO005063,2023-12-29,C0061,D01,E06,3,945.0
SO005064,2024-01-12,C0061,D01,E06,7,3136.4
SO005065,2024-01-25,C0061,D01,E06,4,2905.0
SO005066,2024-02-07,C0061,D01,E06,3,1695.6
SO005067,2024-02-22,C0061,D01,E06,4,2290.0
SO005068,2024-03-07,C0061,D01,E06,6,1412.8
SO005069,2024-03-24,C0061,D01,E06,3,900.0
SO005070,2024-04-09,C0061,D01,E06,7,2274.75
SO005071,2024-04-22,C0061,D01,E06,4,1099.2
SO005072,2024-05-06,C0061,D01,E06,7,2152.9
SO005073,2024-05-22,C0061,D01,E06,6,2702.1
SO005074,2024-06-07,C0061,D01,E06,4,1770.0
SO005075,2024-06-24,C0061,D01,E06,5,3116.25
SO005076,2024-07-07,C0061,D01,E06,3,1590.0
SO005077,2024-07-24,C0061,D01,E06,6,2741.9
SO005078,2024-08-07,C0061,D01,E06,7,3275.6
SO005079,2024-08-22,C0061,D01,E06,6,2700.75
SO005080,2024-09-08,C0061,D01,E06,7,3050.0
SO005081,2024-09-22,C0061,D01,E06,7,3500.0
SO005082,2024-10-09,C0061,D01,E06,7,3773.7
SO005083,2024-10-25,C0061,D01,E06,7,5359.5
SO005084,2024-11-11,C0061,D01,E06,3,1350.0
SO005085,2024-11-26,C0061,D01,E06,6,2518.45
SO005086,2024-12-12,C0061,D01,E06,5,2255.0
SO005087,2024-12-25,C0061,D01,E06,7,4307.2
SO005088,2022-01-03,C0062,D01,E07,4,6696.4
SO005089,2022-01-12,C0062,D01,E07,7,7958.2
SO005090,2022-01-21,C0062,D01,E07,3,4533.9
SO005091,2022-01-30,C0062,D01,E07,3,2920.3
SO005092,2022-02-09,C0062,D01,E07,4,7660.0
SO005093,2022-02-18,C0062,D01,E07,4,3689.3
SO005094,2022-02-27,C0062,D01,E07,5,6843.8
SO005095,2022-03-10,C0062,D01,E07,4,3200.0
SO005096,2022-03-17,C0062,D01,E07,7,5820.0
SO005097,2022-03-25,C0062,D01,E07,3,2890.0
SO005098,2022-04-05,C0062,D01,E07,7,6194.0
SO005099,2022-04-12,C0062,D01,E07,5,4531.6
SO005100,2022-04-19,C0062,D01,E07,7,7337.25
SO005101,2022-04-30,C0062,D01,E07,5,3310.0
SO005102,2022-05-11,C0062,D01,E07,6,4870.0
SO005103,2022-05-20,C0062,D01,E07,5,3678.6
SO005104,2022-05-31,C0062,D01,E07,6,4997.2
SO005105,2022-06-09,C0062,D01,E07,4,4830.4
SO005106,2022-06-20,C0062,D01,E07,6,7580.0
SO005107,2022-06-28,C0062,D01,E07,6,6308.2
SO005108,2022-07-09,C0062,D01,E07,7,6901.4
SO005109,2022-07-18,C0062,D01,E07,5,4728.2
SO005110,2022-07-27,C0062,D01,E07,3,3280.0
SO005111,2022-08-05,C0062,D01,E07,6,6723.35
SO005112,2022-08-15,C0062,D01,E07,4,4777.6
SO005113,2022-08-23,C0062,D01,E07,5,6320.0
SO005114,2022-09-03,C0062,D01,E07,7,6590.0
SO005115,2022-09-12,C0062,D01,E07,7,7220.0
SO005116,2022-09-21,C0062,D01,E07,6,6210.75
SO005117,2022-09-30,C0062,D01,E07,3,3432.75
SO005118,2022-10-07,C0062,D01,E07,3,4170.0
SO005119,2022-10-15,C0062,D01,E07,6,7786.9
SO005120,2022-10-24,C0062,D01,E07,5,7832.15
SO005121,2022-10-31,C0062,D01,E07,3,3987.6
SO005122,2022-11-09,C0062,D01,E07,7,6666.0
SO005123,2022-11-18,C0062,D01,E07,4,8575.0
SO005124,2022-11-26,C0062,D01,E07,6,11235.0
SO005125,2022-12-04,C0062,D01,E07,6,9415.0
SO005126,2022-12-15,C0062,D01,E07,3,4525.0
SO005127,2022-12-23,C0062,D01,E07,3,4795.0
SO005128,2023-01-01,C0062,D01,E07,3,3310.0
SO005129,2023-01-08,C0062,D01,E07,3,8021.6
SO005130,2023-01-19,C0062,D01,E07,7,13015.0
SO005131,2023-01-29,C0062,D01,E07,3,9610.0
SO005132,2023-02-09,C0062,D01,E07,5,5720.0
SO005133,2023-02-18,C0062,D01,E07,5,7994.3
SO005134,2023-02-25,C0062,D01,E07,6,6914.3
SO005135,2023-03-07,C0062,D01,E07,7,7161.6
SO005136,2023-03-14,C0062,D01,E07,3,2398.4
SO005137,2023-03-21,C0062,D01,E07,5,4405.0
SO005138,2023-03-30,C0062,D01,E07,7,6456.45
SO005139,2023-04-09,C0062,D01,E07,3,3735.0
SO005140,2023-04-20,C0062,D01,E07,4,4372.75
SO005141,2023-04-27,C0062,D01,E07,4,3740.0
SO005142,2023-05-05,C0062,D01,E07,6,7068.6
SO005143,2023-05-16,C0062,D01,E07,5,5711.45
SO005144,2023-05-27,C0062,D01,E07,6,3694.0
SO005145,2023-06-07,C0062,D01,E07,7,10988.4
SO005146,2023-06-14,C0062,D01,E07,7,8037.7
SO005147,2023-06-23,C0062,D01,E07,6,7380.0
SO005148,2023-06-30,C0062,D01,E07,4,3487.7
SO005149,2023-07-07,C0062,D01,E07,6,7865.0
SO005150,2023-07-17,C0062,D01,E07,6,8310.0
SO005151,2023-07-27,C0062,D01,E07,3,3731.2
SO005152,2023-08-03,C0062,D01,E07,3,2835.0
SO005153,2023-08-13,C0062,D01,E07,3,3853.3
SO005154,2023-08-21,C0062,D01,E07,3,2688.6
SO005155,2023-08-29,C0062,D01,E07,7,9551.3
SO005156,2023-09-09,C0062,D01,E07,4,4944.4
SO005157,2023-09-17,C0062,D01,E07,6,6668.5
SO005158,2023-09-27,C0062,D01,E07,5,6300.0
SO005159,2023-10-08,C0062,D01,E07,6,6290.85
SO005160,2023-10-17,C0062,D01,E07,6,7015.35
SO005161,2023-10-26,C0062,D01,E07,7,6416.6
SO005162,2023-11-04,C0062,D01,E07,7,12618.1
SO005163,2023-11-15,C0062,D01,E07,5,9130.85
SO005164,2023-11-24,C0062,D01,E07,6,11521.0
SO005165,2023-12-05,C0062,D01,E07,6,10631.2
SO005166,2023-12-13,C0062,D01,E07,4,9600.0
SO005167,2023-12-21,C0062,D01,E07,5,4488.4
SO005168,2023-12-31,C0062,D01,E07,7,9703.55
SO005169,2024-01-11,C0062,D01,E07,6,8525.0
SO005170,2024-01-21,C0062,D01,E07,4,6320.0
SO005171,2024-01-29,C0062,D01,E07,6,14169.4
SO005172,2024-02-05,C0062,D01,E07,5,9890.0
SO005173,2024-02-13,C0062,D01,E07,3,4480.0
SO005174,2024-02-24,C0062,D01,E07,3,2990.0
SO005175,2024-03-02,C0062,D01,E07,3,4255.0
SO005176,2024-03-09,C0062,D01,E07,7,6560.0
SO005177,2024-03-17,C0062,D01,E07,3,5330.0
SO005178,2024-03-26,C0062,D01,E07,3,2950.0
SO005179,2024-04-04,C0062,D01,E07,4,5485.1
SO005180,2024-04-15,C0062,D01,E07,5,4840.0
SO005181,2024-04-24,C0062,D01,E07,7,6855.0
SO005182,2024-05-05,C0062,D01,E07,3,3240.0
SO005183,2024-05-15,C0062,D01,E07,3,3278.0
SO005184,2024-05-25,C0062,D01,E07,6,5652.0
SO005185,2024-06-03,C0062,D01,E07,7,11453.3
SO005186,2024-06-11,C0062,D01,E07,4,5300.0
SO005187,2024-06-20,C0062,D01,E07,7,9323.95
SO005188,2024-06-27,C0062,D01,E07,7,8955.15
SO005189,2024-07-06,C0062,D01,E07,3,5205.0
SO005190,2024-07-15,C0062,D01,E07,6,7540.0
SO005191,2024-07-24,C0062,D01,E07,4,4055.0
SO005192,2024-08-03,C0062,D01,E07,7,10815.0
SO005193,2024-08-12,C0062,D01,E07,5,5804.8
SO005194,2024-08-21,C0062,D01,E07,5,8505.0
SO005195,2024-08-29,C0062,D01,E07,7,7378.4
SO005196,2024-09-06,C0062,D01,E07,5,7438.3
SO005197,2024-09-15,C0062,D01,E07,5,7073.4
SO005198,2024-09-24,C0062,D01,E07,7,9768.8
SO005199,2024-10-05,C0062,D01,E07,4,7973.1
SO005200,2024-10-13,C0062,D01,E07,5,6045.0
SO005201,2024-10-20,C0062,D01,E07,3,3885.0
SO005202,2024-10-29,C0062,D01,E07,3,5425.05
SO005203,2024-11-07,C0062,D01,E07,6,11723.9
SO005204,2024-11-16,C0062,D01,E07,3,5460.0
SO005205,2024-11-26,C0062,D01,E07,5,8696.15
SO005206,2024-12-05,C0062,D01,E07,4,13931.5
SO005207,2024-12-15,C0062,D01,E07,5,5186.5
SO005208,2024-12-25,C0062,D01,E07,3,5144.1
SO005209,2022-01-09,C0063,D01,E08,4,4435.7
SO005210,2022-01-19,C0063,D01,E08,4,5544.2
SO005211,2022-01-27,C0063,D01,E08,6,11300.0
SO005212,2022-02-07,C0063,D01,E08,4,4136.2
SO005213,2022-02-17,C0063,D01,E08,3,2308.4
SO005214,2022-02-25,C0063,D01,E08,5,6160.0
SO005215,2022-03-05,C0063,D01,E08,4,2470.0
SO005216,2022-03-16,C0063,D01,E08,7,4511.6
SO005217,2022-03-25,C0063,D01,E08,5,4147.2
SO005218,2022-04-02,C0063,D01,E08,4,2930.0
SO005219,2022-04-11,C0063,D01,E08,7,5510.0
SO005220,2022-04-20,C0063,D01,E08,3,4040.35
SO005221,2022-04-30,C0063,D01,E08,4,4135.75
SO005222,2022-05-07,C0063,D01,E08,3,2339.25
SO005223,2022-05-17,C0063,D01,E08,3,1578.6
SO005224,2022-05-27,C0063,D01,E08,4,3224.6
SO005225,2022-06-06,C0063,D01,E08,4,5467.5
SO005226,2022-06-13,C0063,D01,E08,6,6435.05
SO005227,2022-06-21,C0063,D01,E08,7,7430.3
SO005228,2022-06-30,C0063,D01,E08,3,2100.0
SO005229,2022-07-07,C0063,D01,E08,6,5597.75
SO005230,2022-07-16,C0063,D01,E08,6,6907.2
SO005231,2022-07-23,C0063,D01,E08,5,4840.0
SO005232,2022-07-30,C0063,D01,E08,3,2040.0
SO005233,2022-08-09,C0063,D01,E08,7,7840.0
SO005234,2022-08-20,C0063,D01,E08,3,3196.65
SO005235,2022-08-29,C0063,D01,E08,5,3970.0
SO005236,2022-09-07,C0063,D01,E08,6,7704.85
SO005237,2022-09-18,C0063,D01,E08,4,5414.9
SO005238,2022-09-29,C0063,D01,E08,4,5715.95
SO005239,2022-10-07,C0063,D01,E08,7,9155.0
SO005240,2022-10-14,C0063,D01,E08,6,6570.5
SO005241,2022-10-25,C0063,D01,E08,3,5705.75
SO005242,2022-11-02,C0063,D01,E08,3,5392.2
SO005243,2022-11-11,C0063,D01,E08,4,5000.0
SO005244,2022-11-20,C0063,D01,E08,3,8130.0
SO005245,2022-12-01,C0063,D01,E08,3,4043.55
SO005246,2022-12-08,C0063,D01,E08,4,4914.9
SO005247,2022-12-18,C0063,D01,E08,6,7071.7
SO005248,2022-12-29,C0063,D01,E08,4,4530.1
SO005249,2023-01-05,C0063,D01,E08,3,3435.0
SO005250,2023-01-12,C0063,D01,E08,7,13300.2
SO005251,2023-01-20,C0063,D01,E08,5,7228.9
SO005252,2023-01-28,C0063,D01,E08,5,6045.0
SO005253,2023-02-08,C0063,D01,E08,4,4918.0
SO005254,2023-02-19,C0063,D01,E08,5,7860.85
SO005255,2023-02-28,C0063,D01,E08,6,14979.0
SO005256,2023-03-10,C0063,D01,E08,5,3605.0
SO005257,2023-03-17,C0063,D01,E08,4,3235.0
SO005258,2023-03-24,C0063,D01,E08,4,3155.0
SO005259,2023-04-02,C0063,D01,E08,5,4632.2
SO005260,2023-04-13,C0063,D01,E08,5,6232.75
SO005261,2023-04-20,C0063,D01,E08,6,6278.75
SO005262,2023-04-27,C0063,D01,E08,3,2265.0
SO005263,2023-05-04,C0063,D01,E08,5,5280.0
SO005264,2023-05-15,C0063,D01,E08,3,4640.0
SO005265,2023-05-25,C0063,D01,E08,4,3125.0
SO005266,2023-06-01,C0063,D01,E08,6,6949.25
SO005267,2023-06-08,C0063,D01,E08,5,6205.0
SO005268,2023-06-19,C0063,D01,E08,3,3090.0
SO005269,2023-06-27,C0063,D01,E08,5,6820.0
SO005270,2023-07-06,C0063,D01,E08,6,7844.2
SO005271,2023-07-16,C0063,D01,E08,4,5700.0
SO005272,2023-07-27,C0063,D01,E08,7,8516.25
SO005273,2023-08-03,C0063,D01,E08,7,6780.0
SO005274,2023-08-14,C0063,D01,E08,6,7560.4
SO005275,2023-08-25,C0063,D01,E08,4,4725.0
SO005276,2023-09-05,C0063,D01,E08,4,4570.0
SO005277,2023-09-16,C0063,D01,E08,3,2953.6
SO005278,2023-09-27,C0063,D01,E08,3,2360.0
SO005279,2023-10-07,C0063,D01,E08,3,3260.0
SO005280,2023-10-16,C0063,D01,E08,6,7195.95
SO005281,2023-10-27,C0063,D01,E08,5,6314.5
SO005282,2023-11-04,C0063,D01,E08,7,15965.55
SO005283,2023-11-11,C0063,D01,E08,4,12484.35
SO005284,2023-11-20,C0063,D01,E08,7,14925.0
SO005285,2023-12-01,C0063,D01,E08,7,12128.9
SO005286,2023-12-10,C0063,D01,E08,4,9395.0
SO005287,2023-12-21,C0063,D01,E08,6,12461.0
SO005288,2023-12-28,C0063,D01,E08,7,15088.0
SO005289,2024-01-04,C0063,D01,E08,5,7619.8
SO005290,2024-01-13,C0063,D01,E08,5,6820.35
SO005291,2024-01-24,C0063,D01,E08,5,10760.0
SO005292,2024-01-31,C0063,D01,E08,3,6370.0
SO005293,2024-02-07,C0063,D01,E08,4,11480.0
SO005294,2024-02-17,C0063,D01,E08,3,5265.0
SO005295,2024-02-25,C0063,D01,E08,7,12558.2
SO005296,2024-03-03,C0063,D01,E08,7,7025.6
SO005297,2024-03-14,C0063,D01,E08,3,4116.6
SO005298,2024-03-23,C0063,D01,E08,4,4440.0
SO005299,2024-04-01,C0063,D01,E08,6,6060.0
SO005300,2024-04-09,C0063,D01,E08,7,6436.9
SO005301,2024-04-16,C0063,D01,E08,4,3380.0
SO005302,2024-04-27,C0063,D01,E08,5,5915.0
SO005303,2024-05-05,C0063,D01,E08,4,6000.0
SO005304,2024-05-15,C0063,D01,E08,7,5229.5
SO005305,2024-05-22,C0063,D01,E08,7,7091.5
SO005306,2024-05-29,C0063,D01,E08,6,6879.75
SO005307,2024-06-07,C0063,D01,E08,7,8529.6
SO005308,2024-06-14,C0063,D01,E08,3,5547.5
SO005309,2024-06-25,C0063,D01,E08,6,7083.2
SO005310,2024-07-05,C0063,D01,E08,3,2485.0
SO005311,2024-07-12,C0063,D01,E08,5,6109.8
SO005312,2024-07-23,C0063,D01,E08,4,4828.5
SO005313,2024-07-30,C0063,D01,E08,5,6270.0
SO005314,2024-08-07,C0063,D01,E08,7,8667.8
SO005315,2024-08-17,C0063,D01,E08,4,6110.0
SO005316,2024-08-24,C0063,D01,E08,4,4570.0
SO005317,2024-09-01,C0063,D01,E08,7,10285.0
SO005318,2024-09-09,C0063,D01,E08,4,6125.0
SO005319,2024-09-16,C0063,D01,E08,3,3680.0
SO005320,2024-09-25,C0063,D01,E08,7,6722.7
SO005321,2024-10-05,C0063,D01,E08,6,12934.65
SO005322,2024-10-16,C0063,D01,E08,3,4955.0
SO005323,2024-10-27,C0063,D01,E08,4,5041.6
SO005324,2024-11-06,C0063,D01,E08,4,5785.0
SO005325,2024-11-14,C0063,D01,E08,5,11010.6
SO005326,2024-11-25,C0063,D01,E08,7,13457.25
SO005327,2024-12-02,C0063,D01,E08,7,16540.0
SO005328,2024-12-11,C0063,D01,E08,7,11674.2
SO005329,2024-12-18,C0063,D01,E08,7,10170.0
SO005330,2024-12-28,C0063,D01,E08,6,14623.1
SO005331,2022-01-08,C0064,D02,E09,4,1863.75
SO005332,2022-01-23,C0064,D02,E09,3,1345.0
SO005333,2022-02-06,C0064,D02,E09,6,3240.0
SO005334,2022-02-21,C0064,D02,E09,4,2075.0
SO005335,2022-03-10,C0064,D02,E09,5,1220.0
SO005336,2022-03-23,C0064,D02,E09,6,1839.2
SO005337,2022-04-06,C0064,D02,E09,5,1015.0
SO005338,2022-04-23,C0064,D02,E09,5,1195.0
SO005339,2022-05-06,C0064,D02,E09,7,1970.0
SO005340,2022-05-19,C0064,D02,E09,5,1434.3
SO005341,2022-06-02,C0064,D02,E09,4,1813.6
SO005342,2022-06-16,C0064,D02,E09,7,3207.9
SO005343,2022-07-03,C0064,D02,E09,7,3241.9
SO005344,2022-07-20,C0064,D02,E09,6,2350.0
SO005345,2022-08-03,C0064,D02,E09,4,1430.0
SO005346,2022-08-19,C0064,D02,E09,6,2191.9
SO005347,2022-09-03,C0064,D02,E09,3,910.0
SO005348,2022-09-16,C0064,D02,E09,3,1150.0
SO005349,2022-09-30,C0064,D02,E09,6,2438.85
SO005350,2022-10-14,C0064,D02,E09,5,2550.8
SO005351,2022-10-27,C0064,D02,E09,6,2722.7
SO005352,2022-11-09,C0064,D02,E09,3,1340.0
SO005353,2022-11-22,C0064,D02,E09,3,1340.0
SO005354,2022-12-08,C0064,D02,E09,5,3210.0
SO005355,2022-12-23,C0064,D02,E09,5,2652.15
SO005356,2023-01-07,C0064,D02,E09,6,2480.5
SO005357,2023-01-23,C0064,D02,E09,5,2853.7
SO005358,2023-02-08,C0064,D02,E09,7,3890.0
SO005359,2023-02-24,C0064,D02,E09,7,4637.9
SO005360,2023-03-11,C0064,D02,E09,5,1340.0
SO005361,2023-03-27,C0064,D02,E09,7,2637.6
SO005362,2023-04-13,C0064,D02,E09,4,1235.0
SO005363,2023-04-26,C0064,D02,E09,5,1858.4
SO005364,2023-05-11,C0064,D02,E09,4,1365.0
SO005365,2023-05-26,C0064,D02,E09,6,2395.0
SO005366,2023-06-09,C0064,D02,E09,4,2225.0
SO005367,2023-06-25,C0064,D02,E09,6,1821.9
SO005368,2023-07-11,C0064,D02,E09,5,1910.25
SO005369,2023-07-25,C0064,D02,E09,7,2849.75
SO005370,2023-08-11,C0064,D02,E09,4,2180.0
SO005371,2023-08-24,C0064,D02,E09,3,1423.6
SO005372,2023-09-09,C0064,D02,E09,3,1400.0
SO005373,2023-09-24,C0064,D02,E09,3,1907.0
SO005374,2023-10-07,C0064,D02,E09,4,1779.2
SO005375,2023-10-21,C0064,D02,E09,5,2746.2
SO005376,2023-11-03,C0064,D02,E09,5,4055.75
SO005377,2023-11-18,C0064,D02,E09,5,2377.3
SO005378,2023-12-02,C0064,D02,E09,7,3185.0
SO005379,2023-12-16,C0064,D02,E09,5,3540.0
SO005380,2024-01-01,C0064,D02,E09,5,3300.0
SO005381,2024-01-18,C0064,D02,E09,5,3318.8
SO005382,2024-02-02,C0064,D02,E09,5,3000.3
SO005383,2024-02-19,C0064,D02,E09,3,3220.0
SO005384,2024-03-04,C0064,D02,E09,7,2850.0
SO005385,2024-03-20,C0064,D02,E09,3,550.0
SO005386,2024-04-05,C0064,D02,E09,3,1195.0
SO005387,2024-04-18,C0064,D02,E09,5,1180.0
SO005388,2024-05-01,C0064,D02,E09,7,2718.4
SO005389,2024-05-15,C0064,D02,E09,6,2402.8
SO005390,2024-05-28,C0064,D02,E09,6,2655.0
SO005391,2024-06-14,C0064,D02,E09,4,2331.9
SO005392,2024-06-30,C0064,D02,E09,4,1581.8
SO005393,2024-07-15,C0064,D02,E09,3,2290.0
SO005394,2024-07-30,C0064,D02,E09,7,2827.8
SO005395,2024-08-13,C0064,D02,E09,5,2275.0
SO005396,2024-08-29,C0064,D02,E09,4,2295.0
SO005397,2024-09-15,C0064,D02,E09,6,2560.6
SO005398,2024-09-28,C0064,D02,E09,6,3367.6
SO005399,2024-10-14,C0064,D02,E09,5,2110.0
SO005400,2024-10-27,C0064,D02,E09,5,3144.05
SO005401,2024-11-11,C0064,D02,E09,6,5385.0
SO005402,2024-11-26,C0064,D02,E09,6,3539.6
SO005403,2024-12-10,C0064,D02,E09,4,1155.0
SO005404,2024-12-25,C0064,D02,E09,6,3700.0
SO005405,2022-01-07,C0065,D02,E10,5,2062.9
SO005406,2022-01-23,C0065,D02,E10,4,1914.2
SO005407,2022-02-08,C0065,D02,E10,4,2584.65
SO005408,2022-02-23,C0065,D02,E10,6,2654.2
SO005409,2022-03-09,C0065,D02,E10,5,1785.0
SO005410,2022-03-26,C0065,D02,E10,3,935.0
SO005411,2022-04-10,C0065,D02,E10,3,800.0
SO005412,2022-04-23,C0065,D02,E10,7,1875.0
SO005413,2022-05-09,C0065,D02,E10,7,2330.0
SO005414,2022-05-24,C0065,D02,E10,3,1050.0
SO005415,2022-06-09,C0065,D02,E10,3,1098.3
SO005416,2022-06-22,C0065,D02,E10,6,2125.0
SO005417,2022-07-09,C0065,D02,E10,4,1285.0
SO005418,2022-07-25,C0065,D02,E10,5,1595.0
SO005419,2022-08-10,C0065,D02,E10,5,2208.75
SO005420,2022-08-25,C0065,D02,E10,5,2085.6
SO005421,2022-09-07,C0065,D02,E10,4,1906.5
SO005422,2022-09-24,C0065,D02,E10,4,1157.4
SO005423,2022-10-09,C0065,D02,E10,5,2685.0
SO005424,2022-10-25,C0065,D02,E10,6,2689.2
SO005425,2022-11-09,C0065,D02,E10,4,2315.0
SO005426,2022-11-25,C0065,D02,E10,7,6398.25
SO005427,2022-12-12,C0065,D02,E10,7,4074.3
SO005428,2022-12-29,C0065,D02,E10,7,3765.0
SO005429,2023-01-11,C0065,D02,E10,4,3230.0
SO005430,2023-01-27,C0065,D02,E10,3,1785.0
SO005431,2023-02-12,C0065,D02,E10,3,1767.0
SO005432,2023-02-28,C0065,D02,E10,4,2100.0
SO005433,2023-03-13,C0065,D02,E10,3,1270.0
SO005434,2023-03-26,C0065,D02,E10,5,1440.0
SO005435,2023-04-09,C0065,D02,E10,3,1060.0
SO005436,2023-04-25,C0065,D02,E10,7,1844.3
SO005437,2023-05-08,C0065,D02,E10,3,872.2
SO005438,2023-05-23,C0065,D02,E10,3,1105.0
SO005439,2023-06-08,C0065,D02,E10,3,1005.0
SO005440,2023-06-21,C0065,D02,E10,3,907.8
SO005441,2023-07-08,C0065,D02,E10,7,2522.85
SO005442,2023-07-23,C0065,D02,E10,7,3080.25
SO005443,2023-08-09,C0065,D02,E10,6,3010.0
SO005444,2023-08-26,C0065,D02,E10,4,1690.0
SO005445,2023-09-09,C0065,D02,E10,3,1115.0
SO005446,2023-09-24,C0065,D02,E10,7,2413.3
SO005447,2023-10-11,C0065,D02,E10,7,3888.8
SO005448,2023-10-26,C0065,D02,E10,3,1457.9
SO005449,2023-11-11,C0065,D02,E10,3,3197.2
SO005450,2023-11-24,C0065,D02,E10,3,1060.0
SO005451,2023-12-10,C0065,D02,E10,6,4226.1
SO005452,2023-12-26,C0065,D02,E10,6,4720.0
SO005453,2024-01-12,C0065,D02,E10,7,4329.6
SO005454,2024-01-29,C0065,D02,E10,4,1595.0
SO005455,2024-02-14,C0065,D02,E10,4,1950.0
SO005456,2024-02-27,C0065,D02,E10,5,2593.8
SO005457,2024-03-11,C0065,D02,E10,7,1995.0
SO005458,2024-03-25,C0065,D02,E10,3,1855.0
SO005459,2024-04-11,C0065,D02,E10,5,2125.0
SO005460,2024-04-27,C0065,D02,E10,5,2423.6
SO005461,2024-05-14,C0065,D02,E10,5,2579.3
SO005462,2024-05-27,C0065,D02,E10,6,2543.3
SO005463,2024-06-11,C0065,D02,E10,7,3847.45
SO005464,2024-06-24,C0065,D02,E10,4,1522.2
SO005465,2024-07-07,C0065,D02,E10,3,1075.0
SO005466,2024-07-24,C0065,D02,E10,6,2170.0
SO005467,2024-08-10,C0065,D02,E10,6,2599.5
SO005468,2024-08-24,C0065,D02,E10,3,1520.0
SO005469,2024-09-10,C0065,D02,E10,3,1770.0
SO005470,2024-09-26,C0065,D02,E10,3,1025.1
SO005471,2024-10-10,C0065,D02,E10,3,1545.6
SO005472,2024-10-23,C0065,D02,E10,5,3153.6
SO005473,2024-11-06,C0065,D02,E10,6,3261.6
SO005474,2024-11-21,C0065,D02,E10,3,3012.9
SO005475,2024-12-07,C0065,D02,E10,7,6090.85
SO005476,2024-12-21,C0065,D02,E10,5,3340.0
SO005477,2022-01-07,C0066,D02,E11,6,4066.8
SO005478,2022-01-18,C0066,D02,E11,7,8375.6
SO005479,2022-01-30,C0066,D02,E11,6,3562.9
SO005480,2022-02-12,C0066,D02,E11,6,5052.9
SO005481,2022-02-25,C0066,D02,E11,4,5391.95
SO005482,2022-03-10,C0066,D02,E11,7,4608.4
SO005483,2022-03-20,C0066,D02,E11,3,1652.2
SO005484,2022-03-30,C0066,D02,E11,6,4987.0
SO005485,2022-04-13,C0066,D02,E11,5,2386.35
SO005486,2022-04-23,C0066,D02,E11,7,3945.0
SO005487,2022-05-06,C0066,D02,E11,4,1935.0
SO005488,2022-05-17,C0066,D02,E11,6,4056.45
SO005489,2022-05-27,C0066,D02,E11,7,3839.75
SO005490,2022-06-08,C0066,D02,E11,6,5113.8
SO005491,2022-06-18,C0066,D02,E11,4,2675.0
SO005492,2022-06-28,C0066,D02,E11,3,2110.0
SO005493,2022-07-12,C0066,D02,E11,4,2538.8
SO005494,2022-07-23,C0066,D02,E11,6,4185.0
SO005495,2022-08-03,C0066,D02,E11,6,4315.0
SO005496,2022-08-13,C0066,D02,E11,7,4873.7
SO005497,2022-08-24,C0066,D02,E11,7,4851.2
SO005498,2022-09-03,C0066,D02,E11,7,6032.2
SO005499,2022-09-14,C0066,D02,E11,5,2095.0
SO005500,2022-09-26,C0066,D02,E11,6,4395.55
SO005501,2022-10-06,C0066,D02,E11,4,3418.8
SO005502,2022-10-16,C0066,D02,E11,3,2517.5
SO005503,2022-10-26,C0066,D02,E11,4,3527.1
SO005504,2022-11-05,C0066,D02,E11,3,5295.0
SO005505,2022-11-17,C0066,D02,E11,3,3000.0
SO005506,2022-11-29,C0066,D02,E11,6,5703.8
SO005507,2022-12-12,C0066,D02,E11,5,3198.75
SO005508,2022-12-23,C0066,D02,E11,4,5580.0
SO005509,2023-01-05,C0066,D02,E11,3,2881.5
SO005510,2023-01-15,C0066,D02,E11,7,7050.0
SO005511,2023-01-26,C0066,D02,E11,6,7206.0
SO005512,2023-02-05,C0066,D02,E11,7,6195.0
SO005513,2023-02-17,C0066,D02,E11,4,3360.0
SO005514,2023-03-03,C0066,D02,E11,3,1720.0
SO005515,2023-03-13,C0066,D02,E11,6,3456.45
SO005516,2023-03-25,C0066,D02,E11,7,3414.2
SO005517,2023-04-06,C0066,D02,E11,5,1882.8
SO005518,2023-04-20,C0066,D02,E11,6,3305.0
SO005519,2023-05-01,C0066,D02,E11,7,3742.8
SO005520,2023-05-14,C0066,D02,E11,4,2619.5
SO005521,2023-05-26,C0066,D02,E11,6,4350.0
SO005522,2023-06-07,C0066,D02,E11,5,3106.4
SO005523,2023-06-21,C0066,D02,E11,3,2530.75
SO005524,2023-07-04,C0066,D02,E11,3,1735.0
SO005525,2023-07-18,C0066,D02,E11,7,6265.0
SO005526,2023-07-28,C0066,D02,E11,5,3675.0
SO005527,2023-08-11,C0066,D02,E11,6,5655.1
SO005528,2023-08-21,C0066,D02,E11,7,5587.05
SO005529,2023-09-04,C0066,D02,E11,4,2313.8
SO005530,2023-09-18,C0066,D02,E11,4,2495.0
SO005531,2023-10-02,C0066,D02,E11,7,5755.0
SO005532,2023-10-15,C0066,D02,E11,7,7662.2
SO005533,2023-10-28,C0066,D02,E11,4,3534.6
SO005534,2023-11-08,C0066,D02,E11,7,11675.4
SO005535,2023-11-20,C0066,D02,E11,5,7239.3
SO005536,2023-12-04,C0066,D02,E11,4,4180.2
SO005537,2023-12-18,C0066,D02,E11,3,2256.1
SO005538,2023-12-30,C0066,D02,E11,7,7110.05
SO005539,2024-01-10,C0066,D02,E11,3,2230.0
SO005540,2024-01-21,C0066,D02,E11,4,3833.2
SO005541,2024-02-04,C0066,D02,E11,6,5435.0
SO005542,2024-02-15,C0066,D02,E11,4,3125.0
SO005543,2024-02-26,C0066,D02,E11,4,4785.0
SO005544,2024-03-07,C0066,D02,E11,3,1880.0
SO005545,2024-03-20,C0066,D02,E11,6,3740.0
SO005546,2024-04-03,C0066,D02,E11,3,1605.6
SO005547,2024-04-15,C0066,D02,E11,6,3680.0
SO005548,2024-04-25,C0066,D02,E11,3,2440.0
SO005549,2024-05-08,C0066,D02,E11,5,3705.6
SO005550,2024-05-21,C0066,D02,E11,5,3050.0
SO005551,2024-06-04,C0066,D02,E11,5,5303.4
SO005552,2024-06-17,C0066,D02,E11,5,2875.6
SO005553,2024-06-27,C0066,D02,E11,7,6710.75
SO005554,2024-07-11,C0066,D02,E11,5,3552.6
SO005555,2024-07-22,C0066,D02,E11,4,3679.8
SO005556,2024-08-05,C0066,D02,E11,6,6965.0
SO005557,2024-08-16,C0066,D02,E11,3,3885.0
SO005558,2024-08-28,C0066,D02,E11,6,4836.0
SO005559,2024-09-08,C0066,D02,E11,6,4795.0
SO005560,2024-09-22,C0066,D02,E11,4,3330.0
SO005561,2024-10-04,C0066,D02,E11,6,7693.9
SO005562,2024-10-18,C0066,D02,E11,5,3745.05
SO005563,2024-10-31,C0066,D02,E11,6,7089.3
SO005564,2024-11-13,C0066,D02,E11,7,10361.4
SO005565,2024-11-25,C0066,D02,E11,4,4410.0
SO005566,2024-12-07,C0066,D02,E11,5,6260.1
SO005567,2024-12-18,C0066,D02,E11,5,8940.0
SO005568,2024-12-31,C0066,D02,E11,3,5102.4
SO005569,2022-01-04,C0067,D01,E06,4,3576.0
SO005570,2022-01-21,C0067,D01,E06,7,3119.95
SO005571,2022-02-06,C0067,D01,E06,3,1222.5
SO005572,2022-02-19,C0067,D01,E06,5,4385.0
SO005573,2022-03-04,C0067,D01,E06,7,1868.0
SO005574,2022-03-21,C0067,D01,E06,7,1759.0
SO005575,2022-04-03,C0067,D01,E06,6,1461.4
SO005576,2022-04-17,C0067,D01,E06,4,1429.2
SO005577,2022-05-02,C0067,D01,E06,3,1020.0
SO005578,2022-05-15,C0067,D01,E06,7,1654.4
SO005579,2022-05-31,C0067,D01,E06,3,985.0
SO005580,2022-06-14,C0067,D01,E06,4,1385.0
SO005581,2022-06-28,C0067,D01,E06,3,1429.3
SO005582,2022-07-13,C0067,D01,E06,3,920.0
SO005583,2022-07-27,C0067,D01,E06,6,2110.0
SO005584,2022-08-10,C0067,D01,E06,4,1750.0
SO005585,2022-08-26,C0067,D01,E06,4,1390.0
SO005586,2022-09-09,C0067,D01,E06,5,1810.0
SO005587,2022-09-23,C0067,D01,E06,6,1825.0
SO005588,2022-10-08,C0067,D01,E06,6,2713.4
SO005589,2022-10-21,C0067,D01,E06,7,3014.4
SO005590,2022-11-07,C0067,D01,E06,6,4240.0
SO005591,2022-11-24,C0067,D01,E06,3,1106.2
SO005592,2022-12-10,C0067,D01,E06,7,3821.1
SO005593,2022-12-24,C0067,D01,E06,4,2890.0
SO005594,2023-01-06,C0067,D01,E06,7,3784.75
SO005595,2023-01-20,C0067,D01,E06,3,2174.1
SO005596,2023-02-06,C0067,D01,E06,4,2638.5
SO005597,2023-02-22,C0067,D01,E06,6,3005.0
SO005598,2023-03-07,C0067,D01,E06,5,1855.25
SO005599,2023-03-21,C0067,D01,E06,3,940.0
SO005600,2023-04-03,C0067,D01,E06,6,1594.25
SO005601,2023-04-18,C0067,D01,E06,4,1098.6
SO005602,2023-05-02,C0067,D01,E06,5,1329.1
SO005603,2023-05-15,C0067,D01,E06,6,2050.0
SO005604,2023-05-28,C0067,D01,E06,4,1530.0
SO005605,2023-06-11,C0067,D01,E06,5,1600.0
SO005606,2023-06-28,C0067,D01,E06,7,2377.6
SO005607,2023-07-15,C0067,D01,E06,4,1880.0
SO005608,2023-07-29,C0067,D01,E06,3,1065.0
SO005609,2023-08-13,C0067,D01,E06,4,2645.0
SO005610,2023-08-30,C0067,D01,E06,4,2245.6
SO005611,2023-09-15,C0067,D01,E06,3,1625.0
SO005612,2023-10-01,C0067,D01,E06,4,2535.0
SO005613,2023-10-18,C0067,D01,E06,4,1586.85
SO005614,2023-10-31,C0067,D01,E06,4,1436.5
SO005615,2023-11-13,C0067,D01,E06,6,4866.95
SO005616,2023-11-26,C0067,D01,E06,7,5235.0
SO005617,2023-12-11,C0067,D01,E06,7,4530.6
SO005618,2023-12-25,C0067,D01,E06,4,2860.0
SO005619,2024-01-10,C0067,D01,E06,5,1990.0
SO005620,2024-01-26,C0067,D01,E06,5,2900.0
SO005621,2024-02-11,C0067,D01,E06,6,3930.05
SO005622,2024-02-24,C0067,D01,E06,5,2634.15
SO005623,2024-03-12,C0067,D01,E06,7,1885.15
SO005624,2024-03-27,C0067,D01,E06,7,2447.5
SO005625,2024-04-11,C0067,D01,E06,3,1355.3
SO005626,2024-04-25,C0067,D01,E06,7,2973.4
SO005627,2024-05-12,C0067,D01,E06,4,940.2
SO005628,2024-05-26,C0067,D01,E06,7,2600.0
SO005629,2024-06-10,C0067,D01,E06,7,4127.0
SO005630,2024-06-23,C0067,D01,E06,5,2160.0
SO005631,2024-07-07,C0067,D01,E06,6,2375.6
SO005632,2024-07-21,C0067,D01,E06,4,1820.0
SO005633,2024-08-07,C0067,D01,E06,7,3286.1
SO005634,2024-08-24,C0067,D01,E06,3,1660.0
SO005635,2024-09-09,C0067,D01,E06,7,3323.7
SO005636,2024-09-23,C0067,D01,E06,6,2425.3
SO005637,2024-10-10,C0067,D01,E06,6,3949.7
SO005638,2024-10-25,C0067,D01,E06,6,4088.2
SO005639,2024-11-11,C0067,D01,E06,3,2495.6
SO005640,2024-11-24,C0067,D01,E06,5,4304.0
SO005641,2024-12-10,C0067,D01,E06,7,3105.0
SO005642,2024-12-23,C0067,D01,E06,7,6105.0
SO005643,2022-01-14,C0068,D01,E07,6,2695.0
SO005644,2022-01-31,C0068,D01,E07,4,1740.75
SO005645,2022-02-14,C0068,D01,E07,6,2613.3
SO005646,2022-03-03,C0068,D01,E07,7,2095.0
SO005647,2022-03-16,C0068,D01,E07,3,430.0
SO005648,2022-03-29,C0068,D01,E07,3,1464.4
SO005649,2022-04-15,C0068,D01,E07,7,1685.15
SO005650,2022-04-30,C0068,D01,E07,6,1810.0
SO005651,2022-05-13,C0068,D01,E07,3,730.0
SO005652,2022-05-27,C0068,D01,E07,3,815.0
SO005653,2022-06-13,C0068,D01,E07,7,3030.0
SO005654,2022-06-26,C0068,D01,E07,7,2214.2
SO005655,2022-07-13,C0068,D01,E07,3,1203.3
SO005656,2022-07-28,C0068,D01,E07,4,1735.0
SO005657,2022-08-13,C0068,D01,E07,4,1835.0
SO005658,2022-08-26,C0068,D01,E07,4,1427.0
SO005659,2022-09-09,C0068,D01,E07,3,810.0
SO005660,2022-09-26,C0068,D01,E07,3,1540.4
SO005661,2022-10-09,C0068,D01,E07,3,1510.0
SO005662,2022-10-25,C0068,D01,E07,6,3872.05
SO005663,2022-11-08,C0068,D01,E07,3,2314.8
SO005664,2022-11-25,C0068,D01,E07,7,3294.3
SO005665,2022-12-08,C0068,D01,E07,7,3597.5
SO005666,2022-12-22,C0068,D01,E07,7,3101.7
SO005667,2023-01-06,C0068,D01,E07,6,5179.75
SO005668,2023-01-22,C0068,D01,E07,3,2165.0
SO005669,2023-02-05,C0068,D01,E07,6,3395.0
SO005670,2023-02-19,C0068,D01,E07,6,4735.0
SO005671,2023-03-04,C0068,D01,E07,5,2129.1
SO005672,2023-03-20,C0068,D01,E07,5,1415.0
SO005673,2023-04-05,C0068,D01,E07,7,2360.0
SO005674,2023-04-19,C0068,D01,E07,5,1728.5
SO005675,2023-05-06,C0068,D01,E07,4,1397.8
SO005676,2023-05-20,C0068,D01,E07,7,2370.4
SO005677,2023-06-03,C0068,D01,E07,7,3350.0
SO005678,2023-06-16,C0068,D01,E07,5,1850.0
SO005679,2023-07-01,C0068,D01,E07,3,1072.5
SO005680,2023-07-16,C0068,D01,E07,4,1570.0
SO005681,2023-07-30,C0068,D01,E07,4,1121.5
SO005682,2023-08-12,C0068,D01,E07,7,2584.75
SO005683,2023-08-25,C0068,D01,E07,4,1870.0
SO005684,2023-09-11,C0068,D01,E07,4,1720.0
SO005685,2023-09-28,C0068,D01,E07,3,1125.0
SO005686,2023-10-11,C0068,D01,E07,4,2102.0
SO005687,2023-10-24,C0068,D01,E07,4,2118.5
SO005688,2023-11-08,C0068,D01,E07,7,6020.15
SO005689,2023-11-22,C0068,D01,E07,6,2870.0
SO005690,2023-12-09,C0068,D01,E07,5,3320.0
SO005691,2023-12-25,C0068,D01,E07,6,4001.8
SO005692,2024-01-11,C0068,D01,E07,7,6181.0
SO005693,2024-01-27,C0068,D01,E07,5,2495.0
SO005694,2024-02-10,C0068,D01,E07,4,2580.0
SO005695,2024-02-26,C0068,D01,E07,4,2265.0
SO005696,2024-03-14,C0068,D01,E07,3,911.4
SO005697,2024-03-30,C0068,D01,E07,4,895.1
SO005698,2024-04-15,C0068,D01,E07,5,1845.0
SO005699,2024-04-30,C0068,D01,E07,6,2266.45
SO005700,2024-05-16,C0068,D01,E07,7,2390.0
SO005701,2024-05-30,C0068,D01,E07,5,1870.1
SO005702,2024-06-13,C0068,D01,E07,4,1635.0
SO005703,2024-06-27,C0068,D01,E07,5,2194.25
SO005704,2024-07-10,C0068,D01,E07,6,3480.0
SO005705,2024-07-27,C0068,D01,E07,3,1485.0
SO005706,2024-08-11,C0068,D01,E07,7,3092.45
SO005707,2024-08-27,C0068,D01,E07,3,1530.0
SO005708,2024-09-13,C0068,D01,E07,6,2781.2
SO005709,2024-09-29,C0068,D01,E07,5,2370.0
SO005710,2024-10-14,C0068,D01,E07,3,1405.0
SO005711,2024-10-31,C0068,D01,E07,7,3633.4
SO005712,2024-11-14,C0068,D01,E07,4,3744.4
SO005713,2024-11-29,C0068,D01,E07,4,2504.0
SO005714,2024-12-13,C0068,D01,E07,4,3680.0
SO005715,2024-12-30,C0068,D01,E07,5,2885.0
SO005716,2022-01-13,C0069,D01,E08,5,3970.0
SO005717,2022-01-30,C0069,D01,E08,5,3270.0
SO005718,2022-02-13,C0069,D01,E08,4,1020.0
SO005719,2022-02-27,C0069,D01,E08,3,795.0
SO005720,2022-03-15,C0069,D01,E08,5,1457.3
SO005721,2022-03-31,C0069,D01,E08,7,1660.2
SO005722,2022-04-17,C0069,D01,E08,4,1225.0
SO005723,2022-04-30,C0069,D01,E08,3,759.2
SO005724,2022-05-13,C0069,D01,E08,5,2227.0
SO005725,2022-05-26,C0069,D01,E08,5,1597.8
SO005726,2022-06-09,C0069,D01,E08,6,2485.0
SO005727,2022-06-25,C0069,D01,E08,6,2320.4
SO005728,2022-07-11,C0069,D01,E08,3,1286.25
SO005729,2022-07-27,C0069,D01,E08,6,1510.0
SO005730,2022-08-11,C0069,D01,E08,6,2220.0
SO005731,2022-08-28,C0069,D01,E08,4,1520.0
SO005732,2022-09-13,C0069,D01,E08,5,1617.8
SO005733,2022-09-30,C0069,D01,E08,7,2869.6
SO005734,2022-10-16,C0069,D01,E08,5,3506.85
SO005735,2022-11-02,C0069,D01,E08,5,1995.0
SO005736,2022-11-17,C0069,D01,E08,6,2790.0
SO005737,2022-12-02,C0069,D01,E08,4,1823.8
SO005738,2022-12-15,C0069,D01,E08,4,2120.0
SO005739,2022-12-29,C0069,D01,E08,5,1760.0
SO005740,2023-01-12,C0069,D01,E08,4,3566.1
SO005741,2023-01-26,C0069,D01,E08,7,3655.0
SO005742,2023-02-09,C0069,D01,E08,3,1285.0
SO005743,2023-02-26,C0069,D01,E08,4,3097.6
SO005744,2023-03-11,C0069,D01,E08,6,1489.3
SO005745,2023-03-27,C0069,D01,E08,6,1705.0
SO005746,2023-04-09,C0069,D01,E08,6,1891.45
SO005747,2023-04-25,C0069,D01,E08,6,1640.0
SO005748,2023-05-10,C0069,D01,E08,4,1169.6
SO005749,2023-05-26,C0069,D01,E08,6,1794.6
SO005750,2023-06-12,C0069,D01,E08,5,2352.85
SO005751,2023-06-27,C0069,D01,E08,7,2802.05
SO005752,2023-07-10,C0069,D01,E08,6,2110.0
SO005753,2023-07-27,C0069,D01,E08,3,1105.0
SO005754,2023-08-13,C0069,D01,E08,4,2093.1
SO005755,2023-08-26,C0069,D01,E08,3,1401.35
SO005756,2023-09-11,C0069,D01,E08,3,719.2
SO005757,2023-09-26,C0069,D01,E08,7,2260.0
SO005758,2023-10-09,C0069,D01,E08,6,3055.0
SO005759,2023-10-25,C0069,D01,E08,3,1100.0
SO005760,2023-11-07,C0069,D01,E08,3,1492.8
SO005761,2023-11-23,C0069,D01,E08,6,3188.75
SO005762,2023-12-06,C0069,D01,E08,6,2689.0
SO005763,2023-12-21,C0069,D01,E08,7,3700.0
SO005764,2024-01-05,C0069,D01,E08,3,2025.0
SO005765,2024-01-21,C0069,D01,E08,6,4960.0
SO005766,2024-02-07,C0069,D01,E08,7,3986.0
SO005767,2024-02-22,C0069,D01,E08,3,1790.0
SO005768,2024-03-10,C0069,D01,E08,7,2105.65
SO005769,2024-03-23,C0069,D01,E08,6,2255.0
SO005770,2024-04-07,C0069,D01,E08,5,2570.0
SO005771,2024-04-22,C0069,D01,E08,3,1572.2
SO005772,2024-05-09,C0069,D01,E08,6,2360.45
SO005773,2024-05-24,C0069,D01,E08,6,2252.75
SO005774,2024-06-07,C0069,D01,E08,5,1850.0
SO005775,2024-06-21,C0069,D01,E08,6,2995.0
SO005776,2024-07-08,C0069,D01,E08,5,1885.0
SO005777,2024-07-25,C0069,D01,E08,5,2690.0
SO005778,2024-08-07,C0069,D01,E08,3,1530.0
SO005779,2024-08-21,C0069,D01,E08,3,1585.0
SO005780,2024-09-05,C0069,D01,E08,4,1620.0
SO005781,2024-09-22,C0069,D01,E08,7,3185.0
SO005782,2024-10-06,C0069,D01,E08,5,3563.4
SO005783,2024-10-23,C0069,D01,E08,6,4792.75
SO005784,2024-11-06,C0069,D01,E08,7,5262.9
SO005785,2024-11-23,C0069,D01,E08,5,3805.0
SO005786,2024-12-07,C0069,D01,E08,5,3532.2
SO005787,2024-12-23,C0069,D01,E08,7,4118.4
SO005788,2022-01-09,C0070,D02,E09,7,7111.5
SO005789,2022-01-19,C0070,D02,E09,7,5498.3
SO005790,2022-02-01,C0070,D02,E09,6,5754.6
SO005791,2022-02-13,C0070,D02,E09,3,2270.0
SO005792,2022-02-23,C0070,D02,E09,3,3983.3
SO005793,2022-03-05,C0070,D02,E09,4,2076.3
SO005794,2022-03-19,C0070,D02,E09,4,1973.0
SO005795,2022-04-01,C0070,D02,E09,3,960.0
SO005796,2022-04-13,C0070,D02,E09,6,3574.7
SO005797,2022-04-26,C0070,D02,E09,7,5395.0
SO005798,2022-05-09,C0070,D02,E09,5,2526.6
SO005799,2022-05-19,C0070,D02,E09,3,1565.0
SO005800,2022-05-29,C0070,D02,E09,7,3154.25
SO005801,2022-06-11,C0070,D02,E09,4,1655.0
SO005802,2022-06-21,C0070,D02,E09,4,2515.6
SO005803,2022-07-04,C0070,D02,E09,5,3650.0
SO005804,2022-07-18,C0070,D02,E09,3,2075.0
SO005805,2022-07-29,C0070,D02,E09,7,4552.9
SO005806,2022-08-09,C0070,D02,E09,6,3724.2
SO005807,2022-08-22,C0070,D02,E09,7,5170.25
SO005808,2022-09-03,C0070,D02,E09,4,2660.0
SO005809,2022-09-15,C0070,D02,E09,4,2208.5
SO005810,2022-09-27,C0070,D02,E09,6,6246.3
SO005811,2022-10-07,C0070,D02,E09,4,3852.0
SO005812,2022-10-21,C0070,D02,E09,3,2793.0
SO005813,2022-11-02,C0070,D02,E09,7,8999.85
SO005814,2022-11-13,C0070,D02,E09,5,5880.0
SO005815,2022-11-25,C0070,D02,E09,6,7090.0
SO005816,2022-12-09,C0070,D02,E09,4,4245.0
SO005817,2022-12-22,C0070,D02,E09,5,4895.0
SO005818,2023-01-04,C0070,D02,E09,4,3560.0
SO005819,2023-01-17,C0070,D02,E09,3,3405.0
SO005820,2023-01-27,C0070,D02,E09,3,4365.0
SO005821,2023-02-08,C0070,D02,E09,3,2310.0
SO005822,2023-02-19,C0070,D02,E09,4,3901.1
SO005823,2023-03-03,C0070,D02,E09,6,4189.1
SO005824,2023-03-15,C0070,D02,E09,6,4174.4
SO005825,2023-03-26,C0070,D02,E09,5,3530.0
SO005826,2023-04-09,C0070,D02,E09,3,945.0
SO005827,2023-04-20,C0070,D02,E09,5,3500.0
SO005828,2023-05-04,C0070,D02,E09,7,5066.9
SO005829,2023-05-17,C0070,D02,E09,7,4395.0
SO005830,2023-05-27,C0070,D02,E09,3,1455.0
SO005831,2023-06-09,C0070,D02,E09,5,3044.2
SO005832,2023-06-21,C0070,D02,E09,4,2498.8
SO005833,2023-07-05,C0070,D02,E09,5,4020.0
SO005834,2023-07-17,C0070,D02,E09,7,6396.25
SO005835,2023-07-27,C0070,D02,E09,3,3255.3
SO005836,2023-08-09,C0070,D02,E09,5,4035.0
SO005837,2023-08-23,C0070,D02,E09,3,2644.2
SO005838,2023-09-05,C0070,D02,E09,5,4046.3
SO005839,2023-09-16,C0070,D02,E09,3,1487.15
SO005840,2023-09-29,C0070,D02,E09,5,3575.0
SO005841,2023-10-11,C0070,D02,E09,7,7147.05
SO005842,2023-10-25,C0070,D02,E09,7,5133.2
SO005843,2023-11-06,C0070,D02,E09,3,4043.6
SO005844,2023-11-18,C0070,D02,E09,7,7551.8
SO005845,2023-12-01,C0070,D02,E09,5,8455.0
SO005846,2023-12-14,C0070,D02,E09,3,4000.0
SO005847,2023-12-26,C0070,D02,E09,4,4240.0
SO005848,2024-01-07,C0070,D02,E09,3,3315.0
SO005849,2024-01-19,C0070,D02,E09,5,6135.0
SO005850,2024-01-29,C0070,D02,E09,7,8543.1
SO005851,2024-02-09,C0070,D02,E09,7,9172.95
SO005852,2024-02-20,C0070,D02,E09,6,5160.0
SO005853,2024-03-03,C0070,D02,E09,4,2435.0
SO005854,2024-03-17,C0070,D02,E09,7,4020.05
SO005855,2024-03-31,C0070,D02,E09,5,3060.0
SO005856,2024-04-11,C0070,D02,E09,7,4320.0
SO005857,2024-04-25,C0070,D02,E09,5,2997.0
SO005858,2024-05-09,C0070,D02,E09,5,3450.75
SO005859,2024-05-21,C0070,D02,E09,4,2970.0
SO005860,2024-06-04,C0070,D02,E09,7,5452.4
SO005861,2024-06-14,C0070,D02,E09,4,3495.0
SO005862,2024-06-28,C0070,D02,E09,7,5923.25
SO005863,2024-07-08,C0070,D02,E09,5,4470.8
SO005864,2024-07-22,C0070,D02,E09,5,4000.0
SO005865,2024-08-05,C0070,D02,E09,6,5835.6
SO005866,2024-08-19,C0070,D02,E09,7,4966.2
SO005867,2024-08-30,C0070,D02,E09,6,6190.0
SO005868,2024-09-12,C0070,D02,E09,6,5570.35
SO005869,2024-09-22,C0070,D02,E09,4,3169.4
SO005870,2024-10-06,C0070,D02,E09,3,2438.0
SO005871,2024-10-18,C0070,D02,E09,7,5115.0
SO005872,2024-11-01,C0070,D02,E09,7,10866.05
SO005873,2024-11-11,C0070,D02,E09,3,3430.0
SO005874,2024-11-21,C0070,D02,E09,4,6560.0
SO005875,2024-12-03,C0070,D02,E09,6,7035.0
SO005876,2024-12-16,C0070,D02,E09,4,5512.0
SO005877,2024-12-26,C0070,D02,E09,7,8055.0
SO005878,2022-01-05,C0071,D02,E10,4,4150.0
SO005879,2022-01-15,C0071,D02,E10,7,5863.3
SO005880,2022-01-27,C0071,D02,E10,3,2885.0
SO005881,2022-02-08,C0071,D02,E10,3,3125.0
SO005882,2022-02-20,C0071,D02,E10,7,5158.2
SO005883,2022-03-06,C0071,D02,E10,5,2260.0
SO005884,2022-03-16,C0071,D02,E10,4,3305.0
SO005885,2022-03-29,C0071,D02,E10,5,2838.4
SO005886,2022-04-12,C0071,D02,E10,6,2869.2
SO005887,2022-04-24,C0071,D02,E10,7,4692.0
SO005888,2022-05-05,C0071,D02,E10,5,2859.4
SO005889,2022-05-19,C0071,D02,E10,5,3160.0
SO005890,2022-06-02,C0071,D02,E10,5,3692.2
SO005891,2022-06-12,C0071,D02,E10,4,2975.0
SO005892,2022-06-26,C0071,D02,E10,7,5768.8
SO005893,2022-07-08,C0071,D02,E10,5,2955.0
SO005894,2022-07-18,C0071,D02,E10,4,3135.0
SO005895,2022-08-01,C0071,D02,E10,4,3264.6
SO005896,2022-08-12,C0071,D02,E10,6,4150.0
SO005897,2022-08-26,C0071,D02,E10,7,4661.7
SO005898,2022-09-07,C0071,D02,E10,5,4640.0
SO005899,2022-09-19,C0071,D02,E10,4,4140.0
SO005900,2022-10-02,C0071,D02,E10,3,2390.2
SO005901,2022-10-14,C0071,D02,E10,5,2525.25
SO005902,2022-10-28,C0071,D02,E10,6,5207.4
SO005903,2022-11-09,C0071,D02,E10,5,4047.6
SO005904,2022-11-22,C0071,D02,E10,4,3641.2
SO005905,2022-12-04,C0071,D02,E10,5,5479.65
SO005906,2022-12-18,C0071,D02,E10,3,2370.0
SO005907,2022-12-31,C0071,D02,E10,6,6534.1
SO005908,2023-01-14,C0071,D02,E10,5,5969.25
SO005909,2023-01-24,C0071,D02,E10,5,7436.1
SO005910,2023-02-04,C0071,D02,E10,3,3015.0
SO005911,2023-02-14,C0071,D02,E10,4,4749.25
SO005912,2023-02-26,C0071,D02,E10,5,5530.0
SO005913,2023-03-11,C0071,D02,E10,4,1925.0
SO005914,2023-03-24,C0071,D02,E10,7,4840.0
SO005915,2023-04-05,C0071,D02,E10,7,5140.0
SO005916,2023-04-17,C0071,D02,E10,3,2250.0
SO005917,2023-05-01,C0071,D02,E10,4,3210.0
SO005918,2023-05-11,C0071,D02,E10,7,4324.5
SO005919,2023-05-21,C0071,D02,E10,7,3879.9
SO005920,2023-06-01,C0071,D02,E10,3,1718.3
SO005921,2023-06-13,C0071,D02,E10,3,2840.0
SO005922,2023-06-26,C0071,D02,E10,3,1890.0
SO005923,2023-07-07,C0071,D02,E10,3,1664.35
SO005924,2023-07-18,C0071,D02,E10,6,4287.25
SO005925,2023-07-29,C0071,D02,E10,6,4486.2
SO005926,2023-08-12,C0071,D02,E10,5,4278.4
SO005927,2023-08-22,C0071,D02,E10,4,4130.0
SO005928,2023-09-02,C0071,D02,E10,7,4426.0
SO005929,2023-09-15,C0071,D02,E10,4,2022.25
SO005930,2023-09-29,C0071,D02,E10,7,5259.0
SO005931,2023-10-09,C0071,D02,E10,7,5692.1
SO005932,2023-10-20,C0071,D02,E10,7,8302.65
SO005933,2023-10-31,C0071,D02,E10,6,6780.0
SO005934,2023-11-12,C0071,D02,E10,5,5478.3
SO005935,2023-11-25,C0071,D02,E10,3,2905.0
SO005936,2023-12-06,C0071,D02,E10,7,7140.0
SO005937,2023-12-16,C0071,D02,E10,3,2084.25
SO005938,2023-12-26,C0071,D02,E10,3,4042.0
SO005939,2024-01-07,C0071,D02,E10,4,4229.5
SO005940,2024-01-18,C0071,D02,E10,7,8708.9
SO005941,2024-01-29,C0071,D02,E10,5,5235.0
SO005942,2024-02-08,C0071,D02,E10,7,6210.0
SO005943,2024-02-18,C0071,D02,E10,6,5920.0
SO005944,2024-03-01,C0071,D02,E10,3,3148.5
SO005945,2024-03-12,C0071,D02,E10,5,4580.0
SO005946,2024-03-25,C0071,D02,E10,6,5723.4
SO005947,2024-04-06,C0071,D02,E10,5,3598.4
SO005948,2024-04-16,C0071,D02,E10,4,2400.5
SO005949,2024-04-28,C0071,D02,E10,3,2155.0
SO005950,2024-05-12,C0071,D02,E10,4,2129.4
SO005951,2024-05-26,C0071,D02,E10,3,2650.0
SO005952,2024-06-07,C0071,D02,E10,5,5132.05
SO005953,2024-06-19,C0071,D02,E10,6,5147.6
SO005954,2024-07-03,C0071,D02,E10,5,3790.0
SO005955,2024-07-16,C0071,D02,E10,3,2750.0
SO005956,2024-07-29,C0071,D02,E10,4,3255.0
SO005957,2024-08-10,C0071,D02,E10,3,3279.5
SO005958,2024-08-21,C0071,D02,E10,4,3730.0
SO005959,2024-08-31,C0071,D02,E10,7,5760.0
SO005960,2024-09-11,C0071,D02,E10,6,6263.4
SO005961,2024-09-21,C0071,D02,E10,4,2533.8
SO005962,2024-10-01,C0071,D02,E10,7,8200.0
SO005963,2024-10-14,C0071,D02,E10,4,4001.8
SO005964,2024-10-26,C0071,D02,E10,6,6498.85
SO005965,2024-11-07,C0071,D02,E10,5,8757.1
SO005966,2024-11-18,C0071,D02,E10,6,6109.8
SO005967,2024-12-01,C0071,D02,E10,7,8243.8
SO005968,2024-12-12,C0071,D02,E10,7,10261.7
SO005969,2024-12-25,C0071,D02,E10,4,10260.0
SO005970,2022-01-02,C0072,D02,E11,7,5505.8
SO005971,2022-01-12,C0072,D02,E11,7,4820.0
SO005972,2022-01-25,C0072,D02,E11,4,3444.8
SO005973,2022-02-04,C0072,D02,E11,7,6303.6
SO005974,2022-02-18,C0072,D02,E11,5,4570.0
SO005975,2022-02-28,C0072,D02,E11,6,4670.0
SO005976,2022-03-10,C0072,D02,E11,5,3715.0
SO005977,2022-03-21,C0072,D02,E11,3,1180.0
SO005978,2022-04-04,C0072,D02,E11,3,1937.15
SO005979,2022-04-15,C0072,D02,E11,6,3170.0
SO005980,2022-04-29,C0072,D02,E11,3,1815.0
SO005981,2022-05-10,C0072,D02,E11,7,3958.0
SO005982,2022-05-23,C0072,D02,E11,4,1865.0
SO005983,2022-06-04,C0072,D02,E11,6,5263.4
SO005984,2022-06-14,C0072,D02,E11,4,3080.0
SO005985,2022-06-27,C0072,D02,E11,3,1830.0
SO005986,2022-07-11,C0072,D02,E11,5,3262.5
SO005987,2022-07-25,C0072,D02,E11,7,4766.2
SO005988,2022-08-05,C0072,D02,E11,3,2712.9
SO005989,2022-08-18,C0072,D02,E11,5,3660.1
SO005990,2022-08-29,C0072,D02,E11,4,1825.0
SO005991,2022-09-08,C0072,D02,E11,3,2785.0
SO005992,2022-09-18,C0072,D02,E11,3,2275.5
SO005993,2022-09-30,C0072,D02,E11,5,4391.2
SO005994,2022-10-12,C0072,D02,E11,4,2634.8
SO005995,2022-10-23,C0072,D02,E11,6,6550.35
SO005996,2022-11-06,C0072,D02,E11,7,5083.4
SO005997,2022-11-16,C0072,D02,E11,4,3642.6
SO005998,2022-11-28,C0072,D02,E11,3,2455.0
SO005999,2022-12-11,C0072,D02,E11,3,2620.0
SO006000,2022-12-24,C0072,D02,E11,3,3371.1
SO006001,2023-01-04,C0072,D02,E11,5,5180.5
SO006002,2023-01-18,C0072,D02,E11,4,3100.0
SO006003,2023-01-31,C0072,D02,E11,3,2770.0
SO006004,2023-02-14,C0072,D02,E11,4,5280.0
SO006005,2023-02-24,C0072,D02,E11,7,5186.0
SO006006,2023-03-08,C0072,D02,E11,3,1160.0
SO006007,2023-03-18,C0072,D02,E11,6,3645.0
SO006008,2023-03-29,C0072,D02,E11,3,2840.0
SO006009,2023-04-12,C0072,D02,E11,5,3168.4
SO006010,2023-04-25,C0072,D02,E11,7,4656.6
SO006011,2023-05-05,C0072,D02,E11,7,3503.8
SO006012,2023-05-15,C0072,D02,E11,4,2965.0
SO006013,2023-05-29,C0072,D02,E11,4,2396.1
SO006014,2023-06-10,C0072,D02,E11,3,1340.0
SO006015,2023-06-22,C0072,D02,E11,4,2255.0
SO006016,2023-07-05,C0072,D02,E11,3,1599.5
SO006017,2023-07-16,C0072,D02,E11,6,4525.05
SO006018,2023-07-27,C0072,D02,E11,5,3111.1
SO006019,2023-08-06,C0072,D02,E11,4,2338.3
SO006020,2023-08-19,C0072,D02,E11,5,4342.05
SO006021,2023-09-01,C0072,D02,E11,3,2155.0
SO006022,2023-09-13,C0072,D02,E11,4,3410.0
SO006023,2023-09-27,C0072,D02,E11,4,2675.0
SO006024,2023-10-08,C0072,D02,E11,5,5910.0
SO006025,2023-10-21,C0072,D02,E11,6,4917.6
SO006026,2023-11-03,C0072,D02,E11,7,7916.25
SO006027,2023-11-15,C0072,D02,E11,6,7715.25
SO006028,2023-11-29,C0072,D02,E11,5,4655.0
SO006029,2023-12-12,C0072,D02,E11,4,2763.8
SO006030,2023-12-25,C0072,D02,E11,3,5220.0
SO006031,2024-01-06,C0072,D02,E11,6,7390.0
SO006032,2024-01-18,C0072,D02,E11,4,4393.2
SO006033,2024-02-01,C0072,D02,E11,4,5071.55
SO006034,2024-02-13,C0072,D02,E11,5,4083.0
SO006035,2024-02-25,C0072,D02,E11,4,6610.0
SO006036,2024-03-09,C0072,D02,E11,7,5818.0
SO006037,2024-03-21,C0072,D02,E11,6,3450.9
SO006038,2024-04-02,C0072,D02,E11,6,4814.7
SO006039,2024-04-13,C0072,D02,E11,6,4395.8
SO006040,2024-04-25,C0072,D02,E11,3,2855.0
SO006041,2024-05-07,C0072,D02,E11,4,2030.0
SO006042,2024-05-17,C0072,D02,E11,7,4000.8
SO006043,2024-05-27,C0072,D02,E11,5,2970.0
SO006044,2024-06-06,C0072,D02,E11,6,5784.65
SO006045,2024-06-18,C0072,D02,E11,6,4520.0
SO006046,2024-06-30,C0072,D02,E11,4,3370.8
SO006047,2024-07-13,C0072,D02,E11,4,2892.4
SO006048,2024-07-25,C0072,D02,E11,3,2367.0
SO006049,2024-08-04,C0072,D02,E11,5,5977.4
SO006050,2024-08-16,C0072,D02,E11,4,3050.0
SO006051,2024-08-30,C0072,D02,E11,5,3536.35
SO006052,2024-09-10,C0072,D02,E11,4,2605.0
SO006053,2024-09-24,C0072,D02,E11,5,5080.0
SO006054,2024-10-04,C0072,D02,E11,3,3381.0
SO006055,2024-10-14,C0072,D02,E11,4,3800.0
SO006056,2024-10-26,C0072,D02,E11,4,3681.3
SO006057,2024-11-05,C0072,D02,E11,3,3240.0
SO006058,2024-11-18,C0072,D02,E11,6,9045.0
SO006059,2024-11-28,C0072,D02,E11,6,8875.0
SO006060,2024-12-09,C0072,D02,E11,3,3800.0
SO006061,2024-12-22,C0072,D02,E11,6,5138.6
SO006062,2022-01-05,C0073,D01,E06,5,4960.0
SO006063,2022-01-18,C0073,D01,E06,4,4240.0
SO006064,2022-01-31,C0073,D01,E06,5,4781.3
SO006065,2022-02-13,C0073,D01,E06,3,2160.0
SO006066,2022-02-24,C0073,D01,E06,7,5507.6
SO006067,2022-03-10,C0073,D01,E06,3,975.0
SO006068,2022-03-24,C0073,D01,E06,3,1890.0
SO006069,2022-04-06,C0073,D01,E06,5,2942.0
SO006070,2022-04-17,C0073,D01,E06,4,1985.0
SO006071,2022-04-29,C0073,D01,E06,3,1485.0
SO006072,2022-05-11,C0073,D01,E06,4,1900.0
SO006073,2022-05-23,C0073,D01,E06,6,3011.45
SO006074,2022-06-05,C0073,D01,E06,6,3507.2
SO006075,2022-06-15,C0073,D01,E06,6,4219.4
SO006076,2022-06-25,C0073,D01,E06,3,1990.0
SO006077,2022-07-05,C0073,D01,E06,7,4918.4
SO006078,2022-07-17,C0073,D01,E06,4,2513.4
SO006079,2022-07-28,C0073,D01,E06,5,3633.8
SO006080,2022-08-09,C0073,D01,E06,4,1800.0
SO006081,2022-08-19,C0073,D01,E06,3,2870.0
SO006082,2022-08-30,C0073,D01,E06,3,2620.0
SO006083,2022-09-11,C0073,D01,E06,5,5005.0
SO006084,2022-09-21,C0073,D01,E06,6,4854.4
SO006085,2022-10-03,C0073,D01,E06,7,7064.7
SO006086,2022-10-17,C0073,D01,E06,6,7751.75
SO006087,2022-10-27,C0073,D01,E06,3,3178.6
SO006088,2022-11-08,C0073,D01,E06,4,5080.0
SO006089,2022-11-19,C0073,D01,E06,5,6075.0
SO006090,2022-11-29,C0073,D01,E06,4,3540.0
SO006091,2022-12-10,C0073,D01,E06,3,4095.0
SO006092,2022-12-24,C0073,D01,E06,3,2715.0
SO006093,2023-01-05,C0073,D01,E06,5,6300.0
SO006094,2023-01-18,C0073,D01,E06,4,4626.1
SO006095,2023-02-01,C0073,D01,E06,5,4780.8
SO006096,2023-02-14,C0073,D01,E06,4,2184.35
SO006097,2023-02-25,C0073,D01,E06,6,5469.35
SO006098,2023-03-10,C0073,D01,E06,4,3550.0
SO006099,2023-03-24,C0073,D01,E06,4,2175.0
SO006100,2023-04-07,C0073,D01,E06,6,3330.1
SO006101,2023-04-21,C0073,D01,E06,5,2695.0
SO006102,2023-05-04,C0073,D01,E06,6,3515.25
SO006103,2023-05-15,C0073,D01,E06,4,2355.0
SO006104,2023-05-29,C0073,D01,E06,6,2704.25
SO006105,2023-06-10,C0073,D01,E06,5,3600.0
SO006106,2023-06-20,C0073,D01,E06,7,4890.0
SO006107,2023-07-02,C0073,D01,E06,3,3390.6
SO006108,2023-07-15,C0073,D01,E06,4,2625.0
SO006109,2023-07-27,C0073,D01,E06,6,4990.0
SO006110,2023-08-10,C0073,D01,E06,3,2700.0
SO006111,2023-08-20,C0073,D01,E06,7,5438.1
SO006112,2023-08-31,C0073,D01,E06,3,2481.8
SO006113,2023-09-13,C0073,D01,E06,4,3538.5
SO006114,2023-09-24,C0073,D01,E06,6,4601.8
SO006115,2023-10-06,C0073,D01,E06,5,3366.9
SO006116,2023-10-19,C0073,D01,E06,7,7830.0
SO006117,2023-11-01,C0073,D01,E06,3,2794.8
SO006118,2023-11-15,C0073,D01,E06,5,7737.75
SO006119,2023-11-29,C0073,D01,E06,4,5295.0
SO006120,2023-12-12,C0073,D01,E06,4,6206.4
SO006121,2023-12-26,C0073,D01,E06,5,5595.0
SO006122,2024-01-08,C0073,D01,E06,6,4179.4
SO006123,2024-01-22,C0073,D01,E06,4,4665.0
SO006124,2024-02-02,C0073,D01,E06,3,5371.05
SO006125,2024-02-15,C0073,D01,E06,6,8350.0
SO006126,2024-02-28,C0073,D01,E06,5,5356.15
SO006127,2024-03-09,C0073,D01,E06,3,1185.0
SO006128,2024-03-22,C0073,D01,E06,7,3540.0
SO006129,2024-04-01,C0073,D01,E06,7,4095.0
SO006130,2024-04-12,C0073,D01,E06,6,3932.3
SO006131,2024-04-22,C0073,D01,E06,5,2095.0
SO006132,2024-05-03,C0073,D01,E06,4,3940.0
SO006133,2024-05-13,C0073,D01,E06,6,4816.2
SO006134,2024-05-27,C0073,D01,E06,4,1990.0
SO006135,2024-06-09,C0073,D01,E06,4,3965.0
SO006136,2024-06-22,C0073,D01,E06,4,4675.0
SO006137,2024-07-06,C0073,D01,E06,7,7668.6
SO006138,2024-07-20,C0073,D01,E06,7,4910.0
SO006139,2024-07-31,C0073,D01,E06,7,4775.5
SO006140,2024-08-12,C0073,D01,E06,6,3724.7
SO006141,2024-08-26,C0073,D01,E06,7,6564.8
SO006142,2024-09-09,C0073,D01,E06,4,4460.0
SO006143,2024-09-21,C0073,D01,E06,6,5689.6
SO006144,2024-10-03,C0073,D01,E06,4,4302.2
SO006145,2024-10-14,C0073,D01,E06,6,4205.95
SO006146,2024-10-25,C0073,D01,E06,6,4774.2
SO006147,2024-11-06,C0073,D01,E06,6,6687.5
SO006148,2024-11-19,C0073,D01,E06,5,6410.6
SO006149,2024-12-02,C0073,D01,E06,5,7424.8
SO006150,2024-12-16,C0073,D01,E06,3,3395.0
SO006151,2024-12-29,C0073,D01,E06,5,5503.6
SO006152,2022-01-08,C0074,D01,E07,7,4546.2
SO006153,2022-01-24,C0074,D01,E07,6,3640.0
SO006154,2022-02-07,C0074,D01,E07,6,2714.75
SO006155,2022-02-24,C0074,D01,E07,4,1920.0
SO006156,2022-03-09,C0074,D01,E07,6,2121.9
SO006157,2022-03-26,C0074,D01,E07,5,1840.0
SO006158,2022-04-09,C0074,D01,E07,3,1425.0
SO006159,2022-04-26,C0074,D01,E07,7,2232.55
SO006160,2022-05-10,C0074,D01,E07,5,1883.3
SO006161,2022-05-25,C0074,D01,E07,5,1430.0
SO006162,2022-06-07,C0074,D01,E07,4,1255.0
SO006163,2022-06-23,C0074,D01,E07,3,1435.0
SO006164,2022-07-07,C0074,D01,E07,6,2390.0
SO006165,2022-07-21,C0074,D01,E07,5,2060.0
SO006166,2022-08-07,C0074,D01,E07,5,2095.0
SO006167,2022-08-22,C0074,D01,E07,4,1940.0
SO006168,2022-09-04,C0074,D01,E07,5,2614.6
SO006169,2022-09-19,C0074,D01,E07,4,1360.0
SO006170,2022-10-02,C0074,D01,E07,3,1938.0
SO006171,2022-10-15,C0074,D01,E07,6,2982.6
SO006172,2022-10-31,C0074,D01,E07,7,2297.35
SO006173,2022-11-16,C0074,D01,E07,7,3385.0
SO006174,2022-11-30,C0074,D01,E07,3,1990.0
SO006175,2022-12-15,C0074,D01,E07,5,1850.0
SO006176,2022-12-31,C0074,D01,E07,4,1639.2
SO006177,2023-01-15,C0074,D01,E07,7,4575.85
SO006178,2023-02-01,C0074,D01,E07,6,4540.0
SO006179,2023-02-16,C0074,D01,E07,5,2825.7
SO006180,2023-03-02,C0074,D01,E07,4,820.2
SO006181,2023-03-19,C0074,D01,E07,3,895.0
SO006182,2023-04-01,C0074,D01,E07,5,1453.6
SO006183,2023-04-14,C0074,D01,E07,4,1376.45
SO006184,2023-04-30,C0074,D01,E07,6,1777.2
SO006185,2023-05-16,C0074,D01,E07,5,1846.8
SO006186,2023-05-29,C0074,D01,E07,4,1441.25
SO006187,2023-06-13,C0074,D01,E07,3,855.0
SO006188,2023-06-29,C0074,D01,E07,3,1070.25
SO006189,2023-07-13,C0074,D01,E07,5,1979.25
SO006190,2023-07-26,C0074,D01,E07,6,1839.2
SO006191,2023-08-12,C0074,D01,E07,3,1384.95
SO006192,2023-08-29,C0074,D01,E07,4,840.0
SO006193,2023-09-11,C0074,D01,E07,6,3185.0
SO006194,2023-09-26,C0074,D01,E07,6,2584.2
SO006195,2023-10-10,C0074,D01,E07,3,1090.0
SO006196,2023-10-26,C0074,D01,E07,5,2350.0
SO006197,2023-11-11,C0074,D01,E07,6,4179.6
SO006198,2023-11-26,C0074,D01,E07,3,1640.0
SO006199,2023-12-10,C0074,D01,E07,7,3775.0
SO006200,2023-12-24,C0074,D01,E07,4,1830.0
SO006201,2024-01-06,C0074,D01,E07,6,4659.95
SO006202,2024-01-22,C0074,D01,E07,6,5218.8
SO006203,2024-02-07,C0074,D01,E07,4,2679.6
SO006204,2024-02-21,C0074,D01,E07,5,3241.55
SO006205,2024-03-06,C0074,D01,E07,5,1621.8
SO006206,2024-03-19,C0074,D01,E07,7,2470.0
SO006207,2024-04-02,C0074,D01,E07,6,2699.3
SO006208,2024-04-17,C0074,D01,E07,4,1525.0
SO006209,2024-05-01,C0074,D01,E07,5,1460.0
SO006210,2024-05-14,C0074,D01,E07,5,1663.5
SO006211,2024-05-31,C0074,D01,E07,6,2451.1
SO006212,2024-06-14,C0074,D01,E07,6,2434.55
SO006213,2024-06-29,C0074,D01,E07,4,2684.3
SO006214,2024-07-14,C0074,D01,E07,6,2762.6
SO006215,2024-07-27,C0074,D01,E07,3,1787.2
SO006216,2024-08-10,C0074,D01,E07,7,3276.0
SO006217,2024-08-23,C0074,D01,E07,3,1570.0
SO006218,2024-09-05,C0074,D01,E07,4,1610.0
SO006219,2024-09-19,C0074,D01,E07,3,1772.6
SO006220,2024-10-03,C0074,D01,E07,6,2506.7
SO006221,2024-10-16,C0074,D01,E07,5,2630.0
SO006222,2024-10-31,C0074,D01,E07,6,3000.25
SO006223,2024-11-13,C0074,D01,E07,7,5433.4
SO006224,2024-11-29,C0074,D01,E07,6,4305.0
SO006225,2024-12-13,C0074,D01,E07,3,1903.75
SO006226,2024-12-28,C0074,D01,E07,4,3409.5
SO006227,2022-01-07,C0075,D01,E08,6,6628.8
SO006228,2022-01-18,C0075,D01,E08,6,5703.8
SO006229,2022-01-28,C0075,D01,E08,5,4805.0
SO006230,2022-02-09,C0075,D01,E08,4,3995.0
SO006231,2022-02-19,C0075,D01,E08,6,6825.0
SO006232,2022-03-02,C0075,D01,E08,4,2201.25
SO006233,2022-03-15,C0075,D01,E08,4,2955.0
SO006234,2022-03-26,C0075,D01,E08,7,4929.6
SO006235,2022-04-09,C0075,D01,E08,6,3651.95
SO006236,2022-04-19,C0075,D01,E08,4,2334.6
SO006237,2022-05-02,C0075,D01,E08,7,3942.55
SO006238,2022-05-14,C0075,D01,E08,4,1950.0
SO006239,2022-05-26,C0075,D01,E08,3,1805.0
SO006240,2022-06-05,C0075,D01,E08,7,4835.0
SO006241,2022-06-16,C0075,D01,E08,5,3175.2
SO006242,2022-06-28,C0075,D01,E08,6,3437.5
SO006243,2022-07-09,C0075,D01,E08,5,4765.0
SO006244,2022-07-21,C0075,D01,E08,3,2205.0
SO006245,2022-08-02,C0075,D01,E08,5,3427.0
SO006246,2022-08-13,C0075,D01,E08,4,3060.0
SO006247,2022-08-25,C0075,D01,E08,5,5160.2
SO006248,2022-09-04,C0075,D01,E08,5,3400.0
SO006249,2022-09-17,C0075,D01,E08,7,3754.3
SO006250,2022-09-29,C0075,D01,E08,4,5220.0
SO006251,2022-10-11,C0075,D01,E08,3,1814.4
SO006252,2022-10-23,C0075,D01,E08,7,6421.8
SO006253,2022-11-02,C0075,D01,E08,6,6495.0
SO006254,2022-11-14,C0075,D01,E08,6,7444.85
SO006255,2022-11-28,C0075,D01,E08,7,6203.5
SO006256,2022-12-10,C0075,D01,E08,5,6113.55
SO006257,2022-12-24,C0075,D01,E08,3,2192.9
SO006258,2023-01-04,C0075,D01,E08,3,4213.75
SO006259,2023-01-16,C0075,D01,E08,3,3225.0
SO006260,2023-01-26,C0075,D01,E08,3,4530.6
SO006261,2023-02-08,C0075,D01,E08,4,4404.95
SO006262,2023-02-19,C0075,D01,E08,7,6712.9
SO006263,2023-03-04,C0075,D01,E08,5,1868.75
SO006264,2023-03-17,C0075,D01,E08,3,1265.0
SO006265,2023-03-27,C0075,D01,E08,6,3042.45
SO006266,2023-04-08,C0075,D01,E08,6,3995.0
SO006267,2023-04-19,C0075,D01,E08,7,5141.7
SO006268,2023-05-02,C0075,D01,E08,5,4443.8
SO006269,2023-05-13,C0075,D01,E08,3,3090.0
SO006270,2023-05-25,C0075,D01,E08,6,4100.0
SO006271,2023-06-05,C0075,D01,E08,7,5695.0
SO006272,2023-06-18,C0075,D01,E08,3,2913.7
SO006273,2023-06-29,C0075,D01,E08,5,2925.0
SO006274,2023-07-13,C0075,D01,E08,4,2870.0
SO006275,2023-07-27,C0075,D01,E08,5,4395.0
SO006276,2023-08-06,C0075,D01,E08,6,5085.0
SO006277,2023-08-16,C0075,D01,E08,4,2980.0
SO006278,2023-08-28,C0075,D01,E08,5,3185.0
SO006279,2023-09-07,C0075,D01,E08,4,2676.2
SO006280,2023-09-20,C0075,D01,E08,5,4320.0
SO006281,2023-10-04,C0075,D01,E08,4,3675.0
SO006282,2023-10-18,C0075,D01,E08,7,8051.7
SO006283,2023-10-31,C0075,D01,E08,6,6642.3
SO006284,2023-11-12,C0075,D01,E08,3,2488.05
SO006285,2023-11-26,C0075,D01,E08,4,5055.0
SO006286,2023-12-10,C0075,D01,E08,3,3611.1
SO006287,2023-12-23,C0075,D01,E08,4,4065.0
SO006288,2024-01-04,C0075,D01,E08,3,4085.0
SO006289,2024-01-15,C0075,D01,E08,5,3435.0
SO006290,2024-01-25,C0075,D01,E08,5,5900.0
SO006291,2024-02-06,C0075,D01,E08,3,4910.0
SO006292,2024-02-17,C0075,D01,E08,6,6725.0
SO006293,2024-02-28,C0075,D01,E08,6,10684.2
SO006294,2024-03-09,C0075,D01,E08,7,4344.9
SO006295,2024-03-20,C0075,D01,E08,5,4460.0
SO006296,2024-03-30,C0075,D01,E08,6,3525.0
SO006297,2024-04-12,C0075,D01,E08,3,1380.0
SO006298,2024-04-26,C0075,D01,E08,3,2922.5
SO006299,2024-05-09,C0075,D01,E08,5,3726.1
SO006300,2024-05-22,C0075,D01,E08,4,2200.0
SO006301,2024-06-05,C0075,D01,E08,4,3525.0
SO006302,2024-06-16,C0075,D01,E08,7,5298.0
SO006303,2024-06-30,C0075,D01,E08,5,3195.95
SO006304,2024-07-13,C0075,D01,E08,6,6230.0
SO006305,2024-07-26,C0075,D01,E08,5,3385.0
SO006306,2024-08-09,C0075,D01,E08,4,3110.0
SO006307,2024-08-20,C0075,D01,E08,7,5086.1
SO006308,2024-08-31,C0075,D01,E08,7,5187.4
SO006309,2024-09-13,C0075,D01,E08,3,2855.0
SO006310,2024-09-25,C0075,D01,E08,6,5290.0
SO006311,2024-10-08,C0075,D01,E08,6,7396.65
SO006312,2024-10-20,C0075,D01,E08,3,2650.0
SO006313,2024-11-03,C0075,D01,E08,3,4926.85
SO006314,2024-11-17,C0075,D01,E08,3,4500.1
SO006315,2024-12-01,C0075,D01,E08,7,11102.5
SO006316,2024-12-14,C0075,D01,E08,5,10585.0
SO006317,2024-12-25,C0075,D01,E08,7,11555.0
SO006318,2022-01-13,C0076,D02,E09,3,940.0
SO006319,2022-01-26,C0076,D02,E09,3,1525.0
SO006320,2022-02-09,C0076,D02,E09,4,1035.0
SO006321,2022-02-23,C0076,D02,E09,3,1469.8
SO006322,2022-03-10,C0076,D02,E09,7,2976.7
SO006323,2022-03-26,C0076,D02,E09,6,1610.0
SO006324,2022-04-08,C0076,D02,E09,7,2000.0
SO006325,2022-04-24,C0076,D02,E09,5,1715.0
SO006326,2022-05-11,C0076,D02,E09,4,1600.0
SO006327,2022-05-24,C0076,D02,E09,3,825.0
SO006328,2022-06-07,C0076,D02,E09,3,1330.0
SO006329,2022-06-20,C0076,D02,E09,3,1188.6
SO006330,2022-07-05,C0076,D02,E09,3,1447.4
SO006331,2022-07-22,C0076,D02,E09,4,1470.0
SO006332,2022-08-05,C0076,D02,E09,6,2345.0
SO006333,2022-08-18,C0076,D02,E09,5,1444.6
SO006334,2022-09-01,C0076,D02,E09,4,1284.8
SO006335,2022-09-18,C0076,D02,E09,3,900.0
SO006336,2022-10-03,C0076,D02,E09,7,2762.0
SO006337,2022-10-20,C0076,D02,E09,4,1875.55
SO006338,2022-11-05,C0076,D02,E09,6,4015.0
SO006339,2022-11-20,C0076,D02,E09,4,2790.0
SO006340,2022-12-04,C0076,D02,E09,6,3317.7
SO006341,2022-12-20,C0076,D02,E09,5,1412.7
SO006342,2023-01-05,C0076,D02,E09,6,3984.8
SO006343,2023-01-21,C0076,D02,E09,5,1965.0
SO006344,2023-02-05,C0076,D02,E09,3,2311.1
SO006345,2023-02-20,C0076,D02,E09,7,5182.55
SO006346,2023-03-06,C0076,D02,E09,7,2750.0
SO006347,2023-03-20,C0076,D02,E09,6,1970.0
SO006348,2023-04-02,C0076,D02,E09,6,2052.0
SO006349,2023-04-16,C0076,D02,E09,5,1836.9
SO006350,2023-05-02,C0076,D02,E09,6,2000.0
SO006351,2023-05-17,C0076,D02,E09,4,1370.0
SO006352,2023-05-30,C0076,D02,E09,3,805.0
SO006353,2023-06-13,C0076,D02,E09,7,3416.7
SO006354,2023-06-27,C0076,D02,E09,6,2280.0
SO006355,2023-07-13,C0076,D02,E09,6,2916.45
SO006356,2023-07-27,C0076,D02,E09,7,4100.0
SO006357,2023-08-13,C0076,D02,E09,6,2488.25
SO006358,2023-08-29,C0076,D02,E09,5,1500.0
SO006359,2023-09-15,C0076,D02,E09,6,2592.25
SO006360,2023-10-02,C0076,D02,E09,7,3258.75
SO006361,2023-10-19,C0076,D02,E09,5,2696.55
SO006362,2023-11-01,C0076,D02,E09,5,2305.0
SO006363,2023-11-18,C0076,D02,E09,5,2435.0
SO006364,2023-12-03,C0076,D02,E09,4,2145.0
SO006365,2023-12-20,C0076,D02,E09,6,5026.1
SO006366,2024-01-05,C0076,D02,E09,7,4155.0
SO006367,2024-01-22,C0076,D02,E09,5,3256.6
SO006368,2024-02-04,C0076,D02,E09,5,2950.7
SO006369,2024-02-21,C0076,D02,E09,6,5351.8
SO006370,2024-03-05,C0076,D02,E09,5,1585.0
SO006371,2024-03-22,C0076,D02,E09,4,1434.3
SO006372,2024-04-08,C0076,D02,E09,3,1441.0
SO006373,2024-04-23,C0076,D02,E09,3,870.0
SO006374,2024-05-06,C0076,D02,E09,4,1315.0
SO006375,2024-05-21,C0076,D02,E09,4,1338.75
SO006376,2024-06-05,C0076,D02,E09,3,1722.25
SO006377,2024-06-19,C0076,D02,E09,6,2844.2
SO006378,2024-07-06,C0076,D02,E09,6,2224.75
SO006379,2024-07-19,C0076,D02,E09,5,2617.75
SO006380,2024-08-05,C0076,D02,E09,6,2595.0
SO006381,2024-08-18,C0076,D02,E09,5,2645.1
SO006382,2024-09-02,C0076,D02,E09,4,1725.0
SO006383,2024-09-19,C0076,D02,E09,3,1026.9
SO006384,2024-10-02,C0076,D02,E09,5,2220.0
SO006385,2024-10-15,C0076,D02,E09,7,3594.8
SO006386,2024-11-01,C0076,D02,E09,5,4897.0
SO006387,2024-11-16,C0076,D02,E09,4,2580.0
SO006388,2024-12-03,C0076,D02,E09,5,3370.0
SO006389,2024-12-17,C0076,D02,E09,4,4163.8
SO006390,2022-01-10,C0077,D02,E10,5,5465.0
SO006391,2022-01-23,C0077,D02,E10,4,4662.6
SO006392,2022-02-06,C0077,D02,E10,3,3215.0
SO006393,2022-02-18,C0077,D02,E10,6,4630.0
SO006394,2022-02-28,C0077,D02,E10,3,1920.0
SO006395,2022-03-13,C0077,D02,E10,6,2799.2
SO006396,2022-03-25,C0077,D02,E10,6,3104.5
SO006397,2022-04-04,C0077,D02,E10,7,3863.35
SO006398,2022-04-14,C0077,D02,E10,6,4208.0
SO006399,2022-04-28,C0077,D02,E10,6,3035.0
SO006400,2022-05-09,C0077,D02,E10,3,2665.0
SO006401,2022-05-19,C0077,D02,E10,5,2286.8
SO006402,2022-06-01,C0077,D02,E10,7,5318.4
SO006403,2022-06-14,C0077,D02,E10,3,2657.2
SO006404,2022-06-27,C0077,D02,E10,5,3058.4
SO006405,2022-07-09,C0077,D02,E10,4,3245.5
SO006406,2022-07-20,C0077,D02,E10,3,2670.0
SO006407,2022-07-31,C0077,D02,E10,7,4392.95
SO006408,2022-08-13,C0077,D02,E10,4,4015.0
SO006409,2022-08-24,C0077,D02,E10,6,4165.0
SO006410,2022-09-07,C0077,D02,E10,4,3213.5
SO006411,2022-09-21,C0077,D02,E10,7,4145.0
SO006412,2022-10-03,C0077,D02,E10,7,5016.4
SO006413,2022-10-14,C0077,D02,E10,5,4436.0
SO006414,2022-10-26,C0077,D02,E10,5,3698.3
SO006415,2022-11-05,C0077,D02,E10,5,6345.0
SO006416,2022-11-18,C0077,D02,E10,7,6545.0
SO006417,2022-11-29,C0077,D02,E10,4,4306.2
SO006418,2022-12-12,C0077,D02,E10,4,5320.0
SO006419,2022-12-25,C0077,D02,E10,7,7202.9
SO006420,2023-01-08,C0077,D02,E10,7,8572.9
SO006421,2023-01-18,C0077,D02,E10,3,4292.25
SO006422,2023-01-31,C0077,D02,E10,3,3420.0
SO006423,2023-02-14,C0077,D02,E10,7,6934.05
SO006424,2023-02-27,C0077,D02,E10,6,9713.55
SO006425,2023-03-10,C0077,D02,E10,6,2190.0
SO006426,2023-03-23,C0077,D02,E10,6,2830.0
SO006427,2023-04-05,C0077,D02,E10,5,3437.5
SO006428,2023-04-16,C0077,D02,E10,5,3291.9
SO006429,2023-04-27,C0077,D02,E10,4,2980.0
SO006430,2023-05-10,C0077,D02,E10,5,4090.0
SO006431,2023-05-21,C0077,D02,E10,4,2285.0
SO006432,2023-06-04,C0077,D02,E10,5,3777.25
SO006433,2023-06-17,C0077,D02,E10,3,2565.0
SO006434,2023-06-30,C0077,D02,E10,5,4501.5
SO006435,2023-07-13,C0077,D02,E10,4,2351.6
SO006436,2023-07-24,C0077,D02,E10,4,5165.0
SO006437,2023-08-07,C0077,D02,E10,4,2975.0
SO006438,2023-08-21,C0077,D02,E10,6,4831.55
SO006439,2023-09-04,C0077,D02,E10,7,6325.0
SO006440,2023-09-16,C0077,D02,E10,4,3630.0
SO006441,2023-09-28,C0077,D02,E10,3,2163.4
SO006442,2023-10-10,C0077,D02,E10,3,2560.0
SO006443,2023-10-21,C0077,D02,E10,4,3352.4
SO006444,2023-10-31,C0077,D02,E10,3,2745.0
SO006445,2023-11-10,C0077,D02,E10,5,5145.6
SO006446,2023-11-20,C0077,D02,E10,7,7845.1
SO006447,2023-12-04,C0077,D02,E10,5,5570.0
SO006448,2023-12-16,C0077,D02,E10,7,7748.0
SO006449,2023-12-26,C0077,D02,E10,3,3310.0
SO006450,2024-01-08,C0077,D02,E10,3,3605.0
SO006451,2024-01-20,C0077,D02,E10,3,2466.25
SO006452,2024-01-30,C0077,D02,E10,7,7735.0
SO006453,2024-02-12,C0077,D02,E10,5,6220.0
SO006454,2024-02-24,C0077,D02,E10,6,9458.75
SO006455,2024-03-06,C0077,D02,E10,5,4658.5
SO006456,2024-03-18,C0077,D02,E10,5,4293.2
SO006457,2024-03-31,C0077,D02,E10,5,3490.0
SO006458,2024-04-12,C0077,D02,E10,3,2275.0
SO006459,2024-04-26,C0077,D02,E10,6,5305.9
SO006460,2024-05-07,C0077,D02,E10,7,4357.6
SO006461,2024-05-17,C0077,D02,E10,4,1486.2
SO006462,2024-05-31,C0077,D02,E10,3,1925.7
SO006463,2024-06-14,C0077,D02,E10,4,3595.0
SO006464,2024-06-24,C0077,D02,E10,5,5054.1
SO006465,2024-07-04,C0077,D02,E10,3,2560.0
SO006466,2024-07-15,C0077,D02,E10,7,5345.6
SO006467,2024-07-27,C0077,D02,E10,4,2283.6
SO006468,2024-08-09,C0077,D02,E10,6,3945.0
SO006469,2024-08-20,C0077,D02,E10,6,4760.8
SO006470,2024-08-31,C0077,D02,E10,3,2576.75
SO006471,2024-09-13,C0077,D02,E10,3,2580.0
SO006472,2024-09-27,C0077,D02,E10,4,3030.0
SO006473,2024-10-09,C0077,D02,E10,7,7716.5
SO006474,2024-10-20,C0077,D02,E10,4,5871.9
SO006475,2024-10-30,C0077,D02,E10,4,3063.75
SO006476,2024-11-10,C0077,D02,E10,7,10688.8
SO006477,2024-11-24,C0077,D02,E10,6,9976.1
SO006478,2024-12-06,C0077,D02,E10,3,5435.0
SO006479,2024-12-19,C0077,D02,E10,5,6390.0
SO006480,2024-12-30,C0077,D02,E10,5,6330.0
SO006481,2022-01-06,C0078,D02,E11,4,3880.9
SO006482,2022-01-18,C0078,D02,E11,5,5755.0
SO006483,2022-01-28,C0078,D02,E11,4,4371.2
SO006484,2022-02-11,C0078,D02,E11,4,6900.0
SO006485,2022-02-25,C0078,D02,E11,5,2578.25
SO006486,2022-03-07,C0078,D02,E11,3,1665.0
SO006487,2022-03-19,C0078,D02,E11,4,2140.0
SO006488,2022-04-01,C0078,D02,E11,7,3905.0
SO006489,2022-04-11,C0078,D02,E11,7,4165.0
SO006490,2022-04-22,C0078,D02,E11,3,1624.15
SO006491,2022-05-05,C0078,D02,E11,4,2840.2
SO006492,2022-05-19,C0078,D02,E11,7,4767.0
SO006493,2022-06-02,C0078,D02,E11,4,2840.8
SO006494,2022-06-16,C0078,D02,E11,5,3245.0
SO006495,2022-06-30,C0078,D02,E11,5,3880.2
SO006496,2022-07-14,C0078,D02,E11,7,4435.0
SO006497,2022-07-26,C0078,D02,E11,3,2599.8
SO006498,2022-08-05,C0078,D02,E11,6,4610.0
SO006499,2022-08-16,C0078,D02,E11,3,1850.0
SO006500,2022-08-30,C0078,D02,E11,5,3660.0
SO006501,2022-09-13,C0078,D02,E11,7,5045.0
SO006502,2022-09-27,C0078,D02,E11,4,3128.8
SO006503,2022-10-11,C0078,D02,E11,3,1940.0
SO006504,2022-10-21,C0078,D02,E11,5,6857.0
SO006505,2022-11-03,C0078,D02,E11,4,3009.4
SO006506,2022-11-15,C0078,D02,E11,5,5607.25
SO006507,2022-11-27,C0078,D02,E11,3,2590.0
SO006508,2022-12-07,C0078,D02,E11,6,4628.8
SO006509,2022-12-18,C0078,D02,E11,6,8051.8
SO006510,2022-12-30,C0078,D02,E11,7,7085.0
SO006511,2023-01-13,C0078,D02,E11,3,2055.0
SO006512,2023-01-25,C0078,D02,E11,3,3630.0
SO006513,2023-02-04,C0078,D02,E11,7,6401.7
SO006514,2023-02-18,C0078,D02,E11,6,9315.0
SO006515,2023-03-02,C0078,D02,E11,7,3760.7
SO006516,2023-03-14,C0078,D02,E11,6,3575.0
SO006517,2023-03-26,C0078,D02,E11,6,3532.15
SO006518,2023-04-07,C0078,D02,E11,7,3898.8
SO006519,2023-04-21,C0078,D02,E11,4,1686.45
SO006520,2023-05-04,C0078,D02,E11,6,4570.4
SO006521,2023-05-14,C0078,D02,E11,7,3912.9
SO006522,2023-05-24,C0078,D02,E11,4,2190.0
SO006523,2023-06-05,C0078,D02,E11,5,4386.25
SO006524,2023-06-19,C0078,D02,E11,3,1499.5
SO006525,2023-07-01,C0078,D02,E11,7,5095.5
SO006526,2023-07-11,C0078,D02,E11,7,5425.0
SO006527,2023-07-24,C0078,D02,E11,6,4125.05
SO006528,2023-08-03,C0078,D02,E11,3,2830.0
SO006529,2023-08-14,C0078,D02,E11,5,5040.7
SO006530,2023-08-25,C0078,D02,E11,7,5669.0
SO006531,2023-09-08,C0078,D02,E11,6,3630.0
SO006532,2023-09-18,C0078,D02,E11,5,2988.95
SO006533,2023-10-02,C0078,D02,E11,5,4110.0
SO006534,2023-10-12,C0078,D02,E11,6,4713.4
SO006535,2023-10-26,C0078,D02,E11,7,5317.2
SO006536,2023-11-08,C0078,D02,E11,7,9740.15
SO006537,2023-11-21,C0078,D02,E11,6,7318.75
SO006538,2023-12-04,C0078,D02,E11,3,4780.0
SO006539,2023-12-18,C0078,D02,E11,6,4356.65
SO006540,2024-01-01,C0078,D02,E11,4,3140.0
SO006541,2024-01-14,C0078,D02,E11,5,5282.7
SO006542,2024-01-24,C0078,D02,E11,4,3519.9
SO006543,2024-02-04,C0078,D02,E11,5,4030.0
SO006544,2024-02-17,C0078,D02,E11,3,2353.0
SO006545,2024-03-02,C0078,D02,E11,5,2830.5
SO006546,2024-03-13,C0078,D02,E11,5,3387.2
SO006547,2024-03-26,C0078,D02,E11,4,2746.2
SO006548,2024-04-07,C0078,D02,E11,5,3020.45
SO006549,2024-04-17,C0078,D02,E11,3,1670.75
SO006550,2024-04-27,C0078,D02,E11,5,3170.0
SO006551,2024-05-07,C0078,D02,E11,6,4950.0
SO006552,2024-05-21,C0078,D02,E11,6,3336.5
SO006553,2024-06-03,C0078,D02,E11,7,6633.0
SO006554,2024-06-17,C0078,D02,E11,4,3629.4
SO006555,2024-07-01,C0078,D02,E11,4,4810.0
SO006556,2024-07-15,C0078,D02,E11,4,2890.0
SO006557,2024-07-27,C0078,D02,E11,3,1630.0
SO006558,2024-08-07,C0078,D02,E11,3,2237.2
SO006559,2024-08-17,C0078,D02,E11,5,4519.0
SO006560,2024-08-28,C0078,D02,E11,6,4111.1
SO006561,2024-09-07,C0078,D02,E11,7,6423.8
SO006562,2024-09-19,C0078,D02,E11,3,2120.0
SO006563,2024-09-30,C0078,D02,E11,3,2386.0
SO006564,2024-10-13,C0078,D02,E11,6,5605.0
SO006565,2024-10-25,C0078,D02,E11,3,2498.7
SO006566,2024-11-05,C0078,D02,E11,4,7720.0
SO006567,2024-11-17,C0078,D02,E11,3,6107.4
SO006568,2024-12-01,C0078,D02,E11,7,6674.2
SO006569,2024-12-13,C0078,D02,E11,3,4042.2
SO006570,2024-12-23,C0078,D02,E11,6,7925.0
SO006571,2022-01-11,C0079,D01,E06,4,3749.0
SO006572,2022-01-24,C0079,D01,E06,6,4446.0
SO006573,2022-02-07,C0079,D01,E06,6,5451.4
SO006574,2022-02-20,C0079,D01,E06,5,3120.6
SO006575,2022-03-04,C0079,D01,E06,3,1780.0
SO006576,2022-03-18,C0079,D01,E06,5,2438.75
SO006577,2022-03-29,C0079,D01,E06,7,5823.4
SO006578,2022-04-11,C0079,D01,E06,6,2855.0
SO006579,2022-04-23,C0079,D01,E06,5,2790.0
SO006580,2022-05-05,C0079,D01,E06,7,4182.95
SO006581,2022-05-15,C0079,D01,E06,7,3905.85
SO006582,2022-05-29,C0079,D01,E06,5,2515.0
SO006583,2022-06-10,C0079,D01,E06,3,2502.9
SO006584,2022-06-23,C0079,D01,E06,3,3477.2
SO006585,2022-07-04,C0079,D01,E06,6,3650.0
SO006586,2022-07-18,C0079,D01,E06,3,1520.0
SO006587,2022-07-31,C0079,D01,E06,3,2400.0
SO006588,2022-08-12,C0079,D01,E06,4,3610.0
SO006589,2022-08-24,C0079,D01,E06,6,2765.0
SO006590,2022-09-06,C0079,D01,E06,4,1813.4
SO006591,2022-09-16,C0079,D01,E06,5,2880.0
SO006592,2022-09-28,C0079,D01,E06,5,4711.75
SO006593,2022-10-11,C0079,D01,E06,5,5861.25
SO006594,2022-10-23,C0079,D01,E06,7,6794.75
SO006595,2022-11-06,C0079,D01,E06,6,4546.2
SO006596,2022-11-16,C0079,D01,E06,4,3923.55
SO006597,2022-11-30,C0079,D01,E06,5,7015.8
SO006598,2022-12-14,C0079,D01,E06,4,5251.0
SO006599,2022-12-27,C0079,D01,E06,5,6884.25
SO006600,2023-01-10,C0079,D01,E06,6,8835.2
SO006601,2023-01-24,C0079,D01,E06,4,2620.7
SO006602,2023-02-03,C0079,D01,E06,3,2420.7
SO006603,2023-02-13,C0079,D01,E06,6,4395.0
SO006604,2023-02-24,C0079,D01,E06,4,5580.0
SO006605,2023-03-06,C0079,D01,E06,6,3832.7
SO006606,2023-03-19,C0079,D01,E06,7,3630.1
SO006607,2023-03-30,C0079,D01,E06,6,3513.6
SO006608,2023-04-13,C0079,D01,E06,6,3441.6
SO006609,2023-04-26,C0079,D01,E06,6,2879.3
SO006610,2023-05-06,C0079,D01,E06,4,2630.0
SO006611,2023-05-19,C0079,D01,E06,4,2150.0
SO006612,2023-06-02,C0079,D01,E06,3,3580.0
SO006613,2023-06-12,C0079,D01,E06,5,3253.8
SO006614,2023-06-24,C0079,D01,E06,7,5298.5
SO006615,2023-07-04,C0079,D01,E06,5,3787.8
SO006616,2023-07-16,C0079,D01,E06,3,2370.0
SO006617,2023-07-28,C0079,D01,E06,7,5241.9
SO006618,2023-08-08,C0079,D01,E06,3,1571.3
SO006619,2023-08-18,C0079,D01,E06,5,4023.8
SO006620,2023-08-29,C0079,D01,E06,6,4870.0
SO006621,2023-09-12,C0079,D01,E06,7,4800.0
SO006622,2023-09-26,C0079,D01,E06,7,5401.0
SO006623,2023-10-06,C0079,D01,E06,6,6090.0
SO006624,2023-10-16,C0079,D01,E06,3,3051.7
SO006625,2023-10-28,C0079,D01,E06,4,3906.6
SO006626,2023-11-10,C0079,D01,E06,4,5305.75
SO006627,2023-11-20,C0079,D01,E06,4,6566.3
SO006628,2023-12-04,C0079,D01,E06,5,4863.15
SO006629,2023-12-18,C0079,D01,E06,6,4728.4
SO006630,2023-12-29,C0079,D01,E06,5,7885.0
SO006631,2024-01-09,C0079,D01,E06,4,3601.25
SO006632,2024-01-23,C0079,D01,E06,7,7718.8
SO006633,2024-02-03,C0079,D01,E06,3,5163.6
SO006634,2024-02-16,C0079,D01,E06,4,4730.0
SO006635,2024-03-01,C0079,D01,E06,7,4892.6
SO006636,2024-03-13,C0079,D01,E06,6,3838.4
SO006637,2024-03-25,C0079,D01,E06,5,3023.2
SO006638,2024-04-05,C0079,D01,E06,4,2391.5
SO006639,2024-04-17,C0079,D01,E06,6,4105.6
SO006640,2024-04-27,C0079,D01,E06,7,3505.7
SO006641,2024-05-11,C0079,D01,E06,3,1535.0
SO006642,2024-05-22,C0079,D01,E06,4,1955.1
SO006643,2024-06-05,C0079,D01,E06,3,2295.0
SO006644,2024-06-15,C0079,D01,E06,5,4228.75
SO006645,2024-06-29,C0079,D01,E06,3,2565.0
SO006646,2024-07-10,C0079,D01,E06,3,2307.2
SO006647,2024-07-20,C0079,D01,E06,6,7058.7
SO006648,2024-07-30,C0079,D01,E06,4,2745.0
SO006649,2024-08-13,C0079,D01,E06,3,2480.0
SO006650,2024-08-23,C0079,D01,E06,4,4555.0
SO006651,2024-09-06,C0079,D01,E06,6,5055.0
SO006652,2024-09-17,C0079,D01,E06,4,3670.0
SO006653,2024-09-28,C0079,D01,E06,5,6207.2
SO006654,2024-10-09,C0079,D01,E06,3,1678.65
SO006655,2024-10-21,C0079,D01,E06,4,3419.0
SO006656,2024-10-31,C0079,D01,E06,6,5800.4
SO006657,2024-11-12,C0079,D01,E06,3,2835.0
SO006658,2024-11-24,C0079,D01,E06,4,4347.3
SO006659,2024-12-06,C0079,D01,E06,4,3660.6
SO006660,2024-12-16,C0079,D01,E06,6,3674.8
SO006661,2024-12-30,C0079,D01,E06,6,8080.0
SO006662,2022-01-06,C0080,D01,E07,5,2381.45
SO006663,2022-01-20,C0080,D01,E07,3,865.0
SO006664,2022-02-03,C0080,D01,E07,5,2744.6
SO006665,2022-02-19,C0080,D01,E07,3,1563.6
SO006666,2022-03-05,C0080,D01,E07,3,995.0
SO006667,2022-03-22,C0080,D01,E07,6,1860.0
SO006668,2022-04-08,C0080,D01,E07,5,2056.25
SO006669,2022-04-22,C0080,D01,E07,5,1174.3
SO006670,2022-05-06,C0080,D01,E07,5,1385.0
SO006671,2022-05-22,C0080,D01,E07,4,1828.6
SO006672,2022-06-05,C0080,D01,E07,6,1655.0
SO006673,2022-06-22,C0080,D01,E07,4,1690.1
SO006674,2022-07-07,C0080,D01,E07,4,1459.4
SO006675,2022-07-22,C0080,D01,E07,4,1630.0
SO006676,2022-08-06,C0080,D01,E07,7,2830.0
SO006677,2022-08-20,C0080,D01,E07,6,2898.8
SO006678,2022-09-03,C0080,D01,E07,5,2048.75
SO006679,2022-09-18,C0080,D01,E07,4,1675.25
SO006680,2022-10-02,C0080,D01,E07,6,3300.55
SO006681,2022-10-17,C0080,D01,E07,3,842.4
SO006682,2022-10-30,C0080,D01,E07,4,1830.0
SO006683,2022-11-13,C0080,D01,E07,5,2945.0
SO006684,2022-11-26,C0080,D01,E07,3,2870.0
SO006685,2022-12-12,C0080,D01,E07,7,3393.0
SO006686,2022-12-27,C0080,D01,E07,6,3065.0
SO006687,2023-01-12,C0080,D01,E07,7,3967.6
SO006688,2023-01-28,C0080,D01,E07,5,1815.0
SO006689,2023-02-12,C0080,D01,E07,6,2650.0
SO006690,2023-02-26,C0080,D01,E07,3,1845.0
SO006691,2023-03-14,C0080,D01,E07,6,1875.0
SO006692,2023-03-31,C0080,D01,E07,4,1315.0
SO006693,2023-04-14,C0080,D01,E07,4,1215.0
SO006694,2023-04-30,C0080,D01,E07,3,670.0
SO006695,2023-05-13,C0080,D01,E07,6,1900.0
SO006696,2023-05-27,C0080,D01,E07,6,2467.5
SO006697,2023-06-10,C0080,D01,E07,3,1345.0
SO006698,2023-06-26,C0080,D01,E07,5,2360.0
SO006699,2023-07-13,C0080,D01,E07,4,1020.0
SO006700,2023-07-27,C0080,D01,E07,3,705.0
SO006701,2023-08-11,C0080,D01,E07,3,1580.0
SO006702,2023-08-28,C0080,D01,E07,3,1575.65
SO006703,2023-09-14,C0080,D01,E07,7,2778.75
SO006704,2023-10-01,C0080,D01,E07,7,3441.0
SO006705,2023-10-14,C0080,D01,E07,7,3116.8
SO006706,2023-10-27,C0080,D01,E07,6,2854.35
SO006707,2023-11-09,C0080,D01,E07,7,5382.45
SO006708,2023-11-26,C0080,D01,E07,5,3631.1
SO006709,2023-12-10,C0080,D01,E07,7,4305.0
SO006710,2023-12-23,C0080,D01,E07,7,4914.8
SO006711,2024-01-09,C0080,D01,E07,5,2628.75
SO006712,2024-01-24,C0080,D01,E07,6,4240.0
SO006713,2024-02-08,C0080,D01,E07,3,2490.0
SO006714,2024-02-24,C0080,D01,E07,4,2285.0
SO006715,2024-03-12,C0080,D01,E07,5,1905.0
SO006716,2024-03-25,C0080,D01,E07,3,908.4
SO006717,2024-04-07,C0080,D01,E07,7,2715.0
SO006718,2024-04-23,C0080,D01,E07,7,2339.0
SO006719,2024-05-10,C0080,D01,E07,6,1781.6
SO006720,2024-05-25,C0080,D01,E07,5,2007.2
SO006721,2024-06-09,C0080,D01,E07,3,1735.0
SO006722,2024-06-26,C0080,D01,E07,6,3219.85
SO006723,2024-07-10,C0080,D01,E07,3,1186.25
SO006724,2024-07-27,C0080,D01,E07,6,2176.4
SO006725,2024-08-13,C0080,D01,E07,3,1255.0
SO006726,2024-08-29,C0080,D01,E07,4,1707.75
SO006727,2024-09-14,C0080,D01,E07,4,1985.0
SO006728,2024-10-01,C0080,D01,E07,7,4125.0
SO006729,2024-10-15,C0080,D01,E07,5,2535.0
SO006730,2024-10-28,C0080,D01,E07,5,4032.5
SO006731,2024-11-14,C0080,D01,E07,7,4690.7
SO006732,2024-11-30,C0080,D01,E07,6,2723.4
SO006733,2024-12-15,C0080,D01,E07,5,4440.0
SO006734,2024-12-28,C0080,D01,E07,5,5007.0
SO006735,2022-01-09,C0081,D01,E08,4,6139.6
SO006736,2022-01-23,C0081,D01,E08,5,4670.1
SO006737,2022-02-02,C0081,D01,E08,6,8960.8
SO006738,2022-02-14,C0081,D01,E08,4,2235.0
SO006739,2022-02-27,C0081,D01,E08,5,4808.7
SO006740,2022-03-12,C0081,D01,E08,5,1880.0
SO006741,2022-03-24,C0081,D01,E08,7,3675.0
SO006742,2022-04-06,C0081,D01,E08,3,2170.0
SO006743,2022-04-20,C0081,D01,E08,7,3352.15
SO006744,2022-05-02,C0081,D01,E08,5,2695.1
SO006745,2022-05-12,C0081,D01,E08,4,1910.0
SO006746,2022-05-22,C0081,D01,E08,3,1510.0
SO006747,2022-06-01,C0081,D01,E08,6,4270.0
SO006748,2022-06-13,C0081,D01,E08,5,2956.2
SO006749,2022-06-26,C0081,D01,E08,3,2283.75
SO006750,2022-07-06,C0081,D01,E08,6,4140.55
SO006751,2022-07-19,C0081,D01,E08,6,4808.4
SO006752,2022-07-29,C0081,D01,E08,7,3980.15
SO006753,2022-08-11,C0081,D01,E08,7,5522.4
SO006754,2022-08-22,C0081,D01,E08,3,1520.7
SO006755,2022-09-04,C0081,D01,E08,3,2862.2
SO006756,2022-09-15,C0081,D01,E08,4,2875.0
SO006757,2022-09-28,C0081,D01,E08,7,6033.1
SO006758,2022-10-08,C0081,D01,E08,5,3241.5
SO006759,2022-10-20,C0081,D01,E08,3,2063.3
SO006760,2022-11-01,C0081,D01,E08,5,5060.0
SO006761,2022-11-15,C0081,D01,E08,7,8480.0
SO006762,2022-11-28,C0081,D01,E08,5,3113.55
SO006763,2022-12-11,C0081,D01,E08,5,6841.8
SO006764,2022-12-24,C0081,D01,E08,4,4375.2
SO006765,2023-01-04,C0081,D01,E08,3,2418.6
SO006766,2023-01-16,C0081,D01,E08,6,9372.15
SO006767,2023-01-28,C0081,D01,E08,6,7629.35
SO006768,2023-02-11,C0081,D01,E08,4,2872.9
SO006769,2023-02-21,C0081,D01,E08,3,2980.0
SO006770,2023-03-05,C0081,D01,E08,4,2350.25
SO006771,2023-03-16,C0081,D01,E08,5,2845.0
SO006772,2023-03-30,C0081,D01,E08,7,4348.2
SO006773,2023-04-11,C0081,D01,E08,3,2060.0
SO006774,2023-04-21,C0081,D01,E08,5,3415.0
SO006775,2023-05-03,C0081,D01,E08,6,4079.25
SO006776,2023-05-17,C0081,D01,E08,6,3530.0
SO006777,2023-05-29,C0081,D01,E08,3,2440.0
SO006778,2023-06-12,C0081,D01,E08,4,2867.85
SO006779,2023-06-25,C0081,D01,E08,3,2200.0
SO006780,2023-07-07,C0081,D01,E08,3,1860.0
SO006781,2023-07-20,C0081,D01,E08,7,5980.0
SO006782,2023-07-30,C0081,D01,E08,7,5046.25
SO006783,2023-08-09,C0081,D01,E08,5,5365.0
SO006784,2023-08-22,C0081,D01,E08,3,2426.5
SO006785,2023-09-02,C0081,D01,E08,7,5890.0
SO006786,2023-09-15,C0081,D01,E08,6,4240.0
SO006787,2023-09-28,C0081,D01,E08,5,3610.0
SO006788,2023-10-09,C0081,D01,E08,5,5465.0
SO006789,2023-10-19,C0081,D01,E08,5,5331.2
SO006790,2023-11-01,C0081,D01,E08,4,5086.3
SO006791,2023-11-15,C0081,D01,E08,3,4080.0
SO006792,2023-11-28,C0081,D01,E08,3,2550.0
SO006793,2023-12-11,C0081,D01,E08,7,7695.0
SO006794,2023-12-21,C0081,D01,E08,6,7879.5
SO006795,2023-12-31,C0081,D01,E08,6,8655.0
SO006796,2024-01-11,C0081,D01,E08,4,4870.0
SO006797,2024-01-24,C0081,D01,E08,6,6660.0
SO006798,2024-02-05,C0081,D01,E08,7,7778.75
SO006799,2024-02-17,C0081,D01,E08,4,4288.0
SO006800,2024-02-29,C0081,D01,E08,5,6575.0
SO006801,2024-03-13,C0081,D01,E08,3,1475.6
SO006802,2024-03-25,C0081,D01,E08,4,3212.6
SO006803,2024-04-06,C0081,D01,E08,6,2450.0
SO006804,2024-04-18,C0081,D01,E08,6,3228.7
SO006805,2024-04-29,C0081,D01,E08,6,3435.75
SO006806,2024-05-13,C0081,D01,E08,3,1838.4
SO006807,2024-05-26,C0081,D01,E08,3,1928.8
SO006808,2024-06-08,C0081,D01,E08,4,4710.0
SO006809,2024-06-18,C0081,D01,E08,4,2500.0
SO006810,2024-07-01,C0081,D01,E08,5,4620.0
SO006811,2024-07-12,C0081,D01,E08,6,5012.6
SO006812,2024-07-23,C0081,D01,E08,3,2080.0
SO006813,2024-08-06,C0081,D01,E08,4,2752.2
SO006814,2024-08-18,C0081,D01,E08,5,4180.0
SO006815,2024-08-28,C0081,D01,E08,5,5595.85
SO006816,2024-09-09,C0081,D01,E08,5,4439.0
SO006817,2024-09-21,C0081,D01,E08,4,2215.8
SO006818,2024-10-02,C0081,D01,E08,6,5540.0
SO006819,2024-10-15,C0081,D01,E08,3,2124.5
SO006820,2024-10-25,C0081,D01,E08,5,6078.55
SO006821,2024-11-06,C0081,D01,E08,7,6920.65
SO006822,2024-11-18,C0081,D01,E08,5,8070.0
SO006823,2024-11-28,C0081,D01,E08,3,3500.0
SO006824,2024-12-09,C0081,D01,E08,6,5370.0
SO006825,2024-12-22,C0081,D01,E08,5,9585.0
SO006826,2022-01-01,C0082,D02,E09,7,6499.8
SO006827,2022-01-13,C0082,D02,E09,3,2160.0
SO006828,2022-01-23,C0082,D02,E09,7,6091.9
SO006829,2022-02-03,C0082,D02,E09,4,4570.0
SO006830,2022-02-13,C0082,D02,E09,4,4490.0
SO006831,2022-02-27,C0082,D02,E09,4,2607.5
SO006832,2022-03-12,C0082,D02,E09,6,3264.45
SO006833,2022-03-22,C0082,D02,E09,4,2443.8
SO006834,2022-04-01,C0082,D02,E09,3,1446.5
SO006835,2022-04-13,C0082,D02,E09,3,1810.0
SO006836,2022-04-25,C0082,D02,E09,6,2217.75
SO006837,2022-05-09,C0082,D02,E09,3,1105.4
SO006838,2022-05-20,C0082,D02,E09,3,1230.0
SO006839,2022-06-01,C0082,D02,E09,3,2320.0
SO006840,2022-06-13,C0082,D02,E09,6,4585.0
SO006841,2022-06-24,C0082,D02,E09,6,5534.65
SO006842,2022-07-06,C0082,D02,E09,5,2520.0
SO006843,2022-07-17,C0082,D02,E09,7,5876.6
SO006844,2022-07-27,C0082,D02,E09,7,4536.5
SO006845,2022-08-08,C0082,D02,E09,4,3305.7
SO006846,2022-08-22,C0082,D02,E09,6,3880.0
SO006847,2022-09-04,C0082,D02,E09,4,1936.7
SO006848,2022-09-16,C0082,D02,E09,3,3429.6
SO006849,2022-09-30,C0082,D02,E09,5,7315.0
SO006850,2022-10-13,C0082,D02,E09,6,3937.4
SO006851,2022-10-25,C0082,D02,E09,5,5683.4
SO006852,2022-11-08,C0082,D02,E09,7,7202.0
SO006853,2022-11-18,C0082,D02,E09,3,4785.0
SO006854,2022-11-29,C0082,D02,E09,7,6702.85
SO006855,2022-12-13,C0082,D02,E09,6,5490.0
SO006856,2022-12-27,C0082,D02,E09,3,1665.0
SO006857,2023-01-07,C0082,D02,E09,5,4785.15
SO006858,2023-01-19,C0082,D02,E09,3,2985.0
SO006859,2023-01-29,C0082,D02,E09,5,5920.0
SO006860,2023-02-10,C0082,D02,E09,5,5638.4
SO006861,2023-02-24,C0082,D02,E09,5,5032.25
SO006862,2023-03-07,C0082,D02,E09,6,3186.7
SO006863,2023-03-19,C0082,D02,E09,4,2145.0
SO006864,2023-04-01,C0082,D02,E09,4,2088.05
SO006865,2023-04-13,C0082,D02,E09,3,1225.1
SO006866,2023-04-27,C0082,D02,E09,5,3240.3
SO006867,2023-05-07,C0082,D02,E09,3,1856.2
SO006868,2023-05-18,C0082,D02,E09,5,3180.0
SO006869,2023-05-30,C0082,D02,E09,6,4147.4
SO006870,2023-06-10,C0082,D02,E09,5,3205.0
SO006871,2023-06-20,C0082,D02,E09,7,4935.0
SO006872,2023-06-30,C0082,D02,E09,7,4288.7
SO006873,2023-07-10,C0082,D02,E09,3,1730.05
SO006874,2023-07-21,C0082,D02,E09,6,4030.0
SO006875,2023-08-01,C0082,D02,E09,3,2935.0
SO006876,2023-08-11,C0082,D02,E09,7,7149.5
SO006877,2023-08-24,C0082,D02,E09,6,4885.0
SO006878,2023-09-06,C0082,D02,E09,4,3350.1
SO006879,2023-09-16,C0082,D02,E09,3,1400.0
SO006880,2023-09-29,C0082,D02,E09,7,4995.0
SO006881,2023-10-10,C0082,D02,E09,6,4431.7
SO006882,2023-10-23,C0082,D02,E09,5,4294.45
SO006883,2023-11-06,C0082,D02,E09,5,6487.8
SO006884,2023-11-18,C0082,D02,E09,7,7810.0
SO006885,2023-12-02,C0082,D02,E09,4,5040.0
SO006886,2023-12-13,C0082,D02,E09,6,6272.1
SO006887,2023-12-25,C0082,D02,E09,5,3384.9
SO006888,2024-01-08,C0082,D02,E09,6,7285.0
SO006889,2024-01-21,C0082,D02,E09,6,6634.5
SO006890,2024-02-01,C0082,D02,E09,3,3510.0
SO006891,2024-02-15,C0082,D02,E09,4,3165.0
SO006892,2024-02-25,C0082,D02,E09,5,4647.75
SO006893,2024-03-06,C0082,D02,E09,7,4482.5
SO006894,2024-03-18,C0082,D02,E09,6,2465.0
SO006895,2024-03-30,C0082,D02,E09,3,1325.0
SO006896,2024-04-09,C0082,D02,E09,5,2755.0
SO006897,2024-04-19,C0082,D02,E09,3,1518.5
SO006898,2024-05-03,C0082,D02,E09,4,2540.0
SO006899,2024-05-14,C0082,D02,E09,3,1390.0
SO006900,2024-05-27,C0082,D02,E09,6,3352.6
SO006901,2024-06-07,C0082,D02,E09,7,6165.0
SO006902,2024-06-21,C0082,D02,E09,5,4025.0
SO006903,2024-07-05,C0082,D02,E09,7,5730.0
SO006904,2024-07-17,C0082,D02,E09,4,4010.0
SO006905,2024-07-28,C0082,D02,E09,6,3614.6
SO006906,2024-08-09,C0082,D02,E09,3,3110.0
SO006907,2024-08-19,C0082,D02,E09,5,4250.05
SO006908,2024-08-30,C0082,D02,E09,6,4955.0
SO006909,2024-09-12,C0082,D02,E09,4,4545.0
SO006910,2024-09-25,C0082,D02,E09,4,2700.0
SO006911,2024-10-05,C0082,D02,E09,7,8324.3
SO006912,2024-10-15,C0082,D02,E09,4,3874.75
SO006913,2024-10-29,C0082,D02,E09,6,6897.0
SO006914,2024-11-10,C0082,D02,E09,3,4800.0
SO006915,2024-11-21,C0082,D02,E09,3,1999.25
SO006916,2024-12-01,C0082,D02,E09,7,8723.3
SO006917,2024-12-13,C0082,D02,E09,7,9773.85
SO006918,2024-12-24,C0082,D02,E09,6,6070.0
SO006919,2022-01-07,C0083,D02,E10,7,8506.8
SO006920,2022-01-21,C0083,D02,E10,3,2430.0
SO006921,2022-02-03,C0083,D02,E10,4,4315.0
SO006922,2022-02-17,C0083,D02,E10,7,5190.0
SO006923,2022-02-27,C0083,D02,E10,5,4670.0
SO006924,2022-03-13,C0083,D02,E10,5,2385.0
SO006925,2022-03-27,C0083,D02,E10,4,1809.7
SO006926,2022-04-07,C0083,D02,E10,7,3926.9
SO006927,2022-04-18,C0083,D02,E10,6,3519.15
SO006928,2022-05-02,C0083,D02,E10,5,2783.4
SO006929,2022-05-16,C0083,D02,E10,6,4002.0
SO006930,2022-05-26,C0083,D02,E10,4,2560.65
SO006931,2022-06-08,C0083,D02,E10,3,2295.0
SO006932,2022-06-22,C0083,D02,E10,7,4726.25
SO006933,2022-07-02,C0083,D02,E10,7,5745.0
SO006934,2022-07-16,C0083,D02,E10,7,5317.6
SO006935,2022-07-30,C0083,D02,E10,5,2990.0
SO006936,2022-08-10,C0083,D02,E10,4,1843.2
SO006937,2022-08-20,C0083,D02,E10,6,4365.0
SO006938,2022-08-30,C0083,D02,E10,6,4852.0
SO006939,2022-09-11,C0083,D02,E10,6,4865.0
SO006940,2022-09-25,C0083,D02,E10,7,3940.0
SO006941,2022-10-07,C0083,D02,E10,5,4270.0
SO006942,2022-10-21,C0083,D02,E10,5,3899.8
SO006943,2022-11-03,C0083,D02,E10,6,9547.25
SO006944,2022-11-14,C0083,D02,E10,4,3090.0
SO006945,2022-11-26,C0083,D02,E10,6,4285.0
SO006946,2022-12-09,C0083,D02,E10,6,7330.0
SO006947,2022-12-23,C0083,D02,E10,6,5850.0
SO006948,2023-01-06,C0083,D02,E10,5,5607.4
SO006949,2023-01-18,C0083,D02,E10,6,5065.0
SO006950,2023-01-28,C0083,D02,E10,3,3480.0
SO006951,2023-02-09,C0083,D02,E10,5,4790.7
SO006952,2023-02-23,C0083,D02,E10,3,2910.0
SO006953,2023-03-09,C0083,D02,E10,7,4082.4
SO006954,2023-03-20,C0083,D02,E10,5,3647.6
SO006955,2023-04-03,C0083,D02,E10,5,4163.8
SO006956,2023-04-16,C0083,D02,E10,7,4610.0
SO006957,2023-04-29,C0083,D02,E10,5,2181.0
SO006958,2023-05-11,C0083,D02,E10,5,3073.4
SO006959,2023-05-24,C0083,D02,E10,4,1861.9
SO006960,2023-06-04,C0083,D02,E10,7,5485.05
SO006961,2023-06-14,C0083,D02,E10,4,3875.0
SO006962,2023-06-25,C0083,D02,E10,7,5977.25
SO006963,2023-07-07,C0083,D02,E10,3,2790.8
SO006964,2023-07-20,C0083,D02,E10,5,3806.0
SO006965,2023-08-02,C0083,D02,E10,3,2290.0
SO006966,2023-08-14,C0083,D02,E10,3,2874.35
SO006967,2023-08-25,C0083,D02,E10,5,4979.55
SO006968,2023-09-07,C0083,D02,E10,3,1505.0
SO006969,2023-09-21,C0083,D02,E10,3,2340.0
SO006970,2023-10-05,C0083,D02,E10,3,2650.0
SO006971,2023-10-19,C0083,D02,E10,7,10108.6
SO006972,2023-10-30,C0083,D02,E10,3,2730.0
SO006973,2023-11-11,C0083,D02,E10,5,4004.25
SO006974,2023-11-24,C0083,D02,E10,7,8441.5
SO006975,2023-12-06,C0083,D02,E10,6,7794.4
SO006976,2023-12-20,C0083,D02,E10,3,3605.0
SO006977,2024-01-03,C0083,D02,E10,3,2985.0
SO006978,2024-01-17,C0083,D02,E10,7,7845.0
SO006979,2024-01-27,C0083,D02,E10,6,8289.55
SO006980,2024-02-09,C0083,D02,E10,5,5460.0
SO006981,2024-02-23,C0083,D02,E10,6,3910.0
SO006982,2024-03-06,C0083,D02,E10,6,4855.0
SO006983,2024-03-18,C0083,D02,E10,4,1800.0
SO006984,2024-04-01,C0083,D02,E10,4,2570.0
SO006985,2024-04-13,C0083,D02,E10,3,1014.2
SO006986,2024-04-26,C0083,D02,E10,7,5515.0
SO006987,2024-05-08,C0083,D02,E10,6,3547.85
SO006988,2024-05-18,C0083,D02,E10,7,5112.35
SO006989,2024-05-31,C0083,D02,E10,5,3703.3
SO006990,2024-06-12,C0083,D02,E10,4,3579.0
SO006991,2024-06-25,C0083,D02,E10,4,5738.8
SO006992,2024-07-09,C0083,D02,E10,3,3195.0
SO006993,2024-07-21,C0083,D02,E10,7,5669.0
SO006994,2024-07-31,C0083,D02,E10,6,5957.1
SO006995,2024-08-12,C0083,D02,E10,4,2500.0
SO006996,2024-08-22,C0083,D02,E10,5,4870.0
SO006997,2024-09-05,C0083,D02,E10,7,7270.0
SO006998,2024-09-16,C0083,D02,E10,3,2850.0
SO006999,2024-09-30,C0083,D02,E10,6,5782.6
SO007000,2024-10-14,C0083,D02,E10,3,3605.0
SO007001,2024-10-25,C0083,D02,E10,7,7320.6
SO007002,2024-11-08,C0083,D02,E10,5,5335.0
SO007003,2024-11-21,C0083,D02,E10,3,3390.0
SO007004,2024-12-03,C0083,D02,E10,7,7841.95
SO007005,2024-12-15,C0083,D02,E10,4,4060.0
SO007006,2024-12-25,C0083,D02,E10,4,4765.0
SO007007,2022-01-13,C0084,D02,E11,3,980.0
SO007008,2022-01-27,C0084,D02,E11,6,4194.9
SO007009,2022-02-09,C0084,D02,E11,3,1013.7
SO007010,2022-02-24,C0084,D02,E11,5,3863.2
SO007011,2022-03-12,C0084,D02,E11,3,1215.0
SO007012,2022-03-25,C0084,D02,E11,3,1305.0
SO007013,2022-04-11,C0084,D02,E11,5,971.7
SO007014,2022-04-24,C0084,D02,E11,5,2145.0
SO007015,2022-05-09,C0084,D02,E11,3,500.0
SO007016,2022-05-25,C0084,D02,E11,4,1561.6
SO007017,2022-06-08,C0084,D02,E11,6,2270.0
SO007018,2022-06-23,C0084,D02,E11,3,1440.0
SO007019,2022-07-06,C0084,D02,E11,6,2890.0
SO007020,2022-07-19,C0084,D02,E11,7,2214.2
SO007021,2022-08-02,C0084,D02,E11,7,2635.0
SO007022,2022-08-16,C0084,D02,E11,6,2096.5
SO007023,2022-09-02,C0084,D02,E11,7,2790.25
SO007024,2022-09-18,C0084,D02,E11,3,945.0
SO007025,2022-10-05,C0084,D02,E11,5,3044.35
SO007026,2022-10-22,C0084,D02,E11,4,2477.05
SO007027,2022-11-04,C0084,D02,E11,6,3094.2
SO007028,2022-11-19,C0084,D02,E11,6,2955.0
SO007029,2022-12-03,C0084,D02,E11,7,4283.8
SO007030,2022-12-16,C0084,D02,E11,5,1714.2
SO007031,2023-01-02,C0084,D02,E11,3,1460.0
SO007032,2023-01-15,C0084,D02,E11,4,2046.5
SO007033,2023-01-29,C0084,D02,E11,7,4110.0
SO007034,2023-02-13,C0084,D02,E11,7,4041.9
SO007035,2023-03-02,C0084,D02,E11,3,1700.0
SO007036,2023-03-17,C0084,D02,E11,6,2000.4
SO007037,2023-04-02,C0084,D02,E11,4,1240.0
SO007038,2023-04-17,C0084,D02,E11,5,1500.8
SO007039,2023-05-02,C0084,D02,E11,4,1419.25
SO007040,2023-05-16,C0084,D02,E11,3,795.0
SO007041,2023-05-30,C0084,D02,E11,6,2238.6
SO007042,2023-06-14,C0084,D02,E11,6,2405.0
SO007043,2023-06-27,C0084,D02,E11,6,2875.0
SO007044,2023-07-10,C0084,D02,E11,4,1620.0
SO007045,2023-07-27,C0084,D02,E11,3,689.15
SO007046,2023-08-10,C0084,D02,E11,6,2070.0
SO007047,2023-08-26,C0084,D02,E11,4,1214.65
SO007048,2023-09-08,C0084,D02,E11,4,1810.0
SO007049,2023-09-24,C0084,D02,E11,4,2084.3
SO007050,2023-10-08,C0084,D02,E11,3,1165.0
SO007051,2023-10-23,C0084,D02,E11,7,2982.25
SO007052,2023-11-06,C0084,D02,E11,7,4623.4
SO007053,2023-11-22,C0084,D02,E11,6,5978.9
SO007054,2023-12-09,C0084,D02,E11,3,1411.1
SO007055,2023-12-26,C0084,D02,E11,5,3245.0
SO007056,2024-01-11,C0084,D02,E11,7,3463.8
SO007057,2024-01-24,C0084,D02,E11,5,3478.65
SO007058,2024-02-06,C0084,D02,E11,6,4435.0
SO007059,2024-02-22,C0084,D02,E11,6,3788.8
SO007060,2024-03-07,C0084,D02,E11,6,2430.0
SO007061,2024-03-20,C0084,D02,E11,6,1303.7
SO007062,2024-04-03,C0084,D02,E11,5,1830.6
SO007063,2024-04-16,C0084,D02,E11,5,1496.9
SO007064,2024-05-03,C0084,D02,E11,6,2127.85
SO007065,2024-05-18,C0084,D02,E11,7,2545.0
SO007066,2024-06-02,C0084,D02,E11,4,1375.75
SO007067,2024-06-17,C0084,D02,E11,6,3116.5
SO007068,2024-07-03,C0084,D02,E11,7,2990.0
SO007069,2024-07-16,C0084,D02,E11,7,2950.0
SO007070,2024-07-31,C0084,D02,E11,4,1925.75
SO007071,2024-08-15,C0084,D02,E11,3,1256.15
SO007072,2024-08-30,C0084,D02,E11,5,2395.0
SO007073,2024-09-13,C0084,D02,E11,4,1690.0
SO007074,2024-09-27,C0084,D02,E11,5,1578.35
SO007075,2024-10-13,C0084,D02,E11,6,2998.95
SO007076,2024-10-27,C0084,D02,E11,4,2833.05
SO007077,2024-11-09,C0084,D02,E11,3,1510.0
SO007078,2024-11-23,C0084,D02,E11,4,2220.0
SO007079,2024-12-07,C0084,D02,E11,6,5530.0
SO007080,2024-12-24,C0084,D02,E11,5,2932.0
SO007081,2022-01-02,C0085,D01,E06,5,9290.0
SO007082,2022-01-11,C0085,D01,E06,7,10980.0
SO007083,2022-01-18,C0085,D01,E06,6,7710.1
SO007084,2022-01-29,C0085,D01,E06,6,8635.0
SO007085,2022-02-08,C0085,D01,E06,6,6530.0
SO007086,2022-02-19,C0085,D01,E06,7,14115.0
SO007087,2022-03-02,C0085,D01,E06,6,6015.2
SO007088,2022-03-12,C0085,D01,E06,7,6170.8
SO007089,2022-03-20,C0085,D01,E06,3,2355.0
SO007090,2022-03-27,C0085,D01,E06,6,4805.6
SO007091,2022-04-07,C0085,D01,E06,7,4950.0
SO007092,2022-04-16,C0085,D01,E06,7,4690.0
SO007093,2022-04-25,C0085,D01,E06,7,5578.6
SO007094,2022-05-05,C0085,D01,E06,4,2645.0
SO007095,2022-05-15,C0085,D01,E06,3,3210.0
SO007096,2022-05-23,C0085,D01,E06,7,5510.0
SO007097,2022-06-03,C0085,D01,E06,4,5360.0
SO007098,2022-06-14,C0085,D01,E06,6,5120.0
SO007099,2022-06-23,C0085,D01,E06,6,6755.6
SO007100,2022-07-03,C0085,D01,E06,3,2710.0
SO007101,2022-07-11,C0085,D01,E06,5,5570.0
SO007102,2022-07-22,C0085,D01,E06,3,3720.0
SO007103,2022-07-30,C0085,D01,E06,6,5082.5
SO007104,2022-08-08,C0085,D01,E06,4,5965.0
SO007105,2022-08-19,C0085,D01,E06,7,6289.5
SO007106,2022-08-27,C0085,D01,E06,3,2595.0
SO007107,2022-09-05,C0085,D01,E06,4,6136.6
SO007108,2022-09-12,C0085,D01,E06,5,6145.0
SO007109,2022-09-22,C0085,D01,E06,3,4035.0
SO007110,2022-10-01,C0085,D01,E06,7,12521.7
SO007111,2022-10-10,C0085,D01,E06,7,10193.8
SO007112,2022-10-17,C0085,D01,E06,4,5178.0
SO007113,2022-10-27,C0085,D01,E06,7,11023.4
SO007114,2022-11-05,C0085,D01,E06,3,3634.8
SO007115,2022-11-12,C0085,D01,E06,3,5399.6
SO007116,2022-11-20,C0085,D01,E06,4,4445.4
SO007117,2022-11-30,C0085,D01,E06,6,12611.85
SO007118,2022-12-09,C0085,D01,E06,4,6432.1
SO007119,2022-12-18,C0085,D01,E06,5,7625.0
SO007120,2022-12-26,C0085,D01,E06,5,6233.8
SO007121,2023-01-02,C0085,D01,E06,3,3235.0
SO007122,2023-01-10,C0085,D01,E06,6,8355.8
SO007123,2023-01-17,C0085,D01,E06,6,12015.0
SO007124,2023-01-26,C0085,D01,E06,5,10099.6
SO007125,2023-02-06,C0085,D01,E06,4,10105.9
SO007126,2023-02-17,C0085,D01,E06,5,7036.0
SO007127,2023-02-26,C0085,D01,E06,4,10524.9
SO007128,2023-03-08,C0085,D01,E06,7,7250.0
SO007129,2023-03-16,C0085,D01,E06,3,4362.7
SO007130,2023-03-23,C0085,D01,E06,3,4065.0
SO007131,2023-04-02,C0085,D01,E06,6,4850.0
SO007132,2023-04-09,C0085,D01,E06,3,1800.0
SO007133,2023-04-20,C0085,D01,E06,5,3166.1
SO007134,2023-04-29,C0085,D01,E06,4,4809.4
SO007135,2023-05-10,C0085,D01,E06,5,4060.0
SO007136,2023-05-17,C0085,D01,E06,7,4839.4
SO007137,2023-05-26,C0085,D01,E06,6,5323.6
SO007138,2023-06-04,C0085,D01,E06,5,7375.0
SO007139,2023-06-13,C0085,D01,E06,6,6965.0
SO007140,2023-06-24,C0085,D01,E06,4,6020.0
SO007141,2023-07-03,C0085,D01,E06,3,4375.0
SO007142,2023-07-11,C0085,D01,E06,7,9995.1
SO007143,2023-07-19,C0085,D01,E06,7,7831.0
SO007144,2023-07-26,C0085,D01,E06,7,7393.65
SO007145,2023-08-03,C0085,D01,E06,5,4750.0
SO007146,2023-08-13,C0085,D01,E06,3,3870.0
SO007147,2023-08-20,C0085,D01,E06,7,8210.45
SO007148,2023-08-27,C0085,D01,E06,7,7960.65
SO007149,2023-09-05,C0085,D01,E06,7,10266.0
SO007150,2023-09-12,C0085,D01,E06,6,8829.85
SO007151,2023-09-23,C0085,D01,E06,4,4282.5
SO007152,2023-10-02,C0085,D01,E06,4,6195.0
SO007153,2023-10-10,C0085,D01,E06,6,8114.4
SO007154,2023-10-18,C0085,D01,E06,3,3792.0
SO007155,2023-10-25,C0085,D01,E06,3,3426.5
SO007156,2023-11-03,C0085,D01,E06,5,14854.2
SO007157,2023-11-12,C0085,D01,E06,3,5282.0
SO007158,2023-11-19,C0085,D01,E06,5,8642.5
SO007159,2023-11-26,C0085,D01,E06,6,10718.5
SO007160,2023-12-06,C0085,D01,E06,5,12360.0
SO007161,2023-12-14,C0085,D01,E06,7,17628.6
SO007162,2023-12-24,C0085,D01,E06,3,7150.0
SO007163,2024-01-03,C0085,D01,E06,7,9100.5
SO007164,2024-01-10,C0085,D01,E06,4,4354.5
SO007165,2024-01-17,C0085,D01,E06,6,13849.25
SO007166,2024-01-27,C0085,D01,E06,4,7033.0
SO007167,2024-02-07,C0085,D01,E06,4,7200.0
SO007168,2024-02-14,C0085,D01,E06,4,6845.0
SO007169,2024-02-22,C0085,D01,E06,3,6486.4
SO007170,2024-03-04,C0085,D01,E06,5,4227.6
SO007171,2024-03-15,C0085,D01,E06,5,4801.65
SO007172,2024-03-24,C0085,D01,E06,3,4820.0
SO007173,2024-04-02,C0085,D01,E06,6,4678.2
SO007174,2024-04-11,C0085,D01,E06,7,8020.4
SO007175,2024-04-19,C0085,D01,E06,6,3044.75
SO007176,2024-04-30,C0085,D01,E06,3,2660.0
SO007177,2024-05-07,C0085,D01,E06,5,6265.0
SO007178,2024-05-14,C0085,D01,E06,3,2340.0
SO007179,2024-05-21,C0085,D01,E06,3,2988.4
SO007180,2024-05-28,C0085,D01,E06,4,3550.0
SO007181,2024-06-07,C0085,D01,E06,4,4770.0
SO007182,2024-06-14,C0085,D01,E06,3,3300.0
SO007183,2024-06-22,C0085,D01,E06,5,7996.5
SO007184,2024-06-30,C0085,D01,E06,5,6376.7
SO007185,2024-07-09,C0085,D01,E06,7,12246.5
SO007186,2024-07-19,C0085,D01,E06,7,9848.0
SO007187,2024-07-27,C0085,D01,E06,7,9228.55
SO007188,2024-08-06,C0085,D01,E06,5,6480.4
SO007189,2024-08-15,C0085,D01,E06,7,7334.2
SO007190,2024-08-25,C0085,D01,E06,4,6263.05
SO007191,2024-09-03,C0085,D01,E06,4,6595.0
SO007192,2024-09-10,C0085,D01,E06,6,6490.4
SO007193,2024-09-21,C0085,D01,E06,4,5655.0
SO007194,2024-10-01,C0085,D01,E06,6,10020.0
SO007195,2024-10-09,C0085,D01,E06,4,6062.0
SO007196,2024-10-20,C0085,D01,E06,6,8875.0
SO007197,2024-10-31,C0085,D01,E06,7,10523.95
SO007198,2024-11-08,C0085,D01,E06,5,9830.2
SO007199,2024-11-17,C0085,D01,E06,7,9835.55
SO007200,2024-11-25,C0085,D01,E06,5,6480.0
SO007201,2024-12-06,C0085,D01,E06,3,11250.9
SO007202,2024-12-17,C0085,D01,E06,6,12566.2
SO007203,2024-12-25,C0085,D01,E06,6,12335.5
SO007204,2022-01-02,C0086,D01,E07,7,2563.1
SO007205,2022-01-17,C0086,D01,E07,6,3710.0
SO007206,2022-01-31,C0086,D01,E07,5,3393.6
SO007207,2022-02-16,C0086,D01,E07,4,3330.0
SO007208,2022-03-04,C0086,D01,E07,6,1490.0
SO007209,2022-03-19,C0086,D01,E07,3,925.0
SO007210,2022-04-02,C0086,D01,E07,3,645.0
SO007211,2022-04-17,C0086,D01,E07,5,2075.0
SO007212,2022-04-30,C0086,D01,E07,7,2980.25
SO007213,2022-05-15,C0086,D01,E07,5,1335.0
SO007214,2022-05-30,C0086,D01,E07,7,1642.8
SO007215,2022-06-12,C0086,D01,E07,7,3213.4
SO007216,2022-06-29,C0086,D01,E07,7,2260.0
SO007217,2022-07-16,C0086,D01,E07,3,1155.0
SO007218,2022-08-01,C0086,D01,E07,7,2489.2
SO007219,2022-08-17,C0086,D01,E07,3,1146.8
SO007220,2022-08-30,C0086,D01,E07,4,1234.6
SO007221,2022-09-13,C0086,D01,E07,4,2410.0
SO007222,2022-09-28,C0086,D01,E07,7,3235.05
SO007223,2022-10-14,C0086,D01,E07,5,2798.4
SO007224,2022-10-29,C0086,D01,E07,3,1097.9
SO007225,2022-11-11,C0086,D01,E07,3,1710.0
SO007226,2022-11-25,C0086,D01,E07,4,2387.85
SO007227,2022-12-11,C0086,D01,E07,7,3775.0
SO007228,2022-12-27,C0086,D01,E07,7,5291.5
SO007229,2023-01-09,C0086,D01,E07,7,3145.75
SO007230,2023-01-22,C0086,D01,E07,5,2441.65
SO007231,2023-02-08,C0086,D01,E07,5,4305.7
SO007232,2023-02-25,C0086,D01,E07,5,2438.2
SO007233,2023-03-10,C0086,D01,E07,6,2174.25
SO007234,2023-03-23,C0086,D01,E07,4,1741.9
SO007235,2023-04-07,C0086,D01,E07,5,1206.25
SO007236,2023-04-21,C0086,D01,E07,5,1275.0
SO007237,2023-05-07,C0086,D01,E07,5,1642.5
SO007238,2023-05-22,C0086,D01,E07,3,1061.8
SO007239,2023-06-04,C0086,D01,E07,7,2652.75
SO007240,2023-06-18,C0086,D01,E07,4,1193.25
SO007241,2023-07-02,C0086,D01,E07,4,2107.45
SO007242,2023-07-19,C0086,D01,E07,7,3924.2
SO007243,2023-08-03,C0086,D01,E07,5,2420.0
SO007244,2023-08-17,C0086,D01,E07,6,3181.45
SO007245,2023-08-30,C0086,D01,E07,7,3095.8
SO007246,2023-09-14,C0086,D01,E07,7,3065.3
SO007247,2023-09-29,C0086,D01,E07,6,2106.45
SO007248,2023-10-13,C0086,D01,E07,5,2178.5
SO007249,2023-10-26,C0086,D01,E07,4,2805.0
SO007250,2023-11-12,C0086,D01,E07,7,4447.6
SO007251,2023-11-29,C0086,D01,E07,3,1610.0
SO007252,2023-12-15,C0086,D01,E07,4,3635.0
SO007253,2024-01-01,C0086,D01,E07,7,5022.9
SO007254,2024-01-14,C0086,D01,E07,4,1870.0
SO007255,2024-01-30,C0086,D01,E07,7,4688.55
SO007256,2024-02-15,C0086,D01,E07,6,3435.8
SO007257,2024-02-28,C0086,D01,E07,6,3502.1
SO007258,2024-03-13,C0086,D01,E07,5,1711.9
SO007259,2024-03-27,C0086,D01,E07,3,1035.0
SO007260,2024-04-13,C0086,D01,E07,6,2225.0
SO007261,2024-04-27,C0086,D01,E07,5,1884.2
SO007262,2024-05-13,C0086,D01,E07,5,1521.8
SO007263,2024-05-30,C0086,D01,E07,6,2460.0
SO007264,2024-06-14,C0086,D01,E07,5,2302.2
SO007265,2024-06-28,C0086,D01,E07,3,1150.0
SO007266,2024-07-15,C0086,D01,E07,5,1860.0
SO007267,2024-07-30,C0086,D01,E07,4,1590.0
SO007268,2024-08-12,C0086,D01,E07,7,3391.25
SO007269,2024-08-25,C0086,D01,E07,4,1580.0
SO007270,2024-09-07,C0086,D01,E07,4,2045.0
SO007271,2024-09-22,C0086,D01,E07,3,1050.0
SO007272,2024-10-07,C0086,D01,E07,5,2037.4
SO007273,2024-10-22,C0086,D01,E07,4,3324.5
SO007274,2024-11-08,C0086,D01,E07,5,3645.0
SO007275,2024-11-22,C0086,D01,E07,5,3719.9
SO007276,2024-12-05,C0086,D01,E07,6,3240.0
SO007277,2024-12-22,C0086,D01,E07,5,4020.0
SO007278,2022-01-11,C0087,D01,E08,5,2838.2
SO007279,2022-01-27,C0087,D01,E08,7,4790.0
SO007280,2022-02-10,C0087,D01,E08,6,3050.0
SO007281,2022-02-27,C0087,D01,E08,6,1890.0
SO007282,2022-03-12,C0087,D01,E08,5,962.5
SO007283,2022-03-25,C0087,D01,E08,3,950.0
SO007284,2022-04-07,C0087,D01,E08,7,2573.6
SO007285,2022-04-21,C0087,D01,E08,5,1440.0
SO007286,2022-05-08,C0087,D01,E08,5,1652.8
SO007287,2022-05-24,C0087,D01,E08,5,1680.0
SO007288,2022-06-10,C0087,D01,E08,6,2046.5
SO007289,2022-06-27,C0087,D01,E08,5,2248.3
SO007290,2022-07-10,C0087,D01,E08,7,3640.0
SO007291,2022-07-25,C0087,D01,E08,6,2640.0
SO007292,2022-08-08,C0087,D01,E08,3,1445.0
SO007293,2022-08-24,C0087,D01,E08,5,2003.4
SO007294,2022-09-08,C0087,D01,E08,7,3210.0
SO007295,2022-09-21,C0087,D01,E08,6,2820.0
SO007296,2022-10-07,C0087,D01,E08,4,1518.0
SO007297,2022-10-23,C0087,D01,E08,4,1759.05
SO007298,2022-11-05,C0087,D01,E08,3,1570.0
SO007299,2022-11-21,C0087,D01,E08,6,3110.0
SO007300,2022-12-08,C0087,D01,E08,6,4695.0
SO007301,2022-12-24,C0087,D01,E08,5,3198.45
SO007302,2023-01-07,C0087,D01,E08,5,2246.5
SO007303,2023-01-21,C0087,D01,E08,5,4110.0
SO007304,2023-02-06,C0087,D01,E08,7,3596.2
SO007305,2023-02-21,C0087,D01,E08,6,3537.0
SO007306,2023-03-07,C0087,D01,E08,7,1837.8
SO007307,2023-03-23,C0087,D01,E08,6,2022.8
SO007308,2023-04-08,C0087,D01,E08,3,912.5
SO007309,2023-04-25,C0087,D01,E08,7,1974.65
SO007310,2023-05-11,C0087,D01,E08,5,2025.0
SO007311,2023-05-24,C0087,D01,E08,7,2470.0
SO007312,2023-06-08,C0087,D01,E08,6,2734.1
SO007313,2023-06-25,C0087,D01,E08,7,3394.2
SO007314,2023-07-08,C0087,D01,E08,6,2338.7
SO007315,2023-07-23,C0087,D01,E08,7,2842.9
SO007316,2023-08-08,C0087,D01,E08,6,3198.9
SO007317,2023-08-22,C0087,D01,E08,3,990.0
SO007318,2023-09-06,C0087,D01,E08,4,1025.0
SO007319,2023-09-19,C0087,D01,E08,6,2335.0
SO007320,2023-10-06,C0087,D01,E08,5,2263.1
SO007321,2023-10-20,C0087,D01,E08,3,980.4
SO007322,2023-11-04,C0087,D01,E08,7,3802.8
SO007323,2023-11-20,C0087,D01,E08,4,1555.0
SO007324,2023-12-04,C0087,D01,E08,5,3545.0
SO007325,2023-12-18,C0087,D01,E08,7,5145.75
SO007326,2023-12-31,C0087,D01,E08,7,4470.0
SO007327,2024-01-13,C0087,D01,E08,7,3967.0
SO007328,2024-01-29,C0087,D01,E08,6,4104.35
SO007329,2024-02-13,C0087,D01,E08,6,3083.45
SO007330,2024-02-26,C0087,D01,E08,7,2666.1
SO007331,2024-03-11,C0087,D01,E08,3,780.0
SO007332,2024-03-28,C0087,D01,E08,3,1065.0
SO007333,2024-04-12,C0087,D01,E08,4,980.0
SO007334,2024-04-29,C0087,D01,E08,5,1902.85
SO007335,2024-05-14,C0087,D01,E08,7,2932.9
SO007336,2024-05-28,C0087,D01,E08,3,995.0
SO007337,2024-06-13,C0087,D01,E08,5,2484.75
SO007338,2024-06-28,C0087,D01,E08,5,1695.0
SO007339,2024-07-15,C0087,D01,E08,5,2052.85
SO007340,2024-07-31,C0087,D01,E08,6,2365.8
SO007341,2024-08-14,C0087,D01,E08,3,853.4
SO007342,2024-08-27,C0087,D01,E08,5,2040.0
SO007343,2024-09-09,C0087,D01,E08,5,2410.0
SO007344,2024-09-22,C0087,D01,E08,5,2157.8
SO007345,2024-10-09,C0087,D01,E08,3,1667.65
SO007346,2024-10-25,C0087,D01,E08,7,3540.8
SO007347,2024-11-08,C0087,D01,E08,5,2864.0
SO007348,2024-11-21,C0087,D01,E08,7,3823.6
SO007349,2024-12-05,C0087,D01,E08,5,3242.3
SO007350,2024-12-21,C0087,D01,E08,4,2180.0
SO007351,2022-01-05,C0088,D02,E09,7,3194.15
SO007352,2022-01-18,C0088,D02,E09,4,1160.0
SO007353,2022-02-03,C0088,D02,E09,4,2710.0
SO007354,2022-02-16,C0088,D02,E09,5,2410.6
SO007355,2022-03-03,C0088,D02,E09,6,2016.0
SO007356,2022-03-18,C0088,D02,E09,6,1680.0
SO007357,2022-04-04,C0088,D02,E09,4,988.4
SO007358,2022-04-19,C0088,D02,E09,6,1430.0
SO007359,2022-05-04,C0088,D02,E09,4,760.0
SO007360,2022-05-20,C0088,D02,E09,4,1365.0
SO007361,2022-06-05,C0088,D02,E09,3,894.6
SO007362,2022-06-18,C0088,D02,E09,4,1902.2
SO007363,2022-07-05,C0088,D02,E09,7,2890.2
SO007364,2022-07-19,C0088,D02,E09,7,2876.2
SO007365,2022-08-03,C0088,D02,E09,6,2445.0
SO007366,2022-08-17,C0088,D02,E09,6,2423.1
SO007367,2022-09-01,C0088,D02,E09,5,1459.2
SO007368,2022-09-14,C0088,D02,E09,4,2611.8
SO007369,2022-10-01,C0088,D02,E09,7,2672.1
SO007370,2022-10-14,C0088,D02,E09,5,3131.3
SO007371,2022-10-31,C0088,D02,E09,5,2477.2
SO007372,2022-11-17,C0088,D02,E09,4,1843.7
SO007373,2022-12-04,C0088,D02,E09,6,2770.0
SO007374,2022-12-18,C0088,D02,E09,4,1762.5
SO007375,2023-01-03,C0088,D02,E09,3,1465.0
SO007376,2023-01-18,C0088,D02,E09,3,1255.0
SO007377,2023-01-31,C0088,D02,E09,6,2385.0
SO007378,2023-02-15,C0088,D02,E09,3,2543.8
SO007379,2023-03-01,C0088,D02,E09,5,2065.85
SO007380,2023-03-15,C0088,D02,E09,7,2082.8
SO007381,2023-03-28,C0088,D02,E09,7,2108.6
SO007382,2023-04-13,C0088,D02,E09,7,2620.0
SO007383,2023-04-30,C0088,D02,E09,7,2370.6
SO007384,2023-05-16,C0088,D02,E09,3,850.0
SO007385,2023-06-02,C0088,D02,E09,7,3180.0
SO007386,2023-06-17,C0088,D02,E09,3,828.3
SO007387,2023-07-02,C0088,D02,E09,6,2010.0
SO007388,2023-07-16,C0088,D02,E09,5,2782.1
SO007389,2023-08-01,C0088,D02,E09,5,2550.0
SO007390,2023-08-14,C0088,D02,E09,5,1879.25
SO007391,2023-08-30,C0088,D02,E09,4,2077.4
SO007392,2023-09-16,C0088,D02,E09,3,1395.0
SO007393,2023-10-02,C0088,D02,E09,5,1957.0
SO007394,2023-10-18,C0088,D02,E09,6,3125.55
SO007395,2023-11-03,C0088,D02,E09,7,4769.0
SO007396,2023-11-19,C0088,D02,E09,7,4952.2
SO007397,2023-12-03,C0088,D02,E09,4,1625.0
SO007398,2023-12-17,C0088,D02,E09,7,5330.6
SO007399,2024-01-02,C0088,D02,E09,6,3316.0
SO007400,2024-01-19,C0088,D02,E09,3,2558.5
SO007401,2024-02-05,C0088,D02,E09,3,715.0
SO007402,2024-02-18,C0088,D02,E09,4,2800.0
SO007403,2024-03-04,C0088,D02,E09,3,1209.2
SO007404,2024-03-17,C0088,D02,E09,3,870.0
SO007405,2024-04-02,C0088,D02,E09,3,857.5
SO007406,2024-04-18,C0088,D02,E09,4,1396.9
SO007407,2024-05-02,C0088,D02,E09,4,1656.45
SO007408,2024-05-16,C0088,D02,E09,4,1295.0
SO007409,2024-05-30,C0088,D02,E09,4,1300.0
SO007410,2024-06-16,C0088,D02,E09,7,2751.7
SO007411,2024-07-01,C0088,D02,E09,3,1165.0
SO007412,2024-07-16,C0088,D02,E09,3,2185.0
SO007413,2024-08-02,C0088,D02,E09,3,1808.45
SO007414,2024-08-18,C0088,D02,E09,6,2090.0
SO007415,2024-08-31,C0088,D02,E09,7,3400.0
SO007416,2024-09-16,C0088,D02,E09,4,1920.0
SO007417,2024-10-02,C0088,D02,E09,6,2798.3
SO007418,2024-10-18,C0088,D02,E09,7,4611.65
SO007419,2024-11-03,C0088,D02,E09,6,5362.8
SO007420,2024-11-20,C0088,D02,E09,7,5069.2
SO007421,2024-12-04,C0088,D02,E09,5,4942.6
SO007422,2024-12-21,C0088,D02,E09,6,4173.4
SO007423,2022-01-13,C0089,D02,E10,7,4275.7
SO007424,2022-01-30,C0089,D02,E10,6,2475.0
SO007425,2022-02-15,C0089,D02,E10,5,1498.7
SO007426,2022-02-28,C0089,D02,E10,4,1785.0
SO007427,2022-03-14,C0089,D02,E10,6,1931.6
SO007428,2022-03-27,C0089,D02,E10,3,1126.0
SO007429,2022-04-13,C0089,D02,E10,4,1667.75
SO007430,2022-04-30,C0089,D02,E10,3,495.0
SO007431,2022-05-14,C0089,D02,E10,4,1238.25
SO007432,2022-05-31,C0089,D02,E10,6,1884.8
SO007433,2022-06-13,C0089,D02,E10,4,1660.0
SO007434,2022-06-27,C0089,D02,E10,3,1460.0
SO007435,2022-07-14,C0089,D02,E10,3,895.0
SO007436,2022-07-31,C0089,D02,E10,7,2071.0
SO007437,2022-08-16,C0089,D02,E10,5,2032.8
SO007438,2022-09-01,C0089,D02,E10,7,2550.0
SO007439,2022-09-17,C0089,D02,E10,6,3023.5
SO007440,2022-10-04,C0089,D02,E10,4,1558.1
SO007441,2022-10-21,C0089,D02,E10,7,3015.05
SO007442,2022-11-06,C0089,D02,E10,5,3530.0
SO007443,2022-11-20,C0089,D02,E10,7,5073.0
SO007444,2022-12-03,C0089,D02,E10,5,2386.2
SO007445,2022-12-20,C0089,D02,E10,7,3469.0
SO007446,2023-01-06,C0089,D02,E10,4,1903.8
SO007447,2023-01-22,C0089,D02,E10,5,2233.0
SO007448,2023-02-08,C0089,D02,E10,6,4440.0
SO007449,2023-02-21,C0089,D02,E10,3,1820.0
SO007450,2023-03-10,C0089,D02,E10,5,1582.5
SO007451,2023-03-27,C0089,D02,E10,5,1818.6
SO007452,2023-04-13,C0089,D02,E10,3,1110.0
SO007453,2023-04-27,C0089,D02,E10,3,548.25
SO007454,2023-05-13,C0089,D02,E10,5,1665.0
SO007455,2023-05-30,C0089,D02,E10,3,708.25
SO007456,2023-06-16,C0089,D02,E10,5,2095.0
SO007457,2023-07-02,C0089,D02,E10,4,2055.55
SO007458,2023-07-15,C0089,D02,E10,4,1438.45
SO007459,2023-07-28,C0089,D02,E10,3,1740.0
SO007460,2023-08-13,C0089,D02,E10,3,1410.75
SO007461,2023-08-28,C0089,D02,E10,4,2220.0
SO007462,2023-09-11,C0089,D02,E10,5,2497.8
SO007463,2023-09-25,C0089,D02,E10,3,1496.5
SO007464,2023-10-09,C0089,D02,E10,5,3157.25
SO007465,2023-10-24,C0089,D02,E10,3,1510.0
SO007466,2023-11-06,C0089,D02,E10,6,6353.0
SO007467,2023-11-23,C0089,D02,E10,4,2495.0
SO007468,2023-12-10,C0089,D02,E10,5,2960.0
SO007469,2023-12-26,C0089,D02,E10,4,2240.0
SO007470,2024-01-11,C0089,D02,E10,7,5235.7
SO007471,2024-01-27,C0089,D02,E10,6,4750.7
SO007472,2024-02-13,C0089,D02,E10,5,2520.0
SO007473,2024-02-29,C0089,D02,E10,5,2830.0
SO007474,2024-03-17,C0089,D02,E10,5,1389.5
SO007475,2024-04-02,C0089,D02,E10,6,2030.4
SO007476,2024-04-16,C0089,D02,E10,3,1760.0
SO007477,2024-05-02,C0089,D02,E10,7,2392.35
SO007478,2024-05-19,C0089,D02,E10,3,1308.4
SO007479,2024-06-02,C0089,D02,E10,5,2298.95
SO007480,2024-06-17,C0089,D02,E10,7,2567.35
SO007481,2024-07-01,C0089,D02,E10,3,1180.0
SO007482,2024-07-14,C0089,D02,E10,3,1400.0
SO007483,2024-07-28,C0089,D02,E10,4,2107.8
SO007484,2024-08-10,C0089,D02,E10,3,2020.0
SO007485,2024-08-26,C0089,D02,E10,6,3194.2
SO007486,2024-09-10,C0089,D02,E10,7,2832.0
SO007487,2024-09-23,C0089,D02,E10,3,1347.5
SO007488,2024-10-08,C0089,D02,E10,3,1505.65
SO007489,2024-10-21,C0089,D02,E10,5,2690.0
SO007490,2024-11-07,C0089,D02,E10,5,2577.6
SO007491,2024-11-20,C0089,D02,E10,3,1481.0
SO007492,2024-12-03,C0089,D02,E10,5,3485.7
SO007493,2024-12-20,C0089,D02,E10,7,5210.0
SO007494,2022-01-02,C0090,D02,E11,5,6432.95
SO007495,2022-01-10,C0090,D02,E11,5,8595.0
SO007496,2022-01-18,C0090,D02,E11,4,5040.3
SO007497,2022-01-28,C0090,D02,E11,6,10353.1
SO007498,2022-02-04,C0090,D02,E11,4,7814.1
SO007499,2022-02-15,C0090,D02,E11,6,6362.6
SO007500,2022-02-23,C0090,D02,E11,4,6925.0
SO007501,2022-03-06,C0090,D02,E11,6,4888.6
SO007502,2022-03-14,C0090,D02,E11,5,3995.0
SO007503,2022-03-25,C0090,D02,E11,6,4141.5
SO007504,2022-04-04,C0090,D02,E11,7,5470.0
SO007505,2022-04-11,C0090,D02,E11,5,5035.0
SO007506,2022-04-18,C0090,D02,E11,5,4904.6
SO007507,2022-04-27,C0090,D02,E11,7,4935.0
SO007508,2022-05-08,C0090,D02,E11,4,4405.0
SO007509,2022-05-16,C0090,D02,E11,4,2185.0
SO007510,2022-05-26,C0090,D02,E11,6,7260.0
SO007511,2022-06-05,C0090,D02,E11,4,3815.0
SO007512,2022-06-15,C0090,D02,E11,6,4665.0
SO007513,2022-06-24,C0090,D02,E11,4,4496.2
SO007514,2022-07-03,C0090,D02,E11,4,4013.8
SO007515,2022-07-13,C0090,D02,E11,7,8681.2
SO007516,2022-07-24,C0090,D02,E11,3,2565.0
SO007517,2022-08-02,C0090,D02,E11,5,5500.0
SO007518,2022-08-09,C0090,D02,E11,4,5570.0
SO007519,2022-08-16,C0090,D02,E11,3,5035.0
SO007520,2022-08-23,C0090,D02,E11,6,5765.0
SO007521,2022-08-31,C0090,D02,E11,7,7052.45
SO007522,2022-09-11,C0090,D02,E11,7,8115.0
SO007523,2022-09-18,C0090,D02,E11,5,4245.0
SO007524,2022-09-25,C0090,D02,E11,6,7267.8
SO007525,2022-10-06,C0090,D02,E11,6,8130.0
SO007526,2022-10-15,C0090,D02,E11,5,6384.0
SO007527,2022-10-22,C0090,D02,E11,3,3759.45
SO007528,2022-10-30,C0090,D02,E11,7,9315.0
SO007529,2022-11-06,C0090,D02,E11,4,11281.0
SO007530,2022-11-17,C0090,D02,E11,6,11451.85
SO007531,2022-11-25,C0090,D02,E11,6,13350.0
SO007532,2022-12-06,C0090,D02,E11,5,7650.0
SO007533,2022-12-16,C0090,D02,E11,7,11499.9
SO007534,2022-12-24,C0090,D02,E11,6,8298.85
SO007535,2023-01-01,C0090,D02,E11,7,10488.0
SO007536,2023-01-08,C0090,D02,E11,3,3390.0
SO007537,2023-01-17,C0090,D02,E11,6,9647.1
SO007538,2023-01-25,C0090,D02,E11,4,6176.25
SO007539,2023-02-02,C0090,D02,E11,7,9382.45
SO007540,2023-02-12,C0090,D02,E11,5,11062.5
SO007541,2023-02-23,C0090,D02,E11,6,8560.0
SO007542,2023-03-02,C0090,D02,E11,7,6180.0
SO007543,2023-03-10,C0090,D02,E11,4,4409.6
SO007544,2023-03-17,C0090,D02,E11,4,3075.0
SO007545,2023-03-28,C0090,D02,E11,5,5038.5
SO007546,2023-04-08,C0090,D02,E11,6,7248.8
SO007547,2023-04-16,C0090,D02,E11,3,1790.0
SO007548,2023-04-23,C0090,D02,E11,3,3020.0
SO007549,2023-04-30,C0090,D02,E11,5,5200.0
SO007550,2023-05-11,C0090,D02,E11,4,2748.8
SO007551,2023-05-20,C0090,D02,E11,3,1980.0
SO007552,2023-05-30,C0090,D02,E11,5,4310.0
SO007553,2023-06-10,C0090,D02,E11,3,3460.0
SO007554,2023-06-19,C0090,D02,E11,4,2934.0
SO007555,2023-06-27,C0090,D02,E11,4,5615.0
SO007556,2023-07-08,C0090,D02,E11,7,8349.95
SO007557,2023-07-18,C0090,D02,E11,5,4380.0
SO007558,2023-07-25,C0090,D02,E11,4,4452.5
SO007559,2023-08-04,C0090,D02,E11,6,6045.0
SO007560,2023-08-13,C0090,D02,E11,7,9064.2
SO007561,2023-08-21,C0090,D02,E11,4,5751.0
SO007562,2023-08-30,C0090,D02,E11,6,8335.0
SO007563,2023-09-08,C0090,D02,E11,7,10328.6
SO007564,2023-09-17,C0090,D02,E11,3,4326.8
SO007565,2023-09-27,C0090,D02,E11,3,3326.5
SO007566,2023-10-04,C0090,D02,E11,5,9231.6
SO007567,2023-10-14,C0090,D02,E11,3,4135.0
SO007568,2023-10-24,C0090,D02,E11,4,6975.15
SO007569,2023-10-31,C0090,D02,E11,6,10235.0
SO007570,2023-11-08,C0090,D02,E11,4,8946.8
SO007571,2023-11-18,C0090,D02,E11,3,7152.5
SO007572,2023-11-29,C0090,D02,E11,5,7741.5
SO007573,2023-12-07,C0090,D02,E11,6,14474.7
SO007574,2023-12-16,C0090,D02,E11,5,8499.8
SO007575,2023-12-26,C0090,D02,E11,6,10217.35
SO007576,2024-01-06,C0090,D02,E11,3,8037.9
SO007577,2024-01-14,C0090,D02,E11,6,11051.75
SO007578,2024-01-21,C0090,D02,E11,6,10710.0
SO007579,2024-01-28,C0090,D02,E11,3,9446.8
SO007580,2024-02-05,C0090,D02,E11,7,10125.0
SO007581,2024-02-13,C0090,D02,E11,3,3060.0
SO007582,2024-02-22,C0090,D02,E11,5,11955.0
SO007583,2024-03-02,C0090,D02,E11,6,3884.15
SO007584,2024-03-09,C0090,D02,E11,4,3915.0
SO007585,2024-03-17,C0090,D02,E11,5,5285.0
SO007586,2024-03-25,C0090,D02,E11,6,4070.7
SO007587,2024-04-04,C0090,D02,E11,6,6365.2
SO007588,2024-04-15,C0090,D02,E11,3,2500.0
SO007589,2024-04-22,C0090,D02,E11,4,4227.6
SO007590,2024-05-03,C0090,D02,E11,3,2180.0
SO007591,2024-05-13,C0090,D02,E11,7,6551.1
SO007592,2024-05-24,C0090,D02,E11,7,7802.85
SO007593,2024-06-04,C0090,D02,E11,3,2580.0
SO007594,2024-06-15,C0090,D02,E11,5,6895.0
SO007595,2024-06-23,C0090,D02,E11,6,7450.45
SO007596,2024-07-04,C0090,D02,E11,5,7182.75
SO007597,2024-07-15,C0090,D02,E11,6,7710.0
SO007598,2024-07-22,C0090,D02,E11,4,6194.4
SO007599,2024-08-02,C0090,D02,E11,7,7859.4
SO007600,2024-08-13,C0090,D02,E11,6,6665.0
SO007601,2022-01-15,C0091,D01,E06,4,1900.0
SO007602,2022-01-29,C0091,D01,E06,7,2797.4
SO007603,2022-02-15,C0091,D01,E06,7,4734.6
SO007604,2022-02-28,C0091,D01,E06,4,3610.8
SO007605,2022-03-16,C0091,D01,E06,6,1353.95
SO007606,2022-03-29,C0091,D01,E06,4,1004.6
SO007607,2022-04-14,C0091,D01,E06,3,1465.0
SO007608,2022-04-28,C0091,D01,E06,3,820.0
SO007609,2022-05-13,C0091,D01,E06,7,2209.6
SO007610,2022-05-29,C0091,D01,E06,4,1205.0
SO007611,2022-06-15,C0091,D01,E06,5,1535.55
SO007612,2022-07-01,C0091,D01,E06,6,2420.15
SO007613,2022-07-18,C0091,D01,E06,5,1804.8
SO007614,2022-08-02,C0091,D01,E06,7,2493.4
SO007615,2022-08-15,C0091,D01,E06,7,2439.3
SO007616,2022-09-01,C0091,D01,E06,4,2116.7
SO007617,2022-09-16,C0091,D01,E06,4,1550.0
SO007618,2022-10-03,C0091,D01,E06,6,2170.75
SO007619,2022-10-17,C0091,D01,E06,3,1784.55
SO007620,2022-11-03,C0091,D01,E06,4,2349.2
SO007621,2022-11-17,C0091,D01,E06,7,3025.7
SO007622,2022-12-03,C0091,D01,E06,5,4250.75
SO007623,2022-12-16,C0091,D01,E06,3,1065.05
SO007624,2022-12-29,C0091,D01,E06,5,2815.0
SO007625,2023-01-11,C0091,D01,E06,6,3609.8
SO007626,2023-01-27,C0091,D01,E06,4,1990.0
SO007627,2023-02-10,C0091,D01,E06,7,5098.5
SO007628,2023-02-23,C0091,D01,E06,3,2445.0
SO007629,2023-03-08,C0091,D01,E06,6,2172.0
SO007630,2023-03-23,C0091,D01,E06,4,1010.0
SO007631,2023-04-08,C0091,D01,E06,3,1330.0
SO007632,2023-04-21,C0091,D01,E06,5,1899.2
SO007633,2023-05-05,C0091,D01,E06,5,1648.7
SO007634,2023-05-22,C0091,D01,E06,4,1371.15
SO007635,2023-06-05,C0091,D01,E06,3,1005.0
SO007636,2023-06-20,C0091,D01,E06,5,2020.6
SO007637,2023-07-07,C0091,D01,E06,5,1930.0
SO007638,2023-07-20,C0091,D01,E06,4,2065.6
SO007639,2023-08-05,C0091,D01,E06,3,1223.3
SO007640,2023-08-19,C0091,D01,E06,4,2390.0
SO007641,2023-09-04,C0091,D01,E06,7,4435.0
SO007642,2023-09-20,C0091,D01,E06,6,2461.25
SO007643,2023-10-04,C0091,D01,E06,5,2237.65
SO007644,2023-10-18,C0091,D01,E06,4,2289.65
SO007645,2023-11-02,C0091,D01,E06,4,2964.0
SO007646,2023-11-15,C0091,D01,E06,7,5848.8
SO007647,2023-11-28,C0091,D01,E06,5,3871.1
SO007648,2023-12-12,C0091,D01,E06,7,3961.5
SO007649,2023-12-28,C0091,D01,E06,3,2020.1
SO007650,2024-01-13,C0091,D01,E06,5,2925.0
SO007651,2024-01-28,C0091,D01,E06,5,4360.0
SO007652,2024-02-10,C0091,D01,E06,3,3093.7
SO007653,2024-02-24,C0091,D01,E06,6,3198.8
SO007654,2024-03-11,C0091,D01,E06,3,1260.0
SO007655,2024-03-27,C0091,D01,E06,5,1684.7
SO007656,2024-04-11,C0091,D01,E06,7,3162.85
SO007657,2024-04-24,C0091,D01,E06,3,1362.9
SO007658,2024-05-10,C0091,D01,E06,4,1250.0
SO007659,2024-05-25,C0091,D01,E06,7,2100.0
SO007660,2024-06-09,C0091,D01,E06,6,3049.4
SO007661,2024-06-25,C0091,D01,E06,6,3193.7
SO007662,2024-07-12,C0091,D01,E06,7,3015.0
SO007663,2024-07-28,C0091,D01,E06,3,752.5
SO007664,2024-08-12,C0091,D01,E06,4,1230.0
SO007665,2024-08-25,C0091,D01,E06,3,1590.0
SO007666,2024-09-10,C0091,D01,E06,6,2324.0
SO007667,2024-09-25,C0091,D01,E06,3,1280.0
SO007668,2024-10-12,C0091,D01,E06,6,3838.45
SO007669,2024-10-29,C0091,D01,E06,7,3424.65
SO007670,2024-11-12,C0091,D01,E06,3,1492.4
SO007671,2024-11-27,C0091,D01,E06,4,2890.0
SO007672,2024-12-10,C0091,D01,E06,3,2061.5
SO007673,2024-12-25,C0091,D01,E06,3,2562.95
SO007674,2022-01-06,C0092,D01,E07,3,4207.4
SO007675,2022-01-20,C0092,D01,E07,7,6506.2
SO007676,2022-01-30,C0092,D01,E07,5,3040.0
SO007677,2022-02-13,C0092,D01,E07,7,5416.1
SO007678,2022-02-25,C0092,D01,E07,6,5845.0
SO007679,2022-03-07,C0092,D01,E07,7,3986.5
SO007680,2022-03-20,C0092,D01,E07,6,3475.0
SO007681,2022-03-31,C0092,D01,E07,7,3835.0
SO007682,2022-04-12,C0092,D01,E07,5,2165.0
SO007683,2022-04-26,C0092,D01,E07,6,2830.0
SO007684,2022-05-10,C0092,D01,E07,5,2545.0
SO007685,2022-05-24,C0092,D01,E07,7,4691.15
SO007686,2022-06-07,C0092,D01,E07,5,3455.0
SO007687,2022-06-20,C0092,D01,E07,4,2160.0
SO007688,2022-07-03,C0092,D01,E07,7,4735.0
SO007689,2022-07-14,C0092,D01,E07,3,2402.7
SO007690,2022-07-24,C0092,D01,E07,7,5712.0
SO007691,2022-08-05,C0092,D01,E07,7,4720.0
SO007692,2022-08-17,C0092,D01,E07,6,4130.0
SO007693,2022-08-31,C0092,D01,E07,5,3214.8
SO007694,2022-09-11,C0092,D01,E07,6,3707.0
SO007695,2022-09-24,C0092,D01,E07,6,5680.0
SO007696,2022-10-08,C0092,D01,E07,6,3682.9
SO007697,2022-10-19,C0092,D01,E07,5,6142.8
SO007698,2022-10-31,C0092,D01,E07,4,4697.9
SO007699,2022-11-13,C0092,D01,E07,7,8066.1
SO007700,2022-11-25,C0092,D01,E07,3,1616.1
SO007701,2022-12-05,C0092,D01,E07,7,8907.0
SO007702,2022-12-19,C0092,D01,E07,5,5557.05
SO007703,2022-12-31,C0092,D01,E07,3,1425.0
SO007704,2023-01-13,C0092,D01,E07,6,6413.25
SO007705,2023-01-24,C0092,D01,E07,7,6453.75
SO007706,2023-02-06,C0092,D01,E07,6,5996.25
SO007707,2023-02-16,C0092,D01,E07,4,2830.2
SO007708,2023-02-26,C0092,D01,E07,6,7107.6
SO007709,2023-03-08,C0092,D01,E07,4,2790.7
SO007710,2023-03-22,C0092,D01,E07,5,3034.8
SO007711,2023-04-02,C0092,D01,E07,6,3119.2
SO007712,2023-04-13,C0092,D01,E07,4,1690.0
SO007713,2023-04-23,C0092,D01,E07,4,2200.0
SO007714,2023-05-04,C0092,D01,E07,3,1870.0
SO007715,2023-05-17,C0092,D01,E07,4,2121.6
SO007716,2023-05-29,C0092,D01,E07,3,2715.4
SO007717,2023-06-09,C0092,D01,E07,7,5460.0
SO007718,2023-06-20,C0092,D01,E07,5,2680.0
SO007719,2023-07-03,C0092,D01,E07,7,5948.25
SO007720,2023-07-16,C0092,D01,E07,6,3574.2
SO007721,2023-07-29,C0092,D01,E07,4,3300.0
SO007722,2023-08-08,C0092,D01,E07,6,3950.45
SO007723,2023-08-21,C0092,D01,E07,3,2995.0
SO007724,2023-09-01,C0092,D01,E07,3,3090.75
SO007725,2023-09-12,C0092,D01,E07,5,5050.0
SO007726,2023-09-25,C0092,D01,E07,4,3060.0
SO007727,2023-10-07,C0092,D01,E07,6,4414.2
SO007728,2023-10-20,C0092,D01,E07,7,6469.5
SO007729,2023-10-31,C0092,D01,E07,6,5730.0
SO007730,2023-11-14,C0092,D01,E07,6,8609.2
SO007731,2023-11-28,C0092,D01,E07,4,4840.0
SO007732,2023-12-11,C0092,D01,E07,4,5125.0
SO007733,2023-12-21,C0092,D01,E07,5,7195.0
SO007734,2024-01-04,C0092,D01,E07,3,1930.0
SO007735,2024-01-14,C0092,D01,E07,5,7522.95
SO007736,2024-01-27,C0092,D01,E07,3,1901.1
SO007737,2024-02-09,C0092,D01,E07,5,4575.0
SO007738,2024-02-21,C0092,D01,E07,6,7095.0
SO007739,2024-03-03,C0092,D01,E07,6,3768.0
SO007740,2024-03-16,C0092,D01,E07,3,2470.0
SO007741,2024-03-27,C0092,D01,E07,7,4904.7
SO007742,2024-04-06,C0092,D01,E07,7,4555.0
SO007743,2024-04-20,C0092,D01,E07,7,4060.7
SO007744,2024-04-30,C0092,D01,E07,3,2510.5
SO007745,2024-05-11,C0092,D01,E07,3,1011.9
SO007746,2024-05-24,C0092,D01,E07,3,2310.0
SO007747,2024-06-06,C0092,D01,E07,4,3465.5
SO007748,2024-06-19,C0092,D01,E07,4,3622.0
SO007749,2024-06-29,C0092,D01,E07,3,2918.0
SO007750,2024-07-09,C0092,D01,E07,7,5745.1
SO007751,2024-07-20,C0092,D01,E07,5,4380.0
SO007752,2024-07-31,C0092,D01,E07,7,7104.25
SO007753,2024-08-11,C0092,D01,E07,4,2650.2
SO007754,2024-08-22,C0092,D01,E07,5,5310.0
SO007755,2024-09-01,C0092,D01,E07,3,1809.25
SO007756,2024-09-12,C0092,D01,E07,5,4219.25
SO007757,2024-09-22,C0092,D01,E07,4,2834.8
SO007758,2024-10-03,C0092,D01,E07,7,5702.1
SO007759,2024-10-13,C0092,D01,E07,6,5595.0
SO007760,2024-10-26,C0092,D01,E07,7,6137.55
SO007761,2024-11-09,C0092,D01,E07,4,5165.0
SO007762,2024-11-21,C0092,D01,E07,4,6410.0
SO007763,2024-12-03,C0092,D01,E07,4,5245.0
SO007764,2024-12-15,C0092,D01,E07,7,8615.45
SO007765,2024-12-25,C0092,D01,E07,7,11130.4
SO007766,2022-01-12,C0093,D01,E08,6,6780.0
SO007767,2022-01-26,C0093,D01,E08,4,4401.6
SO007768,2022-02-05,C0093,D01,E08,5,4115.0
SO007769,2022-02-16,C0093,D01,E08,4,2500.0
SO007770,2022-02-26,C0093,D01,E08,7,5600.8
SO007771,2022-03-11,C0093,D01,E08,7,3960.0
SO007772,2022-03-21,C0093,D01,E08,7,4030.0
SO007773,2022-04-03,C0093,D01,E08,4,2341.65
SO007774,2022-04-15,C0093,D01,E08,6,2554.8
SO007775,2022-04-28,C0093,D01,E08,3,2485.0
SO007776,2022-05-11,C0093,D01,E08,6,3300.25
SO007777,2022-05-22,C0093,D01,E08,5,2620.6
SO007778,2022-06-04,C0093,D01,E08,5,3240.0
SO007779,2022-06-16,C0093,D01,E08,5,3533.3
SO007780,2022-06-29,C0093,D01,E08,3,2220.0
SO007781,2022-07-10,C0093,D01,E08,7,4138.3
SO007782,2022-07-24,C0093,D01,E08,3,1840.0
SO007783,2022-08-05,C0093,D01,E08,4,3514.8
SO007784,2022-08-17,C0093,D01,E08,7,5100.0
SO007785,2022-08-31,C0093,D01,E08,6,4150.0
SO007786,2022-09-13,C0093,D01,E08,6,2944.7
SO007787,2022-09-25,C0093,D01,E08,7,5592.25
SO007788,2022-10-08,C0093,D01,E08,3,1985.0
SO007789,2022-10-18,C0093,D01,E08,4,3436.0
SO007790,2022-11-01,C0093,D01,E08,5,3490.0
SO007791,2022-11-11,C0093,D01,E08,6,8245.0
SO007792,2022-11-21,C0093,D01,E08,6,7620.0
SO007793,2022-12-01,C0093,D01,E08,6,8253.1
SO007794,2022-12-11,C0093,D01,E08,4,6325.8
SO007795,2022-12-25,C0093,D01,E08,4,5520.0
SO007796,2023-01-08,C0093,D01,E08,4,3019.9
SO007797,2023-01-22,C0093,D01,E08,7,6945.35
SO007798,2023-02-03,C0093,D01,E08,5,5084.35
SO007799,2023-02-15,C0093,D01,E08,4,4492.95
SO007800,2023-03-01,C0093,D01,E08,7,4161.45
SO007801,2023-03-13,C0093,D01,E08,5,2785.0
SO007802,2023-03-23,C0093,D01,E08,3,1815.05
SO007803,2023-04-03,C0093,D01,E08,6,5020.0
SO007804,2023-04-15,C0093,D01,E08,3,1060.0
SO007805,2023-04-25,C0093,D01,E08,5,3783.7
SO007806,2023-05-08,C0093,D01,E08,7,4456.25
SO007807,2023-05-21,C0093,D01,E08,3,2260.0
SO007808,2023-05-31,C0093,D01,E08,7,5612.4
SO007809,2023-06-11,C0093,D01,E08,7,5897.45
SO007810,2023-06-21,C0093,D01,E08,6,4153.4
SO007811,2023-07-01,C0093,D01,E08,4,3112.9
SO007812,2023-07-14,C0093,D01,E08,7,4985.0
SO007813,2023-07-24,C0093,D01,E08,3,2160.0
SO007814,2023-08-03,C0093,D01,E08,4,2415.0
SO007815,2023-08-14,C0093,D01,E08,4,3245.0
SO007816,2023-08-26,C0093,D01,E08,7,6169.8
SO007817,2023-09-08,C0093,D01,E08,5,4605.0
SO007818,2023-09-20,C0093,D01,E08,3,2675.0
SO007819,2023-10-03,C0093,D01,E08,6,7401.65
SO007820,2023-10-16,C0093,D01,E08,4,5196.1
SO007821,2023-10-30,C0093,D01,E08,3,2185.0
SO007822,2023-11-13,C0093,D01,E08,5,4662.8
SO007823,2023-11-27,C0093,D01,E08,5,5550.2
SO007824,2023-12-07,C0093,D01,E08,6,8022.35
SO007825,2023-12-20,C0093,D01,E08,7,5894.35
SO007826,2024-01-01,C0093,D01,E08,4,6555.0
SO007827,2024-01-12,C0093,D01,E08,3,3375.0
SO007828,2024-01-24,C0093,D01,E08,6,6895.0
SO007829,2024-02-03,C0093,D01,E08,3,5965.9
SO007830,2024-02-14,C0093,D01,E08,3,1853.8
SO007831,2024-02-26,C0093,D01,E08,4,4175.0
SO007832,2024-03-11,C0093,D01,E08,5,2670.0
SO007833,2024-03-25,C0093,D01,E08,3,2935.7
SO007834,2024-04-06,C0093,D01,E08,4,2400.0
SO007835,2024-04-17,C0093,D01,E08,3,1840.0
SO007836,2024-05-01,C0093,D01,E08,3,2700.0
SO007837,2024-05-11,C0093,D01,E08,3,2510.0
SO007838,2024-05-21,C0093,D01,E08,6,3783.8
SO007839,2024-06-03,C0093,D01,E08,6,4900.15
SO007840,2024-06-16,C0093,D01,E08,3,2329.8
SO007841,2024-06-26,C0093,D01,E08,6,5101.3
SO007842,2024-07-09,C0093,D01,E08,6,5520.85
SO007843,2024-07-23,C0093,D01,E08,4,3227.2
SO007844,2024-08-05,C0093,D01,E08,3,2630.0
SO007845,2024-08-17,C0093,D01,E08,4,4162.6
SO007846,2024-08-29,C0093,D01,E08,5,4155.2
SO007847,2024-09-09,C0093,D01,E08,5,3945.4
SO007848,2024-09-23,C0093,D01,E08,7,6179.9
SO007849,2024-10-04,C0093,D01,E08,5,6517.55
SO007850,2024-10-16,C0093,D01,E08,6,6010.0
SO007851,2024-10-28,C0093,D01,E08,6,6223.35
SO007852,2024-11-08,C0093,D01,E08,6,10255.0
SO007853,2024-11-20,C0093,D01,E08,4,5975.0
SO007854,2024-12-04,C0093,D01,E08,3,2430.0
SO007855,2024-12-14,C0093,D01,E08,3,4305.0
SO007856,2024-12-28,C0093,D01,E08,7,8857.6
SO007857,2022-01-13,C0094,D02,E09,3,1240.0
SO007858,2022-01-30,C0094,D02,E09,5,2181.45
SO007859,2022-02-13,C0094,D02,E09,7,4051.45
SO007860,2022-03-02,C0094,D02,E09,6,2240.0
SO007861,2022-03-16,C0094,D02,E09,6,3195.0
SO007862,2022-04-02,C0094,D02,E09,3,1040.0
SO007863,2022-04-16,C0094,D02,E09,7,1949.2
SO007864,2022-05-03,C0094,D02,E09,7,2600.0
SO007865,2022-05-17,C0094,D02,E09,4,1255.0
SO007866,2022-05-31,C0094,D02,E09,3,1202.0
SO007867,2022-06-17,C0094,D02,E09,6,2780.0
SO007868,2022-07-01,C0094,D02,E09,4,1500.0
SO007869,2022-07-16,C0094,D02,E09,6,2646.5
SO007870,2022-07-30,C0094,D02,E09,5,2395.0
SO007871,2022-08-14,C0094,D02,E09,6,2658.9
SO007872,2022-08-28,C0094,D02,E09,6,1868.75
SO007873,2022-09-13,C0094,D02,E09,6,3080.0
SO007874,2022-09-29,C0094,D02,E09,6,2757.95
SO007875,2022-10-16,C0094,D02,E09,6,2952.25
SO007876,2022-10-29,C0094,D02,E09,6,2632.95
SO007877,2022-11-12,C0094,D02,E09,7,3824.2
SO007878,2022-11-28,C0094,D02,E09,6,3982.0
SO007879,2022-12-13,C0094,D02,E09,4,1921.4
SO007880,2022-12-27,C0094,D02,E09,3,2480.0
SO007881,2023-01-09,C0094,D02,E09,7,3484.75
SO007882,2023-01-24,C0094,D02,E09,5,3475.0
SO007883,2023-02-06,C0094,D02,E09,4,2830.0
SO007884,2023-02-20,C0094,D02,E09,3,1614.4
SO007885,2023-03-06,C0094,D02,E09,7,2446.0
SO007886,2023-03-19,C0094,D02,E09,7,1805.0
SO007887,2023-04-02,C0094,D02,E09,3,1140.0
SO007888,2023-04-19,C0094,D02,E09,5,1715.25
SO007889,2023-05-05,C0094,D02,E09,3,757.35
SO007890,2023-05-21,C0094,D02,E09,4,1414.6
SO007891,2023-06-05,C0094,D02,E09,3,1575.0
SO007892,2023-06-20,C0094,D02,E09,3,2105.0
SO007893,2023-07-03,C0094,D02,E09,7,3440.0
SO007894,2023-07-20,C0094,D02,E09,4,1765.7
SO007895,2023-08-02,C0094,D02,E09,6,2565.0
SO007896,2023-08-19,C0094,D02,E09,4,1457.9
SO007897,2023-09-01,C0094,D02,E09,6,3820.0
SO007898,2023-09-14,C0094,D02,E09,7,2875.0
SO007899,2023-09-27,C0094,D02,E09,6,2815.0
SO007900,2023-10-13,C0094,D02,E09,5,2470.0
SO007901,2023-10-30,C0094,D02,E09,4,2220.0
SO007902,2023-11-16,C0094,D02,E09,3,1235.0
SO007903,2023-11-30,C0094,D02,E09,6,3212.25
SO007904,2023-12-13,C0094,D02,E09,3,1989.9
SO007905,2023-12-28,C0094,D02,E09,5,3750.0
SO007906,2024-01-14,C0094,D02,E09,4,2540.55
SO007907,2024-01-29,C0094,D02,E09,3,1630.0
SO007908,2024-02-14,C0094,D02,E09,7,3615.0
SO007909,2024-02-27,C0094,D02,E09,3,1254.6
SO007910,2024-03-11,C0094,D02,E09,6,2295.2
SO007911,2024-03-27,C0094,D02,E09,5,1886.1
SO007912,2024-04-13,C0094,D02,E09,7,3595.0
SO007913,2024-04-30,C0094,D02,E09,6,2758.0
SO007914,2024-05-16,C0094,D02,E09,7,1871.1
SO007915,2024-05-30,C0094,D02,E09,3,790.0
SO007916,2024-06-16,C0094,D02,E09,6,2590.0
SO007917,2024-07-03,C0094,D02,E09,6,2360.0
SO007918,2024-07-20,C0094,D02,E09,3,1780.0
SO007919,2024-08-04,C0094,D02,E09,6,3298.0
SO007920,2024-08-21,C0094,D02,E09,5,2650.0
SO007921,2024-09-04,C0094,D02,E09,5,2585.4
SO007922,2024-09-18,C0094,D02,E09,7,2750.0
SO007923,2024-10-04,C0094,D02,E09,4,3012.6
SO007924,2024-10-19,C0094,D02,E09,6,3265.0
SO007925,2024-11-01,C0094,D02,E09,6,4745.1
SO007926,2024-11-18,C0094,D02,E09,3,1664.7
SO007927,2024-12-04,C0094,D02,E09,5,2200.0
SO007928,2024-12-18,C0094,D02,E09,4,3756.5
SO007929,2022-01-04,C0095,D02,E10,3,1620.0
SO007930,2022-01-19,C0095,D02,E10,4,2381.1
SO007931,2022-02-03,C0095,D02,E10,7,4211.8
SO007932,2022-02-19,C0095,D02,E10,6,4317.85
SO007933,2022-03-06,C0095,D02,E10,7,2778.0
SO007934,2022-03-19,C0095,D02,E10,5,1745.0
SO007935,2022-04-02,C0095,D02,E10,5,2035.0
SO007936,2022-04-17,C0095,D02,E10,3,1160.2
SO007937,2022-05-03,C0095,D02,E10,7,1967.15
SO007938,2022-05-18,C0095,D02,E10,5,1275.0
SO007939,2022-06-02,C0095,D02,E10,3,785.0
SO007940,2022-06-15,C0095,D02,E10,5,1720.0
SO007941,2022-07-01,C0095,D02,E10,3,1215.0
SO007942,2022-07-15,C0095,D02,E10,4,1448.25
SO007943,2022-07-28,C0095,D02,E10,4,1530.0
SO007944,2022-08-14,C0095,D02,E10,7,1993.95
SO007945,2022-08-30,C0095,D02,E10,3,1426.25
SO007946,2022-09-16,C0095,D02,E10,5,1686.8
SO007947,2022-09-30,C0095,D02,E10,4,1937.35
SO007948,2022-10-16,C0095,D02,E10,5,1684.65
SO007949,2022-10-29,C0095,D02,E10,3,1710.0
SO007950,2022-11-13,C0095,D02,E10,5,3818.3
SO007951,2022-11-29,C0095,D02,E10,7,3795.75
SO007952,2022-12-16,C0095,D02,E10,7,3514.9
SO007953,2022-12-29,C0095,D02,E10,3,1125.0
SO007954,2023-01-12,C0095,D02,E10,7,3665.0
SO007955,2023-01-28,C0095,D02,E10,6,3955.0
SO007956,2023-02-11,C0095,D02,E10,4,2245.0
SO007957,2023-02-26,C0095,D02,E10,3,2975.0
SO007958,2023-03-12,C0095,D02,E10,7,2322.2
SO007959,2023-03-26,C0095,D02,E10,7,2187.8
SO007960,2023-04-11,C0095,D02,E10,3,1000.0
SO007961,2023-04-24,C0095,D02,E10,3,1042.75
SO007962,2023-05-08,C0095,D02,E10,3,750.0
SO007963,2023-05-23,C0095,D02,E10,4,1345.0
SO007964,2023-06-09,C0095,D02,E10,5,1970.0
SO007965,2023-06-25,C0095,D02,E10,6,1720.0
SO007966,2023-07-11,C0095,D02,E10,3,1045.0
SO007967,2023-07-24,C0095,D02,E10,6,2409.25
SO007968,2023-08-09,C0095,D02,E10,4,2265.0
SO007969,2023-08-24,C0095,D02,E10,6,2909.25
SO007970,2023-09-07,C0095,D02,E10,6,2962.45
SO007971,2023-09-22,C0095,D02,E10,7,2761.25
SO007972,2023-10-07,C0095,D02,E10,6,2220.0
SO007973,2023-10-21,C0095,D02,E10,5,3490.8
SO007974,2023-11-05,C0095,D02,E10,3,1937.7
SO007975,2023-11-19,C0095,D02,E10,3,2289.1
SO007976,2023-12-05,C0095,D02,E10,3,1935.0
SO007977,2023-12-22,C0095,D02,E10,6,3770.0
SO007978,2024-01-04,C0095,D02,E10,6,4960.0
SO007979,2024-01-21,C0095,D02,E10,5,3270.4
SO007980,2024-02-04,C0095,D02,E10,7,4355.0
SO007981,2024-02-21,C0095,D02,E10,6,3310.0
SO007982,2024-03-05,C0095,D02,E10,3,1104.6
SO007983,2024-03-22,C0095,D02,E10,5,1485.0
SO007984,2024-04-05,C0095,D02,E10,5,2458.6
SO007985,2024-04-22,C0095,D02,E10,4,2189.4
SO007986,2024-05-08,C0095,D02,E10,3,1170.0
SO007987,2024-05-22,C0095,D02,E10,6,2656.7
SO007988,2024-06-05,C0095,D02,E10,5,2305.0
SO007989,2024-06-18,C0095,D02,E10,3,1345.0
SO007990,2024-07-04,C0095,D02,E10,4,1611.9
SO007991,2024-07-20,C0095,D02,E10,5,1540.0
SO007992,2024-08-03,C0095,D02,E10,6,2021.45
SO007993,2024-08-20,C0095,D02,E10,3,1310.0
SO007994,2024-09-05,C0095,D02,E10,7,3320.6
SO007995,2024-09-22,C0095,D02,E10,6,3420.0
SO007996,2024-10-08,C0095,D02,E10,6,3877.1
SO007997,2024-10-21,C0095,D02,E10,7,3375.0
SO007998,2024-11-05,C0095,D02,E10,7,5899.6
SO007999,2024-11-18,C0095,D02,E10,6,3789.8
SO008000,2024-12-01,C0095,D02,E10,4,3180.0
SO008001,2024-12-17,C0095,D02,E10,4,2120.0
SO008002,2022-01-07,C0096,D02,E11,7,6934.4
SO008003,2022-01-20,C0096,D02,E11,4,5235.0
SO008004,2022-01-31,C0096,D02,E11,3,4048.4
SO008005,2022-02-11,C0096,D02,E11,5,4092.0
SO008006,2022-02-23,C0096,D02,E11,6,4413.25
SO008007,2022-03-08,C0096,D02,E11,4,3108.95
SO008008,2022-03-22,C0096,D02,E11,4,2360.0
SO008009,2022-04-02,C0096,D02,E11,5,2834.25
SO008010,2022-04-15,C0096,D02,E11,5,2958.8
SO008011,2022-04-28,C0096,D02,E11,5,1764.15
SO008012,2022-05-11,C0096,D02,E11,4,1770.0
SO008013,2022-05-23,C0096,D02,E11,3,1817.85
SO008014,2022-06-03,C0096,D02,E11,3,3110.0
SO008015,2022-06-16,C0096,D02,E11,6,4405.0
SO008016,2022-06-28,C0096,D02,E11,4,2455.0
SO008017,2022-07-11,C0096,D02,E11,3,1470.0
SO008018,2022-07-22,C0096,D02,E11,6,4189.9
SO008019,2022-08-03,C0096,D02,E11,6,5315.0
SO008020,2022-08-17,C0096,D02,E11,3,2574.8
SO008021,2022-08-30,C0096,D02,E11,3,1930.0
SO008022,2022-09-12,C0096,D02,E11,4,2837.9
SO008023,2022-09-26,C0096,D02,E11,5,3757.25
SO008024,2022-10-08,C0096,D02,E11,7,5592.9
SO008025,2022-10-20,C0096,D02,E11,4,3548.25
SO008026,2022-11-01,C0096,D02,E11,6,3068.2
SO008027,2022-11-15,C0096,D02,E11,6,5460.0
SO008028,2022-11-29,C0096,D02,E11,3,5145.0
SO008029,2022-12-12,C0096,D02,E11,5,5555.0
SO008030,2022-12-22,C0096,D02,E11,3,3600.0
SO008031,2023-01-05,C0096,D02,E11,4,3215.8
SO008032,2023-01-16,C0096,D02,E11,6,6321.0
SO008033,2023-01-28,C0096,D02,E11,6,5052.05
SO008034,2023-02-09,C0096,D02,E11,5,4506.75
SO008035,2023-02-22,C0096,D02,E11,6,7603.25
SO008036,2023-03-07,C0096,D02,E11,4,2765.0
SO008037,2023-03-21,C0096,D02,E11,5,3640.0
SO008038,2023-04-03,C0096,D02,E11,6,3045.0
SO008039,2023-04-16,C0096,D02,E11,5,3111.95
SO008040,2023-04-28,C0096,D02,E11,7,4185.0
SO008041,2023-05-08,C0096,D02,E11,7,4172.45
SO008042,2023-05-20,C0096,D02,E11,3,952.8
SO008043,2023-06-01,C0096,D02,E11,5,3487.4
SO008044,2023-06-14,C0096,D02,E11,5,3255.0
SO008045,2023-06-25,C0096,D02,E11,3,2005.0
SO008046,2023-07-06,C0096,D02,E11,3,1371.9
SO008047,2023-07-18,C0096,D02,E11,4,3148.3
SO008048,2023-07-29,C0096,D02,E11,3,1475.0
SO008049,2023-08-12,C0096,D02,E11,5,3698.05
SO008050,2023-08-23,C0096,D02,E11,7,6565.0
SO008051,2023-09-03,C0096,D02,E11,5,4380.0
SO008052,2023-09-16,C0096,D02,E11,7,6172.6
SO008053,2023-09-26,C0096,D02,E11,7,5728.1
SO008054,2023-10-10,C0096,D02,E11,6,3965.0
SO008055,2023-10-22,C0096,D02,E11,7,6769.75
SO008056,2023-11-03,C0096,D02,E11,5,6372.6
SO008057,2023-11-17,C0096,D02,E11,3,3085.0
SO008058,2023-12-01,C0096,D02,E11,4,5580.0
SO008059,2023-12-12,C0096,D02,E11,6,7705.0
SO008060,2023-12-26,C0096,D02,E11,7,6271.3
SO008061,2024-01-09,C0096,D02,E11,4,4122.7
SO008062,2024-01-22,C0096,D02,E11,3,3699.5
SO008063,2024-02-04,C0096,D02,E11,5,5210.0
SO008064,2024-02-15,C0096,D02,E11,6,4885.0
SO008065,2024-02-27,C0096,D02,E11,3,2945.0
SO008066,2024-03-08,C0096,D02,E11,7,4837.6
SO008067,2024-03-22,C0096,D02,E11,3,2134.8
SO008068,2024-04-04,C0096,D02,E11,3,1975.0
SO008069,2024-04-14,C0096,D02,E11,4,2820.0
SO008070,2024-04-28,C0096,D02,E11,7,3296.45
SO008071,2024-05-10,C0096,D02,E11,5,2540.0
SO008072,2024-05-24,C0096,D02,E11,6,4286.45
SO008073,2024-06-05,C0096,D02,E11,4,3060.0
SO008074,2024-06-17,C0096,D02,E11,6,4450.0
SO008075,2024-07-01,C0096,D02,E11,7,5305.8
SO008076,2024-07-15,C0096,D02,E11,4,3646.75
SO008077,2024-07-29,C0096,D02,E11,3,3265.0
SO008078,2024-08-11,C0096,D02,E11,3,3055.0
SO008079,2024-08-21,C0096,D02,E11,7,5135.0
SO008080,2024-09-01,C0096,D02,E11,5,4328.8
SO008081,2024-09-12,C0096,D02,E11,3,1920.0
SO008082,2024-09-25,C0096,D02,E11,7,4146.8
SO008083,2024-10-08,C0096,D02,E11,3,2844.0
SO008084,2024-10-21,C0096,D02,E11,7,7228.8
SO008085,2024-10-31,C0096,D02,E11,7,7960.8
SO008086,2024-11-11,C0096,D02,E11,7,7647.45
SO008087,2024-11-23,C0096,D02,E11,4,6150.0
SO008088,2024-12-07,C0096,D02,E11,3,3240.0
SO008089,2024-12-19,C0096,D02,E11,7,9567.0
SO008090,2024-12-30,C0096,D02,E11,4,4981.4
SO008091,2022-01-12,C0097,D01,E06,5,2500.0
SO008092,2022-01-29,C0097,D01,E06,5,2405.0
SO008093,2022-02-12,C0097,D01,E06,6,2720.0
SO008094,2022-03-01,C0097,D01,E06,6,1835.0
SO008095,2022-03-14,C0097,D01,E06,6,1888.25
SO008096,2022-03-28,C0097,D01,E06,4,775.0
SO008097,2022-04-12,C0097,D01,E06,5,1936.2
SO008098,2022-04-26,C0097,D01,E06,5,1440.0
SO008099,2022-05-12,C0097,D01,E06,3,1055.1
SO008100,2022-05-29,C0097,D01,E06,7,2340.0
SO008101,2022-06-14,C0097,D01,E06,4,1635.0
SO008102,2022-07-01,C0097,D01,E06,4,1155.0
SO008103,2022-07-17,C0097,D01,E06,6,2250.2
SO008104,2022-08-02,C0097,D01,E06,5,1805.0
SO008105,2022-08-17,C0097,D01,E06,6,2844.8
SO008106,2022-09-03,C0097,D01,E06,5,2058.1
SO008107,2022-09-20,C0097,D01,E06,7,3390.0
SO008108,2022-10-04,C0097,D01,E06,6,2966.05
SO008109,2022-10-20,C0097,D01,E06,3,1856.85
SO008110,2022-11-06,C0097,D01,E06,3,2176.45
SO008111,2022-11-23,C0097,D01,E06,4,2803.3
SO008112,2022-12-07,C0097,D01,E06,6,3110.0
SO008113,2022-12-20,C0097,D01,E06,3,1451.0
SO008114,2023-01-06,C0097,D01,E06,7,4526.1
SO008115,2023-01-21,C0097,D01,E06,7,4060.0
SO008116,2023-02-05,C0097,D01,E06,5,2972.85
SO008117,2023-02-22,C0097,D01,E06,6,3025.1
SO008118,2023-03-10,C0097,D01,E06,7,2450.55
SO008119,2023-03-26,C0097,D01,E06,6,1716.6
SO008120,2023-04-08,C0097,D01,E06,3,1100.0
SO008121,2023-04-24,C0097,D01,E06,3,760.0
SO008122,2023-05-09,C0097,D01,E06,5,1388.1
SO008123,2023-05-22,C0097,D01,E06,3,760.0
SO008124,2023-06-04,C0097,D01,E06,6,2293.25
SO008125,2023-06-20,C0097,D01,E06,5,2114.85
SO008126,2023-07-07,C0097,D01,E06,5,2335.0
SO008127,2023-07-20,C0097,D01,E06,6,3211.1
SO008128,2023-08-06,C0097,D01,E06,7,3504.8
SO008129,2023-08-22,C0097,D01,E06,4,1521.8
SO008130,2023-09-07,C0097,D01,E06,4,840.2
SO008131,2023-09-21,C0097,D01,E06,6,2623.05
SO008132,2023-10-05,C0097,D01,E06,4,2110.0
SO008133,2023-10-20,C0097,D01,E06,5,2485.1
SO008134,2023-11-05,C0097,D01,E06,5,3764.5
SO008135,2023-11-21,C0097,D01,E06,6,4005.0
SO008136,2023-12-08,C0097,D01,E06,6,3190.0
SO008137,2023-12-24,C0097,D01,E06,6,4193.8
SO008138,2024-01-06,C0097,D01,E06,6,3824.2
SO008139,2024-01-20,C0097,D01,E06,4,2250.0
SO008140,2024-02-03,C0097,D01,E06,5,2420.0
SO008141,2024-02-19,C0097,D01,E06,3,1825.0
SO008142,2024-03-04,C0097,D01,E06,3,710.0
SO008143,2024-03-21,C0097,D01,E06,6,3031.5
SO008144,2024-04-04,C0097,D01,E06,7,1905.0
SO008145,2024-04-19,C0097,D01,E06,6,1754.6
SO008146,2024-05-02,C0097,D01,E06,3,834.75
SO008147,2024-05-16,C0097,D01,E06,5,1545.0
SO008148,2024-06-02,C0097,D01,E06,7,3289.55
SO008149,2024-06-18,C0097,D01,E06,3,1170.0
SO008150,2024-07-03,C0097,D01,E06,5,1416.5
SO008151,2024-07-17,C0097,D01,E06,7,2650.0
SO008152,2024-07-31,C0097,D01,E06,7,3151.35
SO008153,2024-08-13,C0097,D01,E06,6,2719.6
SO008154,2024-08-28,C0097,D01,E06,3,1785.0
SO008155,2024-09-10,C0097,D01,E06,7,3540.0
SO008156,2024-09-23,C0097,D01,E06,6,3256.5
SO008157,2024-10-08,C0097,D01,E06,7,3756.3
SO008158,2024-10-22,C0097,D01,E06,7,3363.2
SO008159,2024-11-08,C0097,D01,E06,4,2712.2
SO008160,2024-11-23,C0097,D01,E06,3,1700.0
SO008161,2024-12-07,C0097,D01,E06,3,2360.0
SO008162,2024-12-21,C0097,D01,E06,6,3170.0
SO008163,2022-01-10,C0098,D01,E07,5,4620.0
SO008164,2022-01-21,C0098,D01,E07,4,3753.65
SO008165,2022-02-02,C0098,D01,E07,7,5269.1
SO008166,2022-02-12,C0098,D01,E07,6,6140.0
SO008167,2022-02-22,C0098,D01,E07,4,3816.9
SO008168,2022-03-08,C0098,D01,E07,6,4107.2
SO008169,2022-03-20,C0098,D01,E07,6,3570.0
SO008170,2022-04-03,C0098,D01,E07,7,2866.9
SO008171,2022-04-13,C0098,D01,E07,4,2157.9
SO008172,2022-04-24,C0098,D01,E07,5,2090.25
SO008173,2022-05-06,C0098,D01,E07,7,3790.0
SO008174,2022-05-18,C0098,D01,E07,3,1841.25
SO008175,2022-06-01,C0098,D01,E07,6,3457.0
SO008176,2022-06-12,C0098,D01,E07,5,2815.0
SO008177,2022-06-25,C0098,D01,E07,5,2510.2
SO008178,2022-07-07,C0098,D01,E07,4,3122.4
SO008179,2022-07-18,C0098,D01,E07,6,5103.2
SO008180,2022-07-30,C0098,D01,E07,4,2960.8
SO008181,2022-08-10,C0098,D01,E07,4,2800.0
SO008182,2022-08-21,C0098,D01,E07,5,3810.0
SO008183,2022-08-31,C0098,D01,E07,4,2000.0
SO008184,2022-09-10,C0098,D01,E07,7,5540.0
SO008185,2022-09-21,C0098,D01,E07,5,2934.2
SO008186,2022-10-03,C0098,D01,E07,7,8920.7
SO008187,2022-10-14,C0098,D01,E07,3,5279.0
SO008188,2022-10-28,C0098,D01,E07,6,4085.0
SO008189,2022-11-08,C0098,D01,E07,4,4769.9
SO008190,2022-11-18,C0098,D01,E07,6,6951.9
SO008191,2022-11-30,C0098,D01,E07,4,3623.6
SO008192,2022-12-11,C0098,D01,E07,6,4350.0
SO008193,2022-12-21,C0098,D01,E07,4,5150.0
SO008194,2023-01-03,C0098,D01,E07,4,4680.0
SO008195,2023-01-14,C0098,D01,E07,7,6825.0
SO008196,2023-01-26,C0098,D01,E07,6,7510.0
SO008197,2023-02-05,C0098,D01,E07,4,5080.0
SO008198,2023-02-16,C0098,D01,E07,5,5020.2
SO008199,2023-03-01,C0098,D01,E07,5,3685.0
SO008200,2023-03-11,C0098,D01,E07,7,4796.65
SO008201,2023-03-24,C0098,D01,E07,7,5351.05
SO008202,2023-04-05,C0098,D01,E07,5,3210.6
SO008203,2023-04-18,C0098,D01,E07,5,3580.0
SO008204,2023-05-01,C0098,D01,E07,6,3605.7
SO008205,2023-05-15,C0098,D01,E07,5,3633.8
SO008206,2023-05-25,C0098,D01,E07,3,1515.0
SO008207,2023-06-05,C0098,D01,E07,3,1530.0
SO008208,2023-06-19,C0098,D01,E07,3,2455.8
SO008209,2023-06-29,C0098,D01,E07,7,5183.5
SO008210,2023-07-13,C0098,D01,E07,3,2800.0
SO008211,2023-07-26,C0098,D01,E07,3,1882.0
SO008212,2023-08-06,C0098,D01,E07,5,2831.2
SO008213,2023-08-17,C0098,D01,E07,6,5180.0
SO008214,2023-08-30,C0098,D01,E07,5,4437.4
SO008215,2023-09-13,C0098,D01,E07,4,2782.4
SO008216,2023-09-24,C0098,D01,E07,5,3461.6
SO008217,2023-10-04,C0098,D01,E07,6,4830.0
SO008218,2023-10-15,C0098,D01,E07,7,8159.6
SO008219,2023-10-29,C0098,D01,E07,6,5352.0
SO008220,2023-11-12,C0098,D01,E07,4,5932.75
SO008221,2023-11-22,C0098,D01,E07,4,5509.0
SO008222,2023-12-05,C0098,D01,E07,4,5065.0
SO008223,2023-12-16,C0098,D01,E07,3,2395.0
SO008224,2023-12-28,C0098,D01,E07,4,3155.0
SO008225,2024-01-09,C0098,D01,E07,7,11055.0
SO008226,2024-01-21,C0098,D01,E07,5,8592.6
SO008227,2024-02-03,C0098,D01,E07,3,4954.9
SO008228,2024-02-13,C0098,D01,E07,3,2675.0
SO008229,2024-02-27,C0098,D01,E07,6,7196.15
SO008230,2024-03-10,C0098,D01,E07,4,2551.2
SO008231,2024-03-21,C0098,D01,E07,7,5295.6
SO008232,2024-04-02,C0098,D01,E07,3,1953.0
SO008233,2024-04-12,C0098,D01,E07,4,2068.1
SO008234,2024-04-22,C0098,D01,E07,4,2260.0
SO008235,2024-05-05,C0098,D01,E07,7,4099.75
SO008236,2024-05-15,C0098,D01,E07,6,4176.5
SO008237,2024-05-29,C0098,D01,E07,5,3500.0
SO008238,2024-06-08,C0098,D01,E07,6,4749.8
SO008239,2024-06-22,C0098,D01,E07,4,3490.0
SO008240,2024-07-06,C0098,D01,E07,5,3835.0
SO008241,2024-07-16,C0098,D01,E07,4,3155.0
SO008242,2024-07-27,C0098,D01,E07,6,3950.15
SO008243,2024-08-08,C0098,D01,E07,5,4280.0
SO008244,2024-08-19,C0098,D01,E07,6,5930.0
SO008245,2024-08-31,C0098,D01,E07,7,6665.0
SO008246,2024-09-12,C0098,D01,E07,3,2880.0
SO008247,2024-09-22,C0098,D01,E07,4,3545.0
SO008248,2024-10-06,C0098,D01,E07,6,4720.7
SO008249,2024-10-16,C0098,D01,E07,7,6481.65
SO008250,2024-10-30,C0098,D01,E07,3,3671.75
SO008251,2024-11-10,C0098,D01,E07,5,5785.0
SO008252,2024-11-22,C0098,D01,E07,5,5225.0
SO008253,2024-12-06,C0098,D01,E07,3,3473.8
SO008254,2024-12-16,C0098,D01,E07,5,4305.0
SO008255,2024-12-27,C0098,D01,E07,3,3090.5
SO008256,2022-01-04,C0099,D01,E08,5,5593.3
SO008257,2022-01-14,C0099,D01,E08,7,9550.0
SO008258,2022-01-24,C0099,D01,E08,7,7805.8
SO008259,2022-02-05,C0099,D01,E08,3,4140.0
SO008260,2022-02-17,C0099,D01,E08,6,4545.0
SO008261,2022-03-03,C0099,D01,E08,5,2295.2
SO008262,2022-03-15,C0099,D01,E08,5,2924.6
SO008263,2022-03-28,C0099,D01,E08,4,2260.0
SO008264,2022-04-11,C0099,D01,E08,6,2806.0
SO008265,2022-04-21,C0099,D01,E08,5,3295.0
SO008266,2022-05-02,C0099,D01,E08,3,2550.0
SO008267,2022-05-12,C0099,D01,E08,5,2325.0
SO008268,2022-05-26,C0099,D01,E08,4,1525.0
SO008269,2022-06-07,C0099,D01,E08,4,2192.7
SO008270,2022-06-17,C0099,D01,E08,3,2423.4
SO008271,2022-06-28,C0099,D01,E08,6,5236.95
SO008272,2022-07-11,C0099,D01,E08,6,5611.8
SO008273,2022-07-25,C0099,D01,E08,5,3745.2
SO008274,2022-08-05,C0099,D01,E08,4,2559.3
SO008275,2022-08-17,C0099,D01,E08,5,2497.8
SO008276,2022-08-29,C0099,D01,E08,4,2675.0
SO008277,2022-09-09,C0099,D01,E08,6,3891.9
SO008278,2022-09-22,C0099,D01,E08,6,3520.0
SO008279,2022-10-04,C0099,D01,E08,4,5343.55
SO008280,2022-10-17,C0099,D01,E08,6,5397.0
SO008281,2022-10-28,C0099,D01,E08,7,5345.0
SO008282,2022-11-11,C0099,D01,E08,4,3050.0
SO008283,2022-11-23,C0099,D01,E08,4,3789.6
SO008284,2022-12-03,C0099,D01,E08,6,6491.6
SO008285,2022-12-15,C0099,D01,E08,6,5527.05
SO008286,2022-12-28,C0099,D01,E08,4,4328.4
SO008287,2023-01-10,C0099,D01,E08,6,8430.0
SO008288,2023-01-24,C0099,D01,E08,3,3459.15
SO008289,2023-02-04,C0099,D01,E08,7,6480.0
SO008290,2023-02-16,C0099,D01,E08,7,8715.7
SO008291,2023-03-01,C0099,D01,E08,6,3375.0
SO008292,2023-03-14,C0099,D01,E08,6,3909.4
SO008293,2023-03-25,C0099,D01,E08,5,2861.5
SO008294,2023-04-07,C0099,D01,E08,5,2445.0
SO008295,2023-04-17,C0099,D01,E08,6,3735.0
SO008296,2023-04-30,C0099,D01,E08,6,3435.0
SO008297,2023-05-10,C0099,D01,E08,7,3845.0
SO008298,2023-05-22,C0099,D01,E08,7,4208.8
SO008299,2023-06-05,C0099,D01,E08,7,6783.45
SO008300,2023-06-18,C0099,D01,E08,7,6115.0
SO008301,2023-06-28,C0099,D01,E08,4,3375.85
SO008302,2023-07-08,C0099,D01,E08,7,5091.8
SO008303,2023-07-21,C0099,D01,E08,3,2820.0
SO008304,2023-07-31,C0099,D01,E08,5,2980.0
SO008305,2023-08-10,C0099,D01,E08,7,4522.5
SO008306,2023-08-20,C0099,D01,E08,5,4035.05
SO008307,2023-08-31,C0099,D01,E08,6,4760.0
SO008308,2023-09-12,C0099,D01,E08,7,6593.8
SO008309,2023-09-22,C0099,D01,E08,4,2135.0
SO008310,2023-10-05,C0099,D01,E08,4,3601.2
SO008311,2023-10-16,C0099,D01,E08,5,4058.4
SO008312,2023-10-30,C0099,D01,E08,4,3766.0
SO008313,2023-11-11,C0099,D01,E08,5,9191.95
SO008314,2023-11-21,C0099,D01,E08,6,3855.0
SO008315,2023-12-05,C0099,D01,E08,7,7870.0
SO008316,2023-12-15,C0099,D01,E08,7,7774.25
SO008317,2023-12-28,C0099,D01,E08,4,4300.0
SO008318,2024-01-07,C0099,D01,E08,3,3600.0
SO008319,2024-01-17,C0099,D01,E08,7,9669.9
SO008320,2024-01-27,C0099,D01,E08,4,3435.0
SO008321,2024-02-07,C0099,D01,E08,7,8063.15
SO008322,2024-02-21,C0099,D01,E08,7,9989.1
SO008323,2024-03-05,C0099,D01,E08,5,3120.0
SO008324,2024-03-15,C0099,D01,E08,4,2503.8
SO008325,2024-03-28,C0099,D01,E08,4,2580.0
SO008326,2024-04-07,C0099,D01,E08,6,4570.2
SO008327,2024-04-17,C0099,D01,E08,7,4587.5
SO008328,2024-04-29,C0099,D01,E08,3,1760.4
SO008329,2024-05-10,C0099,D01,E08,6,3858.3
SO008330,2024-05-22,C0099,D01,E08,5,4640.2
SO008331,2024-06-01,C0099,D01,E08,7,6972.95
SO008332,2024-06-13,C0099,D01,E08,4,4273.75
SO008333,2024-06-26,C0099,D01,E08,3,2894.1
SO008334,2024-07-08,C0099,D01,E08,3,2694.9
SO008335,2024-07-20,C0099,D01,E08,4,3548.7
SO008336,2024-08-02,C0099,D01,E08,4,3450.0
SO008337,2024-08-13,C0099,D01,E08,7,6475.0
SO008338,2024-08-25,C0099,D01,E08,4,3690.35
SO008339,2024-09-04,C0099,D01,E08,5,5977.9
SO008340,2024-09-16,C0099,D01,E08,4,1910.0
SO008341,2024-09-28,C0099,D01,E08,7,7990.45
SO008342,2024-10-12,C0099,D01,E08,6,6753.85
SO008343,2024-10-22,C0099,D01,E08,6,6848.5
SO008344,2024-11-04,C0099,D01,E08,7,10754.05
SO008345,2024-11-16,C0099,D01,E08,7,8933.65
SO008346,2024-11-29,C0099,D01,E08,6,6068.4
SO008347,2024-12-10,C0099,D01,E08,3,4735.0
SO008348,2024-12-21,C0099,D01,E08,4,3163.6
SO008349,2022-01-06,C0100,D02,E09,6,4617.2
SO008350,2022-01-19,C0100,D02,E09,5,3972.9
SO008351,2022-01-29,C0100,D02,E09,3,2705.6
SO008352,2022-02-10,C0100,D02,E09,6,5600.0
SO008353,2022-02-22,C0100,D02,E09,3,3590.0
SO008354,2022-03-06,C0100,D02,E09,3,2475.0
SO008355,2022-03-19,C0100,D02,E09,7,3520.0
SO008356,2022-04-02,C0100,D02,E09,7,3580.0
SO008357,2022-04-14,C0100,D02,E09,5,2350.0
SO008358,2022-04-25,C0100,D02,E09,4,2218.5
SO008359,2022-05-06,C0100,D02,E09,4,1920.6
SO008360,2022-05-19,C0100,D02,E09,3,1491.0
SO008361,2022-05-30,C0100,D02,E09,3,2231.25
SO008362,2022-06-09,C0100,D02,E09,7,6850.0
SO008363,2022-06-22,C0100,D02,E09,4,2262.35
SO008364,2022-07-05,C0100,D02,E09,5,4170.0
SO008365,2022-07-17,C0100,D02,E09,3,2265.0
SO008366,2022-07-28,C0100,D02,E09,5,3637.4
SO008367,2022-08-09,C0100,D02,E09,7,3840.0
SO008368,2022-08-19,C0100,D02,E09,3,1943.5
SO008369,2022-08-29,C0100,D02,E09,6,3393.3
SO008370,2022-09-12,C0100,D02,E09,6,4960.8
SO008371,2022-09-25,C0100,D02,E09,7,6645.6
SO008372,2022-10-09,C0100,D02,E09,5,3501.3
SO008373,2022-10-22,C0100,D02,E09,5,3359.5
SO008374,2022-11-05,C0100,D02,E09,4,4055.35
SO008375,2022-11-16,C0100,D02,E09,6,5820.0
SO008376,2022-11-26,C0100,D02,E09,3,3015.0
SO008377,2022-12-06,C0100,D02,E09,3,2370.0
SO008378,2022-12-17,C0100,D02,E09,6,6695.0
SO008379,2022-12-29,C0100,D02,E09,3,4330.0
SO008380,2023-01-08,C0100,D02,E09,5,4290.0
SO008381,2023-01-22,C0100,D02,E09,6,6359.4
SO008382,2023-02-04,C0100,D02,E09,3,3480.0
SO008383,2023-02-14,C0100,D02,E09,6,5955.0
SO008384,2023-02-26,C0100,D02,E09,4,4175.0
SO008385,2023-03-12,C0100,D02,E09,5,2302.4
SO008386,2023-03-22,C0100,D02,E09,5,3830.0
SO008387,2023-04-01,C0100,D02,E09,3,1966.65
SO008388,2023-04-13,C0100,D02,E09,6,3945.0
SO008389,2023-04-23,C0100,D02,E09,3,872.2
SO008390,2023-05-04,C0100,D02,E09,6,3360.0
SO008391,2023-05-17,C0100,D02,E09,7,5773.8
SO008392,2023-05-30,C0100,D02,E09,6,3825.0
SO008393,2023-06-11,C0100,D02,E09,3,1590.0
SO008394,2023-06-25,C0100,D02,E09,6,3885.0
SO008395,2023-07-06,C0100,D02,E09,3,2355.05
SO008396,2023-07-19,C0100,D02,E09,4,2893.3
SO008397,2023-08-01,C0100,D02,E09,5,3490.0
SO008398,2023-08-11,C0100,D02,E09,7,4795.7
SO008399,2023-08-23,C0100,D02,E09,3,1875.0
SO008400,2023-09-03,C0100,D02,E09,4,2719.2
SO008401,2023-09-17,C0100,D02,E09,4,3291.2
SO008402,2023-09-28,C0100,D02,E09,6,5190.0
SO008403,2023-10-09,C0100,D02,E09,4,3182.6
SO008404,2023-10-19,C0100,D02,E09,5,5843.7
SO008405,2023-10-29,C0100,D02,E09,7,5415.35
SO008406,2023-11-08,C0100,D02,E09,6,8174.4
SO008407,2023-11-20,C0100,D02,E09,5,4505.0
SO008408,2023-12-02,C0100,D02,E09,4,3760.0
SO008409,2023-12-12,C0100,D02,E09,4,4755.0
SO008410,2023-12-22,C0100,D02,E09,7,6172.8
SO008411,2024-01-03,C0100,D02,E09,7,8936.15
SO008412,2024-01-15,C0100,D02,E09,4,5005.0
SO008413,2024-01-27,C0100,D02,E09,5,5691.65
SO008414,2024-02-08,C0100,D02,E09,3,3639.9
SO008415,2024-02-20,C0100,D02,E09,5,4820.0
SO008416,2024-03-01,C0100,D02,E09,3,1155.0
SO008417,2024-03-12,C0100,D02,E09,4,3578.4
SO008418,2024-03-23,C0100,D02,E09,7,4385.0
SO008419,2024-04-05,C0100,D02,E09,5,3548.4
SO008420,2024-04-16,C0100,D02,E09,5,3620.0
SO008421,2024-04-30,C0100,D02,E09,6,4042.5
SO008422,2024-05-13,C0100,D02,E09,6,4268.4
SO008423,2024-05-27,C0100,D02,E09,6,4380.2
SO008424,2024-06-09,C0100,D02,E09,3,2560.0
SO008425,2024-06-22,C0100,D02,E09,3,3508.2
SO008426,2024-07-05,C0100,D02,E09,6,5489.6
SO008427,2024-07-19,C0100,D02,E09,7,4920.0
SO008428,2024-07-29,C0100,D02,E09,7,7734.65
SO008429,2024-08-09,C0100,D02,E09,4,4360.0
SO008430,2024-08-19,C0100,D02,E09,5,6865.0
SO008431,2024-09-02,C0100,D02,E09,3,1550.0
SO008432,2024-09-13,C0100,D02,E09,7,6085.6
SO008433,2024-09-27,C0100,D02,E09,5,3178.6
SO008434,2024-10-10,C0100,D02,E09,7,8108.05
SO008435,2024-10-21,C0100,D02,E09,7,5610.4
SO008436,2024-11-03,C0100,D02,E09,5,4192.9
SO008437,2024-11-13,C0100,D02,E09,4,4740.0
SO008438,2024-11-24,C0100,D02,E09,4,3967.2
SO008439,2024-12-05,C0100,D02,E09,5,7074.3
SO008440,2024-12-16,C0100,D02,E09,6,4465.0
SO008441,2024-12-28,C0100,D02,E09,3,4585.0
SO008442,2022-01-01,C0101,D02,E10,7,7540.25
SO008443,2022-01-11,C0101,D02,E10,7,5600.0
SO008444,2022-01-24,C0101,D02,E10,7,7835.1
SO008445,2022-02-06,C0101,D02,E10,4,3160.0
SO008446,2022-02-17,C0101,D02,E10,6,6342.5
SO008447,2022-03-02,C0101,D02,E10,7,3812.65
SO008448,2022-03-15,C0101,D02,E10,3,2427.0
SO008449,2022-03-28,C0101,D02,E10,5,2525.0
SO008450,2022-04-08,C0101,D02,E10,3,1223.0
SO008451,2022-04-19,C0101,D02,E10,3,1578.4
SO008452,2022-05-03,C0101,D02,E10,7,3815.4
SO008453,2022-05-13,C0101,D02,E10,3,1645.0
SO008454,2022-05-23,C0101,D02,E10,7,3784.2
SO008455,2022-06-02,C0101,D02,E10,3,1875.0
SO008456,2022-06-16,C0101,D02,E10,3,1830.0
SO008457,2022-06-28,C0101,D02,E10,3,2550.0
SO008458,2022-07-10,C0101,D02,E10,3,2260.0
SO008459,2022-07-24,C0101,D02,E10,5,4125.0
SO008460,2022-08-07,C0101,D02,E10,3,2383.2
SO008461,2022-08-21,C0101,D02,E10,7,4585.15
SO008462,2022-09-02,C0101,D02,E10,6,4685.7
SO008463,2022-09-16,C0101,D02,E10,6,5115.0
SO008464,2022-09-30,C0101,D02,E10,7,5521.7
SO008465,2022-10-12,C0101,D02,E10,4,2940.0
SO008466,2022-10-24,C0101,D02,E10,5,3233.75
SO008467,2022-11-03,C0101,D02,E10,5,7590.0
SO008468,2022-11-14,C0101,D02,E10,6,6755.0
SO008469,2022-11-25,C0101,D02,E10,3,1950.0
SO008470,2022-12-05,C0101,D02,E10,3,2250.0
SO008471,2022-12-15,C0101,D02,E10,5,6231.0
SO008472,2022-12-26,C0101,D02,E10,3,3900.0
SO008473,2023-01-08,C0101,D02,E10,5,3555.0
SO008474,2023-01-21,C0101,D02,E10,4,2135.0
SO008475,2023-01-31,C0101,D02,E10,3,3065.0
SO008476,2023-02-12,C0101,D02,E10,7,8210.1
SO008477,2023-02-26,C0101,D02,E10,4,4355.55
SO008478,2023-03-08,C0101,D02,E10,4,2251.2
SO008479,2023-03-20,C0101,D02,E10,5,2801.1
SO008480,2023-03-31,C0101,D02,E10,7,3645.0
SO008481,2023-04-12,C0101,D02,E10,6,3570.0
SO008482,2023-04-24,C0101,D02,E10,6,3696.1
SO008483,2023-05-05,C0101,D02,E10,3,1235.1
SO008484,2023-05-17,C0101,D02,E10,6,3955.2
SO008485,2023-05-29,C0101,D02,E10,4,2745.0
SO008486,2023-06-12,C0101,D02,E10,4,3310.0
SO008487,2023-06-23,C0101,D02,E10,7,5654.05
SO008488,2023-07-05,C0101,D02,E10,3,2442.9
SO008489,2023-07-17,C0101,D02,E10,6,5355.0
SO008490,2023-07-31,C0101,D02,E10,4,1975.65
SO008491,2023-08-12,C0101,D02,E10,7,5001.7
SO008492,2023-08-22,C0101,D02,E10,3,1836.0
SO008493,2023-09-02,C0101,D02,E10,5,2954.75
SO008494,2023-09-12,C0101,D02,E10,5,2620.0
SO008495,2023-09-22,C0101,D02,E10,5,4060.0
SO008496,2023-10-06,C0101,D02,E10,6,4700.0
SO008497,2023-10-19,C0101,D02,E10,3,2669.5
SO008498,2023-10-29,C0101,D02,E10,6,4530.0
SO008499,2023-11-10,C0101,D02,E10,4,4374.2
SO008500,2023-11-23,C0101,D02,E10,4,4320.85
SO008501,2023-12-03,C0101,D02,E10,5,6913.0
SO008502,2023-12-17,C0101,D02,E10,6,7085.0
SO008503,2023-12-30,C0101,D02,E10,6,9185.0
SO008504,2024-01-10,C0101,D02,E10,6,7597.95
SO008505,2024-01-24,C0101,D02,E10,7,7133.6
SO008506,2024-02-05,C0101,D02,E10,3,3345.0
SO008507,2024-02-19,C0101,D02,E10,7,8130.0
SO008508,2024-03-03,C0101,D02,E10,7,4045.0
SO008509,2024-03-14,C0101,D02,E10,5,4195.0
SO008510,2024-03-26,C0101,D02,E10,4,2468.4
SO008511,2024-04-07,C0101,D02,E10,5,3530.0
SO008512,2024-04-17,C0101,D02,E10,5,3933.25
SO008513,2024-04-29,C0101,D02,E10,5,3770.0
SO008514,2024-05-12,C0101,D02,E10,4,4315.6
SO008515,2024-05-22,C0101,D02,E10,4,1701.9
SO008516,2024-06-01,C0101,D02,E10,6,6495.0
SO008517,2024-06-13,C0101,D02,E10,4,2690.0
SO008518,2024-06-25,C0101,D02,E10,6,5075.3
SO008519,2024-07-08,C0101,D02,E10,5,3959.3
SO008520,2024-07-21,C0101,D02,E10,7,5743.55
SO008521,2024-08-02,C0101,D02,E10,3,1320.0
SO008522,2024-08-13,C0101,D02,E10,3,3185.0
SO008523,2024-08-27,C0101,D02,E10,5,4440.0
SO008524,2024-09-10,C0101,D02,E10,3,3795.0
SO008525,2024-09-21,C0101,D02,E10,5,3441.1
SO008526,2024-10-04,C0101,D02,E10,3,2991.3
SO008527,2024-10-17,C0101,D02,E10,4,3460.0
SO008528,2024-10-28,C0101,D02,E10,3,3059.0
SO008529,2024-11-09,C0101,D02,E10,5,8292.4
SO008530,2024-11-21,C0101,D02,E10,6,6656.1
SO008531,2024-12-01,C0101,D02,E10,3,2690.0
SO008532,2024-12-13,C0101,D02,E10,7,9701.4
SO008533,2024-12-23,C0101,D02,E10,6,6858.2
SO008534,2022-01-08,C0102,D02,E11,3,1084.3
SO008535,2022-01-22,C0102,D02,E11,5,2117.9
SO008536,2022-02-04,C0102,D02,E11,6,3960.0
SO008537,2022-02-21,C0102,D02,E11,4,1280.0
SO008538,2022-03-10,C0102,D02,E11,5,1862.8
SO008539,2022-03-27,C0102,D02,E11,5,1440.55
SO008540,2022-04-12,C0102,D02,E11,7,2499.25
SO008541,2022-04-28,C0102,D02,E11,4,1235.0
SO008542,2022-05-14,C0102,D02,E11,3,1055.0
SO008543,2022-05-31,C0102,D02,E11,4,682.5
SO008544,2022-06-14,C0102,D02,E11,7,2675.0
SO008545,2022-06-29,C0102,D02,E11,5,2505.0
SO008546,2022-07-14,C0102,D02,E11,6,2729.2
SO008547,2022-07-29,C0102,D02,E11,7,2635.0
SO008548,2022-08-15,C0102,D02,E11,6,1875.0
SO008549,2022-08-28,C0102,D02,E11,4,1805.0
SO008550,2022-09-11,C0102,D02,E11,7,1675.2
SO008551,2022-09-25,C0102,D02,E11,6,3256.2
SO008552,2022-10-10,C0102,D02,E11,5,1464.6
SO008553,2022-10-23,C0102,D02,E11,4,1752.6
SO008554,2022-11-07,C0102,D02,E11,7,4319.4
SO008555,2022-11-24,C0102,D02,E11,3,1970.0
SO008556,2022-12-09,C0102,D02,E11,3,1170.0
SO008557,2022-12-22,C0102,D02,E11,6,4245.75
SO008558,2023-01-07,C0102,D02,E11,4,3207.5
SO008559,2023-01-21,C0102,D02,E11,3,1570.4
SO008560,2023-02-07,C0102,D02,E11,6,4140.0
SO008561,2023-02-23,C0102,D02,E11,3,1663.0
SO008562,2023-03-10,C0102,D02,E11,3,1080.0
SO008563,2023-03-26,C0102,D02,E11,7,1611.9
SO008564,2023-04-08,C0102,D02,E11,5,1900.0
SO008565,2023-04-21,C0102,D02,E11,5,2145.0
SO008566,2023-05-08,C0102,D02,E11,7,2935.9
SO008567,2023-05-24,C0102,D02,E11,3,1220.0
SO008568,2023-06-10,C0102,D02,E11,4,1463.5
SO008569,2023-06-23,C0102,D02,E11,5,1640.0
SO008570,2023-07-09,C0102,D02,E11,5,2435.0
SO008571,2023-07-25,C0102,D02,E11,3,796.45
SO008572,2023-08-07,C0102,D02,E11,3,1445.0
SO008573,2023-08-23,C0102,D02,E11,7,3594.25
SO008574,2023-09-05,C0102,D02,E11,3,2244.0
SO008575,2023-09-19,C0102,D02,E11,7,2780.0
SO008576,2023-10-04,C0102,D02,E11,4,1680.0
SO008577,2023-10-19,C0102,D02,E11,7,4065.95
SO008578,2023-11-02,C0102,D02,E11,6,3992.35
SO008579,2023-11-19,C0102,D02,E11,3,2090.0
SO008580,2023-12-04,C0102,D02,E11,7,4551.6
SO008581,2023-12-20,C0102,D02,E11,3,2003.4
SO008582,2024-01-02,C0102,D02,E11,7,4193.6
SO008583,2024-01-18,C0102,D02,E11,3,1370.0
SO008584,2024-02-02,C0102,D02,E11,7,4693.6
SO008585,2024-02-15,C0102,D02,E11,5,3390.0
SO008586,2024-03-02,C0102,D02,E11,6,1720.0
SO008587,2024-03-17,C0102,D02,E11,7,2807.0
SO008588,2024-04-01,C0102,D02,E11,6,2565.0
SO008589,2024-04-16,C0102,D02,E11,5,1880.0
SO008590,2024-05-03,C0102,D02,E11,5,1705.0
SO008591,2024-05-18,C0102,D02,E11,5,2502.35
SO008592,2024-06-02,C0102,D02,E11,5,2344.6
SO008593,2024-06-18,C0102,D02,E11,4,1565.45
SO008594,2024-07-01,C0102,D02,E11,7,3445.0
SO008595,2024-07-17,C0102,D02,E11,7,2495.0
SO008596,2024-07-30,C0102,D02,E11,3,1405.7
SO008597,2024-08-15,C0102,D02,E11,3,1270.0
SO008598,2024-08-29,C0102,D02,E11,5,2225.0
SO008599,2024-09-11,C0102,D02,E11,7,3110.0
SO008600,2024-09-24,C0102,D02,E11,7,4272.5
SO008601,2024-10-09,C0102,D02,E11,7,4563.95
SO008602,2024-10-23,C0102,D02,E11,6,4259.6
SO008603,2024-11-09,C0102,D02,E11,7,7628.75
SO008604,2024-11-22,C0102,D02,E11,3,1290.1
SO008605,2024-12-08,C0102,D02,E11,5,3815.55
SO008606,2024-12-21,C0102,D02,E11,6,3770.8
SO008607,2022-01-15,C0103,D01,E06,7,2717.8
SO008608,2022-02-01,C0103,D01,E06,7,4198.35
SO008609,2022-02-18,C0103,D01,E06,6,2256.6
SO008610,2022-03-07,C0103,D01,E06,5,1590.0
SO008611,2022-03-22,C0103,D01,E06,4,1675.0
SO008612,2022-04-05,C0103,D01,E06,7,1756.1
SO008613,2022-04-19,C0103,D01,E06,5,1119.8
SO008614,2022-05-03,C0103,D01,E06,5,1720.0
SO008615,2022-05-20,C0103,D01,E06,4,1855.0
SO008616,2022-06-06,C0103,D01,E06,5,1915.0
SO008617,2022-06-22,C0103,D01,E06,3,780.0
SO008618,2022-07-05,C0103,D01,E06,6,2858.3
SO008619,2022-07-19,C0103,D01,E06,6,2495.0
SO008620,2022-08-02,C0103,D01,E06,7,3220.0
SO008621,2022-08-17,C0103,D01,E06,6,2227.55
SO008622,2022-08-31,C0103,D01,E06,7,4202.6
SO008623,2022-09-16,C0103,D01,E06,7,2530.0
SO008624,2022-10-01,C0103,D01,E06,7,4921.35
SO008625,2022-10-18,C0103,D01,E06,6,3172.2
SO008626,2022-11-03,C0103,D01,E06,4,1140.0
SO008627,2022-11-20,C0103,D01,E06,3,2240.0
SO008628,2022-12-04,C0103,D01,E06,5,2140.0
SO008629,2022-12-17,C0103,D01,E06,5,3416.65
SO008630,2023-01-01,C0103,D01,E06,5,3455.0
SO008631,2023-01-18,C0103,D01,E06,3,1325.0
SO008632,2023-01-31,C0103,D01,E06,3,1904.3
SO008633,2023-02-15,C0103,D01,E06,3,1892.0
SO008634,2023-03-01,C0103,D01,E06,5,1371.9
SO008635,2023-03-15,C0103,D01,E06,7,2935.6
SO008636,2023-03-28,C0103,D01,E06,7,1721.5
SO008637,2023-04-13,C0103,D01,E06,7,2231.0
SO008638,2023-04-29,C0103,D01,E06,3,685.0
SO008639,2023-05-12,C0103,D01,E06,6,2060.0
SO008640,2023-05-29,C0103,D01,E06,4,948.25
SO008641,2023-06-14,C0103,D01,E06,6,3448.1
SO008642,2023-06-28,C0103,D01,E06,7,2612.0
SO008643,2023-07-15,C0103,D01,E06,5,2726.8
SO008644,2023-08-01,C0103,D01,E06,5,2388.4
SO008645,2023-08-15,C0103,D01,E06,3,1229.95
SO008646,2023-08-31,C0103,D01,E06,4,1170.0
SO008647,2023-09-17,C0103,D01,E06,7,3270.0
SO008648,2023-10-01,C0103,D01,E06,5,1785.0
SO008649,2023-10-16,C0103,D01,E06,7,4492.5
SO008650,2023-10-29,C0103,D01,E06,3,664.4
SO008651,2023-11-12,C0103,D01,E06,4,3322.55
SO008652,2023-11-28,C0103,D01,E06,5,2895.0
SO008653,2023-12-15,C0103,D01,E06,6,4008.7
SO008654,2024-01-01,C0103,D01,E06,7,5340.7
SO008655,2024-01-16,C0103,D01,E06,7,3982.8
SO008656,2024-02-01,C0103,D01,E06,5,3684.2
SO008657,2024-02-15,C0103,D01,E06,4,3814.4
SO008658,2024-02-29,C0103,D01,E06,5,3009.8
SO008659,2024-03-14,C0103,D01,E06,6,1545.0
SO008660,2024-03-30,C0103,D01,E06,5,1515.0
SO008661,2024-04-15,C0103,D01,E06,3,1189.2
SO008662,2024-05-01,C0103,D01,E06,6,3121.25
SO008663,2024-05-18,C0103,D01,E06,5,1565.0
SO008664,2024-06-02,C0103,D01,E06,3,1745.0
SO008665,2024-06-19,C0103,D01,E06,6,2540.0
SO008666,2024-07-02,C0103,D01,E06,5,2679.2
SO008667,2024-07-15,C0103,D01,E06,5,2293.8
SO008668,2024-07-30,C0103,D01,E06,6,2402.5
SO008669,2024-08-12,C0103,D01,E06,6,2678.0
SO008670,2024-08-28,C0103,D01,E06,6,3120.0
SO008671,2024-09-10,C0103,D01,E06,4,1925.75
SO008672,2024-09-23,C0103,D01,E06,6,2982.0
SO008673,2024-10-08,C0103,D01,E06,5,2176.75
SO008674,2024-10-24,C0103,D01,E06,7,5374.05
SO008675,2024-11-07,C0103,D01,E06,6,5115.0
SO008676,2024-11-22,C0103,D01,E06,6,2706.2
SO008677,2024-12-06,C0103,D01,E06,4,3320.0
SO008678,2024-12-23,C0103,D01,E06,3,1630.0
SO008679,2022-01-14,C0104,D01,E07,7,3905.25
SO008680,2022-01-28,C0104,D01,E07,7,4955.0
SO008681,2022-02-11,C0104,D01,E07,4,1475.0
SO008682,2022-02-25,C0104,D01,E07,5,1872.85
SO008683,2022-03-12,C0104,D01,E07,4,1230.0
SO008684,2022-03-28,C0104,D01,E07,3,552.2
SO008685,2022-04-14,C0104,D01,E07,5,1059.7
SO008686,2022-04-30,C0104,D01,E07,7,1501.45
SO008687,2022-05-17,C0104,D01,E07,7,1988.9
SO008688,2022-05-31,C0104,D01,E07,6,1722.45
SO008689,2022-06-15,C0104,D01,E07,6,1845.4
SO008690,2022-07-01,C0104,D01,E07,4,1214.2
SO008691,2022-07-15,C0104,D01,E07,5,1940.0
SO008692,2022-08-01,C0104,D01,E07,7,3027.0
SO008693,2022-08-17,C0104,D01,E07,5,2435.0
SO008694,2022-08-30,C0104,D01,E07,3,1209.2
SO008695,2022-09-12,C0104,D01,E07,3,1105.4
SO008696,2022-09-28,C0104,D01,E07,6,3305.55
SO008697,2022-10-14,C0104,D01,E07,4,2265.25
SO008698,2022-10-31,C0104,D01,E07,7,3203.75
SO008699,2022-11-13,C0104,D01,E07,4,2214.2
SO008700,2022-11-26,C0104,D01,E07,3,1605.0
SO008701,2022-12-11,C0104,D01,E07,5,2670.0
SO008702,2022-12-24,C0104,D01,E07,6,3720.0
SO008703,2023-01-08,C0104,D01,E07,4,3245.0
SO008704,2023-01-22,C0104,D01,E07,6,2340.75
SO008705,2023-02-05,C0104,D01,E07,7,3215.0
SO008706,2023-02-19,C0104,D01,E07,6,4016.5
SO008707,2023-03-06,C0104,D01,E07,5,1501.9
SO008708,2023-03-22,C0104,D01,E07,4,1755.0
SO008709,2023-04-07,C0104,D01,E07,4,1180.0
SO008710,2023-04-23,C0104,D01,E07,6,1779.25
SO008711,2023-05-07,C0104,D01,E07,3,1045.0
SO008712,2023-05-22,C0104,D01,E07,5,1775.0
SO008713,2023-06-07,C0104,D01,E07,3,1949.25
SO008714,2023-06-22,C0104,D01,E07,7,2443.1
SO008715,2023-07-06,C0104,D01,E07,6,3140.0
SO008716,2023-07-19,C0104,D01,E07,6,2195.75
SO008717,2023-08-01,C0104,D01,E07,6,2015.0
SO008718,2023-08-17,C0104,D01,E07,7,3550.0
SO008719,2023-08-31,C0104,D01,E07,4,2005.25
SO008720,2023-09-14,C0104,D01,E07,4,1377.8
SO008721,2023-10-01,C0104,D01,E07,7,3992.0
SO008722,2023-10-15,C0104,D01,E07,7,5917.25
SO008723,2023-10-31,C0104,D01,E07,7,3605.0
SO008724,2023-11-16,C0104,D01,E07,5,4430.0
SO008725,2023-12-02,C0104,D01,E07,7,4452.6
SO008726,2023-12-18,C0104,D01,E07,4,3170.0
SO008727,2024-01-01,C0104,D01,E07,6,4815.0
SO008728,2024-01-17,C0104,D01,E07,4,1727.4
SO008729,2024-02-03,C0104,D01,E07,3,2032.8
SO008730,2024-02-18,C0104,D01,E07,6,3914.35
SO008731,2024-03-06,C0104,D01,E07,4,1140.0
SO008732,2024-03-19,C0104,D01,E07,6,2360.6
SO008733,2024-04-02,C0104,D01,E07,7,1945.0
SO008734,2024-04-16,C0104,D01,E07,7,1977.9
SO008735,2024-05-01,C0104,D01,E07,7,2410.0
SO008736,2024-05-14,C0104,D01,E07,6,2825.2
SO008737,2024-05-30,C0104,D01,E07,3,1335.0
SO008738,2024-06-13,C0104,D01,E07,6,3172.6
SO008739,2024-06-27,C0104,D01,E07,5,2190.0
SO008740,2024-07-10,C0104,D01,E07,6,2930.6
SO008741,2024-07-25,C0104,D01,E07,4,2020.0
SO008742,2024-08-11,C0104,D01,E07,3,874.6
SO008743,2024-08-27,C0104,D01,E07,5,2735.0
SO008744,2024-09-09,C0104,D01,E07,7,2604.6
SO008745,2022-01-06,C0105,D01,E08,7,12843.85
SO008746,2022-01-15,C0105,D01,E08,3,4453.1
SO008747,2022-01-24,C0105,D01,E08,3,5435.0
SO008748,2022-02-04,C0105,D01,E08,5,10880.0
SO008749,2022-02-15,C0105,D01,E08,7,11290.0
SO008750,2022-02-22,C0105,D01,E08,4,6920.0
SO008751,2022-03-01,C0105,D01,E08,3,4050.0
SO008752,2022-03-12,C0105,D01,E08,5,4314.9
SO008753,2022-03-22,C0105,D01,E08,3,1705.0
SO008754,2022-03-30,C0105,D01,E08,3,2194.8
SO008755,2022-04-07,C0105,D01,E08,5,3610.0
SO008756,2022-04-17,C0105,D01,E08,4,3730.0
SO008757,2022-04-24,C0105,D01,E08,3,1910.0
SO008758,2022-05-05,C0105,D01,E08,7,5370.0
SO008759,2022-05-15,C0105,D01,E08,7,5960.0
SO008760,2022-05-26,C0105,D01,E08,3,2335.0
SO008761,2022-06-05,C0105,D01,E08,3,3570.0
SO008762,2022-06-12,C0105,D01,E08,5,4330.0
SO008763,2022-06-20,C0105,D01,E08,7,6420.85
SO008764,2022-06-28,C0105,D01,E08,5,5764.6
SO008765,2022-07-06,C0105,D01,E08,7,6928.2
SO008766,2022-07-17,C0105,D01,E08,3,2440.0
SO008767,2022-07-25,C0105,D01,E08,7,6335.0
SO008768,2022-08-01,C0105,D01,E08,5,6807.2
SO008769,2022-08-10,C0105,D01,E08,3,4555.0
SO008770,2022-08-18,C0105,D01,E08,7,7291.75
SO008771,2022-08-26,C0105,D01,E08,6,7614.0
SO008772,2022-09-05,C0105,D01,E08,3,2866.6
SO008773,2022-09-13,C0105,D01,E08,4,3698.6
SO008774,2022-09-22,C0105,D01,E08,3,3215.25
SO008775,2022-10-03,C0105,D01,E08,5,7322.8
SO008776,2022-10-10,C0105,D01,E08,6,9831.6
SO008777,2022-10-17,C0105,D01,E08,4,3940.5
SO008778,2022-10-25,C0105,D01,E08,3,4470.25
SO008779,2022-11-03,C0105,D01,E08,6,7865.0
SO008780,2022-11-14,C0105,D01,E08,5,11115.2
SO008781,2022-11-22,C0105,D01,E08,5,8667.2
SO008782,2022-12-01,C0105,D01,E08,6,10190.4
SO008783,2022-12-09,C0105,D01,E08,5,4694.65
SO008784,2022-12-17,C0105,D01,E08,3,8131.25
SO008785,2022-12-27,C0105,D01,E08,7,9333.3
SO008786,2023-01-07,C0105,D01,E08,3,5998.3
SO008787,2023-01-18,C0105,D01,E08,7,10788.35
SO008788,2023-01-25,C0105,D01,E08,4,7465.0
SO008789,2023-02-04,C0105,D01,E08,6,7260.0
SO008790,2023-02-14,C0105,D01,E08,7,8596.2
SO008791,2023-02-21,C0105,D01,E08,6,11105.0
SO008792,2023-02-28,C0105,D01,E08,3,4680.2
SO008793,2023-03-09,C0105,D01,E08,7,7260.9
SO008794,2023-03-18,C0105,D01,E08,3,2310.6
SO008795,2023-03-29,C0105,D01,E08,6,5985.0
SO008796,2023-04-06,C0105,D01,E08,4,2825.0
SO008797,2023-04-16,C0105,D01,E08,5,4270.0
SO008798,2023-04-23,C0105,D01,E08,7,6544.3
SO008799,2023-05-02,C0105,D01,E08,4,3782.75
SO008800,2023-05-13,C0105,D01,E08,4,3530.6
SO008801,2023-05-24,C0105,D01,E08,7,6375.0
SO008802,2023-06-02,C0105,D01,E08,5,3700.0
SO008803,2023-06-12,C0105,D01,E08,3,3099.3
SO008804,2023-06-21,C0105,D01,E08,6,4960.75
SO008805,2023-07-01,C0105,D01,E08,7,6570.0
SO008806,2023-07-10,C0105,D01,E08,3,5440.0
SO008807,2023-07-20,C0105,D01,E08,4,3855.0
SO008808,2023-07-29,C0105,D01,E08,6,7930.0
SO008809,2023-08-05,C0105,D01,E08,6,5720.0
SO008810,2023-08-15,C0105,D01,E08,6,12330.0
SO008811,2023-08-25,C0105,D01,E08,5,5036.9
SO008812,2023-09-04,C0105,D01,E08,4,4219.6
SO008813,2023-09-13,C0105,D01,E08,4,4894.9
SO008814,2023-09-23,C0105,D01,E08,7,10350.0
SO008815,2023-10-02,C0105,D01,E08,3,4850.0
SO008816,2023-10-11,C0105,D01,E08,3,3639.0
SO008817,2023-10-19,C0105,D01,E08,7,10761.55
SO008818,2023-10-27,C0105,D01,E08,4,7143.9
SO008819,2023-11-03,C0105,D01,E08,4,10032.85
SO008820,2023-11-11,C0105,D01,E08,5,8598.3
SO008821,2023-11-21,C0105,D01,E08,6,11697.0
SO008822,2023-12-02,C0105,D01,E08,7,16201.4
SO008823,2023-12-10,C0105,D01,E08,5,8513.0
SO008824,2023-12-19,C0105,D01,E08,4,6284.5
SO008825,2023-12-30,C0105,D01,E08,4,9275.0
SO008826,2024-01-06,C0105,D01,E08,5,9779.85
SO008827,2024-01-16,C0105,D01,E08,5,11115.0
SO008828,2024-01-25,C0105,D01,E08,7,8123.4
SO008829,2024-02-03,C0105,D01,E08,4,6423.9
SO008830,2024-02-11,C0105,D01,E08,5,11469.7
SO008831,2024-02-19,C0105,D01,E08,5,9668.8
SO008832,2024-03-01,C0105,D01,E08,3,4230.0
SO008833,2024-03-11,C0105,D01,E08,3,2576.75
SO008834,2024-03-22,C0105,D01,E08,6,4910.0
SO008835,2024-03-29,C0105,D01,E08,7,6331.5
SO008836,2024-04-06,C0105,D01,E08,7,5901.25
SO008837,2024-04-16,C0105,D01,E08,6,5620.0
SO008838,2024-04-27,C0105,D01,E08,3,2335.0
SO008839,2024-05-07,C0105,D01,E08,5,4795.0
SO008840,2024-05-15,C0105,D01,E08,4,3272.75
SO008841,2024-05-26,C0105,D01,E08,6,7159.5
SO008842,2024-06-06,C0105,D01,E08,7,10053.55
SO008843,2024-06-16,C0105,D01,E08,6,8899.5
SO008844,2024-06-23,C0105,D01,E08,4,5490.0
SO008845,2024-07-04,C0105,D01,E08,6,8029.5
SO008846,2024-07-14,C0105,D01,E08,6,11553.2
SO008847,2024-07-25,C0105,D01,E08,3,2010.0
SO008848,2024-08-02,C0105,D01,E08,5,4290.0
SO008849,2024-08-13,C0105,D01,E08,6,9415.0
SO008850,2024-08-21,C0105,D01,E08,4,4355.0
SO008851,2024-08-30,C0105,D01,E08,5,5935.0
SO008852,2024-09-08,C0105,D01,E08,6,8354.8
SO008853,2024-09-18,C0105,D01,E08,5,4416.2
SO008854,2024-09-26,C0105,D01,E08,6,5618.75
SO008855,2024-10-03,C0105,D01,E08,6,11684.2
SO008856,2024-10-11,C0105,D01,E08,4,6223.2
SO008857,2024-10-21,C0105,D01,E08,4,5990.0
SO008858,2024-10-28,C0105,D01,E08,5,11102.6
SO008859,2024-11-04,C0105,D01,E08,6,13829.05
SO008860,2024-11-11,C0105,D01,E08,6,12820.0
SO008861,2024-11-19,C0105,D01,E08,7,14765.0
SO008862,2024-11-30,C0105,D01,E08,3,7090.9
SO008863,2024-12-09,C0105,D01,E08,5,10400.0
SO008864,2024-12-18,C0105,D01,E08,4,7438.7
SO008865,2024-12-26,C0105,D01,E08,3,4539.2
SO008866,2022-01-09,C0106,D02,E09,6,4100.0
SO008867,2022-01-23,C0106,D02,E09,4,2620.0
SO008868,2022-02-05,C0106,D02,E09,4,1945.0
SO008869,2022-02-19,C0106,D02,E09,3,2185.0
SO008870,2022-03-06,C0106,D02,E09,4,1243.75
SO008871,2022-03-20,C0106,D02,E09,3,1335.0
SO008872,2022-04-03,C0106,D02,E09,4,1179.9
SO008873,2022-04-19,C0106,D02,E09,6,1935.8
SO008874,2022-05-03,C0106,D02,E09,5,1410.0
SO008875,2022-05-19,C0106,D02,E09,7,2124.35
SO008876,2022-06-03,C0106,D02,E09,5,1569.6
SO008877,2022-06-16,C0106,D02,E09,4,2080.0
SO008878,2022-07-01,C0106,D02,E09,4,1455.0
SO008879,2022-07-17,C0106,D02,E09,4,2000.4
SO008880,2022-08-01,C0106,D02,E09,4,2075.0
SO008881,2022-08-16,C0106,D02,E09,5,1870.0
SO008882,2022-08-31,C0106,D02,E09,4,1470.0
SO008883,2022-09-16,C0106,D02,E09,7,3036.9
SO008884,2022-09-29,C0106,D02,E09,4,2192.0
SO008885,2022-10-16,C0106,D02,E09,7,2372.2
SO008886,2022-11-02,C0106,D02,E09,5,1490.1
SO008887,2022-11-18,C0106,D02,E09,3,3000.0
SO008888,2022-12-03,C0106,D02,E09,5,3235.0
SO008889,2022-12-16,C0106,D02,E09,5,2821.95
SO008890,2022-12-29,C0106,D02,E09,3,2481.1
SO008891,2023-01-14,C0106,D02,E09,6,2540.0
SO008892,2023-01-28,C0106,D02,E09,5,2830.75
SO008893,2023-02-13,C0106,D02,E09,7,4311.45
SO008894,2023-03-02,C0106,D02,E09,4,1015.0
SO008895,2023-03-15,C0106,D02,E09,7,2525.0
SO008896,2023-03-31,C0106,D02,E09,3,645.5
SO008897,2023-04-15,C0106,D02,E09,4,1290.0
SO008898,2023-05-02,C0106,D02,E09,5,1574.15
SO008899,2023-05-19,C0106,D02,E09,4,1545.0
SO008900,2023-06-03,C0106,D02,E09,5,2382.0
SO008901,2023-06-20,C0106,D02,E09,6,2248.7
SO008902,2023-07-04,C0106,D02,E09,7,4001.5
SO008903,2023-07-18,C0106,D02,E09,5,2605.0
SO008904,2023-07-31,C0106,D02,E09,3,1050.0
SO008905,2023-08-14,C0106,D02,E09,4,2305.0
SO008906,2023-08-29,C0106,D02,E09,7,3389.75
SO008907,2023-09-13,C0106,D02,E09,4,1250.2
SO008908,2023-09-27,C0106,D02,E09,5,1940.0
SO008909,2023-10-14,C0106,D02,E09,6,3615.2
SO008910,2023-10-31,C0106,D02,E09,7,3214.4
SO008911,2023-11-16,C0106,D02,E09,4,2422.0
SO008912,2023-12-01,C0106,D02,E09,7,4187.15
SO008913,2023-12-15,C0106,D02,E09,5,3098.55
SO008914,2023-12-30,C0106,D02,E09,3,1485.0
SO008915,2024-01-15,C0106,D02,E09,5,3430.4
SO008916,2024-02-01,C0106,D02,E09,5,3040.0
SO008917,2024-02-17,C0106,D02,E09,4,3181.0
SO008918,2024-03-04,C0106,D02,E09,5,2565.0
SO008919,2024-03-18,C0106,D02,E09,5,1735.0
SO008920,2024-04-01,C0106,D02,E09,7,2426.45
SO008921,2024-04-14,C0106,D02,E09,5,1607.85
SO008922,2024-05-01,C0106,D02,E09,4,1870.0
SO008923,2024-05-15,C0106,D02,E09,7,1910.0
SO008924,2024-05-30,C0106,D02,E09,3,782.8
SO008925,2024-06-14,C0106,D02,E09,5,1977.25
SO008926,2024-06-27,C0106,D02,E09,3,906.2
SO008927,2024-07-14,C0106,D02,E09,5,2255.0
SO008928,2024-07-30,C0106,D02,E09,5,2250.2
SO008929,2024-08-13,C0106,D02,E09,6,2490.0
SO008930,2024-08-29,C0106,D02,E09,6,3065.0
SO008931,2024-09-13,C0106,D02,E09,5,1960.0
SO008932,2024-09-26,C0106,D02,E09,7,3475.0
SO008933,2024-10-09,C0106,D02,E09,6,4261.95
SO008934,2024-10-23,C0106,D02,E09,7,4603.25
SO008935,2024-11-08,C0106,D02,E09,6,3363.75
SO008936,2024-11-22,C0106,D02,E09,5,3315.5
SO008937,2024-12-08,C0106,D02,E09,5,3095.0
SO008938,2024-12-22,C0106,D02,E09,6,4577.2
SO008939,2022-01-08,C0107,D02,E10,5,2474.2
SO008940,2022-01-24,C0107,D02,E10,7,2697.95
SO008941,2022-02-10,C0107,D02,E10,4,1995.0
SO008942,2022-02-26,C0107,D02,E10,3,1260.0
SO008943,2022-03-12,C0107,D02,E10,6,1949.0
SO008944,2022-03-27,C0107,D02,E10,7,2155.0
SO008945,2022-04-09,C0107,D02,E10,7,2650.55
SO008946,2022-04-26,C0107,D02,E10,7,2080.0
SO008947,2022-05-13,C0107,D02,E10,3,925.0
SO008948,2022-05-28,C0107,D02,E10,4,1343.75
SO008949,2022-06-11,C0107,D02,E10,5,2295.0
SO008950,2022-06-28,C0107,D02,E10,4,1263.45
SO008951,2022-07-15,C0107,D02,E10,7,3107.6
SO008952,2022-07-29,C0107,D02,E10,4,1915.0
SO008953,2022-08-15,C0107,D02,E10,7,2530.2
SO008954,2022-08-29,C0107,D02,E10,5,2891.25
SO008955,2022-09-15,C0107,D02,E10,4,2470.0
SO008956,2022-09-28,C0107,D02,E10,6,1979.7
SO008957,2022-10-13,C0107,D02,E10,7,2455.2
SO008958,2022-10-28,C0107,D02,E10,4,2180.0
SO008959,2022-11-10,C0107,D02,E10,5,2780.0
SO008960,2022-11-27,C0107,D02,E10,4,2250.0
SO008961,2022-12-12,C0107,D02,E10,5,1880.0
SO008962,2022-12-26,C0107,D02,E10,5,1805.0
SO008963,2023-01-10,C0107,D02,E10,6,2143.2
SO008964,2023-01-27,C0107,D02,E10,7,5365.0
SO008965,2023-02-10,C0107,D02,E10,7,3220.85
SO008966,2023-02-26,C0107,D02,E10,3,1126.45
SO008967,2023-03-14,C0107,D02,E10,4,1266.7
SO008968,2023-03-27,C0107,D02,E10,6,2108.15
SO008969,2023-04-10,C0107,D02,E10,5,2098.1
SO008970,2023-04-27,C0107,D02,E10,7,2160.0
SO008971,2023-05-10,C0107,D02,E10,4,1235.0
SO008972,2023-05-25,C0107,D02,E10,3,855.2
SO008973,2023-06-07,C0107,D02,E10,4,1260.0
SO008974,2023-06-22,C0107,D02,E10,5,2336.45
SO008975,2023-07-08,C0107,D02,E10,7,2788.6
SO008976,2023-07-21,C0107,D02,E10,5,3045.0
SO008977,2023-08-03,C0107,D02,E10,5,2707.6
SO008978,2023-08-18,C0107,D02,E10,3,1275.0
SO008979,2023-09-03,C0107,D02,E10,3,1296.8
SO008980,2023-09-18,C0107,D02,E10,4,1445.0
SO008981,2023-10-03,C0107,D02,E10,4,2310.0
SO008982,2023-10-16,C0107,D02,E10,4,2313.25
SO008983,2023-10-31,C0107,D02,E10,3,780.0
SO008984,2023-11-14,C0107,D02,E10,6,6043.05
SO008985,2023-12-01,C0107,D02,E10,3,1601.1
SO008986,2023-12-17,C0107,D02,E10,3,2085.0
SO008987,2024-01-01,C0107,D02,E10,4,2603.4
SO008988,2024-01-14,C0107,D02,E10,5,3200.5
SO008989,2024-01-30,C0107,D02,E10,6,4575.0
SO008990,2024-02-12,C0107,D02,E10,6,5384.9
SO008991,2024-02-25,C0107,D02,E10,7,3840.0
SO008992,2024-03-13,C0107,D02,E10,6,1947.7
SO008993,2024-03-30,C0107,D02,E10,7,3203.6
SO008994,2024-04-15,C0107,D02,E10,5,1799.45
SO008995,2024-04-30,C0107,D02,E10,5,1520.8
SO008996,2024-05-13,C0107,D02,E10,3,1090.0
SO008997,2024-05-26,C0107,D02,E10,6,1870.0
SO008998,2024-06-11,C0107,D02,E10,5,2200.0
SO008999,2024-06-25,C0107,D02,E10,4,2335.0
SO009000,2024-07-11,C0107,D02,E10,6,3150.0
SO009001,2024-07-27,C0107,D02,E10,4,1730.0
SO009002,2024-08-11,C0107,D02,E10,4,1880.0
SO009003,2024-08-26,C0107,D02,E10,7,3463.5
SO009004,2024-09-09,C0107,D02,E10,4,1886.0
SO009005,2024-09-23,C0107,D02,E10,3,1740.0
SO009006,2024-10-08,C0107,D02,E10,4,1577.95
SO009007,2024-10-24,C0107,D02,E10,5,2809.65
SO009008,2024-11-08,C0107,D02,E10,7,4908.2
SO009009,2024-11-24,C0107,D02,E10,4,2605.0
SO009010,2024-12-07,C0107,D02,E10,5,4004.2
SO009011,2024-12-20,C0107,D02,E10,7,5040.0
SO009012,2022-01-12,C0108,D02,E11,3,757.5
SO009013,2022-01-25,C0108,D02,E11,7,2966.2
SO009014,2022-02-11,C0108,D02,E11,5,2310.2
SO009015,2022-02-27,C0108,D02,E11,6,4477.4
SO009016,2022-03-14,C0108,D02,E11,6,2080.0
SO009017,2022-03-30,C0108,D02,E11,3,654.15
SO009018,2022-04-14,C0108,D02,E11,4,1015.0
SO009019,2022-04-30,C0108,D02,E11,6,2315.0
SO009020,2022-05-14,C0108,D02,E11,4,1132.4
SO009021,2022-05-27,C0108,D02,E11,6,2010.0
SO009022,2022-06-11,C0108,D02,E11,7,3346.65
SO009023,2022-06-28,C0108,D02,E11,4,1471.8
SO009024,2022-07-15,C0108,D02,E11,7,2997.45
SO009025,2022-07-28,C0108,D02,E11,5,1255.0
SO009026,2022-08-10,C0108,D02,E11,7,3158.6
SO009027,2022-08-27,C0108,D02,E11,4,1590.0
SO009028,2022-09-10,C0108,D02,E11,7,2080.2
SO009029,2022-09-26,C0108,D02,E11,5,2435.7
SO009030,2022-10-10,C0108,D02,E11,3,1746.9
SO009031,2022-10-25,C0108,D02,E11,6,2644.55
SO009032,2022-11-11,C0108,D02,E11,7,5131.25
SO009033,2022-11-25,C0108,D02,E11,4,2786.2
SO009034,2022-12-09,C0108,D02,E11,7,5204.55
SO009035,2022-12-25,C0108,D02,E11,3,1865.0
SO009036,2023-01-08,C0108,D02,E11,7,4046.4
SO009037,2023-01-22,C0108,D02,E11,6,4196.65
SO009038,2023-02-04,C0108,D02,E11,5,2175.0
SO009039,2023-02-19,C0108,D02,E11,6,3193.2
SO009040,2023-03-08,C0108,D02,E11,6,1775.0
SO009041,2023-03-22,C0108,D02,E11,7,2115.0
SO009042,2023-04-05,C0108,D02,E11,6,1680.0
SO009043,2023-04-20,C0108,D02,E11,3,962.5
SO009044,2023-05-05,C0108,D02,E11,4,1505.0
SO009045,2023-05-19,C0108,D02,E11,5,1535.0
SO009046,2023-06-02,C0108,D02,E11,6,1347.8
SO009047,2023-06-17,C0108,D02,E11,4,1958.4
SO009048,2023-07-03,C0108,D02,E11,6,1917.2
SO009049,2023-07-17,C0108,D02,E11,6,3137.6
SO009050,2023-07-31,C0108,D02,E11,3,1556.25
SO009051,2023-08-13,C0108,D02,E11,7,3531.25
SO009052,2023-08-27,C0108,D02,E11,4,1400.25
SO009053,2023-09-09,C0108,D02,E11,6,2180.0
SO009054,2023-09-23,C0108,D02,E11,3,998.0
SO009055,2023-10-08,C0108,D02,E11,5,3180.0
SO009056,2023-10-25,C0108,D02,E11,5,2595.0
SO009057,2023-11-08,C0108,D02,E11,4,3947.25
SO009058,2023-11-23,C0108,D02,E11,5,2912.0
SO009059,2023-12-08,C0108,D02,E11,6,3520.0
SO009060,2023-12-25,C0108,D02,E11,5,2880.0
SO009061,2024-01-08,C0108,D02,E11,5,3493.75
SO009062,2024-01-22,C0108,D02,E11,5,3520.0
SO009063,2024-02-06,C0108,D02,E11,4,3855.0
SO009064,2024-02-23,C0108,D02,E11,6,3595.0
SO009065,2024-03-08,C0108,D02,E11,3,765.0
SO009066,2024-03-23,C0108,D02,E11,6,2338.3
SO009067,2024-04-09,C0108,D02,E11,3,1227.0
SO009068,2024-04-24,C0108,D02,E11,5,1845.0
SO009069,2024-05-11,C0108,D02,E11,6,2610.0
SO009070,2024-05-25,C0108,D02,E11,7,2604.3
SO009071,2024-06-08,C0108,D02,E11,4,2140.0
SO009072,2024-06-24,C0108,D02,E11,7,2685.0
SO009073,2024-07-10,C0108,D02,E11,5,2185.0
SO009074,2024-07-26,C0108,D02,E11,6,2897.8
SO009075,2024-08-11,C0108,D02,E11,3,820.0
SO009076,2024-08-28,C0108,D02,E11,4,2640.0
SO009077,2024-09-10,C0108,D02,E11,3,1350.0
SO009078,2024-09-23,C0108,D02,E11,3,1755.0
SO009079,2024-10-07,C0108,D02,E11,5,3090.25
SO009080,2024-10-20,C0108,D02,E11,4,2563.15
SO009081,2024-11-02,C0108,D02,E11,7,6417.25
SO009082,2024-11-15,C0108,D02,E11,6,3650.0
SO009083,2024-11-30,C0108,D02,E11,3,1105.6
SO009084,2024-12-13,C0108,D02,E11,5,4202.0
SO009085,2024-12-28,C0108,D02,E11,4,1751.8
SO009086,2022-01-03,C0109,D01,E06,5,6790.0
SO009087,2022-01-14,C0109,D01,E06,4,5452.95
SO009088,2022-01-24,C0109,D01,E06,6,7781.15
SO009089,2022-02-01,C0109,D01,E06,7,9198.6
SO009090,2022-02-10,C0109,D01,E06,7,12979.8
SO009091,2022-02-19,C0109,D01,E06,4,7744.8
SO009092,2022-03-01,C0109,D01,E06,4,3035.0
SO009093,2022-03-10,C0109,D01,E06,6,4843.1
SO009094,2022-03-19,C0109,D01,E06,6,5000.0
SO009095,2022-03-27,C0109,D01,E06,5,3750.0
SO009096,2022-04-07,C0109,D01,E06,7,7828.8
SO009097,2022-04-14,C0109,D01,E06,4,3046.25
SO009098,2022-04-22,C0109,D01,E06,7,4167.4
SO009099,2022-05-02,C0109,D01,E06,3,2920.0
SO009100,2022-05-11,C0109,D01,E06,6,4580.75
SO009101,2022-05-22,C0109,D01,E06,7,6870.4
SO009102,2022-05-30,C0109,D01,E06,7,6200.0
SO009103,2022-06-10,C0109,D01,E06,4,3535.0
SO009104,2022-06-18,C0109,D01,E06,4,6305.0
SO009105,2022-06-25,C0109,D01,E06,6,7550.0
SO009106,2022-07-04,C0109,D01,E06,5,4014.0
SO009107,2022-07-12,C0109,D01,E06,7,7854.0
SO009108,2022-07-23,C0109,D01,E06,7,7265.0
SO009109,2022-07-31,C0109,D01,E06,7,6028.1
SO009110,2022-08-11,C0109,D01,E06,3,3445.0
SO009111,2022-08-21,C0109,D01,E06,6,8345.0
SO009112,2022-08-31,C0109,D01,E06,4,5457.2
SO009113,2022-09-11,C0109,D01,E06,7,5544.45
SO009114,2022-09-18,C0109,D01,E06,5,4900.0
SO009115,2022-09-29,C0109,D01,E06,3,2479.5
SO009116,2022-10-09,C0109,D01,E06,4,6490.0
SO009117,2022-10-20,C0109,D01,E06,5,6619.3
SO009118,2022-10-29,C0109,D01,E06,7,6560.0
SO009119,2022-11-09,C0109,D01,E06,6,10480.4
SO009120,2022-11-18,C0109,D01,E06,3,6237.25
SO009121,2022-11-26,C0109,D01,E06,6,9715.6
SO009122,2022-12-07,C0109,D01,E06,5,4915.0
SO009123,2022-12-18,C0109,D01,E06,3,4631.25
SO009124,2022-12-28,C0109,D01,E06,6,8637.15
SO009125,2023-01-05,C0109,D01,E06,4,6850.0
SO009126,2023-01-16,C0109,D01,E06,4,7655.0
SO009127,2023-01-23,C0109,D01,E06,6,8575.0
SO009128,2023-01-31,C0109,D01,E06,5,11304.6
SO009129,2023-02-07,C0109,D01,E06,4,4765.85
SO009130,2023-02-15,C0109,D01,E06,6,9894.5
SO009131,2023-02-25,C0109,D01,E06,6,12460.0
SO009132,2023-03-04,C0109,D01,E06,3,4430.0
SO009133,2023-03-12,C0109,D01,E06,7,7418.75
SO009134,2023-03-20,C0109,D01,E06,3,3423.8
SO009135,2023-03-30,C0109,D01,E06,4,3635.0
SO009136,2023-04-07,C0109,D01,E06,7,6850.0
SO009137,2023-04-16,C0109,D01,E06,6,6028.75
SO009138,2023-04-24,C0109,D01,E06,3,1980.0
SO009139,2023-05-05,C0109,D01,E06,4,4225.0
SO009140,2023-05-15,C0109,D01,E06,3,2880.0
SO009141,2023-05-25,C0109,D01,E06,7,4807.6
SO009142,2023-06-05,C0109,D01,E06,4,3720.0
SO009143,2023-06-13,C0109,D01,E06,3,4805.6
SO009144,2023-06-24,C0109,D01,E06,6,6890.0
SO009145,2023-07-02,C0109,D01,E06,7,9925.5
SO009146,2023-07-13,C0109,D01,E06,6,4981.1
SO009147,2023-07-23,C0109,D01,E06,4,3265.0
SO009148,2023-08-01,C0109,D01,E06,5,3625.0
SO009149,2023-08-08,C0109,D01,E06,6,8527.1
SO009150,2023-08-17,C0109,D01,E06,3,3996.6
SO009151,2023-08-28,C0109,D01,E06,6,6933.65
SO009152,2023-09-07,C0109,D01,E06,3,4895.2
SO009153,2023-09-15,C0109,D01,E06,7,9130.0
SO009154,2023-09-23,C0109,D01,E06,4,5355.75
SO009155,2023-10-02,C0109,D01,E06,7,8829.5
SO009156,2023-10-13,C0109,D01,E06,5,6058.8
SO009157,2023-10-21,C0109,D01,E06,6,14403.75
SO009158,2023-10-28,C0109,D01,E06,4,7195.7
SO009159,2023-11-04,C0109,D01,E06,5,10697.0
SO009160,2023-11-13,C0109,D01,E06,7,12771.3
SO009161,2023-11-24,C0109,D01,E06,4,7400.0
SO009162,2023-12-03,C0109,D01,E06,7,13809.5
SO009163,2023-12-10,C0109,D01,E06,4,8090.0
SO009164,2023-12-18,C0109,D01,E06,6,10530.0
SO009165,2023-12-28,C0109,D01,E06,6,12280.0
SO009166,2024-01-08,C0109,D01,E06,6,11255.8
SO009167,2024-01-17,C0109,D01,E06,4,4400.0
SO009168,2024-01-28,C0109,D01,E06,4,6945.3
SO009169,2024-02-05,C0109,D01,E06,7,11750.0
SO009170,2024-02-16,C0109,D01,E06,7,12705.0
SO009171,2024-02-27,C0109,D01,E06,4,4520.2
SO009172,2024-03-06,C0109,D01,E06,4,4643.8
SO009173,2024-03-13,C0109,D01,E06,5,4885.0
SO009174,2024-03-23,C0109,D01,E06,5,6466.5
SO009175,2024-03-31,C0109,D01,E06,5,5262.05
SO009176,2024-04-08,C0109,D01,E06,4,4880.0
SO009177,2024-04-15,C0109,D01,E06,6,4525.0
SO009178,2024-04-24,C0109,D01,E06,7,7835.0
SO009179,2024-05-02,C0109,D01,E06,5,4950.0
SO009180,2024-05-12,C0109,D01,E06,3,2864.75
SO009181,2024-05-23,C0109,D01,E06,3,1975.0
SO009182,2024-05-30,C0109,D01,E06,7,5375.0
SO009183,2024-06-09,C0109,D01,E06,6,7631.75
SO009184,2024-06-17,C0109,D01,E06,7,9060.0
SO009185,2024-06-24,C0109,D01,E06,6,11147.25
SO009186,2024-07-02,C0109,D01,E06,5,8394.0
SO009187,2024-07-13,C0109,D01,E06,3,4170.0
SO009188,2024-07-22,C0109,D01,E06,6,6795.4
SO009189,2024-08-01,C0109,D01,E06,4,3335.7
SO009190,2024-08-09,C0109,D01,E06,6,8847.6
SO009191,2024-08-16,C0109,D01,E06,4,4802.5
SO009192,2024-08-25,C0109,D01,E06,3,3214.3
SO009193,2024-09-02,C0109,D01,E06,7,7417.2
SO009194,2024-09-10,C0109,D01,E06,3,3940.0
SO009195,2024-09-19,C0109,D01,E06,5,8136.75
SO009196,2024-09-29,C0109,D01,E06,7,9910.0
SO009197,2024-10-09,C0109,D01,E06,4,9405.0
SO009198,2024-10-16,C0109,D01,E06,4,7885.0
SO009199,2024-10-23,C0109,D01,E06,7,9853.4
SO009200,2024-11-02,C0109,D01,E06,7,18777.85
SO009201,2024-11-10,C0109,D01,E06,5,13867.6
SO009202,2024-11-20,C0109,D01,E06,3,5400.0
SO009203,2024-11-30,C0109,D01,E06,7,15815.0
SO009204,2024-12-11,C0109,D01,E06,5,6294.3
SO009205,2024-12-22,C0109,D01,E06,4,8675.0
SO009206,2022-01-14,C0110,D01,E07,7,2735.15
SO009207,2022-01-30,C0110,D01,E07,4,1342.35
SO009208,2022-02-13,C0110,D01,E07,7,3517.35
SO009209,2022-02-26,C0110,D01,E07,5,3075.0
SO009210,2022-03-12,C0110,D01,E07,3,840.0
SO009211,2022-03-27,C0110,D01,E07,7,2909.3
SO009212,2022-04-09,C0110,D01,E07,4,1610.55
SO009213,2022-04-23,C0110,D01,E07,3,1189.95
SO009214,2022-05-06,C0110,D01,E07,7,1515.0
SO009215,2022-05-22,C0110,D01,E07,7,2819.2
SO009216,2022-06-05,C0110,D01,E07,7,3023.8
SO009217,2022-06-22,C0110,D01,E07,7,2270.0
SO009218,2022-07-07,C0110,D01,E07,6,2124.8
SO009219,2022-07-20,C0110,D01,E07,3,850.0
SO009220,2022-08-05,C0110,D01,E07,3,1640.0
SO009221,2022-08-21,C0110,D01,E07,4,1825.0
SO009222,2022-09-04,C0110,D01,E07,6,1850.2
SO009223,2022-09-18,C0110,D01,E07,7,2920.1
SO009224,2022-10-03,C0110,D01,E07,4,1858.2
SO009225,2022-10-20,C0110,D01,E07,7,3238.9
SO009226,2022-11-06,C0110,D01,E07,5,2722.3
SO009227,2022-11-23,C0110,D01,E07,5,3049.25
SO009228,2022-12-09,C0110,D01,E07,6,3627.65
SO009229,2022-12-25,C0110,D01,E07,6,3165.0
SO009230,2023-01-08,C0110,D01,E07,6,4314.6
SO009231,2023-01-24,C0110,D01,E07,5,2425.0
SO009232,2023-02-06,C0110,D01,E07,4,3112.95
SO009233,2023-02-22,C0110,D01,E07,6,3505.2
SO009234,2023-03-09,C0110,D01,E07,5,1334.2
SO009235,2023-03-24,C0110,D01,E07,4,1224.65
SO009236,2023-04-10,C0110,D01,E07,4,1810.0
SO009237,2023-04-25,C0110,D01,E07,7,1965.0
SO009238,2023-05-08,C0110,D01,E07,6,1570.0
SO009239,2023-05-25,C0110,D01,E07,7,2809.25
SO009240,2023-06-10,C0110,D01,E07,4,1305.0
SO009241,2023-06-24,C0110,D01,E07,4,1825.0
SO009242,2023-07-08,C0110,D01,E07,5,2720.0
SO009243,2023-07-22,C0110,D01,E07,5,1880.0
SO009244,2023-08-05,C0110,D01,E07,7,2535.75
SO009245,2023-08-21,C0110,D01,E07,4,1366.9
SO009246,2023-09-06,C0110,D01,E07,3,1395.0
SO009247,2023-09-23,C0110,D01,E07,3,1235.0
SO009248,2023-10-07,C0110,D01,E07,7,3175.0
SO009249,2023-10-23,C0110,D01,E07,3,1933.25
SO009250,2023-11-07,C0110,D01,E07,4,2616.8
SO009251,2023-11-20,C0110,D01,E07,7,4557.1
SO009252,2023-12-06,C0110,D01,E07,5,2608.25
SO009253,2023-12-19,C0110,D01,E07,3,1855.0
SO009254,2024-01-03,C0110,D01,E07,4,1956.15
SO009255,2024-01-17,C0110,D01,E07,4,1580.0
SO009256,2024-01-31,C0110,D01,E07,5,5075.6
SO009257,2024-02-16,C0110,D01,E07,6,3296.6
SO009258,2024-03-03,C0110,D01,E07,3,1533.6
SO009259,2024-03-19,C0110,D01,E07,7,2692.55
SO009260,2024-04-03,C0110,D01,E07,4,1646.0
SO009261,2024-04-18,C0110,D01,E07,7,1872.5
SO009262,2024-05-02,C0110,D01,E07,5,1486.25
SO009263,2024-05-15,C0110,D01,E07,5,2159.85
SO009264,2024-05-30,C0110,D01,E07,7,1965.2
SO009265,2024-06-13,C0110,D01,E07,5,1500.0
SO009266,2024-06-26,C0110,D01,E07,4,1485.0
SO009267,2024-07-12,C0110,D01,E07,6,2486.9
SO009268,2024-07-27,C0110,D01,E07,6,1650.0
SO009269,2024-08-11,C0110,D01,E07,5,1696.0
SO009270,2024-08-26,C0110,D01,E07,6,3090.7
SO009271,2024-09-10,C0110,D01,E07,6,2768.75
SO009272,2024-09-27,C0110,D01,E07,6,3689.2
SO009273,2024-10-12,C0110,D01,E07,6,3542.35
SO009274,2024-10-25,C0110,D01,E07,4,2897.5
SO009275,2024-11-11,C0110,D01,E07,6,3360.0
SO009276,2024-11-26,C0110,D01,E07,3,1820.0
SO009277,2024-12-09,C0110,D01,E07,7,3790.0
SO009278,2024-12-23,C0110,D01,E07,3,2706.1
SO009279,2022-01-06,C0111,D01,E08,5,4915.0
SO009280,2022-01-16,C0111,D01,E08,6,9296.5
SO009281,2022-01-27,C0111,D01,E08,5,4705.6
SO009282,2022-02-09,C0111,D01,E08,4,2065.45
SO009283,2022-02-22,C0111,D01,E08,3,4920.0
SO009284,2022-03-04,C0111,D01,E08,3,1482.0
SO009285,2022-03-15,C0111,D01,E08,6,3780.0
SO009286,2022-03-26,C0111,D01,E08,3,1575.0
SO009287,2022-04-09,C0111,D01,E08,4,2220.0
SO009288,2022-04-21,C0111,D01,E08,3,1462.8
SO009289,2022-05-02,C0111,D01,E08,3,1265.0
SO009290,2022-05-15,C0111,D01,E08,4,2117.0
SO009291,2022-05-29,C0111,D01,E08,6,4050.0
SO009292,2022-06-08,C0111,D01,E08,3,1370.0
SO009293,2022-06-21,C0111,D01,E08,6,3539.9
SO009294,2022-07-04,C0111,D01,E08,6,3295.0
SO009295,2022-07-15,C0111,D01,E08,7,5274.7
SO009296,2022-07-27,C0111,D01,E08,6,4182.2
SO009297,2022-08-09,C0111,D01,E08,3,1390.0
SO009298,2022-08-20,C0111,D01,E08,7,5950.5
SO009299,2022-09-03,C0111,D01,E08,5,2470.0
SO009300,2022-09-16,C0111,D01,E08,3,1980.0
SO009301,2022-09-26,C0111,D01,E08,4,3168.05
SO009302,2022-10-10,C0111,D01,E08,3,2375.0
SO009303,2022-10-21,C0111,D01,E08,4,3111.25
SO009304,2022-11-02,C0111,D01,E08,6,8540.0
SO009305,2022-11-13,C0111,D01,E08,3,3390.0
SO009306,2022-11-26,C0111,D01,E08,6,4110.0
SO009307,2022-12-09,C0111,D01,E08,7,7082.4
SO009308,2022-12-23,C0111,D01,E08,5,5418.75
SO009309,2023-01-02,C0111,D01,E08,7,5825.0
SO009310,2023-01-16,C0111,D01,E08,4,3870.0
SO009311,2023-01-29,C0111,D01,E08,5,3855.0
SO009312,2023-02-10,C0111,D01,E08,3,5550.0
SO009313,2023-02-22,C0111,D01,E08,6,5895.05
SO009314,2023-03-05,C0111,D01,E08,6,3098.6
SO009315,2023-03-16,C0111,D01,E08,6,3285.0
SO009316,2023-03-27,C0111,D01,E08,3,1445.0
SO009317,2023-04-06,C0111,D01,E08,6,4042.4
SO009318,2023-04-20,C0111,D01,E08,4,3140.0
SO009319,2023-05-01,C0111,D01,E08,7,4493.7
SO009320,2023-05-11,C0111,D01,E08,4,1947.0
SO009321,2023-05-22,C0111,D01,E08,6,3755.0
SO009322,2023-06-04,C0111,D01,E08,6,4535.0
SO009323,2023-06-16,C0111,D01,E08,5,3795.0
SO009324,2023-06-30,C0111,D01,E08,5,3215.7
SO009325,2023-07-12,C0111,D01,E08,6,4305.0
SO009326,2023-07-22,C0111,D01,E08,5,2835.0
SO009327,2023-08-05,C0111,D01,E08,5,2490.8
SO009328,2023-08-17,C0111,D01,E08,7,4606.0
SO009329,2023-08-29,C0111,D01,E08,3,1860.0
SO009330,2023-09-09,C0111,D01,E08,4,3125.0
SO009331,2023-09-22,C0111,D01,E08,7,5505.0
SO009332,2023-10-03,C0111,D01,E08,7,6043.6
SO009333,2023-10-15,C0111,D01,E08,7,6283.4
SO009334,2023-10-28,C0111,D01,E08,3,2520.0
SO009335,2023-11-11,C0111,D01,E08,3,3652.6
SO009336,2023-11-25,C0111,D01,E08,6,6455.0
SO009337,2023-12-09,C0111,D01,E08,5,6460.2
SO009338,2023-12-22,C0111,D01,E08,3,4500.0
SO009339,2024-01-01,C0111,D01,E08,3,4827.5
SO009340,2024-01-13,C0111,D01,E08,3,5417.8
SO009341,2024-01-23,C0111,D01,E08,4,4965.0
SO009342,2024-02-06,C0111,D01,E08,5,5615.0
SO009343,2024-02-19,C0111,D01,E08,7,9343.6
SO009344,2024-03-03,C0111,D01,E08,5,3430.0
SO009345,2024-03-13,C0111,D01,E08,5,2710.8
SO009346,2024-03-26,C0111,D01,E08,5,3755.8
SO009347,2024-04-09,C0111,D01,E08,6,3382.8
SO009348,2024-04-22,C0111,D01,E08,7,5138.65
SO009349,2024-05-04,C0111,D01,E08,7,4308.4
SO009350,2024-05-15,C0111,D01,E08,4,2246.5
SO009351,2024-05-27,C0111,D01,E08,5,3860.75
SO009352,2024-06-07,C0111,D01,E08,6,4763.4
SO009353,2024-06-17,C0111,D01,E08,4,4043.3
SO009354,2024-06-27,C0111,D01,E08,7,5903.2
SO009355,2024-07-11,C0111,D01,E08,6,6773.75
SO009356,2024-07-25,C0111,D01,E08,3,2188.75
SO009357,2024-08-06,C0111,D01,E08,4,4217.0
SO009358,2024-08-17,C0111,D01,E08,6,5808.45
SO009359,2024-08-29,C0111,D01,E08,5,5294.5
SO009360,2024-09-12,C0111,D01,E08,6,5930.0
SO009361,2024-09-23,C0111,D01,E08,5,4575.0
SO009362,2024-10-05,C0111,D01,E08,3,6152.25
SO009363,2024-10-17,C0111,D01,E08,5,4544.8
SO009364,2024-10-28,C0111,D01,E08,3,3826.55
SO009365,2024-11-07,C0111,D01,E08,5,5010.0
SO009366,2024-11-17,C0111,D01,E08,5,7275.0
SO009367,2024-12-01,C0111,D01,E08,4,7135.0
SO009368,2024-12-15,C0111,D01,E08,6,6948.7
SO009369,2024-12-28,C0111,D01,E08,7,7325.15
SO009370,2022-01-07,C0112,D02,E09,5,6940.0
SO009371,2022-01-15,C0112,D02,E09,6,9780.0
SO009372,2022-01-22,C0112,D02,E09,4,7910.0
SO009373,2022-02-02,C0112,D02,E09,6,6986.1
SO009374,2022-02-12,C0112,D02,E09,3,6390.6
SO009375,2022-02-23,C0112,D02,E09,5,10760.0
SO009376,2022-03-06,C0112,D02,E09,4,2380.0
SO009377,2022-03-15,C0112,D02,E09,5,4762.6
SO009378,2022-03-23,C0112,D02,E09,7,4015.0
SO009379,2022-04-03,C0112,D02,E09,5,4290.0
SO009380,2022-04-10,C0112,D02,E09,5,3160.0
SO009381,2022-04-20,C0112,D02,E09,5,5310.0
SO009382,2022-04-29,C0112,D02,E09,7,6381.25
SO009383,2022-05-06,C0112,D02,E09,5,5365.0
SO009384,2022-05-17,C0112,D02,E09,5,5686.5
SO009385,2022-05-26,C0112,D02,E09,6,4858.8
SO009386,2022-06-06,C0112,D02,E09,7,7595.0
SO009387,2022-06-13,C0112,D02,E09,6,6915.0
SO009388,2022-06-21,C0112,D02,E09,6,7196.65
SO009389,2022-06-30,C0112,D02,E09,3,3775.25
SO009390,2022-07-10,C0112,D02,E09,5,6095.05
SO009391,2022-07-18,C0112,D02,E09,7,6339.75
SO009392,2022-07-25,C0112,D02,E09,4,3037.0
SO009393,2022-08-03,C0112,D02,E09,5,5913.0
SO009394,2022-08-12,C0112,D02,E09,5,5602.7
SO009395,2022-08-22,C0112,D02,E09,7,8323.6
SO009396,2022-08-31,C0112,D02,E09,5,6164.3
SO009397,2022-09-10,C0112,D02,E09,3,3087.9
SO009398,2022-09-19,C0112,D02,E09,7,6685.0
SO009399,2022-09-30,C0112,D02,E09,3,3463.8
SO009400,2022-10-09,C0112,D02,E09,3,3306.85
SO009401,2022-10-18,C0112,D02,E09,3,5006.05
SO009402,2022-10-27,C0112,D02,E09,5,8056.85
SO009403,2022-11-03,C0112,D02,E09,7,8665.0
SO009404,2022-11-11,C0112,D02,E09,5,8260.1
SO009405,2022-11-19,C0112,D02,E09,4,6805.1
SO009406,2022-11-26,C0112,D02,E09,5,7330.0
SO009407,2022-12-06,C0112,D02,E09,7,14030.0
SO009408,2022-12-15,C0112,D02,E09,4,7089.9
SO009409,2022-12-23,C0112,D02,E09,6,10460.0
SO009410,2022-12-30,C0112,D02,E09,3,5985.1
SO009411,2023-01-09,C0112,D02,E09,6,6073.65
SO009412,2023-01-16,C0112,D02,E09,3,4570.0
SO009413,2023-01-23,C0112,D02,E09,4,12045.0
SO009414,2023-02-02,C0112,D02,E09,6,6062.75
SO009415,2023-02-11,C0112,D02,E09,4,11881.7
SO009416,2023-02-19,C0112,D02,E09,3,3158.4
SO009417,2023-02-28,C0112,D02,E09,3,4900.1
SO009418,2023-03-09,C0112,D02,E09,6,4795.0
SO009419,2023-03-19,C0112,D02,E09,5,4975.0
SO009420,2023-03-30,C0112,D02,E09,6,6170.0
SO009421,2023-04-10,C0112,D02,E09,4,2995.3
SO009422,2023-04-21,C0112,D02,E09,5,4540.0
SO009423,2023-04-29,C0112,D02,E09,6,6563.8
SO009424,2023-05-07,C0112,D02,E09,4,4036.85
SO009425,2023-05-14,C0112,D02,E09,6,6815.0
SO009426,2023-05-24,C0112,D02,E09,3,1995.6
SO009427,2023-06-01,C0112,D02,E09,5,7215.0
SO009428,2023-06-12,C0112,D02,E09,7,8285.0
SO009429,2023-06-22,C0112,D02,E09,5,6025.0
SO009430,2023-07-01,C0112,D02,E09,5,4765.0
SO009431,2023-07-08,C0112,D02,E09,5,7381.05
SO009432,2023-07-16,C0112,D02,E09,4,3505.0
SO009433,2023-07-23,C0112,D02,E09,7,9325.0
SO009434,2023-07-30,C0112,D02,E09,4,4116.8
SO009435,2023-08-09,C0112,D02,E09,4,3800.0
SO009436,2023-08-17,C0112,D02,E09,3,3610.0
SO009437,2023-08-24,C0112,D02,E09,5,6112.2
SO009438,2023-09-03,C0112,D02,E09,5,7875.0
SO009439,2023-09-12,C0112,D02,E09,3,2695.0
SO009440,2023-09-22,C0112,D02,E09,5,5102.6
SO009441,2023-10-03,C0112,D02,E09,4,6201.8
SO009442,2023-10-11,C0112,D02,E09,7,7885.15
SO009443,2023-10-20,C0112,D02,E09,6,7355.05
SO009444,2023-10-31,C0112,D02,E09,4,4695.0
SO009445,2023-11-10,C0112,D02,E09,5,14675.0
SO009446,2023-11-17,C0112,D02,E09,6,11728.5
SO009447,2023-11-28,C0112,D02,E09,4,9125.0
SO009448,2023-12-08,C0112,D02,E09,4,7570.0
SO009449,2023-12-15,C0112,D02,E09,4,7560.0
SO009450,2023-12-26,C0112,D02,E09,4,7015.0
SO009451,2024-01-04,C0112,D02,E09,3,5374.0
SO009452,2024-01-15,C0112,D02,E09,6,10399.8
SO009453,2024-01-25,C0112,D02,E09,6,12310.0
SO009454,2024-02-01,C0112,D02,E09,6,8377.5
SO009455,2024-02-10,C0112,D02,E09,6,11242.2
SO009456,2024-02-21,C0112,D02,E09,6,9157.45
SO009457,2024-03-02,C0112,D02,E09,5,4205.0
SO009458,2024-03-12,C0112,D02,E09,4,3598.3
SO009459,2024-03-21,C0112,D02,E09,4,5339.4
SO009460,2024-03-29,C0112,D02,E09,3,3000.0
SO009461,2024-04-07,C0112,D02,E09,7,6229.05
SO009462,2024-04-16,C0112,D02,E09,7,5547.6
SO009463,2024-04-23,C0112,D02,E09,7,7771.5
SO009464,2024-04-30,C0112,D02,E09,6,5610.0
SO009465,2024-05-11,C0112,D02,E09,6,7115.05
SO009466,2024-05-21,C0112,D02,E09,4,3890.0
SO009467,2024-05-31,C0112,D02,E09,7,7970.0
SO009468,2024-06-08,C0112,D02,E09,6,6870.0
SO009469,2024-06-16,C0112,D02,E09,4,3610.0
SO009470,2024-06-23,C0112,D02,E09,7,11934.0
SO009471,2024-06-30,C0112,D02,E09,3,2777.9
SO009472,2024-07-08,C0112,D02,E09,6,8422.5
SO009473,2024-07-19,C0112,D02,E09,4,5090.0
SO009474,2024-07-26,C0112,D02,E09,3,4105.0
SO009475,2024-08-03,C0112,D02,E09,6,6105.0
SO009476,2024-08-11,C0112,D02,E09,6,6454.35
SO009477,2024-08-20,C0112,D02,E09,7,8865.0
SO009478,2024-08-27,C0112,D02,E09,6,7279.5
SO009479,2024-09-04,C0112,D02,E09,6,9030.0
SO009480,2024-09-14,C0112,D02,E09,6,6795.0
SO009481,2024-09-22,C0112,D02,E09,5,5820.2
SO009482,2024-10-01,C0112,D02,E09,4,6107.2
SO009483,2024-10-09,C0112,D02,E09,5,8539.1
SO009484,2024-10-20,C0112,D02,E09,3,3795.0
SO009485,2024-10-29,C0112,D02,E09,6,6697.5
SO009486,2024-11-08,C0112,D02,E09,4,8535.0
SO009487,2024-11-18,C0112,D02,E09,7,13010.9
SO009488,2024-11-28,C0112,D02,E09,7,10657.1
SO009489,2024-12-09,C0112,D02,E09,6,10060.0
SO009490,2024-12-20,C0112,D02,E09,4,5505.0
SO009491,2024-12-27,C0112,D02,E09,3,6100.0
SO009492,2022-01-11,C0113,D02,E10,5,5170.0
SO009493,2022-01-25,C0113,D02,E10,6,6975.0
SO009494,2022-02-08,C0113,D02,E10,5,6032.4
SO009495,2022-02-19,C0113,D02,E10,3,2895.0
SO009496,2022-03-04,C0113,D02,E10,4,2100.0
SO009497,2022-03-15,C0113,D02,E10,7,3774.5
SO009498,2022-03-28,C0113,D02,E10,5,3160.0
SO009499,2022-04-10,C0113,D02,E10,6,3432.15
SO009500,2022-04-20,C0113,D02,E10,6,2970.6
SO009501,2022-05-01,C0113,D02,E10,6,3064.8
SO009502,2022-05-14,C0113,D02,E10,3,1349.4
SO009503,2022-05-26,C0113,D02,E10,7,3150.0
SO009504,2022-06-05,C0113,D02,E10,5,3666.9
SO009505,2022-06-17,C0113,D02,E10,3,3149.3
SO009506,2022-06-29,C0113,D02,E10,3,3144.5
SO009507,2022-07-13,C0113,D02,E10,4,2050.0
SO009508,2022-07-25,C0113,D02,E10,6,4350.0
SO009509,2022-08-06,C0113,D02,E10,6,4083.5
SO009510,2022-08-17,C0113,D02,E10,3,2335.8
SO009511,2022-08-27,C0113,D02,E10,3,2730.0
SO009512,2022-09-08,C0113,D02,E10,7,5742.75
SO009513,2022-09-19,C0113,D02,E10,7,5013.4
SO009514,2022-10-01,C0113,D02,E10,3,3785.75
SO009515,2022-10-12,C0113,D02,E10,3,2270.0
SO009516,2022-10-24,C0113,D02,E10,3,2679.0
SO009517,2022-11-05,C0113,D02,E10,7,6225.0
SO009518,2022-11-15,C0113,D02,E10,6,5160.0
SO009519,2022-11-25,C0113,D02,E10,6,7080.0
SO009520,2022-12-06,C0113,D02,E10,6,8740.8
SO009521,2022-12-16,C0113,D02,E10,3,2175.6
SO009522,2022-12-27,C0113,D02,E10,7,6130.0
SO009523,2023-01-06,C0113,D02,E10,4,4255.0
SO009524,2023-01-18,C0113,D02,E10,6,6458.4
SO009525,2023-01-30,C0113,D02,E10,5,4905.6
SO009526,2023-02-10,C0113,D02,E10,5,5102.4
SO009527,2023-02-20,C0113,D02,E10,4,4186.35
SO009528,2023-03-02,C0113,D02,E10,4,2174.85
SO009529,2023-03-12,C0113,D02,E10,4,2090.0
SO009530,2023-03-24,C0113,D02,E10,6,2585.0
SO009531,2023-04-07,C0113,D02,E10,6,4285.2
SO009532,2023-04-19,C0113,D02,E10,3,1605.0
SO009533,2023-04-29,C0113,D02,E10,3,1770.0
SO009534,2023-05-09,C0113,D02,E10,6,3376.1
SO009535,2023-05-20,C0113,D02,E10,4,3260.0
SO009536,2023-06-03,C0113,D02,E10,7,4138.0
SO009537,2023-06-15,C0113,D02,E10,5,3189.5
SO009538,2023-06-28,C0113,D02,E10,3,1275.0
SO009539,2023-07-10,C0113,D02,E10,3,2507.6
SO009540,2023-07-24,C0113,D02,E10,6,5029.65
SO009541,2023-08-07,C0113,D02,E10,3,2673.0
SO009542,2023-08-18,C0113,D02,E10,6,4865.7
SO009543,2023-08-28,C0113,D02,E10,5,3715.0
SO009544,2023-09-07,C0113,D02,E10,7,4706.55
SO009545,2023-09-21,C0113,D02,E10,4,2748.8
SO009546,2023-10-02,C0113,D02,E10,6,4510.0
SO009547,2023-10-15,C0113,D02,E10,7,8057.3
SO009548,2023-10-29,C0113,D02,E10,4,4757.6
SO009549,2023-11-12,C0113,D02,E10,3,2907.0
SO009550,2023-11-26,C0113,D02,E10,6,8746.6
SO009551,2023-12-07,C0113,D02,E10,6,7419.2
SO009552,2023-12-19,C0113,D02,E10,5,7492.95
SO009553,2024-01-02,C0113,D02,E10,3,3460.0
SO009554,2024-01-14,C0113,D02,E10,3,2985.0
SO009555,2024-01-25,C0113,D02,E10,4,5893.2
SO009556,2024-02-08,C0113,D02,E10,7,10938.1
SO009557,2024-02-21,C0113,D02,E10,3,3051.55
SO009558,2024-03-06,C0113,D02,E10,5,3270.0
SO009559,2024-03-19,C0113,D02,E10,3,1625.0
SO009560,2024-03-30,C0113,D02,E10,4,2089.5
SO009561,2024-04-12,C0113,D02,E10,6,3315.0
SO009562,2024-04-26,C0113,D02,E10,7,5767.7
SO009563,2024-05-07,C0113,D02,E10,6,3723.8
SO009564,2024-05-20,C0113,D02,E10,6,4623.1
SO009565,2024-05-31,C0113,D02,E10,7,5339.05
SO009566,2024-06-13,C0113,D02,E10,3,3025.0
SO009567,2024-06-23,C0113,D02,E10,6,5943.2
SO009568,2024-07-06,C0113,D02,E10,7,5790.0
SO009569,2024-07-19,C0113,D02,E10,3,2426.1
SO009570,2024-08-01,C0113,D02,E10,5,4380.0
SO009571,2024-08-14,C0113,D02,E10,6,6715.0
SO009572,2024-08-26,C0113,D02,E10,4,4105.85
SO009573,2024-09-06,C0113,D02,E10,4,2395.0
SO009574,2024-09-16,C0113,D02,E10,3,2235.0
SO009575,2024-09-30,C0113,D02,E10,5,4448.6
SO009576,2024-10-10,C0113,D02,E10,4,5398.0
SO009577,2024-10-23,C0113,D02,E10,6,5043.5
SO009578,2024-11-04,C0113,D02,E10,4,2957.0
SO009579,2024-11-16,C0113,D02,E10,4,6560.0
SO009580,2024-11-29,C0113,D02,E10,7,10087.4
SO009581,2024-12-10,C0113,D02,E10,7,12273.8
SO009582,2024-12-22,C0113,D02,E10,4,4560.0
SO009583,2022-01-09,C0114,D02,E11,6,3248.8
SO009584,2022-01-22,C0114,D02,E11,7,4120.0
SO009585,2022-02-08,C0114,D02,E11,7,3511.9
SO009586,2022-02-24,C0114,D02,E11,4,1493.8
SO009587,2022-03-12,C0114,D02,E11,4,1069.25
SO009588,2022-03-26,C0114,D02,E11,6,2130.0
SO009589,2022-04-12,C0114,D02,E11,7,1963.6
SO009590,2022-04-28,C0114,D02,E11,7,2290.0
SO009591,2022-05-14,C0114,D02,E11,7,2100.0
SO009592,2022-05-28,C0114,D02,E11,7,1644.7
SO009593,2022-06-13,C0114,D02,E11,3,1208.3
SO009594,2022-06-26,C0114,D02,E11,4,1249.0
SO009595,2022-07-12,C0114,D02,E11,7,3501.2
SO009596,2022-07-27,C0114,D02,E11,4,1458.4
SO009597,2022-08-12,C0114,D02,E11,5,1595.0
SO009598,2022-08-29,C0114,D02,E11,4,2037.2
SO009599,2022-09-14,C0114,D02,E11,4,1155.0
SO009600,2022-10-01,C0114,D02,E11,6,3541.95
SO009601,2022-10-15,C0114,D02,E11,7,3429.2
SO009602,2022-10-31,C0114,D02,E11,6,2435.0
SO009603,2022-11-14,C0114,D02,E11,7,4550.1
SO009604,2022-11-29,C0114,D02,E11,6,2040.75
SO009605,2022-12-16,C0114,D02,E11,3,2515.0
SO009606,2023-01-01,C0114,D02,E11,5,2365.0
SO009607,2023-01-15,C0114,D02,E11,5,4395.0
SO009608,2023-01-31,C0114,D02,E11,5,3098.75
SO009609,2023-02-16,C0114,D02,E11,7,4547.0
SO009610,2023-03-04,C0114,D02,E11,3,694.6
SO009611,2023-03-19,C0114,D02,E11,5,1529.8
SO009612,2023-04-04,C0114,D02,E11,7,2575.0
SO009613,2023-04-17,C0114,D02,E11,4,1450.0
SO009614,2023-05-04,C0114,D02,E11,6,2282.8
SO009615,2023-05-19,C0114,D02,E11,4,1135.8
SO009616,2023-06-01,C0114,D02,E11,5,2395.0
SO009617,2023-06-17,C0114,D02,E11,3,1505.0
SO009618,2023-07-04,C0114,D02,E11,3,1220.6
SO009619,2023-07-17,C0114,D02,E11,7,3560.0
SO009620,2023-07-30,C0114,D02,E11,7,2697.9
SO009621,2023-08-12,C0114,D02,E11,6,2301.55
SO009622,2023-08-26,C0114,D02,E11,4,1825.0
SO009623,2023-09-12,C0114,D02,E11,6,2013.7
SO009624,2023-09-28,C0114,D02,E11,4,1740.0
SO009625,2023-10-15,C0114,D02,E11,7,3775.95
SO009626,2023-10-30,C0114,D02,E11,3,1215.0
SO009627,2023-11-13,C0114,D02,E11,7,3750.0
SO009628,2023-11-29,C0114,D02,E11,7,4475.0
SO009629,2023-12-15,C0114,D02,E11,3,2305.0
SO009630,2024-01-01,C0114,D02,E11,4,1993.8
SO009631,2024-01-17,C0114,D02,E11,7,4440.0
SO009632,2024-01-30,C0114,D02,E11,7,5435.15
SO009633,2024-02-12,C0114,D02,E11,7,3598.2
SO009634,2024-02-26,C0114,D02,E11,7,4789.8
SO009635,2024-03-11,C0114,D02,E11,4,1535.0
SO009636,2024-03-27,C0114,D02,E11,7,3049.85
SO009637,2024-04-09,C0114,D02,E11,6,1670.8
SO009638,2024-04-25,C0114,D02,E11,6,1962.35
SO009639,2024-05-08,C0114,D02,E11,5,1625.0
SO009640,2024-05-24,C0114,D02,E11,4,1881.5
SO009641,2024-06-09,C0114,D02,E11,4,970.0
SO009642,2024-06-26,C0114,D02,E11,3,789.2
SO009643,2024-07-12,C0114,D02,E11,5,2620.0
SO009644,2024-07-26,C0114,D02,E11,7,3140.0
SO009645,2024-08-10,C0114,D02,E11,4,1736.5
SO009646,2024-08-26,C0114,D02,E11,7,2869.8
SO009647,2024-09-11,C0114,D02,E11,4,1759.2
SO009648,2024-09-27,C0114,D02,E11,6,2285.0
SO009649,2024-10-10,C0114,D02,E11,3,1969.55
SO009650,2024-10-25,C0114,D02,E11,5,2673.45
SO009651,2024-11-11,C0114,D02,E11,6,3465.9
SO009652,2024-11-24,C0114,D02,E11,6,3069.5
SO009653,2024-12-10,C0114,D02,E11,3,1760.0
SO009654,2024-12-26,C0114,D02,E11,6,4159.4
SO009655,2022-01-02,C0115,D01,E06,4,7975.0
SO009656,2022-01-12,C0115,D01,E06,4,5976.15
SO009657,2022-01-22,C0115,D01,E06,7,11983.0
SO009658,2022-01-30,C0115,D01,E06,3,6404.2
SO009659,2022-02-08,C0115,D01,E06,7,8206.2
SO009660,2022-02-17,C0115,D01,E06,7,7484.95
SO009661,2022-02-27,C0115,D01,E06,3,3585.0
SO009662,2022-03-07,C0115,D01,E06,4,3125.0
SO009663,2022-03-14,C0115,D01,E06,6,4654.25
SO009664,2022-03-24,C0115,D01,E06,3,2295.0
SO009665,2022-04-01,C0115,D01,E06,5,3263.4
SO009666,2022-04-10,C0115,D01,E06,6,4195.0
SO009667,2022-04-17,C0115,D01,E06,4,3680.0
SO009668,2022-04-27,C0115,D01,E06,6,5429.4
SO009669,2022-05-07,C0115,D01,E06,3,1980.8
SO009670,2022-05-15,C0115,D01,E06,7,6530.95
SO009671,2022-05-23,C0115,D01,E06,3,3070.0
SO009672,2022-06-03,C0115,D01,E06,7,9131.6
SO009673,2022-06-14,C0115,D01,E06,5,5343.15
SO009674,2022-06-25,C0115,D01,E06,4,3160.0
SO009675,2022-07-05,C0115,D01,E06,7,6868.7
SO009676,2022-07-13,C0115,D01,E06,7,9203.2
SO009677,2022-07-24,C0115,D01,E06,4,3665.0
SO009678,2022-08-04,C0115,D01,E06,4,5578.25
SO009679,2022-08-14,C0115,D01,E06,3,4300.0
SO009680,2022-08-22,C0115,D01,E06,4,3283.5
SO009681,2022-08-31,C0115,D01,E06,6,8035.75
SO009682,2022-09-10,C0115,D01,E06,5,4931.4
SO009683,2022-09-19,C0115,D01,E06,5,5644.65
SO009684,2022-09-30,C0115,D01,E06,4,5013.4
SO009685,2022-10-07,C0115,D01,E06,5,4845.0
SO009686,2022-10-18,C0115,D01,E06,3,5710.35
SO009687,2022-10-29,C0115,D01,E06,3,5076.8
SO009688,2022-11-09,C0115,D01,E06,4,5855.0
SO009689,2022-11-20,C0115,D01,E06,5,5132.5
SO009690,2022-11-30,C0115,D01,E06,3,7856.1
SO009691,2022-12-07,C0115,D01,E06,5,7325.0
SO009692,2022-12-18,C0115,D01,E06,7,11586.25
SO009693,2022-12-29,C0115,D01,E06,3,3317.0
SO009694,2023-01-09,C0115,D01,E06,6,9688.35
SO009695,2023-01-19,C0115,D01,E06,7,10455.15
SO009696,2023-01-28,C0115,D01,E06,7,12935.85
SO009697,2023-02-04,C0115,D01,E06,6,8335.9
SO009698,2023-02-13,C0115,D01,E06,5,8480.85
SO009699,2023-02-23,C0115,D01,E06,7,13245.0
SO009700,2023-03-03,C0115,D01,E06,4,2645.0
SO009701,2023-03-11,C0115,D01,E06,7,5710.0
SO009702,2023-03-18,C0115,D01,E06,6,4180.0
SO009703,2023-03-29,C0115,D01,E06,7,5447.5
SO009704,2023-04-05,C0115,D01,E06,5,4941.25
SO009705,2023-04-15,C0115,D01,E06,5,5734.0
SO009706,2023-04-22,C0115,D01,E06,4,4025.0
SO009707,2023-05-01,C0115,D01,E06,6,4300.0
SO009708,2023-05-12,C0115,D01,E06,6,5523.6
SO009709,2023-05-22,C0115,D01,E06,6,5260.0
SO009710,2023-05-30,C0115,D01,E06,3,2330.0
SO009711,2023-06-06,C0115,D01,E06,3,2670.0
SO009712,2023-06-16,C0115,D01,E06,3,2810.0
SO009713,2023-06-25,C0115,D01,E06,4,4705.0
SO009714,2023-07-02,C0115,D01,E06,5,5316.3
SO009715,2023-07-10,C0115,D01,E06,4,4568.6
SO009716,2023-07-20,C0115,D01,E06,4,4320.05
SO009717,2023-07-30,C0115,D01,E06,3,3600.5
SO009718,2023-08-07,C0115,D01,E06,3,3155.0
SO009719,2023-08-14,C0115,D01,E06,5,5865.0
SO009720,2023-08-24,C0115,D01,E06,5,6185.0
SO009721,2023-09-04,C0115,D01,E06,6,8286.5
SO009722,2023-09-11,C0115,D01,E06,3,3845.0
SO009723,2023-09-21,C0115,D01,E06,6,6154.55
SO009724,2023-09-29,C0115,D01,E06,5,8375.0
SO009725,2023-10-10,C0115,D01,E06,4,7126.15
SO009726,2023-10-18,C0115,D01,E06,3,7245.1
SO009727,2023-10-25,C0115,D01,E06,7,8511.1
SO009728,2023-11-02,C0115,D01,E06,6,8654.6
SO009729,2023-11-09,C0115,D01,E06,4,6980.15
SO009730,2023-11-17,C0115,D01,E06,6,8239.5
SO009731,2023-11-24,C0115,D01,E06,4,8923.0
SO009732,2023-12-04,C0115,D01,E06,5,12300.0
SO009733,2023-12-12,C0115,D01,E06,6,9490.0
SO009734,2023-12-22,C0115,D01,E06,3,9850.0
SO009735,2023-12-29,C0115,D01,E06,4,7000.0
SO009736,2024-01-07,C0115,D01,E06,3,5355.4
SO009737,2024-01-18,C0115,D01,E06,7,12269.5
SO009738,2024-01-28,C0115,D01,E06,6,7040.0
SO009739,2024-02-05,C0115,D01,E06,5,7545.0
SO009740,2024-02-12,C0115,D01,E06,7,9245.5
SO009741,2024-02-22,C0115,D01,E06,7,12952.8
SO009742,2024-03-02,C0115,D01,E06,5,4465.0
SO009743,2024-03-13,C0115,D01,E06,4,3935.6
SO009744,2024-03-22,C0115,D01,E06,4,3196.5
SO009745,2024-04-01,C0115,D01,E06,5,6867.5
SO009746,2024-04-08,C0115,D01,E06,5,4473.0
SO009747,2024-04-15,C0115,D01,E06,3,3508.5
SO009748,2024-04-26,C0115,D01,E06,3,3150.0
SO009749,2024-05-06,C0115,D01,E06,6,5387.4
SO009750,2024-05-17,C0115,D01,E06,7,7945.0
SO009751,2024-05-28,C0115,D01,E06,4,5556.0
SO009752,2024-06-04,C0115,D01,E06,6,7755.0
SO009753,2024-06-13,C0115,D01,E06,4,5744.2
SO009754,2024-06-21,C0115,D01,E06,5,5845.0
SO009755,2024-06-29,C0115,D01,E06,6,6736.7
SO009756,2024-07-07,C0115,D01,E06,4,5206.7
SO009757,2024-07-17,C0115,D01,E06,4,5285.0
SO009758,2024-07-25,C0115,D01,E06,5,8194.9
SO009759,2024-08-02,C0115,D01,E06,6,6206.05
SO009760,2024-08-13,C0115,D01,E06,7,9045.0
SO009761,2024-08-24,C0115,D01,E06,4,5090.0
SO009762,2024-09-01,C0115,D01,E06,7,9425.0
SO009763,2024-09-10,C0115,D01,E06,7,7912.05
SO009764,2024-09-18,C0115,D01,E06,3,4710.0
SO009765,2024-09-26,C0115,D01,E06,6,8415.0
SO009766,2024-10-03,C0115,D01,E06,4,5232.5
SO009767,2024-10-11,C0115,D01,E06,6,12671.05
SO009768,2024-10-21,C0115,D01,E06,7,9650.0
SO009769,2024-10-28,C0115,D01,E06,7,13911.75
SO009770,2024-11-08,C0115,D01,E06,6,9866.9
SO009771,2024-11-15,C0115,D01,E06,6,15893.8
SO009772,2024-11-24,C0115,D01,E06,3,3325.0
SO009773,2024-12-05,C0115,D01,E06,6,12904.2
SO009774,2024-12-16,C0115,D01,E06,6,9216.0
SO009775,2024-12-25,C0115,D01,E06,7,9658.65
SO009776,2022-01-10,C0116,D01,E07,4,4920.0
SO009777,2022-01-24,C0116,D01,E07,7,6085.0
SO009778,2022-02-07,C0116,D01,E07,6,7883.4
SO009779,2022-02-18,C0116,D01,E07,4,3585.0
SO009780,2022-03-04,C0116,D01,E07,3,1655.0
SO009781,2022-03-16,C0116,D01,E07,7,4347.35
SO009782,2022-03-26,C0116,D01,E07,3,1179.75
SO009783,2022-04-08,C0116,D01,E07,4,2155.0
SO009784,2022-04-18,C0116,D01,E07,6,2498.9
SO009785,2022-04-28,C0116,D01,E07,4,2400.0
SO009786,2022-05-11,C0116,D01,E07,3,1835.0
SO009787,2022-05-21,C0116,D01,E07,7,4521.7
SO009788,2022-05-31,C0116,D01,E07,3,2425.4
SO009789,2022-06-14,C0116,D01,E07,5,3640.2
SO009790,2022-06-24,C0116,D01,E07,7,5740.0
SO009791,2022-07-05,C0116,D01,E07,6,3595.0
SO009792,2022-07-16,C0116,D01,E07,5,3530.4
SO009793,2022-07-30,C0116,D01,E07,5,2690.0
SO009794,2022-08-12,C0116,D01,E07,6,3672.5
SO009795,2022-08-24,C0116,D01,E07,6,3770.0
SO009796,2022-09-03,C0116,D01,E07,6,2708.4
SO009797,2022-09-17,C0116,D01,E07,4,3110.0
SO009798,2022-09-27,C0116,D01,E07,6,5313.5
SO009799,2022-10-11,C0116,D01,E07,3,2310.0
SO009800,2022-10-24,C0116,D01,E07,4,5891.0
SO009801,2022-11-05,C0116,D01,E07,6,7619.25
SO009802,2022-11-19,C0116,D01,E07,4,2880.0
SO009803,2022-12-02,C0116,D01,E07,4,3179.3
SO009804,2022-12-14,C0116,D01,E07,5,3686.8
SO009805,2022-12-25,C0116,D01,E07,7,6825.0
SO009806,2023-01-05,C0116,D01,E07,5,4140.7
SO009807,2023-01-17,C0116,D01,E07,7,6546.8
SO009808,2023-01-30,C0116,D01,E07,4,4110.0
SO009809,2023-02-11,C0116,D01,E07,6,6410.0
SO009810,2023-02-24,C0116,D01,E07,6,7750.4
SO009811,2023-03-09,C0116,D01,E07,5,2390.0
SO009812,2023-03-22,C0116,D01,E07,7,4877.2
SO009813,2023-04-03,C0116,D01,E07,7,3780.0
SO009814,2023-04-14,C0116,D01,E07,5,3860.0
SO009815,2023-04-25,C0116,D01,E07,5,3285.0
SO009816,2023-05-07,C0116,D01,E07,3,3016.2
SO009817,2023-05-18,C0116,D01,E07,4,2871.6
SO009818,2023-05-29,C0116,D01,E07,3,1962.0
SO009819,2023-06-10,C0116,D01,E07,6,3280.1
SO009820,2023-06-23,C0116,D01,E07,7,5485.0
SO009821,2023-07-04,C0116,D01,E07,4,1970.1
SO009822,2023-07-15,C0116,D01,E07,5,4680.0
SO009823,2023-07-27,C0116,D01,E07,7,5358.8
SO009824,2023-08-09,C0116,D01,E07,4,3326.8
SO009825,2023-08-23,C0116,D01,E07,4,2175.0
SO009826,2023-09-06,C0116,D01,E07,6,5358.6
SO009827,2023-09-16,C0116,D01,E07,7,3482.6
SO009828,2023-09-26,C0116,D01,E07,6,4015.0
SO009829,2023-10-06,C0116,D01,E07,4,3702.1
SO009830,2023-10-18,C0116,D01,E07,4,5353.25
SO009831,2023-11-01,C0116,D01,E07,7,6461.25
SO009832,2023-11-14,C0116,D01,E07,7,5849.1
SO009833,2023-11-26,C0116,D01,E07,5,3182.8
SO009834,2023-12-08,C0116,D01,E07,6,7231.25
SO009835,2023-12-20,C0116,D01,E07,7,9402.2
SO009836,2023-12-30,C0116,D01,E07,3,2109.25
SO009837,2024-01-12,C0116,D01,E07,3,4035.0
SO009838,2024-01-23,C0116,D01,E07,7,8015.0
SO009839,2024-02-02,C0116,D01,E07,5,5910.0
SO009840,2024-02-16,C0116,D01,E07,7,6755.0
SO009841,2024-02-26,C0116,D01,E07,5,4370.0
SO009842,2024-03-11,C0116,D01,E07,4,2250.5
SO009843,2024-03-23,C0116,D01,E07,6,3935.0
SO009844,2024-04-02,C0116,D01,E07,4,3608.4
SO009845,2024-04-16,C0116,D01,E07,6,3723.8
SO009846,2024-04-27,C0116,D01,E07,7,3733.7
SO009847,2024-05-08,C0116,D01,E07,3,2445.0
SO009848,2024-05-22,C0116,D01,E07,3,1680.0
SO009849,2024-06-04,C0116,D01,E07,7,5946.1
SO009850,2024-06-15,C0116,D01,E07,6,4210.75
SO009851,2024-06-28,C0116,D01,E07,5,5398.4
SO009852,2024-07-09,C0116,D01,E07,3,2977.6
SO009853,2024-07-21,C0116,D01,E07,5,3971.2
SO009854,2024-08-01,C0116,D01,E07,6,5902.55
SO009855,2024-08-13,C0116,D01,E07,6,6773.0
SO009856,2024-08-26,C0116,D01,E07,7,6864.65
SO009857,2024-09-09,C0116,D01,E07,6,4553.55
SO009858,2024-09-21,C0116,D01,E07,5,5169.6
SO009859,2024-10-02,C0116,D01,E07,7,5664.5
SO009860,2024-10-12,C0116,D01,E07,5,5208.7
SO009861,2024-10-22,C0116,D01,E07,3,3436.55
SO009862,2024-11-01,C0116,D01,E07,4,9515.9
SO009863,2024-11-15,C0116,D01,E07,5,5768.15
SO009864,2024-11-27,C0116,D01,E07,6,9035.0
SO009865,2024-12-09,C0116,D01,E07,3,2610.0
SO009866,2024-12-20,C0116,D01,E07,6,9731.4
SO009867,2022-01-11,C0117,D01,E08,6,2476.45
SO009868,2022-01-26,C0117,D01,E08,7,4700.0
SO009869,2022-02-11,C0117,D01,E08,6,1957.4
SO009870,2022-02-26,C0117,D01,E08,5,3526.5
SO009871,2022-03-11,C0117,D01,E08,5,1526.9
SO009872,2022-03-27,C0117,D01,E08,5,1113.95
SO009873,2022-04-10,C0117,D01,E08,7,2380.0
SO009874,2022-04-26,C0117,D01,E08,5,1615.0
SO009875,2022-05-13,C0117,D01,E08,3,1020.55
SO009876,2022-05-26,C0117,D01,E08,5,1770.0
SO009877,2022-06-10,C0117,D01,E08,6,2618.4
SO009878,2022-06-25,C0117,D01,E08,5,1916.5
SO009879,2022-07-09,C0117,D01,E08,4,1480.0
SO009880,2022-07-24,C0117,D01,E08,6,3060.0
SO009881,2022-08-08,C0117,D01,E08,7,3742.85
SO009882,2022-08-21,C0117,D01,E08,4,1340.0
SO009883,2022-09-07,C0117,D01,E08,7,2835.7
SO009884,2022-09-21,C0117,D01,E08,4,1718.4
SO009885,2022-10-07,C0117,D01,E08,6,2237.9
SO009886,2022-10-21,C0117,D01,E08,4,1846.4
SO009887,2022-11-05,C0117,D01,E08,6,3787.9
SO009888,2022-11-18,C0117,D01,E08,6,3318.95
SO009889,2022-12-02,C0117,D01,E08,5,3350.0
SO009890,2022-12-17,C0117,D01,E08,7,4277.25
SO009891,2022-12-30,C0117,D01,E08,4,1765.1
SO009892,2023-01-15,C0117,D01,E08,5,2080.0
SO009893,2023-02-01,C0117,D01,E08,7,4001.95
SO009894,2023-02-16,C0117,D01,E08,3,2927.7
SO009895,2023-03-05,C0117,D01,E08,7,3055.0
SO009896,2023-03-18,C0117,D01,E08,3,1010.0
SO009897,2023-04-01,C0117,D01,E08,3,905.0
SO009898,2023-04-15,C0117,D01,E08,4,1082.8
SO009899,2023-04-29,C0117,D01,E08,4,1194.6
SO009900,2023-05-13,C0117,D01,E08,7,2479.2
SO009901,2023-05-29,C0117,D01,E08,5,1446.15
SO009902,2023-06-11,C0117,D01,E08,3,1615.0
SO009903,2023-06-26,C0117,D01,E08,4,1681.95
SO009904,2023-07-10,C0117,D01,E08,5,2290.0
SO009905,2023-07-26,C0117,D01,E08,4,1686.45
SO009906,2023-08-09,C0117,D01,E08,6,3150.3
SO009907,2023-08-25,C0117,D01,E08,6,3210.0
SO009908,2023-09-10,C0117,D01,E08,5,1329.3
SO009909,2023-09-24,C0117,D01,E08,6,2847.05
SO009910,2023-10-09,C0117,D01,E08,6,3610.0
SO009911,2023-10-24,C0117,D01,E08,3,2062.0
SO009912,2023-11-10,C0117,D01,E08,3,2121.4
SO009913,2023-11-27,C0117,D01,E08,3,2519.35
SO009914,2023-12-10,C0117,D01,E08,3,1456.8
SO009915,2023-12-26,C0117,D01,E08,5,2384.6
SO009916,2024-01-12,C0117,D01,E08,4,1455.0
SO009917,2024-01-28,C0117,D01,E08,7,4965.4
SO009918,2024-02-11,C0117,D01,E08,7,3595.0
SO009919,2024-02-26,C0117,D01,E08,7,4097.2
SO009920,2024-03-13,C0117,D01,E08,6,1866.1
SO009921,2024-03-29,C0117,D01,E08,4,865.0
SO009922,2024-04-13,C0117,D01,E08,6,2191.9
SO009923,2024-04-27,C0117,D01,E08,4,2199.3
SO009924,2024-05-13,C0117,D01,E08,4,1740.0
SO009925,2024-05-27,C0117,D01,E08,3,920.0
SO009926,2024-06-10,C0117,D01,E08,4,2148.0
SO009927,2024-06-24,C0117,D01,E08,6,2710.0
SO009928,2024-07-09,C0117,D01,E08,5,2893.0
SO009929,2024-07-26,C0117,D01,E08,7,3470.0
SO009930,2024-08-12,C0117,D01,E08,6,1987.8
SO009931,2024-08-26,C0117,D01,E08,6,3512.6
SO009932,2024-09-11,C0117,D01,E08,5,1615.0
SO009933,2024-09-24,C0117,D01,E08,6,2607.25
SO009934,2024-10-08,C0117,D01,E08,7,3692.3
SO009935,2024-10-22,C0117,D01,E08,4,2695.4
SO009936,2024-11-05,C0117,D01,E08,4,1717.9
SO009937,2024-11-20,C0117,D01,E08,5,3610.0
SO009938,2024-12-05,C0117,D01,E08,7,4670.0
SO009939,2024-12-19,C0117,D01,E08,4,2493.6
SO009940,2022-01-11,C0118,D02,E09,4,2890.0
SO009941,2022-01-22,C0118,D02,E09,7,8205.0
SO009942,2022-02-04,C0118,D02,E09,6,5750.0
SO009943,2022-02-17,C0118,D02,E09,6,6670.0
SO009944,2022-02-28,C0118,D02,E09,6,4081.1
SO009945,2022-03-12,C0118,D02,E09,6,3590.0
SO009946,2022-03-23,C0118,D02,E09,3,1435.0
SO009947,2022-04-02,C0118,D02,E09,4,2188.4
SO009948,2022-04-14,C0118,D02,E09,5,3909.8
SO009949,2022-04-27,C0118,D02,E09,4,2268.0
SO009950,2022-05-08,C0118,D02,E09,3,806.1
SO009951,2022-05-22,C0118,D02,E09,7,3638.4
SO009952,2022-06-04,C0118,D02,E09,7,5763.0
SO009953,2022-06-16,C0118,D02,E09,3,1685.0
SO009954,2022-06-26,C0118,D02,E09,3,2175.0
SO009955,2022-07-10,C0118,D02,E09,7,4541.25
SO009956,2022-07-23,C0118,D02,E09,6,5190.0
SO009957,2022-08-06,C0118,D02,E09,3,1699.2
SO009958,2022-08-18,C0118,D02,E09,7,5210.2
SO009959,2022-08-31,C0118,D02,E09,7,4005.6
SO009960,2022-09-10,C0118,D02,E09,4,4310.0
SO009961,2022-09-21,C0118,D02,E09,4,2793.8
SO009962,2022-10-05,C0118,D02,E09,5,3282.75
SO009963,2022-10-16,C0118,D02,E09,3,2391.4
SO009964,2022-10-29,C0118,D02,E09,6,4460.0
SO009965,2022-11-10,C0118,D02,E09,3,3054.6
SO009966,2022-11-23,C0118,D02,E09,7,8880.7
SO009967,2022-12-06,C0118,D02,E09,6,6727.5
SO009968,2022-12-18,C0118,D02,E09,7,9900.0
SO009969,2022-12-28,C0118,D02,E09,6,4629.6
SO009970,2023-01-10,C0118,D02,E09,7,6304.35
SO009971,2023-01-23,C0118,D02,E09,3,3600.0
SO009972,2023-02-05,C0118,D02,E09,3,4356.75
SO009973,2023-02-16,C0118,D02,E09,3,2700.0
SO009974,2023-02-28,C0118,D02,E09,4,4457.25
SO009975,2023-03-13,C0118,D02,E09,3,2036.65
SO009976,2023-03-23,C0118,D02,E09,4,2445.0
SO009977,2023-04-02,C0118,D02,E09,3,1375.0
SO009978,2023-04-15,C0118,D02,E09,6,3276.7
SO009979,2023-04-25,C0118,D02,E09,6,4020.4
SO009980,2023-05-05,C0118,D02,E09,5,3685.0
SO009981,2023-05-19,C0118,D02,E09,4,2855.0
SO009982,2023-06-01,C0118,D02,E09,4,3315.0
SO009983,2023-06-11,C0118,D02,E09,6,3145.0
SO009984,2023-06-22,C0118,D02,E09,7,6158.4
SO009985,2023-07-02,C0118,D02,E09,5,3835.0
SO009986,2023-07-14,C0118,D02,E09,4,3217.5
SO009987,2023-07-28,C0118,D02,E09,6,4727.35
SO009988,2023-08-10,C0118,D02,E09,5,3695.0
SO009989,2023-08-22,C0118,D02,E09,7,4400.75
SO009990,2023-09-04,C0118,D02,E09,3,2270.5
SO009991,2023-09-18,C0118,D02,E09,3,2190.0
SO009992,2023-10-01,C0118,D02,E09,7,5618.7
SO009993,2023-10-13,C0118,D02,E09,5,5365.0
SO009994,2023-10-25,C0118,D02,E09,6,6097.8
SO009995,2023-11-04,C0118,D02,E09,4,7690.0
SO009996,2023-11-16,C0118,D02,E09,3,2935.0
SO009997,2023-11-30,C0118,D02,E09,7,7765.4
SO009998,2023-12-10,C0118,D02,E09,4,3360.0
SO009999,2023-12-24,C0118,D02,E09,3,2355.0
SO010000,2024-01-05,C0118,D02,E09,4,3940.0
SO010001,2024-01-16,C0118,D02,E09,3,3544.5
SO010002,2024-01-29,C0118,D02,E09,6,8176.85
SO010003,2024-02-11,C0118,D02,E09,6,6260.0
SO010004,2024-02-24,C0118,D02,E09,3,5680.0
SO010005,2024-03-08,C0118,D02,E09,5,3106.45
SO010006,2024-03-19,C0118,D02,E09,7,4110.7
SO010007,2024-03-29,C0118,D02,E09,4,3658.4
SO010008,2024-04-12,C0118,D02,E09,7,3980.75
SO010009,2024-04-25,C0118,D02,E09,3,1920.0
SO010010,2024-05-06,C0118,D02,E09,4,2470.0
SO010011,2024-05-18,C0118,D02,E09,5,4166.5
SO010012,2024-05-30,C0118,D02,E09,4,3235.0
SO010013,2024-06-10,C0118,D02,E09,4,3900.0
SO010014,2024-06-22,C0118,D02,E09,6,5979.9
SO010015,2024-07-03,C0118,D02,E09,6,6095.0
SO010016,2024-07-17,C0118,D02,E09,3,2765.0
SO010017,2024-07-29,C0118,D02,E09,6,4371.8
SO010018,2024-08-08,C0118,D02,E09,6,5802.9
SO010019,2024-08-22,C0118,D02,E09,5,4203.4
SO010020,2024-09-04,C0118,D02,E09,4,1954.0
SO010021,2024-09-16,C0118,D02,E09,6,4677.45
SO010022,2024-09-28,C0118,D02,E09,4,3667.7
SO010023,2024-10-10,C0118,D02,E09,3,3078.0
SO010024,2024-10-24,C0118,D02,E09,3,3030.5
SO010025,2024-11-04,C0118,D02,E09,4,8229.1
SO010026,2024-11-18,C0118,D02,E09,3,3815.0
SO010027,2024-12-02,C0118,D02,E09,4,2922.0
SO010028,2024-12-16,C0118,D02,E09,4,4740.0
SO010029,2024-12-30,C0118,D02,E09,4,4260.0
SO010030,2022-01-06,C0119,D02,E10,3,1129.6
SO010031,2022-01-16,C0119,D02,E10,7,7615.0
SO010032,2022-01-29,C0119,D02,E10,3,3037.85
SO010033,2022-02-11,C0119,D02,E10,3,4397.1
SO010034,2022-02-23,C0119,D02,E10,7,6253.6
SO010035,2022-03-05,C0119,D02,E10,6,3374.7
SO010036,2022-03-15,C0119,D02,E10,4,1583.7
SO010037,2022-03-25,C0119,D02,E10,3,1350.0
SO010038,2022-04-04,C0119,D02,E10,6,4645.4
SO010039,2022-04-16,C0119,D02,E10,6,3986.2
SO010040,2022-04-30,C0119,D02,E10,6,4555.0
SO010041,2022-05-13,C0119,D02,E10,7,3725.0
SO010042,2022-05-25,C0119,D02,E10,5,2455.0
SO010043,2022-06-07,C0119,D02,E10,4,2045.0
SO010044,2022-06-20,C0119,D02,E10,3,1830.0
SO010045,2022-06-30,C0119,D02,E10,5,2638.5
SO010046,2022-07-13,C0119,D02,E10,3,2737.5
SO010047,2022-07-26,C0119,D02,E10,3,2416.5
SO010048,2022-08-05,C0119,D02,E10,4,3695.4
SO010049,2022-08-16,C0119,D02,E10,3,2002.6
SO010050,2022-08-30,C0119,D02,E10,3,2220.0
SO010051,2022-09-11,C0119,D02,E10,3,1815.0
SO010052,2022-09-24,C0119,D02,E10,4,2875.0
SO010053,2022-10-05,C0119,D02,E10,4,2639.75
SO010054,2022-10-18,C0119,D02,E10,6,6037.95
SO010055,2022-10-29,C0119,D02,E10,3,1460.0
SO010056,2022-11-12,C0119,D02,E10,4,6910.6
SO010057,2022-11-26,C0119,D02,E10,7,6891.0
SO010058,2022-12-09,C0119,D02,E10,5,4552.05
SO010059,2022-12-22,C0119,D02,E10,7,8969.05
SO010060,2023-01-04,C0119,D02,E10,5,5092.4
SO010061,2023-01-14,C0119,D02,E10,5,3030.0
SO010062,2023-01-27,C0119,D02,E10,5,7334.25
SO010063,2023-02-09,C0119,D02,E10,7,7209.9
SO010064,2023-02-22,C0119,D02,E10,7,7281.0
SO010065,2023-03-08,C0119,D02,E10,5,3553.45
SO010066,2023-03-19,C0119,D02,E10,4,1825.0
SO010067,2023-03-29,C0119,D02,E10,4,3030.0
SO010068,2023-04-11,C0119,D02,E10,4,2134.8
SO010069,2023-04-21,C0119,D02,E10,7,4415.35
SO010070,2023-05-01,C0119,D02,E10,4,2280.0
SO010071,2023-05-14,C0119,D02,E10,6,3360.0
SO010072,2023-05-28,C0119,D02,E10,3,1930.0
SO010073,2023-06-07,C0119,D02,E10,3,2536.9
SO010074,2023-06-19,C0119,D02,E10,5,3290.0
SO010075,2023-07-01,C0119,D02,E10,7,5878.7
SO010076,2023-07-15,C0119,D02,E10,4,1813.7
SO010077,2023-07-26,C0119,D02,E10,7,5860.6
SO010078,2023-08-06,C0119,D02,E10,4,3568.4
SO010079,2023-08-18,C0119,D02,E10,7,4781.95
SO010080,2023-08-31,C0119,D02,E10,3,1550.0
SO010081,2023-09-13,C0119,D02,E10,3,1948.8
SO010082,2023-09-26,C0119,D02,E10,5,5465.0
SO010083,2023-10-07,C0119,D02,E10,3,2378.6
SO010084,2023-10-18,C0119,D02,E10,6,7551.5
SO010085,2023-10-28,C0119,D02,E10,7,8037.65
SO010086,2023-11-09,C0119,D02,E10,7,7312.05
SO010087,2023-11-19,C0119,D02,E10,7,10210.0
SO010088,2023-12-01,C0119,D02,E10,3,4180.0
SO010089,2023-12-12,C0119,D02,E10,3,4758.8
SO010090,2023-12-23,C0119,D02,E10,6,6241.25
SO010091,2024-01-05,C0119,D02,E10,7,5825.0
SO010092,2024-01-17,C0119,D02,E10,5,5975.0
SO010093,2024-01-28,C0119,D02,E10,4,4195.0
SO010094,2024-02-09,C0119,D02,E10,3,2480.0
SO010095,2024-02-20,C0119,D02,E10,7,8400.0
SO010096,2024-03-04,C0119,D02,E10,3,2077.0
SO010097,2024-03-15,C0119,D02,E10,3,1200.0
SO010098,2024-03-25,C0119,D02,E10,3,2730.0
SO010099,2024-04-07,C0119,D02,E10,6,5190.0
SO010100,2024-04-21,C0119,D02,E10,4,2910.0
SO010101,2024-05-03,C0119,D02,E10,6,3700.8
SO010102,2024-05-16,C0119,D02,E10,5,2987.2
SO010103,2024-05-29,C0119,D02,E10,6,4815.0
SO010104,2024-06-09,C0119,D02,E10,3,2837.2
SO010105,2022-01-15,C0120,D02,E11,7,3629.6
SO010106,2022-01-29,C0120,D02,E11,7,3800.0
SO010107,2022-02-12,C0120,D02,E11,6,4265.0
SO010108,2022-02-25,C0120,D02,E11,6,3296.6
SO010109,2022-03-14,C0120,D02,E11,5,1550.0
SO010110,2022-03-31,C0120,D02,E11,5,1739.6
SO010111,2022-04-13,C0120,D02,E11,5,1660.0
SO010112,2022-04-30,C0120,D02,E11,4,905.0
SO010113,2022-05-16,C0120,D02,E11,4,1794.2
SO010114,2022-06-02,C0120,D02,E11,4,1748.15
SO010115,2022-06-15,C0120,D02,E11,7,2999.4
SO010116,2022-06-29,C0120,D02,E11,7,2281.45
SO010117,2022-07-13,C0120,D02,E11,5,1485.0
SO010118,2022-07-27,C0120,D02,E11,4,1529.6
SO010119,2022-08-12,C0120,D02,E11,5,2040.0
SO010120,2022-08-27,C0120,D02,E11,6,2768.8
SO010121,2022-09-09,C0120,D02,E11,5,1905.0
SO010122,2022-09-22,C0120,D02,E11,4,1648.45
SO010123,2022-10-09,C0120,D02,E11,5,2245.0
SO010124,2022-10-24,C0120,D02,E11,7,3730.95
SO010125,2022-11-10,C0120,D02,E11,6,2411.9
SO010126,2022-11-24,C0120,D02,E11,6,3786.1
SO010127,2022-12-07,C0120,D02,E11,5,3149.0
SO010128,2022-12-23,C0120,D02,E11,6,4429.2
SO010129,2023-01-09,C0120,D02,E11,6,2842.15
SO010130,2023-01-22,C0120,D02,E11,5,2879.6
SO010131,2023-02-06,C0120,D02,E11,7,5312.9
SO010132,2023-02-21,C0120,D02,E11,6,3325.0
SO010133,2023-03-07,C0120,D02,E11,7,1502.7
SO010134,2023-03-23,C0120,D02,E11,6,1600.2
SO010135,2023-04-05,C0120,D02,E11,7,2584.2
SO010136,2023-04-19,C0120,D02,E11,6,2547.8
SO010137,2023-05-03,C0120,D02,E11,5,1753.6
SO010138,2023-05-17,C0120,D02,E11,6,1489.3
SO010139,2023-06-01,C0120,D02,E11,5,2011.0
SO010140,2023-06-17,C0120,D02,E11,5,1854.15
SO010141,2023-07-03,C0120,D02,E11,5,1790.0
SO010142,2023-07-18,C0120,D02,E11,7,3588.4
SO010143,2023-08-03,C0120,D02,E11,7,2537.45
SO010144,2023-08-17,C0120,D02,E11,4,1171.6
SO010145,2023-09-02,C0120,D02,E11,3,1070.6
SO010146,2023-09-19,C0120,D02,E11,3,1678.9
SO010147,2023-10-06,C0120,D02,E11,6,2750.0
SO010148,2023-10-20,C0120,D02,E11,6,3389.4
SO010149,2023-11-06,C0120,D02,E11,3,2908.3
SO010150,2023-11-21,C0120,D02,E11,6,4455.0
SO010151,2023-12-07,C0120,D02,E11,6,3450.0
SO010152,2023-12-22,C0120,D02,E11,7,5400.0
SO010153,2024-01-04,C0120,D02,E11,7,4504.7
SO010154,2024-01-21,C0120,D02,E11,3,2040.0
SO010155,2024-02-04,C0120,D02,E11,3,3530.0
SO010156,2024-02-19,C0120,D02,E11,5,2065.0
SO010157,2024-03-07,C0120,D02,E11,4,960.0
SO010158,2024-03-20,C0120,D02,E11,7,2476.1
SO010159,2024-04-06,C0120,D02,E11,4,1569.4
SO010160,2024-04-21,C0120,D02,E11,3,1260.0
SO010161,2024-05-08,C0120,D02,E11,6,1813.1
SO010162,2024-05-24,C0120,D02,E11,4,1592.2
SO010163,2024-06-06,C0120,D02,E11,5,2403.8
SO010164,2024-06-20,C0120,D02,E11,4,1760.0
SO010165,2024-07-05,C0120,D02,E11,3,1150.0
SO010166,2024-07-20,C0120,D02,E11,4,1680.0
SO010167,2024-08-03,C0120,D02,E11,5,1599.2
SO010168,2024-08-20,C0120,D02,E11,7,2598.05
SO010169,2024-09-02,C0120,D02,E11,7,3473.8
SO010170,2024-09-15,C0120,D02,E11,6,2655.0
SO010171,2024-09-30,C0120,D02,E11,7,2530.0
SO010172,2024-10-14,C0120,D02,E11,7,4181.3
SO010173,2024-10-28,C0120,D02,E11,4,2565.05
SO010174,2024-11-11,C0120,D02,E11,7,3240.0
SO010175,2024-11-25,C0120,D02,E11,6,4116.0
SO010176,2024-12-09,C0120,D02,E11,6,5081.7
SO010177,2024-12-22,C0120,D02,E11,3,1485.0
SO010178,2022-01-12,C0121,D01,E06,4,1862.2
SO010179,2022-01-25,C0121,D01,E06,3,609.5
SO010180,2022-02-09,C0121,D01,E06,6,3168.7
SO010181,2022-02-25,C0121,D01,E06,5,1972.85
SO010182,2022-03-10,C0121,D01,E06,3,415.0
SO010183,2022-03-24,C0121,D01,E06,5,1825.0
SO010184,2022-04-06,C0121,D01,E06,4,736.15
SO010185,2022-04-21,C0121,D01,E06,6,2150.95
SO010186,2022-05-06,C0121,D01,E06,3,755.0
SO010187,2022-05-20,C0121,D01,E06,3,713.75
SO010188,2022-06-02,C0121,D01,E06,4,1115.0
SO010189,2022-06-18,C0121,D01,E06,5,2265.0
SO010190,2022-07-02,C0121,D01,E06,6,3120.0
SO010191,2022-07-19,C0121,D01,E06,5,1773.4
SO010192,2022-08-03,C0121,D01,E06,4,1605.0
SO010193,2022-08-18,C0121,D01,E06,5,1659.4
SO010194,2022-09-02,C0121,D01,E06,7,3702.75
SO010195,2022-09-19,C0121,D01,E06,7,2526.2
SO010196,2022-10-04,C0121,D01,E06,4,2663.4
SO010197,2022-10-19,C0121,D01,E06,5,2915.55
SO010198,2022-11-04,C0121,D01,E06,5,3707.2
SO010199,2022-11-19,C0121,D01,E06,7,4256.2
SO010200,2022-12-04,C0121,D01,E06,4,2207.8
SO010201,2022-12-21,C0121,D01,E06,4,2870.0
SO010202,2023-01-04,C0121,D01,E06,5,3505.0
SO010203,2023-01-20,C0121,D01,E06,3,2010.0
SO010204,2023-02-06,C0121,D01,E06,7,3598.0
SO010205,2023-02-21,C0121,D01,E06,4,2320.0
SO010206,2023-03-10,C0121,D01,E06,5,2315.0
SO010207,2023-03-27,C0121,D01,E06,3,732.8
SO010208,2023-04-13,C0121,D01,E06,5,2455.0
SO010209,2023-04-26,C0121,D01,E06,4,1482.2
SO010210,2023-05-12,C0121,D01,E06,3,744.7
SO010211,2023-05-25,C0121,D01,E06,3,610.0
SO010212,2023-06-08,C0121,D01,E06,3,1080.0
SO010213,2023-06-22,C0121,D01,E06,3,900.0
SO010214,2023-07-05,C0121,D01,E06,3,754.4
SO010215,2023-07-19,C0121,D01,E06,6,2529.2
SO010216,2023-08-03,C0121,D01,E06,6,1925.0
SO010217,2023-08-18,C0121,D01,E06,6,2677.8
SO010218,2023-09-01,C0121,D01,E06,5,2185.7
SO010219,2023-09-18,C0121,D01,E06,4,2087.45
SO010220,2023-10-05,C0121,D01,E06,4,2345.0
SO010221,2023-10-21,C0121,D01,E06,7,3294.9
SO010222,2023-11-06,C0121,D01,E06,4,2979.1
SO010223,2023-11-22,C0121,D01,E06,4,2150.4
SO010224,2023-12-06,C0121,D01,E06,4,1305.0
SO010225,2023-12-19,C0121,D01,E06,4,2295.0
SO010226,2024-01-04,C0121,D01,E06,7,4489.35
SO010227,2024-01-17,C0121,D01,E06,5,2288.75
SO010228,2024-02-02,C0121,D01,E06,7,3885.0
SO010229,2024-02-18,C0121,D01,E06,3,1530.0
SO010230,2024-03-06,C0121,D01,E06,5,2115.0
SO010231,2024-03-19,C0121,D01,E06,6,2777.35
SO010232,2024-04-01,C0121,D01,E06,5,1635.0
SO010233,2024-04-14,C0121,D01,E06,5,1743.4
SO010234,2024-04-27,C0121,D01,E06,6,2395.0
SO010235,2024-05-11,C0121,D01,E06,4,1243.75
SO010236,2024-05-27,C0121,D01,E06,6,2955.0
SO010237,2024-06-09,C0121,D01,E06,4,1564.3
SO010238,2024-06-22,C0121,D01,E06,5,2440.0
SO010239,2024-07-07,C0121,D01,E06,6,3726.1
SO010240,2024-07-22,C0121,D01,E06,4,1357.8
SO010241,2024-08-05,C0121,D01,E06,3,1037.8
SO010242,2024-08-21,C0121,D01,E06,5,2626.6
SO010243,2024-09-07,C0121,D01,E06,3,1830.0
SO010244,2024-09-23,C0121,D01,E06,4,1575.0
SO010245,2024-10-06,C0121,D01,E06,5,3198.1
SO010246,2024-10-20,C0121,D01,E06,6,3537.75
SO010247,2024-11-03,C0121,D01,E06,7,6222.1
SO010248,2024-11-16,C0121,D01,E06,6,4735.0
SO010249,2024-12-03,C0121,D01,E06,3,1067.0
SO010250,2024-12-16,C0121,D01,E06,7,4271.8
SO010251,2024-12-29,C0121,D01,E06,7,5108.1
SO010252,2022-01-05,C0122,D01,E07,7,8084.3
SO010253,2022-01-16,C0122,D01,E07,7,5340.0
SO010254,2022-01-27,C0122,D01,E07,6,4873.7
SO010255,2022-02-07,C0122,D01,E07,7,6822.2
SO010256,2022-02-21,C0122,D01,E07,4,4105.0
SO010257,2022-03-07,C0122,D01,E07,4,2495.0
SO010258,2022-03-18,C0122,D01,E07,6,2916.45
SO010259,2022-03-31,C0122,D01,E07,6,2300.15
SO010260,2022-04-11,C0122,D01,E07,4,3050.0
SO010261,2022-04-24,C0122,D01,E07,4,2316.25
SO010262,2022-05-04,C0122,D01,E07,7,4530.0
SO010263,2022-05-15,C0122,D01,E07,7,3637.9
SO010264,2022-05-27,C0122,D01,E07,4,1995.0
SO010265,2022-06-07,C0122,D01,E07,5,4335.85
SO010266,2022-06-18,C0122,D01,E07,3,2150.0
SO010267,2022-06-29,C0122,D01,E07,7,4975.0
SO010268,2022-07-10,C0122,D01,E07,3,1795.0
SO010269,2022-07-24,C0122,D01,E07,5,2784.9
SO010270,2022-08-04,C0122,D01,E07,3,3083.95
SO010271,2022-08-16,C0122,D01,E07,4,3702.45
SO010272,2022-08-29,C0122,D01,E07,3,3355.0
SO010273,2022-09-08,C0122,D01,E07,7,4966.65
SO010274,2022-09-18,C0122,D01,E07,6,3220.0
SO010275,2022-09-30,C0122,D01,E07,4,4541.0
SO010276,2022-10-14,C0122,D01,E07,3,2295.0
SO010277,2022-10-24,C0122,D01,E07,4,3647.25
SO010278,2022-11-07,C0122,D01,E07,5,7860.0
SO010279,2022-11-18,C0122,D01,E07,7,6800.7
SO010280,2022-11-30,C0122,D01,E07,5,6416.1
SO010281,2022-12-13,C0122,D01,E07,7,6890.25
SO010282,2022-12-27,C0122,D01,E07,4,4240.0
SO010283,2023-01-10,C0122,D01,E07,3,1940.0
SO010284,2023-01-21,C0122,D01,E07,7,10142.25
SO010285,2023-01-31,C0122,D01,E07,4,3380.0
SO010286,2023-02-12,C0122,D01,E07,3,2445.0
SO010287,2023-02-26,C0122,D01,E07,4,4608.0
SO010288,2023-03-12,C0122,D01,E07,6,4465.0
SO010289,2023-03-22,C0122,D01,E07,4,2215.0
SO010290,2023-04-02,C0122,D01,E07,5,3083.4
SO010291,2023-04-14,C0122,D01,E07,3,1909.8
SO010292,2023-04-26,C0122,D01,E07,6,4245.0
SO010293,2023-05-07,C0122,D01,E07,6,3025.2
SO010294,2023-05-20,C0122,D01,E07,3,1155.0
SO010295,2023-06-01,C0122,D01,E07,6,4375.0
SO010296,2023-06-15,C0122,D01,E07,4,1750.0
SO010297,2023-06-28,C0122,D01,E07,4,3225.0
SO010298,2023-07-12,C0122,D01,E07,7,5263.4
SO010299,2023-07-24,C0122,D01,E07,5,4338.55
SO010300,2023-08-07,C0122,D01,E07,6,3830.0
SO010301,2023-08-20,C0122,D01,E07,3,2505.0
SO010302,2023-09-02,C0122,D01,E07,5,4318.0
SO010303,2023-09-14,C0122,D01,E07,7,5568.4
SO010304,2023-09-27,C0122,D01,E07,3,3000.0
SO010305,2023-10-07,C0122,D01,E07,5,7835.0
SO010306,2023-10-19,C0122,D01,E07,3,3177.75
SO010307,2023-11-02,C0122,D01,E07,3,3595.6
SO010308,2023-11-12,C0122,D01,E07,4,3259.5
SO010309,2023-11-25,C0122,D01,E07,6,9043.0
SO010310,2023-12-08,C0122,D01,E07,6,6045.0
SO010311,2023-12-19,C0122,D01,E07,3,3409.0
SO010312,2023-12-31,C0122,D01,E07,4,4800.0
SO010313,2024-01-11,C0122,D01,E07,3,3204.9
SO010314,2024-01-22,C0122,D01,E07,3,2662.0
SO010315,2024-02-03,C0122,D01,E07,5,6535.0
SO010316,2024-02-14,C0122,D01,E07,3,1970.0
SO010317,2024-02-26,C0122,D01,E07,6,7985.0
SO010318,2024-03-10,C0122,D01,E07,6,3330.0
SO010319,2024-03-21,C0122,D01,E07,6,3835.8
SO010320,2024-04-02,C0122,D01,E07,6,5313.3
SO010321,2024-04-15,C0122,D01,E07,5,3078.3
SO010322,2024-04-25,C0122,D01,E07,6,3618.0
SO010323,2024-05-07,C0122,D01,E07,6,4109.3
SO010324,2024-05-17,C0122,D01,E07,5,4343.0
SO010325,2024-05-27,C0122,D01,E07,5,3180.0
SO010326,2024-06-10,C0122,D01,E07,5,3905.0
SO010327,2024-06-22,C0122,D01,E07,6,4178.8
SO010328,2024-07-04,C0122,D01,E07,5,3585.0
SO010329,2024-07-14,C0122,D01,E07,6,6590.95
SO010330,2024-07-27,C0122,D01,E07,6,4400.0
SO010331,2024-08-10,C0122,D01,E07,3,2140.0
SO010332,2024-08-22,C0122,D01,E07,4,3601.25
SO010333,2024-09-01,C0122,D01,E07,4,3600.0
SO010334,2024-09-12,C0122,D01,E07,7,5605.6
SO010335,2024-09-23,C0122,D01,E07,4,2637.9
SO010336,2024-10-04,C0122,D01,E07,4,4998.6
SO010337,2024-10-17,C0122,D01,E07,3,2330.0
SO010338,2024-10-27,C0122,D01,E07,5,7569.5
SO010339,2024-11-06,C0122,D01,E07,6,6470.0
SO010340,2024-11-17,C0122,D01,E07,6,6040.0
SO010341,2024-11-28,C0122,D01,E07,3,3095.0
SO010342,2024-12-11,C0122,D01,E07,4,4095.5
SO010343,2024-12-21,C0122,D01,E07,5,8225.0
SO010344,2024-12-31,C0122,D01,E07,5,5645.0
SO010345,2022-01-08,C0123,D01,E08,6,5065.0
SO010346,2022-01-21,C0123,D01,E08,5,3371.2
SO010347,2022-02-01,C0123,D01,E08,3,2153.6
SO010348,2022-02-12,C0123,D01,E08,7,8067.6
SO010349,2022-02-23,C0123,D01,E08,5,5870.0
SO010350,2022-03-09,C0123,D01,E08,5,2775.0
SO010351,2022-03-21,C0123,D01,E08,5,2910.0
SO010352,2022-04-04,C0123,D01,E08,3,1896.25
SO010353,2022-04-17,C0123,D01,E08,3,2265.0
SO010354,2022-04-28,C0123,D01,E08,5,2394.35
SO010355,2022-05-09,C0123,D01,E08,5,2306.05
SO010356,2022-05-22,C0123,D01,E08,7,3710.25
SO010357,2022-06-05,C0123,D01,E08,7,5163.2
SO010358,2022-06-16,C0123,D01,E08,7,5622.4
SO010359,2022-06-29,C0123,D01,E08,5,4053.4
SO010360,2022-07-10,C0123,D01,E08,3,2215.0
SO010361,2022-07-24,C0123,D01,E08,5,3785.0
SO010362,2022-08-06,C0123,D01,E08,5,3710.0
SO010363,2022-08-18,C0123,D01,E08,3,2280.0
SO010364,2022-09-01,C0123,D01,E08,7,4745.8
SO010365,2022-09-13,C0123,D01,E08,3,3250.0
SO010366,2022-09-26,C0123,D01,E08,4,3488.15
SO010367,2022-10-06,C0123,D01,E08,3,3399.0
SO010368,2022-10-20,C0123,D01,E08,3,2814.25
SO010369,2022-11-02,C0123,D01,E08,4,3639.4
SO010370,2022-11-13,C0123,D01,E08,5,5706.0
SO010371,2022-11-26,C0123,D01,E08,7,5459.65
SO010372,2022-12-10,C0123,D01,E08,3,6140.0
SO010373,2022-12-22,C0123,D01,E08,3,4450.0
SO010374,2023-01-04,C0123,D01,E08,6,3816.75
SO010375,2023-01-17,C0123,D01,E08,7,6290.55
SO010376,2023-01-27,C0123,D01,E08,5,5635.0
SO010377,2023-02-06,C0123,D01,E08,3,3010.0
SO010378,2023-02-18,C0123,D01,E08,4,4020.0
SO010379,2023-02-28,C0123,D01,E08,7,8730.2
SO010380,2023-03-11,C0123,D01,E08,4,2640.0
SO010381,2023-03-22,C0123,D01,E08,7,4542.4
SO010382,2023-04-02,C0123,D01,E08,5,3145.0
SO010383,2023-04-13,C0123,D01,E08,7,3600.0
SO010384,2023-04-23,C0123,D01,E08,4,3430.0
SO010385,2023-05-04,C0123,D01,E08,6,3235.0
SO010386,2023-05-14,C0123,D01,E08,4,2050.0
SO010387,2023-05-26,C0123,D01,E08,4,1773.2
SO010388,2023-06-06,C0123,D01,E08,3,1285.0
SO010389,2023-06-18,C0123,D01,E08,4,3609.6
SO010390,2023-06-28,C0123,D01,E08,5,3475.0
SO010391,2023-07-08,C0123,D01,E08,6,4516.65
SO010392,2023-07-18,C0123,D01,E08,7,6185.2
SO010393,2023-08-01,C0123,D01,E08,5,3655.0
SO010394,2023-08-15,C0123,D01,E08,4,2731.5
SO010395,2023-08-27,C0123,D01,E08,6,3810.0
SO010396,2023-09-06,C0123,D01,E08,7,6271.5
SO010397,2023-09-20,C0123,D01,E08,7,6381.1
SO010398,2023-10-02,C0123,D01,E08,5,4940.35
SO010399,2023-10-15,C0123,D01,E08,5,6181.8
SO010400,2023-10-26,C0123,D01,E08,4,4340.0
SO010401,2023-11-05,C0123,D01,E08,3,2859.5
SO010402,2023-11-19,C0123,D01,E08,6,4899.5
SO010403,2023-12-03,C0123,D01,E08,6,6210.05
SO010404,2023-12-17,C0123,D01,E08,6,6478.75
SO010405,2023-12-28,C0123,D01,E08,3,4390.2
SO010406,2024-01-10,C0123,D01,E08,4,3560.0
SO010407,2024-01-20,C0123,D01,E08,5,8190.0
SO010408,2024-01-30,C0123,D01,E08,6,7192.0
SO010409,2024-02-12,C0123,D01,E08,6,6795.0
SO010410,2024-02-25,C0123,D01,E08,4,3829.1
SO010411,2024-03-06,C0123,D01,E08,3,3159.2
SO010412,2024-03-18,C0123,D01,E08,5,4170.0
SO010413,2024-03-30,C0123,D01,E08,6,2969.3
SO010414,2024-04-09,C0123,D01,E08,3,2625.0
SO010415,2024-04-19,C0123,D01,E08,3,1605.0
SO010416,2024-05-02,C0123,D01,E08,6,3596.2
SO010417,2024-05-13,C0123,D01,E08,3,2330.0
SO010418,2024-05-27,C0123,D01,E08,5,3089.0
SO010419,2024-06-09,C0123,D01,E08,4,2360.0
SO010420,2024-06-21,C0123,D01,E08,6,6617.2
SO010421,2024-07-04,C0123,D01,E08,6,4210.8
SO010422,2024-07-14,C0123,D01,E08,4,3100.75
SO010423,2024-07-27,C0123,D01,E08,7,5075.0
SO010424,2024-08-10,C0123,D01,E08,6,5201.2
SO010425,2024-08-22,C0123,D01,E08,7,8219.05
SO010426,2024-09-03,C0123,D01,E08,7,6390.0
SO010427,2024-09-16,C0123,D01,E08,4,4399.0
SO010428,2024-09-29,C0123,D01,E08,7,4412.0
SO010429,2024-10-11,C0123,D01,E08,5,6085.8
SO010430,2024-10-25,C0123,D01,E08,5,7159.5
SO010431,2024-11-06,C0123,D01,E08,7,9375.1
SO010432,2024-11-17,C0123,D01,E08,3,2430.0
SO010433,2024-11-30,C0123,D01,E08,3,3957.7
SO010434,2024-12-14,C0123,D01,E08,7,8980.2
SO010435,2024-12-25,C0123,D01,E08,3,4742.1
SO010436,2022-01-11,C0124,D02,E09,3,2305.0
SO010437,2022-01-27,C0124,D02,E09,6,4058.1
SO010438,2022-02-13,C0124,D02,E09,3,1685.0
SO010439,2022-02-26,C0124,D02,E09,6,3469.75
SO010440,2022-03-12,C0124,D02,E09,6,2010.0
SO010441,2022-03-25,C0124,D02,E09,5,1357.5
SO010442,2022-04-10,C0124,D02,E09,4,1778.2
SO010443,2022-04-24,C0124,D02,E09,6,1536.3
SO010444,2022-05-09,C0124,D02,E09,7,2061.5
SO010445,2022-05-22,C0124,D02,E09,5,1112.8
SO010446,2022-06-08,C0124,D02,E09,7,2793.4
SO010447,2022-06-21,C0124,D02,E09,4,1765.25
SO010448,2022-07-04,C0124,D02,E09,5,1729.65
SO010449,2022-07-21,C0124,D02,E09,5,2611.25
SO010450,2022-08-07,C0124,D02,E09,6,2215.0
SO010451,2022-08-23,C0124,D02,E09,7,3140.6
SO010452,2022-09-09,C0124,D02,E09,6,2328.8
SO010453,2022-09-24,C0124,D02,E09,5,1840.0
SO010454,2022-10-10,C0124,D02,E09,6,3100.0
SO010455,2022-10-24,C0124,D02,E09,5,1935.4
SO010456,2022-11-10,C0124,D02,E09,4,2780.0
SO010457,2022-11-23,C0124,D02,E09,5,2765.0
SO010458,2022-12-08,C0124,D02,E09,3,2096.5
SO010459,2022-12-25,C0124,D02,E09,3,2430.0
SO010460,2023-01-07,C0124,D02,E09,3,2045.0
SO010461,2023-01-23,C0124,D02,E09,5,3045.0
SO010462,2023-02-08,C0124,D02,E09,7,3190.6
SO010463,2023-02-22,C0124,D02,E09,7,3880.0
SO010464,2023-03-09,C0124,D02,E09,7,2290.0
SO010465,2023-03-23,C0124,D02,E09,6,1755.0
SO010466,2023-04-09,C0124,D02,E09,6,2466.25
SO010467,2023-04-22,C0124,D02,E09,7,2080.0
SO010468,2023-05-08,C0124,D02,E09,4,1143.8
SO010469,2023-05-22,C0124,D02,E09,7,2330.0
SO010470,2023-06-06,C0124,D02,E09,4,1525.0
SO010471,2023-06-20,C0124,D02,E09,4,1485.0
SO010472,2023-07-06,C0124,D02,E09,7,2745.7
SO010473,2023-07-21,C0124,D02,E09,3,1440.0
SO010474,2023-08-03,C0124,D02,E09,5,1696.6
SO010475,2023-08-18,C0124,D02,E09,7,3170.0
SO010476,2023-09-02,C0124,D02,E09,3,2300.0
SO010477,2023-09-17,C0124,D02,E09,4,1685.0
SO010478,2023-10-02,C0124,D02,E09,5,1828.6
SO010479,2023-10-17,C0124,D02,E09,5,3058.65
SO010480,2023-10-31,C0124,D02,E09,4,1755.0
SO010481,2023-11-17,C0124,D02,E09,6,3980.0
SO010482,2023-12-01,C0124,D02,E09,7,3160.0
SO010483,2023-12-17,C0124,D02,E09,3,1810.0
SO010484,2023-12-30,C0124,D02,E09,5,2949.75
SO010485,2024-01-16,C0124,D02,E09,7,5249.2
SO010486,2024-02-02,C0124,D02,E09,3,1811.25
SO010487,2024-02-19,C0124,D02,E09,4,2580.0
SO010488,2024-03-03,C0124,D02,E09,5,2080.0
SO010489,2024-03-17,C0124,D02,E09,3,1176.9
SO010490,2024-03-30,C0124,D02,E09,4,1937.8
SO010491,2024-04-16,C0124,D02,E09,4,1350.0
SO010492,2024-04-29,C0124,D02,E09,5,1662.95
SO010493,2024-05-14,C0124,D02,E09,3,922.85
SO010494,2024-05-31,C0124,D02,E09,4,1180.0
SO010495,2024-06-17,C0124,D02,E09,5,1965.75
SO010496,2024-07-02,C0124,D02,E09,6,2425.0
SO010497,2024-07-15,C0124,D02,E09,5,2635.0
SO010498,2024-07-31,C0124,D02,E09,7,3419.85
SO010499,2024-08-14,C0124,D02,E09,7,3495.0
SO010500,2024-08-30,C0124,D02,E09,4,1435.0
SO010501,2024-09-12,C0124,D02,E09,4,2705.0
SO010502,2024-09-25,C0124,D02,E09,3,1295.0
SO010503,2024-10-09,C0124,D02,E09,3,1512.75
SO010504,2024-10-26,C0124,D02,E09,3,1149.4
SO010505,2024-11-11,C0124,D02,E09,7,5350.0
SO010506,2024-11-26,C0124,D02,E09,7,5353.8
SO010507,2024-12-10,C0124,D02,E09,6,2124.65
SO010508,2024-12-24,C0124,D02,E09,4,2543.75
SO010509,2022-01-07,C0125,D02,E10,7,4532.4
SO010510,2022-01-20,C0125,D02,E10,5,1450.0
SO010511,2022-02-04,C0125,D02,E10,6,2992.8
SO010512,2022-02-18,C0125,D02,E10,7,4180.0
SO010513,2022-03-06,C0125,D02,E10,6,2225.0
SO010514,2022-03-20,C0125,D02,E10,7,1763.6
SO010515,2022-04-03,C0125,D02,E10,6,2006.45
SO010516,2022-04-17,C0125,D02,E10,4,829.6
SO010517,2022-05-02,C0125,D02,E10,7,2383.75
SO010518,2022-05-15,C0125,D02,E10,4,845.0
SO010519,2022-06-01,C0125,D02,E10,4,2005.0
SO010520,2022-06-16,C0125,D02,E10,5,1745.2
SO010521,2022-07-02,C0125,D02,E10,4,1605.0
SO010522,2022-07-16,C0125,D02,E10,3,1386.25
SO010523,2022-07-30,C0125,D02,E10,3,1370.0
SO010524,2022-08-14,C0125,D02,E10,5,1806.05
SO010525,2022-08-29,C0125,D02,E10,7,2405.0
SO010526,2022-09-14,C0125,D02,E10,6,2859.65
SO010527,2022-09-29,C0125,D02,E10,4,1974.2
SO010528,2022-10-12,C0125,D02,E10,7,2854.85
SO010529,2022-10-28,C0125,D02,E10,6,3480.0
SO010530,2022-11-12,C0125,D02,E10,3,2200.0
SO010531,2022-11-29,C0125,D02,E10,6,4290.0
SO010532,2022-12-14,C0125,D02,E10,6,5081.8
SO010533,2022-12-30,C0125,D02,E10,5,2570.95
SO010534,2023-01-15,C0125,D02,E10,5,2530.0
SO010535,2023-01-28,C0125,D02,E10,5,2340.0
SO010536,2023-02-11,C0125,D02,E10,6,4655.05
SO010537,2023-02-26,C0125,D02,E10,4,1960.2
SO010538,2023-03-14,C0125,D02,E10,4,824.3
SO010539,2023-03-30,C0125,D02,E10,7,2285.0
SO010540,2023-04-13,C0125,D02,E10,4,1632.2
SO010541,2023-04-27,C0125,D02,E10,6,1519.15
SO010542,2023-05-12,C0125,D02,E10,7,2030.0
SO010543,2023-05-29,C0125,D02,E10,6,1815.0
SO010544,2023-06-12,C0125,D02,E10,4,1470.0
SO010545,2023-06-26,C0125,D02,E10,5,2355.0
SO010546,2023-07-10,C0125,D02,E10,5,2620.0
SO010547,2023-07-26,C0125,D02,E10,6,3325.0
SO010548,2023-08-10,C0125,D02,E10,6,2379.55
SO010549,2023-08-27,C0125,D02,E10,4,1725.0
SO010550,2023-09-09,C0125,D02,E10,3,1440.0
SO010551,2023-09-22,C0125,D02,E10,5,2920.0
SO010552,2023-10-07,C0125,D02,E10,5,2756.8
SO010553,2023-10-22,C0125,D02,E10,7,3793.5
SO010554,2023-11-05,C0125,D02,E10,5,3644.5
SO010555,2023-11-18,C0125,D02,E10,5,2600.0
SO010556,2023-12-05,C0125,D02,E10,4,1368.6
SO010557,2023-12-19,C0125,D02,E10,3,1730.0
SO010558,2024-01-01,C0125,D02,E10,3,1625.0
SO010559,2024-01-17,C0125,D02,E10,3,2245.0
SO010560,2024-02-01,C0125,D02,E10,3,2250.0
SO010561,2024-02-15,C0125,D02,E10,7,4389.0
SO010562,2024-02-28,C0125,D02,E10,6,5030.0
SO010563,2024-03-15,C0125,D02,E10,7,3023.55
SO010564,2024-03-28,C0125,D02,E10,6,2342.5
SO010565,2024-04-10,C0125,D02,E10,3,705.0
SO010566,2024-04-27,C0125,D02,E10,5,1755.0
SO010567,2024-05-12,C0125,D02,E10,6,1715.0
SO010568,2024-05-26,C0125,D02,E10,4,1035.0
SO010569,2024-06-08,C0125,D02,E10,6,2388.8
SO010570,2024-06-25,C0125,D02,E10,7,2495.1
SO010571,2024-07-10,C0125,D02,E10,6,3500.0
SO010572,2024-07-23,C0125,D02,E10,7,2510.0
SO010573,2024-08-09,C0125,D02,E10,7,3515.2
SO010574,2024-08-23,C0125,D02,E10,5,2565.0
SO010575,2024-09-08,C0125,D02,E10,7,3902.2
SO010576,2024-09-25,C0125,D02,E10,5,2885.6
SO010577,2024-10-10,C0125,D02,E10,7,5628.3
SO010578,2024-10-23,C0125,D02,E10,7,3335.5
SO010579,2024-11-07,C0125,D02,E10,3,2610.0
SO010580,2024-11-20,C0125,D02,E10,6,3993.7
SO010581,2024-12-04,C0125,D02,E10,7,5905.0
SO010582,2024-12-21,C0125,D02,E10,5,4318.8
SO010583,2022-01-07,C0126,D02,E11,7,4662.0
SO010584,2022-01-20,C0126,D02,E11,5,3487.0
SO010585,2022-02-05,C0126,D02,E11,5,2144.6
SO010586,2022-02-21,C0126,D02,E11,7,3400.8
SO010587,2022-03-06,C0126,D02,E11,6,2195.0
SO010588,2022-03-20,C0126,D02,E11,4,1285.9
SO010589,2022-04-05,C0126,D02,E11,5,1495.0
SO010590,2022-04-19,C0126,D02,E11,3,1120.0
SO010591,2022-05-02,C0126,D02,E11,4,1040.0
SO010592,2022-05-18,C0126,D02,E11,7,2803.35
SO010593,2022-06-02,C0126,D02,E11,7,2420.2
SO010594,2022-06-19,C0126,D02,E11,5,1640.0
SO010595,2022-07-05,C0126,D02,E11,6,2686.0
SO010596,2022-07-22,C0126,D02,E11,4,1328.4
SO010597,2022-08-07,C0126,D02,E11,3,1270.0
SO010598,2022-08-24,C0126,D02,E11,4,1005.0
SO010599,2022-09-10,C0126,D02,E11,7,2190.0
SO010600,2022-09-27,C0126,D02,E11,6,3850.15
SO010601,2022-10-11,C0126,D02,E11,7,3065.8
SO010602,2022-10-27,C0126,D02,E11,5,2013.5
SO010603,2022-11-10,C0126,D02,E11,7,5075.0
SO010604,2022-11-25,C0126,D02,E11,4,3124.7
SO010605,2022-12-10,C0126,D02,E11,3,1495.0
SO010606,2022-12-23,C0126,D02,E11,6,2466.4
SO010607,2023-01-06,C0126,D02,E11,6,2859.3
SO010608,2023-01-19,C0126,D02,E11,6,5575.0
SO010609,2023-02-02,C0126,D02,E11,5,3035.3
SO010610,2023-02-19,C0126,D02,E11,4,2230.0
SO010611,2023-03-04,C0126,D02,E11,3,715.0
SO010612,2023-03-17,C0126,D02,E11,6,2043.6
SO010613,2023-03-30,C0126,D02,E11,7,2465.0
SO010614,2023-04-16,C0126,D02,E11,5,1188.3
SO010615,2023-04-29,C0126,D02,E11,3,980.0
SO010616,2023-05-12,C0126,D02,E11,4,1245.0
SO010617,2023-05-25,C0126,D02,E11,6,2002.8
SO010618,2023-06-10,C0126,D02,E11,5,2223.15
SO010619,2023-06-24,C0126,D02,E11,7,3174.6
SO010620,2023-07-09,C0126,D02,E11,7,2660.0
SO010621,2023-07-25,C0126,D02,E11,4,1216.5
SO010622,2023-08-10,C0126,D02,E11,5,1305.0
SO010623,2023-08-24,C0126,D02,E11,5,2785.0
SO010624,2023-09-06,C0126,D02,E11,4,1960.75
SO010625,2023-09-21,C0126,D02,E11,3,1212.8
SO010626,2023-10-05,C0126,D02,E11,6,3137.4
SO010627,2023-10-20,C0126,D02,E11,7,3076.75
SO010628,2023-11-04,C0126,D02,E11,6,5179.5
SO010629,2023-11-20,C0126,D02,E11,3,2165.0
SO010630,2023-12-05,C0126,D02,E11,6,2674.4
SO010631,2023-12-21,C0126,D02,E11,4,2089.5
SO010632,2024-01-05,C0126,D02,E11,6,2630.0
SO010633,2024-01-22,C0126,D02,E11,5,1980.0
SO010634,2024-02-04,C0126,D02,E11,7,5521.2
SO010635,2024-02-21,C0126,D02,E11,6,5428.55
SO010636,2024-03-06,C0126,D02,E11,4,1175.0
SO010637,2024-03-23,C0126,D02,E11,4,1897.5
SO010638,2024-04-05,C0126,D02,E11,5,1505.2
SO010639,2024-04-22,C0126,D02,E11,4,2063.3
SO010640,2024-05-06,C0126,D02,E11,3,1273.4
SO010641,2024-05-22,C0126,D02,E11,6,1967.5
SO010642,2024-06-05,C0126,D02,E11,4,1758.4
SO010643,2024-06-22,C0126,D02,E11,6,2845.0
SO010644,2024-07-05,C0126,D02,E11,3,1545.0
SO010645,2024-07-19,C0126,D02,E11,4,1620.0
SO010646,2024-08-04,C0126,D02,E11,7,3027.1
SO010647,2024-08-21,C0126,D02,E11,7,3395.0
SO010648,2024-09-07,C0126,D02,E11,7,2817.85
SO010649,2024-09-20,C0126,D02,E11,4,1225.0
SO010650,2024-10-07,C0126,D02,E11,5,4128.6
SO010651,2024-10-24,C0126,D02,E11,5,2456.4
SO010652,2024-11-07,C0126,D02,E11,6,4643.8
SO010653,2024-11-21,C0126,D02,E11,7,4440.0
SO010654,2024-12-06,C0126,D02,E11,4,2565.0
SO010655,2024-12-23,C0126,D02,E11,7,3795.0
SO010656,2022-01-08,C0127,D01,E06,4,1235.0
SO010657,2022-01-22,C0127,D01,E06,5,4205.0
SO010658,2022-02-04,C0127,D01,E06,7,3900.1
SO010659,2022-02-17,C0127,D01,E06,6,2843.5
SO010660,2022-03-04,C0127,D01,E06,4,1641.5
SO010661,2022-03-18,C0127,D01,E06,6,1780.25
SO010662,2022-04-01,C0127,D01,E06,3,1440.0
SO010663,2022-04-18,C0127,D01,E06,7,1989.8
SO010664,2022-05-02,C0127,D01,E06,5,2090.0
SO010665,2022-05-18,C0127,D01,E06,5,1310.0
SO010666,2022-06-03,C0127,D01,E06,3,1035.0
SO010667,2022-06-17,C0127,D01,E06,5,1954.15
SO010668,2022-07-02,C0127,D01,E06,6,2712.9
SO010669,2022-07-18,C0127,D01,E06,7,2965.0
SO010670,2022-08-04,C0127,D01,E06,5,1410.0
SO010671,2022-08-21,C0127,D01,E06,6,2250.0
SO010672,2022-09-06,C0127,D01,E06,7,3299.2
SO010673,2022-09-19,C0127,D01,E06,5,1405.4
SO010674,2022-10-02,C0127,D01,E06,4,2453.85
SO010675,2022-10-15,C0127,D01,E06,7,4813.4
SO010676,2022-11-01,C0127,D01,E06,3,1585.0
SO010677,2022-11-14,C0127,D01,E06,6,2782.2
SO010678,2022-11-29,C0127,D01,E06,7,3392.4
SO010679,2022-12-14,C0127,D01,E06,5,2913.15
SO010680,2022-12-28,C0127,D01,E06,3,1810.0
SO010681,2023-01-12,C0127,D01,E06,5,3455.35
SO010682,2023-01-27,C0127,D01,E06,3,2253.5
SO010683,2023-02-13,C0127,D01,E06,3,1230.0
SO010684,2023-02-28,C0127,D01,E06,3,1615.0
SO010685,2023-03-13,C0127,D01,E06,7,2385.0
SO010686,2023-03-28,C0127,D01,E06,7,2453.0
SO010687,2023-04-13,C0127,D01,E06,3,1035.0
SO010688,2023-04-26,C0127,D01,E06,5,1745.0
SO010689,2023-05-10,C0127,D01,E06,4,1070.8
SO010690,2023-05-26,C0127,D01,E06,7,1764.3
SO010691,2023-06-12,C0127,D01,E06,4,1370.0
SO010692,2023-06-27,C0127,D01,E06,5,2575.0
SO010693,2023-07-14,C0127,D01,E06,6,2657.2
SO010694,2023-07-27,C0127,D01,E06,4,2254.8
SO010695,2023-08-13,C0127,D01,E06,7,3380.0
SO010696,2023-08-30,C0127,D01,E06,5,2230.0
SO010697,2023-09-12,C0127,D01,E06,3,970.75
SO010698,2023-09-26,C0127,D01,E06,7,2904.05
SO010699,2023-10-12,C0127,D01,E06,3,960.0
SO010700,2023-10-29,C0127,D01,E06,7,4133.6
SO010701,2023-11-12,C0127,D01,E06,3,2215.8
SO010702,2023-11-27,C0127,D01,E06,5,3951.8
SO010703,2023-12-10,C0127,D01,E06,3,1377.4
SO010704,2023-12-27,C0127,D01,E06,6,3735.0
SO010705,2024-01-09,C0127,D01,E06,7,5785.0
SO010706,2024-01-25,C0127,D01,E06,4,2170.0
SO010707,2024-02-07,C0127,D01,E06,7,4164.6
SO010708,2024-02-22,C0127,D01,E06,4,4100.4
SO010709,2024-03-06,C0127,D01,E06,7,2682.0
SO010710,2024-03-21,C0127,D01,E06,4,1426.45
SO010711,2024-04-07,C0127,D01,E06,7,1940.0
SO010712,2024-04-23,C0127,D01,E06,4,1457.8
SO010713,2024-05-07,C0127,D01,E06,6,1934.6
SO010714,2024-05-20,C0127,D01,E06,6,2378.95
SO010715,2024-06-06,C0127,D01,E06,7,2721.1
SO010716,2024-06-21,C0127,D01,E06,6,3275.0
SO010717,2024-07-05,C0127,D01,E06,6,2800.0
SO010718,2024-07-18,C0127,D01,E06,3,970.0
SO010719,2024-08-04,C0127,D01,E06,7,2978.9
SO010720,2024-08-19,C0127,D01,E06,3,1214.25
SO010721,2024-09-04,C0127,D01,E06,7,3349.75
SO010722,2024-09-17,C0127,D01,E06,5,1965.0
SO010723,2024-10-01,C0127,D01,E06,6,4175.1
SO010724,2024-10-14,C0127,D01,E06,6,3230.0
SO010725,2024-10-31,C0127,D01,E06,4,2679.8
SO010726,2024-11-17,C0127,D01,E06,6,3236.0
SO010727,2024-11-30,C0127,D01,E06,5,3418.75
SO010728,2024-12-16,C0127,D01,E06,5,4115.3
SO010729,2022-01-10,C0128,D01,E07,6,4603.8
SO010730,2022-01-20,C0128,D01,E07,5,6231.2
SO010731,2022-02-01,C0128,D01,E07,6,7125.0
SO010732,2022-02-13,C0128,D01,E07,5,7230.0
SO010733,2022-02-24,C0128,D01,E07,3,3645.0
SO010734,2022-03-07,C0128,D01,E07,4,1803.2
SO010735,2022-03-20,C0128,D01,E07,3,1486.5
SO010736,2022-03-31,C0128,D01,E07,3,1180.0
SO010737,2022-04-14,C0128,D01,E07,7,3340.25
SO010738,2022-04-26,C0128,D01,E07,5,2822.8
SO010739,2022-05-09,C0128,D01,E07,3,1945.0
SO010740,2022-05-20,C0128,D01,E07,5,2910.0
SO010741,2022-06-01,C0128,D01,E07,7,4183.1
SO010742,2022-06-13,C0128,D01,E07,3,995.0
SO010743,2022-06-25,C0128,D01,E07,3,1620.0
SO010744,2022-07-07,C0128,D01,E07,3,2946.5
SO010745,2022-07-17,C0128,D01,E07,4,3122.6
SO010746,2022-07-28,C0128,D01,E07,4,2586.5
SO010747,2022-08-08,C0128,D01,E07,4,3495.0
SO010748,2022-08-20,C0128,D01,E07,5,4492.5
SO010749,2022-08-30,C0128,D01,E07,3,2490.0
SO010750,2022-09-09,C0128,D01,E07,5,2825.0
SO010751,2022-09-19,C0128,D01,E07,6,3370.0
SO010752,2022-10-02,C0128,D01,E07,6,5597.65
SO010753,2022-10-13,C0128,D01,E07,7,4841.8
SO010754,2022-10-27,C0128,D01,E07,5,5151.3
SO010755,2022-11-09,C0128,D01,E07,7,6585.0
SO010756,2022-11-22,C0128,D01,E07,6,6480.0
SO010757,2022-12-06,C0128,D01,E07,6,6354.55
SO010758,2022-12-18,C0128,D01,E07,7,9675.0
SO010759,2023-01-01,C0128,D01,E07,5,8665.0
SO010760,2023-01-13,C0128,D01,E07,3,3450.0
SO010761,2023-01-27,C0128,D01,E07,3,1910.0
SO010762,2023-02-08,C0128,D01,E07,5,4299.0
SO010763,2023-02-21,C0128,D01,E07,4,4867.65
SO010764,2023-03-04,C0128,D01,E07,3,1393.8
SO010765,2023-03-14,C0128,D01,E07,6,4028.0
SO010766,2023-03-24,C0128,D01,E07,4,2567.45
SO010767,2023-04-06,C0128,D01,E07,3,1385.0
SO010768,2023-04-19,C0128,D01,E07,5,2751.6
SO010769,2023-04-30,C0128,D01,E07,7,3980.0
SO010770,2023-05-13,C0128,D01,E07,7,4921.6
SO010771,2023-05-26,C0128,D01,E07,7,4454.6
SO010772,2023-06-08,C0128,D01,E07,5,3330.0
SO010773,2023-06-21,C0128,D01,E07,4,3205.0
SO010774,2023-07-04,C0128,D01,E07,4,4845.0
SO010775,2023-07-18,C0128,D01,E07,5,4713.0
SO010776,2023-08-01,C0128,D01,E07,6,4602.5
SO010777,2023-08-14,C0128,D01,E07,4,2700.0
SO010778,2023-08-27,C0128,D01,E07,6,3492.15
SO010779,2023-09-07,C0128,D01,E07,6,4385.0
SO010780,2023-09-19,C0128,D01,E07,4,3055.0
SO010781,2023-10-03,C0128,D01,E07,3,1500.0
SO010782,2023-10-15,C0128,D01,E07,4,4480.0
SO010783,2023-10-29,C0128,D01,E07,6,5170.3
SO010784,2023-11-09,C0128,D01,E07,4,5360.2
SO010785,2023-11-20,C0128,D01,E07,3,2660.0
SO010786,2023-12-01,C0128,D01,E07,6,6330.0
SO010787,2023-12-14,C0128,D01,E07,4,3220.0
SO010788,2023-12-27,C0128,D01,E07,6,6796.65
SO010789,2024-01-08,C0128,D01,E07,4,2755.1
SO010790,2024-01-20,C0128,D01,E07,5,6445.0
SO010791,2024-01-31,C0128,D01,E07,4,5260.0
SO010792,2024-02-11,C0128,D01,E07,6,8100.0
SO010793,2024-02-23,C0128,D01,E07,3,2765.0
SO010794,2024-03-08,C0128,D01,E07,6,3908.4
SO010795,2024-03-22,C0128,D01,E07,5,3185.0
SO010796,2024-04-04,C0128,D01,E07,6,3615.0
SO010797,2024-04-14,C0128,D01,E07,5,2665.0
SO010798,2024-04-26,C0128,D01,E07,6,3595.6
SO010799,2024-05-06,C0128,D01,E07,4,1765.0
SO010800,2024-05-18,C0128,D01,E07,5,2580.0
SO010801,2024-05-30,C0128,D01,E07,3,1780.0
SO010802,2024-06-12,C0128,D01,E07,7,7412.4
SO010803,2024-06-22,C0128,D01,E07,5,5300.0
SO010804,2024-07-06,C0128,D01,E07,7,5669.55
SO010805,2024-07-20,C0128,D01,E07,3,2020.0
SO010806,2024-08-02,C0128,D01,E07,5,5520.0
SO010807,2024-08-16,C0128,D01,E07,7,7827.2
SO010808,2024-08-26,C0128,D01,E07,3,2285.0
SO010809,2024-09-05,C0128,D01,E07,6,4225.0
SO010810,2024-09-15,C0128,D01,E07,4,2392.0
SO010811,2024-09-26,C0128,D01,E07,6,4400.0
SO010812,2024-10-10,C0128,D01,E07,5,5243.7
SO010813,2024-10-23,C0128,D01,E07,7,8100.15
SO010814,2024-11-06,C0128,D01,E07,3,3415.0
SO010815,2024-11-20,C0128,D01,E07,5,6433.55
SO010816,2024-12-03,C0128,D01,E07,4,4360.0
SO010817,2024-12-17,C0128,D01,E07,3,5490.0
SO010818,2024-12-30,C0128,D01,E07,7,10823.85
SO010819,2022-01-04,C0129,D01,E08,5,2370.0
SO010820,2022-01-19,C0129,D01,E08,4,3102.9
SO010821,2022-02-04,C0129,D01,E08,3,1740.0
SO010822,2022-02-17,C0129,D01,E08,3,1308.3
SO010823,2022-03-05,C0129,D01,E08,7,2463.0
SO010824,2022-03-20,C0129,D01,E08,6,2635.2
SO010825,2022-04-02,C0129,D01,E08,6,1865.0
SO010826,2022-04-15,C0129,D01,E08,6,2055.0
SO010827,2022-04-30,C0129,D01,E08,5,1280.0
SO010828,2022-05-15,C0129,D01,E08,6,1765.0
SO010829,2022-05-31,C0129,D01,E08,5,1341.6
SO010830,2022-06-13,C0129,D01,E08,7,3131.6
SO010831,2022-06-29,C0129,D01,E08,5,2095.0
SO010832,2022-07-12,C0129,D01,E08,6,2522.4
SO010833,2022-07-25,C0129,D01,E08,6,2101.45
SO010834,2022-08-11,C0129,D01,E08,6,2817.15
SO010835,2022-08-28,C0129,D01,E08,7,3216.9
SO010836,2022-09-12,C0129,D01,E08,6,2650.0
SO010837,2022-09-28,C0129,D01,E08,7,3841.75
SO010838,2022-10-15,C0129,D01,E08,4,2291.2
SO010839,2022-10-28,C0129,D01,E08,5,1774.6
SO010840,2022-11-12,C0129,D01,E08,7,5140.0
SO010841,2022-11-28,C0129,D01,E08,6,3540.0
SO010842,2022-12-13,C0129,D01,E08,3,1568.4
SO010843,2022-12-29,C0129,D01,E08,6,4555.0
SO010844,2023-01-14,C0129,D01,E08,6,3302.7
SO010845,2023-01-29,C0129,D01,E08,4,2485.0
SO010846,2023-02-14,C0129,D01,E08,6,4585.0
SO010847,2023-03-03,C0129,D01,E08,4,1290.0
SO010848,2023-03-17,C0129,D01,E08,3,500.0
SO010849,2023-03-30,C0129,D01,E08,6,1555.0
SO010850,2023-04-12,C0129,D01,E08,3,836.45
SO010851,2023-04-29,C0129,D01,E08,6,1710.2
SO010852,2023-05-16,C0129,D01,E08,4,1091.1
SO010853,2023-06-01,C0129,D01,E08,5,1899.9
SO010854,2023-06-15,C0129,D01,E08,6,2626.9
SO010855,2023-07-02,C0129,D01,E08,6,2039.4
SO010856,2023-07-18,C0129,D01,E08,6,2440.2
SO010857,2023-08-02,C0129,D01,E08,3,1225.0
SO010858,2023-08-18,C0129,D01,E08,3,1500.0
SO010859,2023-09-02,C0129,D01,E08,4,1420.0
SO010860,2023-09-15,C0129,D01,E08,3,1586.0
SO010861,2023-10-02,C0129,D01,E08,4,2400.0
SO010862,2023-10-19,C0129,D01,E08,3,2162.1
SO010863,2023-11-05,C0129,D01,E08,3,1904.75
SO010864,2023-11-21,C0129,D01,E08,7,4553.6
SO010865,2023-12-05,C0129,D01,E08,4,2195.0
SO010866,2023-12-22,C0129,D01,E08,4,1726.6
SO010867,2024-01-08,C0129,D01,E08,6,3503.75
SO010868,2024-01-21,C0129,D01,E08,7,4550.7
SO010869,2024-02-05,C0129,D01,E08,7,3929.2
SO010870,2024-02-22,C0129,D01,E08,3,2030.0
SO010871,2024-03-09,C0129,D01,E08,3,1165.0
SO010872,2024-03-25,C0129,D01,E08,4,2115.0
SO010873,2024-04-11,C0129,D01,E08,7,2275.0
SO010874,2024-04-25,C0129,D01,E08,3,1455.0
SO010875,2024-05-12,C0129,D01,E08,4,1197.5
SO010876,2024-05-28,C0129,D01,E08,3,930.0
SO010877,2024-06-14,C0129,D01,E08,6,2828.05
SO010878,2024-06-30,C0129,D01,E08,6,2475.0
SO010879,2024-07-16,C0129,D01,E08,6,3285.0
SO010880,2024-07-31,C0129,D01,E08,6,2070.0
SO010881,2024-08-15,C0129,D01,E08,5,2524.3
SO010882,2024-08-29,C0129,D01,E08,7,3590.0
SO010883,2024-09-14,C0129,D01,E08,4,1629.9
SO010884,2024-09-27,C0129,D01,E08,5,2615.3
SO010885,2024-10-14,C0129,D01,E08,4,1457.9
SO010886,2024-10-30,C0129,D01,E08,7,4789.15
SO010887,2024-11-12,C0129,D01,E08,6,4030.0
SO010888,2024-11-27,C0129,D01,E08,7,5700.0
SO010889,2024-12-14,C0129,D01,E08,6,3779.4
SO010890,2024-12-27,C0129,D01,E08,6,4530.0
SO010891,2022-01-01,C0130,D02,E09,4,5060.0
SO010892,2022-01-15,C0130,D02,E09,4,4260.0
SO010893,2022-01-29,C0130,D02,E09,6,4666.95
SO010894,2022-02-10,C0130,D02,E09,4,3125.0
SO010895,2022-02-22,C0130,D02,E09,5,4195.0
SO010896,2022-03-08,C0130,D02,E09,7,3498.75
SO010897,2022-03-20,C0130,D02,E09,6,3375.0
SO010898,2022-03-30,C0130,D02,E09,4,1990.0
SO010899,2022-04-09,C0130,D02,E09,3,945.0
SO010900,2022-04-20,C0130,D02,E09,7,5396.6
SO010901,2022-05-02,C0130,D02,E09,3,1405.0
SO010902,2022-05-14,C0130,D02,E09,7,3055.0
SO010903,2022-05-24,C0130,D02,E09,4,2350.0
SO010904,2022-06-04,C0130,D02,E09,7,5710.0
SO010905,2022-06-14,C0130,D02,E09,5,4740.95
SO010906,2022-06-27,C0130,D02,E09,3,1465.0
SO010907,2022-07-11,C0130,D02,E09,3,1413.2
SO010908,2022-07-21,C0130,D02,E09,3,3930.0
SO010909,2022-08-01,C0130,D02,E09,7,5145.2
SO010910,2022-08-12,C0130,D02,E09,4,3790.2
SO010911,2022-08-23,C0130,D02,E09,7,5010.0
SO010912,2022-09-06,C0130,D02,E09,7,4272.0
SO010913,2022-09-16,C0130,D02,E09,6,4515.0
SO010914,2022-09-28,C0130,D02,E09,3,2295.1
SO010915,2022-10-12,C0130,D02,E09,7,6253.4
SO010916,2022-10-24,C0130,D02,E09,4,4281.4
SO010917,2022-11-05,C0130,D02,E09,3,2625.0
SO010918,2022-11-19,C0130,D02,E09,3,2592.9
SO010919,2022-11-29,C0130,D02,E09,4,3840.0
SO010920,2022-12-12,C0130,D02,E09,4,3960.0
SO010921,2022-12-26,C0130,D02,E09,6,5195.7
SO010922,2023-01-08,C0130,D02,E09,3,2380.0
SO010923,2023-01-22,C0130,D02,E09,6,5405.7
SO010924,2023-02-02,C0130,D02,E09,6,6308.4
SO010925,2023-02-16,C0130,D02,E09,6,8543.7
SO010926,2023-03-01,C0130,D02,E09,6,3635.0
SO010927,2023-03-14,C0130,D02,E09,7,3795.0
SO010928,2023-03-24,C0130,D02,E09,5,3412.3
SO010929,2023-04-05,C0130,D02,E09,3,1310.0
SO010930,2023-04-19,C0130,D02,E09,5,2534.0
SO010931,2023-05-01,C0130,D02,E09,6,3167.9
SO010932,2023-05-12,C0130,D02,E09,7,5445.0
SO010933,2023-05-26,C0130,D02,E09,5,2860.0
SO010934,2023-06-05,C0130,D02,E09,4,3449.35
SO010935,2023-06-18,C0130,D02,E09,7,5631.5
SO010936,2023-06-28,C0130,D02,E09,5,4160.0
SO010937,2023-07-08,C0130,D02,E09,7,5166.9
SO010938,2023-07-18,C0130,D02,E09,5,3790.75
SO010939,2023-07-30,C0130,D02,E09,7,4986.1
SO010940,2023-08-10,C0130,D02,E09,3,3240.0
SO010941,2023-08-23,C0130,D02,E09,4,3853.5
SO010942,2023-09-05,C0130,D02,E09,5,3565.0
SO010943,2023-09-15,C0130,D02,E09,7,6685.0
SO010944,2023-09-28,C0130,D02,E09,4,3590.0
SO010945,2023-10-09,C0130,D02,E09,6,4180.5
SO010946,2023-10-20,C0130,D02,E09,4,4291.45
SO010947,2023-10-31,C0130,D02,E09,3,2417.8
SO010948,2023-11-14,C0130,D02,E09,6,8353.0
SO010949,2023-11-25,C0130,D02,E09,4,6070.0
SO010950,2023-12-08,C0130,D02,E09,4,5160.0
SO010951,2023-12-22,C0130,D02,E09,6,8595.0
SO010952,2024-01-05,C0130,D02,E09,3,2780.0
SO010953,2024-01-19,C0130,D02,E09,7,6304.0
SO010954,2024-02-02,C0130,D02,E09,7,5321.65
SO010955,2024-02-12,C0130,D02,E09,7,8340.0
SO010956,2024-02-22,C0130,D02,E09,5,5135.0
SO010957,2024-03-04,C0130,D02,E09,3,2463.6
SO010958,2024-03-17,C0130,D02,E09,5,3092.5
SO010959,2024-03-28,C0130,D02,E09,3,2850.0
SO010960,2024-04-11,C0130,D02,E09,3,3320.0
SO010961,2024-04-22,C0130,D02,E09,7,5075.0
SO010962,2024-05-06,C0130,D02,E09,7,4988.4
SO010963,2024-05-19,C0130,D02,E09,7,4390.0
SO010964,2024-06-02,C0130,D02,E09,6,5905.0
SO010965,2024-06-12,C0130,D02,E09,7,5155.2
SO010966,2024-06-22,C0130,D02,E09,7,5870.8
SO010967,2024-07-05,C0130,D02,E09,4,2710.0
SO010968,2024-07-17,C0130,D02,E09,4,3548.4
SO010969,2024-07-27,C0130,D02,E09,4,3427.2
SO010970,2024-08-06,C0130,D02,E09,4,4620.0
SO010971,2024-08-16,C0130,D02,E09,5,4925.0
SO010972,2024-08-30,C0130,D02,E09,7,6115.3
SO010973,2024-09-13,C0130,D02,E09,7,5307.3
SO010974,2024-09-23,C0130,D02,E09,5,4244.0
SO010975,2024-10-04,C0130,D02,E09,7,7408.55
SO010976,2024-10-17,C0130,D02,E09,6,5490.05
SO010977,2024-10-27,C0130,D02,E09,6,7834.05
SO010978,2024-11-08,C0130,D02,E09,3,3288.7
SO010979,2024-11-21,C0130,D02,E09,5,5723.65
SO010980,2024-12-05,C0130,D02,E09,4,4920.0
SO010981,2024-12-17,C0130,D02,E09,6,6007.4
SO010982,2024-12-27,C0130,D02,E09,7,7940.8
SO010983,2022-01-03,C0131,D02,E10,6,2825.0
SO010984,2022-01-20,C0131,D02,E10,3,1705.0
SO010985,2022-02-03,C0131,D02,E10,4,2077.5
SO010986,2022-02-17,C0131,D02,E10,5,2690.0
SO010987,2022-03-03,C0131,D02,E10,7,1779.3
SO010988,2022-03-16,C0131,D02,E10,5,1405.0
SO010989,2022-04-02,C0131,D02,E10,7,2670.3
SO010990,2022-04-17,C0131,D02,E10,3,1570.0
SO010991,2022-05-02,C0131,D02,E10,4,1245.0
SO010992,2022-05-19,C0131,D02,E10,3,815.55
SO010993,2022-06-02,C0131,D02,E10,6,2750.0
SO010994,2022-06-18,C0131,D02,E10,7,3380.25
SO010995,2022-07-03,C0131,D02,E10,6,2405.0
SO010996,2022-07-18,C0131,D02,E10,4,1853.4
SO010997,2022-08-02,C0131,D02,E10,5,2008.7
SO010998,2022-08-17,C0131,D02,E10,7,2543.05
SO010999,2022-08-31,C0131,D02,E10,6,2640.0
SO011000,2022-09-14,C0131,D02,E10,5,1315.0
SO011001,2022-09-27,C0131,D02,E10,4,1266.7
SO011002,2022-10-13,C0131,D02,E10,5,2141.9
SO011003,2022-10-28,C0131,D02,E10,4,1880.0
SO011004,2022-11-14,C0131,D02,E10,4,3060.0
SO011005,2022-11-29,C0131,D02,E10,7,3815.0
SO011006,2022-12-14,C0131,D02,E10,7,3316.85
SO011007,2022-12-28,C0131,D02,E10,7,5535.0
SO011008,2023-01-10,C0131,D02,E10,3,1965.0
SO011009,2023-01-26,C0131,D02,E10,7,5635.0
SO011010,2023-02-12,C0131,D02,E10,7,3763.3
SO011011,2023-02-26,C0131,D02,E10,7,5265.0
SO011012,2023-03-14,C0131,D02,E10,5,1750.5
SO011013,2023-03-30,C0131,D02,E10,5,1802.85
SO011014,2023-04-12,C0131,D02,E10,5,1475.0
SO011015,2023-04-25,C0131,D02,E10,3,1000.0
SO011016,2023-05-12,C0131,D02,E10,5,1605.0
SO011017,2023-05-25,C0131,D02,E10,4,1599.2
SO011018,2023-06-09,C0131,D02,E10,3,885.0
SO011019,2023-06-23,C0131,D02,E10,3,909.2
SO011020,2023-07-07,C0131,D02,E10,4,1530.0
SO011021,2023-07-23,C0131,D02,E10,5,1827.0
SO011022,2023-08-06,C0131,D02,E10,5,3061.65
SO011023,2023-08-22,C0131,D02,E10,4,2365.7
SO011024,2023-09-07,C0131,D02,E10,3,2075.0
SO011025,2023-09-20,C0131,D02,E10,6,2366.9
SO011026,2023-10-04,C0131,D02,E10,5,2987.5
SO011027,2023-10-18,C0131,D02,E10,6,3955.85
SO011028,2023-11-02,C0131,D02,E10,7,6217.15
SO011029,2023-11-18,C0131,D02,E10,5,2870.0
SO011030,2023-12-01,C0131,D02,E10,7,6214.15
SO011031,2023-12-18,C0131,D02,E10,6,3535.0
SO011032,2024-01-02,C0131,D02,E10,6,4365.0
SO011033,2024-01-15,C0131,D02,E10,7,4116.1
SO011034,2024-01-31,C0131,D02,E10,6,3609.45
SO011035,2024-02-13,C0131,D02,E10,7,5508.15
SO011036,2024-03-01,C0131,D02,E10,7,2331.4
SO011037,2024-03-18,C0131,D02,E10,3,1090.0
SO011038,2024-04-04,C0131,D02,E10,3,1102.05
SO011039,2024-04-18,C0131,D02,E10,3,925.0
SO011040,2024-05-03,C0131,D02,E10,4,1430.0
SO011041,2024-05-20,C0131,D02,E10,5,1425.0
SO011042,2024-06-06,C0131,D02,E10,5,3225.0
SO011043,2024-06-19,C0131,D02,E10,5,1665.0
SO011044,2024-07-03,C0131,D02,E10,7,2735.1
SO011045,2024-07-20,C0131,D02,E10,5,2040.0
SO011046,2024-08-05,C0131,D02,E10,4,2294.5
SO011047,2024-08-22,C0131,D02,E10,5,3480.0
SO011048,2024-09-05,C0131,D02,E10,4,1760.0
SO011049,2024-09-22,C0131,D02,E10,4,2360.0
SO011050,2024-10-05,C0131,D02,E10,5,5236.65
SO011051,2024-10-21,C0131,D02,E10,5,1720.0
SO011052,2024-11-05,C0131,D02,E10,4,2251.2
SO011053,2024-11-19,C0131,D02,E10,6,3695.0
SO011054,2024-12-05,C0131,D02,E10,6,4255.1
SO011055,2024-12-20,C0131,D02,E10,4,2860.0
SO011056,2022-01-07,C0132,D02,E11,4,1315.0
SO011057,2022-01-23,C0132,D02,E11,4,1370.0
SO011058,2022-02-09,C0132,D02,E11,7,3810.0
SO011059,2022-02-22,C0132,D02,E11,4,2009.4
SO011060,2022-03-08,C0132,D02,E11,3,680.0
SO011061,2022-03-21,C0132,D02,E11,3,385.0
SO011062,2022-04-04,C0132,D02,E11,6,1745.0
SO011063,2022-04-21,C0132,D02,E11,7,1884.3
SO011064,2022-05-07,C0132,D02,E11,3,717.8
SO011065,2022-05-23,C0132,D02,E11,4,1315.0
SO011066,2022-06-05,C0132,D02,E11,6,2350.0
SO011067,2022-06-22,C0132,D02,E11,6,2990.0
SO011068,2022-07-08,C0132,D02,E11,7,3086.0
SO011069,2022-07-22,C0132,D02,E11,4,2300.0
SO011070,2022-08-06,C0132,D02,E11,4,1698.2
SO011071,2022-08-20,C0132,D02,E11,5,2277.45
SO011072,2022-09-05,C0132,D02,E11,5,1910.0
SO011073,2022-09-22,C0132,D02,E11,7,2809.75
SO011074,2022-10-07,C0132,D02,E11,6,2090.0
SO011075,2022-10-24,C0132,D02,E11,4,2275.0
SO011076,2022-11-09,C0132,D02,E11,6,3948.4
SO011077,2022-11-26,C0132,D02,E11,4,4305.0
SO011078,2022-12-09,C0132,D02,E11,4,2176.9
SO011079,2022-12-24,C0132,D02,E11,5,3440.0
SO011080,2023-01-07,C0132,D02,E11,7,4619.25
SO011081,2023-01-23,C0132,D02,E11,5,3765.0
SO011082,2023-02-07,C0132,D02,E11,5,2417.5
SO011083,2023-02-21,C0132,D02,E11,3,1821.9
SO011084,2023-03-08,C0132,D02,E11,4,846.2
SO011085,2023-03-25,C0132,D02,E11,4,990.0
SO011086,2023-04-09,C0132,D02,E11,7,2226.05
SO011087,2023-04-23,C0132,D02,E11,7,1949.6
SO011088,2023-05-07,C0132,D02,E11,7,2133.0
SO011089,2023-05-22,C0132,D02,E11,3,494.3
SO011090,2023-06-07,C0132,D02,E11,4,1973.8
SO011091,2023-06-22,C0132,D02,E11,3,1266.0
SO011092,2023-07-05,C0132,D02,E11,7,1779.3
SO011093,2023-07-19,C0132,D02,E11,3,735.0
SO011094,2023-08-05,C0132,D02,E11,5,1642.4
SO011095,2023-08-22,C0132,D02,E11,3,1395.0
SO011096,2023-09-08,C0132,D02,E11,7,2233.75
SO011097,2023-09-22,C0132,D02,E11,6,2810.0
SO011098,2023-10-08,C0132,D02,E11,6,3943.6
SO011099,2023-10-24,C0132,D02,E11,7,3773.75
SO011100,2023-11-09,C0132,D02,E11,4,2340.5
SO011101,2023-11-26,C0132,D02,E11,3,1435.0
SO011102,2023-12-13,C0132,D02,E11,7,3912.35
SO011103,2023-12-27,C0132,D02,E11,5,3025.0
SO011104,2024-01-09,C0132,D02,E11,4,3155.0
SO011105,2024-01-22,C0132,D02,E11,3,2767.75
SO011106,2024-02-06,C0132,D02,E11,4,2856.65
SO011107,2024-02-20,C0132,D02,E11,3,1680.0
SO011108,2024-03-08,C0132,D02,E11,4,1209.6
SO011109,2024-03-24,C0132,D02,E11,6,1611.4
SO011110,2024-04-10,C0132,D02,E11,5,1920.0
SO011111,2024-04-24,C0132,D02,E11,7,2890.0
SO011112,2024-05-09,C0132,D02,E11,3,780.0
SO011113,2024-05-24,C0132,D02,E11,7,2431.6
SO011114,2024-06-07,C0132,D02,E11,4,1454.5
SO011115,2024-06-23,C0132,D02,E11,5,2367.85
SO011116,2024-07-06,C0132,D02,E11,3,1251.5
SO011117,2024-07-23,C0132,D02,E11,3,1118.8
SO011118,2024-08-06,C0132,D02,E11,3,749.2
SO011119,2024-08-23,C0132,D02,E11,7,2300.0
SO011120,2024-09-06,C0132,D02,E11,4,1985.0
SO011121,2024-09-19,C0132,D02,E11,3,1680.0
SO011122,2024-10-06,C0132,D02,E11,3,1275.3
SO011123,2024-10-20,C0132,D02,E11,4,2080.0
SO011124,2024-11-03,C0132,D02,E11,3,1449.75
SO011125,2024-11-17,C0132,D02,E11,5,3375.8
SO011126,2024-12-04,C0132,D02,E11,6,5883.8
SO011127,2024-12-17,C0132,D02,E11,5,2886.2
SO011128,2024-12-30,C0132,D02,E11,3,2293.6
SO011129,2022-01-06,C0133,D01,E06,3,1740.0
SO011130,2022-01-23,C0133,D01,E06,4,1650.0
SO011131,2022-02-05,C0133,D01,E06,3,2150.0
SO011132,2022-02-20,C0133,D01,E06,7,4305.1
SO011133,2022-03-06,C0133,D01,E06,3,840.6
SO011134,2022-03-21,C0133,D01,E06,3,1200.0
SO011135,2022-04-06,C0133,D01,E06,4,1736.25
SO011136,2022-04-22,C0133,D01,E06,6,2275.0
SO011137,2022-05-09,C0133,D01,E06,3,1017.2
SO011138,2022-05-23,C0133,D01,E06,4,1811.6
SO011139,2022-06-07,C0133,D01,E06,3,1448.8
SO011140,2022-06-23,C0133,D01,E06,5,1916.45
SO011141,2022-07-07,C0133,D01,E06,3,1355.25
SO011142,2022-07-23,C0133,D01,E06,6,1915.0
SO011143,2022-08-06,C0133,D01,E06,6,2460.0
SO011144,2022-08-19,C0133,D01,E06,6,2371.15
SO011145,2022-09-03,C0133,D01,E06,6,1737.8
SO011146,2022-09-17,C0133,D01,E06,5,2902.8
SO011147,2022-10-01,C0133,D01,E06,7,3853.0
SO011148,2022-10-15,C0133,D01,E06,5,2970.95
SO011149,2022-10-29,C0133,D01,E06,4,1695.0
SO011150,2022-11-11,C0133,D01,E06,7,3042.8
SO011151,2022-11-25,C0133,D01,E06,5,2540.0
SO011152,2022-12-10,C0133,D01,E06,3,1525.0
SO011153,2022-12-27,C0133,D01,E06,7,3813.7
SO011154,2023-01-12,C0133,D01,E06,4,1605.0
SO011155,2023-01-27,C0133,D01,E06,4,2050.05
SO011156,2023-02-11,C0133,D01,E06,4,2150.0
SO011157,2023-02-24,C0133,D01,E06,6,2795.0
SO011158,2023-03-11,C0133,D01,E06,3,1025.0
SO011159,2023-03-24,C0133,D01,E06,4,1255.0
SO011160,2023-04-08,C0133,D01,E06,3,1183.6
SO011161,2023-04-22,C0133,D01,E06,5,1997.0
SO011162,2023-05-06,C0133,D01,E06,7,1885.0
SO011163,2023-05-21,C0133,D01,E06,4,1320.0
SO011164,2023-06-07,C0133,D01,E06,7,3780.0
SO011165,2023-06-23,C0133,D01,E06,5,2076.8
SO011166,2023-07-07,C0133,D01,E06,3,1035.0
SO011167,2023-07-21,C0133,D01,E06,7,3353.75
SO011168,2023-08-06,C0133,D01,E06,4,1625.6
SO011169,2023-08-20,C0133,D01,E06,3,916.9
SO011170,2023-09-03,C0133,D01,E06,7,3365.6
SO011171,2023-09-20,C0133,D01,E06,5,1911.45
SO011172,2023-10-03,C0133,D01,E06,3,1110.0
SO011173,2023-10-19,C0133,D01,E06,5,2955.0
SO011174,2023-11-01,C0133,D01,E06,6,3683.5
SO011175,2023-11-14,C0133,D01,E06,7,4430.5
SO011176,2023-11-29,C0133,D01,E06,7,3926.4
SO011177,2023-12-15,C0133,D01,E06,7,4670.0
SO011178,2024-01-01,C0133,D01,E06,5,3766.6
SO011179,2024-01-18,C0133,D01,E06,5,2600.0
SO011180,2024-02-03,C0133,D01,E06,3,1530.0
SO011181,2024-02-17,C0133,D01,E06,5,2336.4
SO011182,2024-03-04,C0133,D01,E06,4,1653.75
SO011183,2024-03-21,C0133,D01,E06,4,1191.9
SO011184,2024-04-03,C0133,D01,E06,7,2360.0
SO011185,2024-04-19,C0133,D01,E06,5,2128.1
SO011186,2024-05-02,C0133,D01,E06,6,1618.75
SO011187,2024-05-17,C0133,D01,E06,5,2120.0
SO011188,2024-05-31,C0133,D01,E06,7,2621.7
SO011189,2024-06-15,C0133,D01,E06,5,2717.4
SO011190,2024-07-01,C0133,D01,E06,7,2859.5
SO011191,2024-07-16,C0133,D01,E06,7,2911.2
SO011192,2024-08-02,C0133,D01,E06,4,1415.0
SO011193,2024-08-15,C0133,D01,E06,4,2655.0
SO011194,2024-08-29,C0133,D01,E06,3,1100.0
SO011195,2024-09-12,C0133,D01,E06,4,1875.5
SO011196,2024-09-26,C0133,D01,E06,5,2680.25
SO011197,2024-10-11,C0133,D01,E06,3,2724.3
SO011198,2024-10-24,C0133,D01,E06,6,2723.85
SO011199,2024-11-06,C0133,D01,E06,7,5341.0
SO011200,2024-11-23,C0133,D01,E06,5,4820.0
SO011201,2024-12-09,C0133,D01,E06,4,3677.0
SO011202,2024-12-22,C0133,D01,E06,6,2410.0
SO011203,2022-01-04,C0134,D01,E07,5,11803.25
SO011204,2022-01-15,C0134,D01,E07,6,9585.0
SO011205,2022-01-23,C0134,D01,E07,6,8049.35
SO011206,2022-02-03,C0134,D01,E07,4,6420.0
SO011207,2022-02-12,C0134,D01,E07,6,12887.95
SO011208,2022-02-23,C0134,D01,E07,6,9715.0
SO011209,2022-03-04,C0134,D01,E07,6,6505.8
SO011210,2022-03-12,C0134,D01,E07,6,4306.2
SO011211,2022-03-23,C0134,D01,E07,6,4710.0
SO011212,2022-04-01,C0134,D01,E07,6,6637.15
SO011213,2022-04-09,C0134,D01,E07,3,2660.0
SO011214,2022-04-20,C0134,D01,E07,6,5380.7
SO011215,2022-04-30,C0134,D01,E07,6,4733.6
SO011216,2022-05-11,C0134,D01,E07,5,3530.0
SO011217,2022-05-19,C0134,D01,E07,5,3838.9
SO011218,2022-05-27,C0134,D01,E07,5,4379.0
SO011219,2022-06-06,C0134,D01,E07,6,5571.75
SO011220,2022-06-15,C0134,D01,E07,3,2406.5
SO011221,2022-06-24,C0134,D01,E07,7,10986.6
SO011222,2022-07-04,C0134,D01,E07,5,4082.45
SO011223,2022-07-14,C0134,D01,E07,3,2660.0
SO011224,2022-07-25,C0134,D01,E07,5,4555.75
SO011225,2022-08-04,C0134,D01,E07,4,4590.8
SO011226,2022-08-15,C0134,D01,E07,6,5699.75
SO011227,2022-08-24,C0134,D01,E07,3,4140.0
SO011228,2022-09-04,C0134,D01,E07,6,7174.85
SO011229,2022-09-14,C0134,D01,E07,6,7315.6
SO011230,2022-09-21,C0134,D01,E07,4,3960.0
SO011231,2022-09-28,C0134,D01,E07,3,3113.1
SO011232,2022-10-06,C0134,D01,E07,7,6800.0
SO011233,2022-10-16,C0134,D01,E07,3,3525.0
SO011234,2022-10-23,C0134,D01,E07,7,16097.75
SO011235,2022-10-30,C0134,D01,E07,4,3465.0
SO011236,2022-11-06,C0134,D01,E07,5,9125.6
SO011237,2022-11-14,C0134,D01,E07,3,5640.0
SO011238,2022-11-23,C0134,D01,E07,3,3800.0
SO011239,2022-12-02,C0134,D01,E07,6,10454.65
SO011240,2022-12-11,C0134,D01,E07,7,10962.3
SO011241,2022-12-21,C0134,D01,E07,7,16515.0
SO011242,2022-12-28,C0134,D01,E07,3,4035.0
SO011243,2023-01-05,C0134,D01,E07,5,6640.0
SO011244,2023-01-16,C0134,D01,E07,4,6410.0
SO011245,2023-01-23,C0134,D01,E07,5,7039.7
SO011246,2023-02-03,C0134,D01,E07,3,5545.0
SO011247,2023-02-12,C0134,D01,E07,7,13473.05
SO011248,2023-02-22,C0134,D01,E07,3,5966.6
SO011249,2023-03-01,C0134,D01,E07,4,4312.1
SO011250,2023-03-12,C0134,D01,E07,5,6080.0
SO011251,2023-03-21,C0134,D01,E07,5,5130.0
SO011252,2023-03-28,C0134,D01,E07,3,2806.4
SO011253,2023-04-04,C0134,D01,E07,3,2565.0
SO011254,2023-04-12,C0134,D01,E07,7,5485.0
SO011255,2023-04-19,C0134,D01,E07,7,7324.0
SO011256,2023-04-30,C0134,D01,E07,5,5783.8
SO011257,2023-05-09,C0134,D01,E07,6,7283.55
SO011258,2023-05-19,C0134,D01,E07,6,5180.85
SO011259,2023-05-29,C0134,D01,E07,3,3512.1
SO011260,2023-06-05,C0134,D01,E07,7,9143.4
SO011261,2023-06-16,C0134,D01,E07,7,10368.7
SO011262,2023-06-23,C0134,D01,E07,5,7125.0
SO011263,2023-07-01,C0134,D01,E07,3,2792.2
SO011264,2023-07-08,C0134,D01,E07,7,7466.35
SO011265,2023-07-18,C0134,D01,E07,3,3673.8
SO011266,2023-07-25,C0134,D01,E07,5,6670.0
SO011267,2023-08-02,C0134,D01,E07,3,4015.0
SO011268,2023-08-10,C0134,D01,E07,3,4255.0
SO011269,2023-08-18,C0134,D01,E07,7,7771.3
SO011270,2023-08-26,C0134,D01,E07,6,8542.95
SO011271,2023-09-05,C0134,D01,E07,6,8000.2
SO011272,2023-09-12,C0134,D01,E07,6,8180.0
SO011273,2023-09-20,C0134,D01,E07,7,9955.0
SO011274,2023-09-27,C0134,D01,E07,3,3325.0
SO011275,2023-10-07,C0134,D01,E07,5,5015.0
SO011276,2023-10-15,C0134,D01,E07,4,7051.9
SO011277,2023-10-22,C0134,D01,E07,5,8153.85
SO011278,2023-10-30,C0134,D01,E07,7,9158.0
SO011279,2023-11-09,C0134,D01,E07,3,4883.0
SO011280,2023-11-20,C0134,D01,E07,6,10815.0
SO011281,2023-11-27,C0134,D01,E07,5,8137.5
SO011282,2023-12-06,C0134,D01,E07,3,3976.5
SO011283,2023-12-15,C0134,D01,E07,3,4045.0
SO011284,2023-12-24,C0134,D01,E07,7,14375.0
SO011285,2023-12-31,C0134,D01,E07,5,11483.4
SO011286,2024-01-11,C0134,D01,E07,7,10551.8
SO011287,2024-01-22,C0134,D01,E07,4,7082.7
SO011288,2024-01-30,C0134,D01,E07,4,5798.0
SO011289,2024-02-08,C0134,D01,E07,5,8926.0
SO011290,2024-02-18,C0134,D01,E07,6,14954.7
SO011291,2024-02-27,C0134,D01,E07,5,9275.0
SO011292,2024-03-06,C0134,D01,E07,5,4530.15
SO011293,2024-03-13,C0134,D01,E07,7,7786.1
SO011294,2024-03-21,C0134,D01,E07,4,3210.0
SO011295,2024-03-30,C0134,D01,E07,6,7825.7
SO011296,2024-04-07,C0134,D01,E07,5,5840.0
SO011297,2024-04-14,C0134,D01,E07,7,7536.0
SO011298,2024-04-22,C0134,D01,E07,4,3320.0
SO011299,2024-05-02,C0134,D01,E07,5,4735.0
SO011300,2024-05-09,C0134,D01,E07,7,7390.0
SO011301,2024-05-18,C0134,D01,E07,4,3815.0
SO011302,2024-05-28,C0134,D01,E07,7,8926.85
SO011303,2024-06-04,C0134,D01,E07,7,10545.0
SO011304,2024-06-13,C0134,D01,E07,4,5590.0
SO011305,2024-06-24,C0134,D01,E07,5,6619.8
SO011306,2024-07-05,C0134,D01,E07,3,4200.0
SO011307,2024-07-13,C0134,D01,E07,3,2310.0
SO011308,2024-07-20,C0134,D01,E07,6,7672.55
SO011309,2024-07-29,C0134,D01,E07,5,6035.75
SO011310,2024-08-08,C0134,D01,E07,5,8332.05
SO011311,2024-08-15,C0134,D01,E07,3,5340.0
SO011312,2024-08-26,C0134,D01,E07,6,7415.0
SO011313,2024-09-05,C0134,D01,E07,4,3755.35
SO011314,2024-09-15,C0134,D01,E07,7,9265.0
SO011315,2024-09-24,C0134,D01,E07,5,7460.0
SO011316,2024-10-04,C0134,D01,E07,6,7388.2
SO011317,2024-10-13,C0134,D01,E07,3,4710.0
SO011318,2024-10-22,C0134,D01,E07,4,8379.95
SO011319,2024-10-29,C0134,D01,E07,5,7147.7
SO011320,2024-11-05,C0134,D01,E07,7,10481.55
SO011321,2024-11-15,C0134,D01,E07,4,4238.6
SO011322,2024-11-24,C0134,D01,E07,5,7482.6
SO011323,2024-12-03,C0134,D01,E07,6,7684.0
SO011324,2024-12-10,C0134,D01,E07,3,9715.0
SO011325,2024-12-21,C0134,D01,E07,7,8680.75
SO011326,2024-12-28,C0134,D01,E07,7,13048.0
SO011327,2022-01-10,C0135,D01,E08,5,3408.8
SO011328,2022-01-24,C0135,D01,E08,5,2021.5
SO011329,2022-02-06,C0135,D01,E08,6,2442.0
SO011330,2022-02-19,C0135,D01,E08,7,3632.25
SO011331,2022-03-06,C0135,D01,E08,3,1235.25
SO011332,2022-03-20,C0135,D01,E08,7,1889.65
SO011333,2022-04-04,C0135,D01,E08,4,981.45
SO011334,2022-04-21,C0135,D01,E08,7,2422.9
SO011335,2022-05-07,C0135,D01,E08,3,560.2
SO011336,2022-05-23,C0135,D01,E08,6,1172.9
SO011337,2022-06-09,C0135,D01,E08,3,1140.0
SO011338,2022-06-24,C0135,D01,E08,5,1790.0
SO011339,2022-07-11,C0135,D01,E08,6,3205.0
SO011340,2022-07-28,C0135,D01,E08,5,2055.0
SO011341,2022-08-13,C0135,D01,E08,6,2169.1
SO011342,2022-08-28,C0135,D01,E08,4,2005.0
SO011343,2022-09-13,C0135,D01,E08,3,1440.0
SO011344,2022-09-27,C0135,D01,E08,3,1909.5
SO011345,2022-10-14,C0135,D01,E08,7,3484.7
SO011346,2022-10-31,C0135,D01,E08,6,2328.4
SO011347,2022-11-17,C0135,D01,E08,3,2600.0
SO011348,2022-12-02,C0135,D01,E08,7,4230.15
SO011349,2022-12-17,C0135,D01,E08,5,2748.0
SO011350,2023-01-01,C0135,D01,E08,7,3910.0
SO011351,2023-01-15,C0135,D01,E08,3,1660.0
SO011352,2023-01-29,C0135,D01,E08,4,2780.0
SO011353,2023-02-15,C0135,D01,E08,6,5581.65
SO011354,2023-03-03,C0135,D01,E08,7,1982.1
SO011355,2023-03-16,C0135,D01,E08,3,1380.0
SO011356,2023-03-30,C0135,D01,E08,6,1723.75
SO011357,2023-04-12,C0135,D01,E08,6,2695.0
SO011358,2023-04-28,C0135,D01,E08,6,2125.0
SO011359,2023-05-13,C0135,D01,E08,5,1110.0
SO011360,2023-05-28,C0135,D01,E08,6,1875.0
SO011361,2023-06-13,C0135,D01,E08,5,1550.2
SO011362,2023-06-26,C0135,D01,E08,3,1020.0
SO011363,2023-07-09,C0135,D01,E08,5,2010.7
SO011364,2023-07-22,C0135,D01,E08,6,3064.3
SO011365,2023-08-04,C0135,D01,E08,6,2671.35
SO011366,2023-08-18,C0135,D01,E08,7,3559.3
SO011367,2023-09-01,C0135,D01,E08,4,1261.6
SO011368,2023-09-14,C0135,D01,E08,6,2478.75
SO011369,2023-09-27,C0135,D01,E08,4,2092.5
SO011370,2023-10-13,C0135,D01,E08,4,2540.0
SO011371,2023-10-29,C0135,D01,E08,3,1380.0
SO011372,2023-11-13,C0135,D01,E08,6,5907.15
SO011373,2023-11-27,C0135,D01,E08,3,2270.0
SO011374,2023-12-10,C0135,D01,E08,3,2306.65
SO011375,2023-12-25,C0135,D01,E08,6,4850.75
SO011376,2024-01-09,C0135,D01,E08,4,2080.0
SO011377,2024-01-24,C0135,D01,E08,3,1887.2
SO011378,2024-02-09,C0135,D01,E08,3,3143.7
SO011379,2024-02-23,C0135,D01,E08,7,4751.9
SO011380,2024-03-08,C0135,D01,E08,6,2230.0
SO011381,2024-03-25,C0135,D01,E08,6,1926.6
SO011382,2024-04-08,C0135,D01,E08,5,1930.0
SO011383,2024-04-21,C0135,D01,E08,6,2432.35
SO011384,2024-05-06,C0135,D01,E08,3,640.1
SO011385,2024-05-20,C0135,D01,E08,4,1455.0
SO011386,2024-06-02,C0135,D01,E08,4,1570.0
SO011387,2024-06-16,C0135,D01,E08,6,3345.0
SO011388,2024-07-01,C0135,D01,E08,3,1377.5
SO011389,2024-07-16,C0135,D01,E08,7,3719.2
SO011390,2024-07-29,C0135,D01,E08,6,1815.0
SO011391,2024-08-12,C0135,D01,E08,3,1128.1
SO011392,2024-08-26,C0135,D01,E08,7,2697.4
SO011393,2024-09-09,C0135,D01,E08,4,1586.8
SO011394,2024-09-22,C0135,D01,E08,5,2283.6
SO011395,2024-10-09,C0135,D01,E08,6,4048.8
SO011396,2024-10-22,C0135,D01,E08,6,3986.25
SO011397,2024-11-07,C0135,D01,E08,5,3230.0
SO011398,2024-11-24,C0135,D01,E08,6,3360.5
SO011399,2024-12-09,C0135,D01,E08,4,1919.2
SO011400,2024-12-26,C0135,D01,E08,5,4119.5
SO011401,2022-01-11,C0136,D02,E09,6,4810.8
SO011402,2022-01-25,C0136,D02,E09,7,6943.3
SO011403,2022-02-05,C0136,D02,E09,5,3060.0
SO011404,2022-02-19,C0136,D02,E09,3,3255.0
SO011405,2022-03-03,C0136,D02,E09,3,1860.0
SO011406,2022-03-13,C0136,D02,E09,3,1529.45
SO011407,2022-03-23,C0136,D02,E09,7,4388.75
SO011408,2022-04-02,C0136,D02,E09,4,2914.8
SO011409,2022-04-15,C0136,D02,E09,6,2369.2
SO011410,2022-04-26,C0136,D02,E09,5,2250.0
SO011411,2022-05-08,C0136,D02,E09,4,1770.0
SO011412,2022-05-19,C0136,D02,E09,5,2889.2
SO011413,2022-05-31,C0136,D02,E09,7,5190.0
SO011414,2022-06-13,C0136,D02,E09,3,2120.0
SO011415,2022-06-24,C0136,D02,E09,4,1795.6
SO011416,2022-07-07,C0136,D02,E09,3,1247.4
SO011417,2022-07-17,C0136,D02,E09,5,4512.6
SO011418,2022-07-28,C0136,D02,E09,5,3676.2
SO011419,2022-08-11,C0136,D02,E09,4,2575.0
SO011420,2022-08-21,C0136,D02,E09,3,1660.75
SO011421,2022-09-04,C0136,D02,E09,3,2717.6
SO011422,2022-09-18,C0136,D02,E09,7,5169.8
SO011423,2022-10-02,C0136,D02,E09,6,5159.1
SO011424,2022-10-14,C0136,D02,E09,3,3244.25
SO011425,2022-10-27,C0136,D02,E09,5,5974.6
SO011426,2022-11-08,C0136,D02,E09,7,6780.0
SO011427,2022-11-22,C0136,D02,E09,4,4369.8
SO011428,2022-12-03,C0136,D02,E09,7,5926.6
SO011429,2022-12-15,C0136,D02,E09,6,7740.0
SO011430,2022-12-29,C0136,D02,E09,4,4186.65
SO011431,2023-01-11,C0136,D02,E09,6,5387.4
SO011432,2023-01-22,C0136,D02,E09,7,9760.5
SO011433,2023-02-04,C0136,D02,E09,7,9405.0
SO011434,2023-02-14,C0136,D02,E09,5,6275.0
SO011435,2023-02-25,C0136,D02,E09,6,7380.25
SO011436,2023-03-09,C0136,D02,E09,6,3594.8
SO011437,2023-03-23,C0136,D02,E09,4,2830.0
SO011438,2023-04-03,C0136,D02,E09,4,2682.05
SO011439,2023-04-14,C0136,D02,E09,7,4780.0
SO011440,2023-04-24,C0136,D02,E09,5,3115.0
SO011441,2023-05-04,C0136,D02,E09,7,5159.75
SO011442,2023-05-18,C0136,D02,E09,7,4925.7
SO011443,2023-05-28,C0136,D02,E09,6,3517.9
SO011444,2023-06-08,C0136,D02,E09,4,2515.0
SO011445,2023-06-19,C0136,D02,E09,3,1401.15
SO011446,2023-07-02,C0136,D02,E09,4,2325.0
SO011447,2023-07-15,C0136,D02,E09,6,4286.45
SO011448,2023-07-29,C0136,D02,E09,3,1216.1
SO011449,2023-08-12,C0136,D02,E09,5,3965.0
SO011450,2023-08-24,C0136,D02,E09,4,3320.75
SO011451,2023-09-03,C0136,D02,E09,7,5617.5
SO011452,2023-09-15,C0136,D02,E09,7,5651.6
SO011453,2023-09-28,C0136,D02,E09,5,3830.95
SO011454,2023-10-08,C0136,D02,E09,7,6235.0
SO011455,2023-10-20,C0136,D02,E09,3,3642.9
SO011456,2023-11-01,C0136,D02,E09,6,5668.3
SO011457,2023-11-13,C0136,D02,E09,7,11884.2
SO011458,2023-11-27,C0136,D02,E09,6,5685.0
SO011459,2023-12-11,C0136,D02,E09,7,7430.7
SO011460,2023-12-21,C0136,D02,E09,3,2200.0
SO011461,2023-12-31,C0136,D02,E09,4,4488.0
SO011462,2024-01-13,C0136,D02,E09,5,7225.0
SO011463,2024-01-26,C0136,D02,E09,4,3150.0
SO011464,2024-02-09,C0136,D02,E09,4,5870.0
SO011465,2024-02-23,C0136,D02,E09,4,5386.55
SO011466,2024-03-05,C0136,D02,E09,4,2320.0
SO011467,2024-03-16,C0136,D02,E09,4,2083.8
SO011468,2024-03-29,C0136,D02,E09,7,4292.0
SO011469,2024-04-12,C0136,D02,E09,5,3655.0
SO011470,2024-04-23,C0136,D02,E09,6,2661.1
SO011471,2024-05-03,C0136,D02,E09,7,2925.0
SO011472,2024-05-13,C0136,D02,E09,4,2085.0
SO011473,2024-05-24,C0136,D02,E09,6,3595.6
SO011474,2024-06-06,C0136,D02,E09,6,6561.65
SO011475,2024-06-16,C0136,D02,E09,4,3068.6
SO011476,2024-06-28,C0136,D02,E09,4,3320.0
SO011477,2024-07-09,C0136,D02,E09,7,7317.0
SO011478,2024-07-21,C0136,D02,E09,5,4650.0
SO011479,2024-07-31,C0136,D02,E09,4,3560.0
SO011480,2024-08-13,C0136,D02,E09,3,2254.9
SO011481,2024-08-23,C0136,D02,E09,7,4978.25
SO011482,2024-09-04,C0136,D02,E09,5,4793.6
SO011483,2024-09-17,C0136,D02,E09,3,1920.0
SO011484,2024-09-30,C0136,D02,E09,4,2945.0
SO011485,2024-10-13,C0136,D02,E09,3,2826.95
SO011486,2024-10-27,C0136,D02,E09,5,4268.0
SO011487,2024-11-06,C0136,D02,E09,4,3415.0
SO011488,2024-11-17,C0136,D02,E09,4,6460.0
SO011489,2024-12-01,C0136,D02,E09,5,7076.4
SO011490,2024-12-12,C0136,D02,E09,3,4265.0
SO011491,2024-12-23,C0136,D02,E09,5,5750.0
SO011492,2022-01-06,C0137,D02,E10,7,6155.6
SO011493,2022-01-16,C0137,D02,E10,4,3850.0
SO011494,2022-01-30,C0137,D02,E10,7,6330.4
SO011495,2022-02-12,C0137,D02,E10,5,4030.0
SO011496,2022-02-25,C0137,D02,E10,5,4018.25
SO011497,2022-03-07,C0137,D02,E10,3,1250.0
SO011498,2022-03-21,C0137,D02,E10,5,2336.85
SO011499,2022-04-03,C0137,D02,E10,5,2608.45
SO011500,2022-04-13,C0137,D02,E10,7,3666.5
SO011501,2022-04-25,C0137,D02,E10,5,3490.0
SO011502,2022-05-05,C0137,D02,E10,5,1960.0
SO011503,2022-05-15,C0137,D02,E10,5,2291.45
SO011504,2022-05-28,C0137,D02,E10,4,2305.0
SO011505,2022-06-11,C0137,D02,E10,7,5291.4
SO011506,2022-06-22,C0137,D02,E10,4,3326.65
SO011507,2022-07-03,C0137,D02,E10,3,2770.0
SO011508,2022-07-16,C0137,D02,E10,4,2694.8
SO011509,2022-07-30,C0137,D02,E10,5,2840.0
SO011510,2022-08-12,C0137,D02,E10,5,2706.2
SO011511,2022-08-22,C0137,D02,E10,6,4745.0
SO011512,2022-09-02,C0137,D02,E10,7,4890.0
SO011513,2022-09-16,C0137,D02,E10,6,3330.0
SO011514,2022-09-28,C0137,D02,E10,7,7527.4
SO011515,2022-10-11,C0137,D02,E10,5,4265.8
SO011516,2022-10-24,C0137,D02,E10,6,6089.65
SO011517,2022-11-05,C0137,D02,E10,6,6765.0
SO011518,2022-11-17,C0137,D02,E10,7,6945.0
SO011519,2022-11-29,C0137,D02,E10,6,4960.0
SO011520,2022-12-09,C0137,D02,E10,4,3675.7
SO011521,2022-12-21,C0137,D02,E10,5,5335.8
SO011522,2023-01-01,C0137,D02,E10,7,8653.95
SO011523,2023-01-11,C0137,D02,E10,5,3880.3
SO011524,2023-01-24,C0137,D02,E10,6,5051.25
SO011525,2023-02-07,C0137,D02,E10,4,5698.2
SO011526,2023-02-18,C0137,D02,E10,6,5605.0
SO011527,2023-02-28,C0137,D02,E10,7,7864.5
SO011528,2023-03-14,C0137,D02,E10,7,3768.2
SO011529,2023-03-26,C0137,D02,E10,5,2782.9
SO011530,2023-04-05,C0137,D02,E10,4,1934.4
SO011531,2023-04-17,C0137,D02,E10,4,2238.8
SO011532,2023-04-27,C0137,D02,E10,7,3617.4
SO011533,2023-05-09,C0137,D02,E10,4,2335.0
SO011534,2023-05-19,C0137,D02,E10,4,1690.0
SO011535,2023-05-30,C0137,D02,E10,7,3755.0
SO011536,2023-06-12,C0137,D02,E10,4,2400.0
SO011537,2023-06-26,C0137,D02,E10,4,3654.3
SO011538,2023-07-07,C0137,D02,E10,4,2747.7
SO011539,2023-07-17,C0137,D02,E10,3,2580.0
SO011540,2023-07-29,C0137,D02,E10,7,5823.2
SO011541,2023-08-10,C0137,D02,E10,7,6800.0
SO011542,2023-08-21,C0137,D02,E10,7,5340.0
SO011543,2023-08-31,C0137,D02,E10,7,4936.8
SO011544,2023-09-14,C0137,D02,E10,4,3185.0
SO011545,2023-09-25,C0137,D02,E10,6,4877.6
SO011546,2023-10-09,C0137,D02,E10,6,5054.7
SO011547,2023-10-19,C0137,D02,E10,5,3918.6
SO011548,2023-10-30,C0137,D02,E10,7,7135.45
SO011549,2023-11-13,C0137,D02,E10,4,4321.75
SO011550,2023-11-27,C0137,D02,E10,5,5030.0
SO011551,2023-12-08,C0137,D02,E10,7,6175.0
SO011552,2023-12-22,C0137,D02,E10,5,4765.3
SO011553,2024-01-05,C0137,D02,E10,4,5635.0
SO011554,2024-01-18,C0137,D02,E10,3,2675.0
SO011555,2024-01-31,C0137,D02,E10,6,6985.95
SO011556,2024-02-10,C0137,D02,E10,6,7275.0
SO011557,2024-02-24,C0137,D02,E10,6,4473.4
SO011558,2024-03-08,C0137,D02,E10,5,3422.6
SO011559,2024-03-18,C0137,D02,E10,4,1970.0
SO011560,2024-03-30,C0137,D02,E10,6,3720.0
SO011561,2024-04-09,C0137,D02,E10,4,2365.0
SO011562,2024-04-20,C0137,D02,E10,6,3820.0
SO011563,2024-05-01,C0137,D02,E10,3,2525.0
SO011564,2024-05-15,C0137,D02,E10,5,3566.9
SO011565,2024-05-28,C0137,D02,E10,5,3065.1
SO011566,2024-06-08,C0137,D02,E10,6,4603.4
SO011567,2024-06-20,C0137,D02,E10,5,5315.0
SO011568,2024-07-01,C0137,D02,E10,3,2065.0
SO011569,2024-07-15,C0137,D02,E10,5,4782.2
SO011570,2024-07-29,C0137,D02,E10,5,3860.0
SO011571,2024-08-08,C0137,D02,E10,3,3385.0
SO011572,2024-08-19,C0137,D02,E10,6,6554.0
SO011573,2024-09-01,C0137,D02,E10,3,2895.0
SO011574,2024-09-13,C0137,D02,E10,5,4638.75
SO011575,2024-09-24,C0137,D02,E10,7,7683.6
SO011576,2024-10-05,C0137,D02,E10,5,3731.9
SO011577,2024-10-17,C0137,D02,E10,6,4870.0
SO011578,2024-10-28,C0137,D02,E10,5,6241.5
SO011579,2024-11-10,C0137,D02,E10,4,4855.0
SO011580,2024-11-20,C0137,D02,E10,7,7065.0
SO011581,2024-12-03,C0137,D02,E10,3,3405.0
SO011582,2024-12-17,C0137,D02,E10,5,6379.6
SO011583,2024-12-30,C0137,D02,E10,6,7178.8
SO011584,2022-01-02,C0138,D02,E11,6,4160.0
SO011585,2022-01-17,C0138,D02,E11,3,1810.0
SO011586,2022-02-02,C0138,D02,E11,7,2950.0
SO011587,2022-02-18,C0138,D02,E11,6,2128.35
SO011588,2022-03-05,C0138,D02,E11,5,1400.0
SO011589,2022-03-20,C0138,D02,E11,3,744.4
SO011590,2022-04-04,C0138,D02,E11,7,2150.0
SO011591,2022-04-20,C0138,D02,E11,6,1775.0
SO011592,2022-05-05,C0138,D02,E11,3,930.0
SO011593,2022-05-21,C0138,D02,E11,4,1485.1
SO011594,2022-06-07,C0138,D02,E11,5,2655.0
SO011595,2022-06-24,C0138,D02,E11,3,1620.0
SO011596,2022-07-10,C0138,D02,E11,6,2317.6
SO011597,2022-07-24,C0138,D02,E11,4,1950.0
SO011598,2022-08-08,C0138,D02,E11,6,3001.8
SO011599,2022-08-22,C0138,D02,E11,5,1820.55
SO011600,2022-09-08,C0138,D02,E11,3,1025.0
SO011601,2022-09-22,C0138,D02,E11,3,1400.0
SO011602,2022-10-09,C0138,D02,E11,3,880.0
SO011603,2022-10-25,C0138,D02,E11,6,3980.1
SO011604,2022-11-07,C0138,D02,E11,7,4065.0
SO011605,2022-11-23,C0138,D02,E11,3,1225.0
SO011606,2022-12-06,C0138,D02,E11,3,1835.0
SO011607,2022-12-21,C0138,D02,E11,5,3420.0
SO011608,2023-01-05,C0138,D02,E11,7,2519.7
SO011609,2023-01-20,C0138,D02,E11,3,1892.2
SO011610,2023-02-06,C0138,D02,E11,7,5361.05
SO011611,2023-02-19,C0138,D02,E11,7,4113.0
SO011612,2023-03-07,C0138,D02,E11,4,1190.0
SO011613,2023-03-21,C0138,D02,E11,3,1135.0
SO011614,2023-04-03,C0138,D02,E11,3,1295.0
SO011615,2023-04-19,C0138,D02,E11,4,1450.0
SO011616,2023-05-03,C0138,D02,E11,6,2369.6
SO011617,2023-05-20,C0138,D02,E11,3,805.35
SO011618,2023-06-05,C0138,D02,E11,3,1835.0
SO011619,2023-06-20,C0138,D02,E11,5,1338.35
SO011620,2023-07-06,C0138,D02,E11,7,2669.25
SO011621,2023-07-21,C0138,D02,E11,6,3105.0
SO011622,2023-08-07,C0138,D02,E11,4,2022.4
SO011623,2023-08-23,C0138,D02,E11,6,1371.8
SO011624,2023-09-08,C0138,D02,E11,4,1139.6
SO011625,2023-09-23,C0138,D02,E11,6,2595.0
SO011626,2023-10-10,C0138,D02,E11,6,1965.0
SO011627,2023-10-24,C0138,D02,E11,4,2006.75
SO011628,2023-11-07,C0138,D02,E11,4,2066.75
SO011629,2023-11-20,C0138,D02,E11,3,1780.0
SO011630,2023-12-07,C0138,D02,E11,5,3615.0
SO011631,2023-12-21,C0138,D02,E11,6,2823.2
SO011632,2024-01-05,C0138,D02,E11,7,5770.0
SO011633,2024-01-22,C0138,D02,E11,4,3315.0
SO011634,2024-02-07,C0138,D02,E11,5,2340.0
SO011635,2024-02-24,C0138,D02,E11,7,4258.35
SO011636,2024-03-10,C0138,D02,E11,4,1256.1
SO011637,2024-03-24,C0138,D02,E11,6,2760.6
SO011638,2024-04-06,C0138,D02,E11,4,1640.0
SO011639,2024-04-22,C0138,D02,E11,7,1684.6
SO011640,2024-05-08,C0138,D02,E11,4,1349.25
SO011641,2024-05-22,C0138,D02,E11,3,1000.0
SO011642,2024-06-05,C0138,D02,E11,3,1210.0
SO011643,2024-06-21,C0138,D02,E11,7,2807.0
SO011644,2024-07-04,C0138,D02,E11,4,1515.0
SO011645,2024-07-18,C0138,D02,E11,6,3305.0
SO011646,2024-07-31,C0138,D02,E11,7,3355.2
SO011647,2024-08-17,C0138,D02,E11,5,2425.0
SO011648,2024-09-02,C0138,D02,E11,5,1965.5
SO011649,2024-09-18,C0138,D02,E11,7,2739.35
SO011650,2024-10-05,C0138,D02,E11,6,4251.15
SO011651,2024-10-22,C0138,D02,E11,7,2954.4
SO011652,2024-11-07,C0138,D02,E11,3,2268.2
SO011653,2024-11-23,C0138,D02,E11,4,3740.0
SO011654,2024-12-10,C0138,D02,E11,3,1160.0
SO011655,2024-12-23,C0138,D02,E11,7,5191.8
SO011656,2022-01-05,C0139,D01,E06,3,4387.75
SO011657,2022-01-16,C0139,D01,E06,6,8133.95
SO011658,2022-01-26,C0139,D01,E06,6,11623.0
SO011659,2022-02-02,C0139,D01,E06,6,5568.4
SO011660,2022-02-13,C0139,D01,E06,5,8223.4
SO011661,2022-02-24,C0139,D01,E06,6,7650.0
SO011662,2022-03-06,C0139,D01,E06,6,5600.0
SO011663,2022-03-13,C0139,D01,E06,5,3205.0
SO011664,2022-03-24,C0139,D01,E06,4,3884.2
SO011665,2022-03-31,C0139,D01,E06,7,4875.0
SO011666,2022-04-09,C0139,D01,E06,7,5825.9
SO011667,2022-04-16,C0139,D01,E06,5,3865.0
SO011668,2022-04-24,C0139,D01,E06,6,7228.75
SO011669,2022-05-05,C0139,D01,E06,7,6420.0
SO011670,2022-05-15,C0139,D01,E06,4,4615.0
SO011671,2022-05-25,C0139,D01,E06,5,2985.0
SO011672,2022-06-05,C0139,D01,E06,5,6900.0
SO011673,2022-06-12,C0139,D01,E06,4,3727.35
SO011674,2022-06-20,C0139,D01,E06,3,4011.6
SO011675,2022-06-29,C0139,D01,E06,4,5091.5
SO011676,2022-07-09,C0139,D01,E06,7,9564.5
SO011677,2022-07-18,C0139,D01,E06,4,4140.0
SO011678,2022-07-26,C0139,D01,E06,4,4141.6
SO011679,2022-08-04,C0139,D01,E06,4,6359.9
SO011680,2022-08-11,C0139,D01,E06,5,4779.8
SO011681,2022-08-18,C0139,D01,E06,7,7280.7
SO011682,2022-08-28,C0139,D01,E06,3,3869.5
SO011683,2022-09-08,C0139,D01,E06,4,3360.0
SO011684,2022-09-16,C0139,D01,E06,7,10931.95
SO011685,2022-09-26,C0139,D01,E06,6,9305.8
SO011686,2022-10-07,C0139,D01,E06,7,6883.3
SO011687,2022-10-17,C0139,D01,E06,4,4696.8
SO011688,2022-10-25,C0139,D01,E06,6,10838.9
SO011689,2022-11-05,C0139,D01,E06,4,5950.0
SO011690,2022-11-13,C0139,D01,E06,4,10285.0
SO011691,2022-11-21,C0139,D01,E06,6,7980.0
SO011692,2022-12-02,C0139,D01,E06,7,9675.0
SO011693,2022-12-09,C0139,D01,E06,6,10656.1
SO011694,2022-12-17,C0139,D01,E06,4,4770.0
SO011695,2022-12-24,C0139,D01,E06,7,9110.0
SO011696,2023-01-04,C0139,D01,E06,7,11440.85
SO011697,2023-01-15,C0139,D01,E06,6,9997.5
SO011698,2023-01-22,C0139,D01,E06,3,6534.05
SO011699,2023-01-31,C0139,D01,E06,7,16043.4
SO011700,2023-02-11,C0139,D01,E06,6,8240.0
SO011701,2023-02-22,C0139,D01,E06,5,8220.0
SO011702,2023-03-03,C0139,D01,E06,6,5410.0
SO011703,2023-03-12,C0139,D01,E06,4,3155.0
SO011704,2023-03-20,C0139,D01,E06,4,3035.0
SO011705,2023-03-30,C0139,D01,E06,7,6265.0
SO011706,2023-04-08,C0139,D01,E06,7,5390.45
SO011707,2023-04-18,C0139,D01,E06,4,3466.65
SO011708,2023-04-25,C0139,D01,E06,4,2784.4
SO011709,2023-05-06,C0139,D01,E06,5,6840.0
SO011710,2023-05-14,C0139,D01,E06,5,5710.0
SO011711,2023-05-24,C0139,D01,E06,4,2758.8
SO011712,2023-05-31,C0139,D01,E06,7,7290.0
SO011713,2023-06-10,C0139,D01,E06,7,10210.0
SO011714,2023-06-18,C0139,D01,E06,7,9145.95
SO011715,2023-06-25,C0139,D01,E06,4,4661.65
SO011716,2023-07-03,C0139,D01,E06,7,7860.0
SO011717,2023-07-10,C0139,D01,E06,6,8365.0
SO011718,2023-07-21,C0139,D01,E06,5,5683.7
SO011719,2023-08-01,C0139,D01,E06,6,5550.0
SO011720,2023-08-11,C0139,D01,E06,4,5230.2
SO011721,2023-08-18,C0139,D01,E06,6,9056.25
SO011722,2023-08-28,C0139,D01,E06,5,4720.0
SO011723,2023-09-07,C0139,D01,E06,4,3607.3
SO011724,2023-09-14,C0139,D01,E06,4,4470.0
SO011725,2023-09-23,C0139,D01,E06,6,7513.7
SO011726,2023-09-30,C0139,D01,E06,4,6011.6
SO011727,2023-10-11,C0139,D01,E06,3,2739.0
SO011728,2023-10-21,C0139,D01,E06,6,9333.25
SO011729,2023-11-01,C0139,D01,E06,5,6510.0
SO011730,2023-11-12,C0139,D01,E06,5,11379.15
SO011731,2023-11-19,C0139,D01,E06,7,12178.0
SO011732,2023-11-26,C0139,D01,E06,5,9942.5
SO011733,2023-12-07,C0139,D01,E06,5,5037.7
SO011734,2023-12-17,C0139,D01,E06,3,5010.0
SO011735,2023-12-26,C0139,D01,E06,3,5935.0
SO011736,2024-01-04,C0139,D01,E06,4,5260.0
SO011737,2024-01-12,C0139,D01,E06,4,9780.0
SO011738,2024-01-20,C0139,D01,E06,3,3821.5
SO011739,2024-01-27,C0139,D01,E06,3,8805.0
SO011740,2024-02-07,C0139,D01,E06,6,8301.0
SO011741,2024-02-18,C0139,D01,E06,6,9226.8
SO011742,2024-02-29,C0139,D01,E06,5,10840.0
SO011743,2024-03-07,C0139,D01,E06,7,4365.75
SO011744,2024-03-16,C0139,D01,E06,7,8091.5
SO011745,2024-03-23,C0139,D01,E06,7,7413.5
SO011746,2024-03-31,C0139,D01,E06,4,4971.9
SO011747,2024-04-10,C0139,D01,E06,6,6031.6
SO011748,2024-04-20,C0139,D01,E06,6,8345.0
SO011749,2024-04-30,C0139,D01,E06,7,7980.0
SO011750,2024-05-09,C0139,D01,E06,3,3784.8
SO011751,2024-05-17,C0139,D01,E06,3,3300.0
SO011752,2024-05-26,C0139,D01,E06,6,6755.0
SO011753,2024-06-04,C0139,D01,E06,3,3910.0
SO011754,2024-06-15,C0139,D01,E06,3,4465.0
SO011755,2024-06-23,C0139,D01,E06,7,9670.6
SO011756,2024-06-30,C0139,D01,E06,7,8100.0
SO011757,2024-07-08,C0139,D01,E06,6,6256.8
SO011758,2024-07-19,C0139,D01,E06,3,4170.0
SO011759,2024-07-26,C0139,D01,E06,4,6726.25
SO011760,2024-08-02,C0139,D01,E06,4,4130.6
SO011761,2024-08-12,C0139,D01,E06,4,4260.0
SO011762,2024-08-22,C0139,D01,E06,3,4140.0
SO011763,2024-08-31,C0139,D01,E06,5,6590.2
SO011764,2024-09-08,C0139,D01,E06,4,4727.4
SO011765,2024-09-15,C0139,D01,E06,3,4395.0
SO011766,2024-09-25,C0139,D01,E06,3,3981.4
SO011767,2024-10-02,C0139,D01,E06,7,8323.85
SO011768,2024-10-09,C0139,D01,E06,4,6041.05
SO011769,2024-10-19,C0139,D01,E06,7,7600.0
SO011770,2024-10-30,C0139,D01,E06,3,4484.0
SO011771,2024-11-10,C0139,D01,E06,6,11280.0
SO011772,2024-11-21,C0139,D01,E06,6,10533.7
SO011773,2024-12-02,C0139,D01,E06,7,12197.1
SO011774,2024-12-09,C0139,D01,E06,6,10127.0
SO011775,2024-12-19,C0139,D01,E06,3,6090.0
SO011776,2024-12-29,C0139,D01,E06,7,11225.0
SO011777,2022-01-01,C0140,D01,E07,3,1600.0
SO011778,2022-01-16,C0140,D01,E07,5,2410.55
SO011779,2022-01-29,C0140,D01,E07,5,3360.0
SO011780,2022-02-12,C0140,D01,E07,3,1940.0
SO011781,2022-02-27,C0140,D01,E07,5,2400.0
SO011782,2022-03-12,C0140,D01,E07,5,1883.0
SO011783,2022-03-28,C0140,D01,E07,6,2052.75
SO011784,2022-04-12,C0140,D01,E07,7,2295.25
SO011785,2022-04-29,C0140,D01,E07,4,897.8
SO011786,2022-05-12,C0140,D01,E07,4,1370.0
SO011787,2022-05-26,C0140,D01,E07,6,1694.7
SO011788,2022-06-12,C0140,D01,E07,3,1720.0
SO011789,2022-06-28,C0140,D01,E07,6,1974.35
SO011790,2022-07-15,C0140,D01,E07,4,1230.0
SO011791,2022-07-28,C0140,D01,E07,6,2515.8
SO011792,2022-08-10,C0140,D01,E07,5,2350.0
SO011793,2022-08-25,C0140,D01,E07,5,1917.8
SO011794,2022-09-10,C0140,D01,E07,7,3076.0
SO011795,2022-09-26,C0140,D01,E07,4,2717.0
SO011796,2022-10-09,C0140,D01,E07,4,1706.65
SO011797,2022-10-22,C0140,D01,E07,5,2847.4
SO011798,2022-11-04,C0140,D01,E07,7,3282.85
SO011799,2022-11-20,C0140,D01,E07,7,3137.05
SO011800,2022-12-05,C0140,D01,E07,6,2403.1
SO011801,2022-12-22,C0140,D01,E07,7,4490.0
SO011802,2023-01-04,C0140,D01,E07,4,1375.0
SO011803,2023-01-18,C0140,D01,E07,6,3049.5
SO011804,2023-02-04,C0140,D01,E07,4,2345.0
SO011805,2023-02-19,C0140,D01,E07,3,2850.0
SO011806,2023-03-04,C0140,D01,E07,3,1585.0
SO011807,2023-03-21,C0140,D01,E07,7,2056.5
SO011808,2023-04-07,C0140,D01,E07,4,1100.0
SO011809,2023-04-22,C0140,D01,E07,4,1201.0
SO011810,2023-05-09,C0140,D01,E07,6,2215.0
SO011811,2023-05-22,C0140,D01,E07,5,1314.3
SO011812,2023-06-04,C0140,D01,E07,4,2011.8
SO011813,2023-06-17,C0140,D01,E07,7,2303.7
SO011814,2023-07-04,C0140,D01,E07,7,2330.0
SO011815,2023-07-19,C0140,D01,E07,6,3206.35
SO011816,2023-08-05,C0140,D01,E07,3,902.95
SO011817,2023-08-18,C0140,D01,E07,7,2790.8
SO011818,2023-09-01,C0140,D01,E07,5,2396.8
SO011819,2023-09-16,C0140,D01,E07,4,1862.6
SO011820,2023-09-30,C0140,D01,E07,4,1905.0
SO011821,2023-10-14,C0140,D01,E07,3,919.2
SO011822,2023-10-30,C0140,D01,E07,4,1188.75
SO011823,2023-11-12,C0140,D01,E07,3,1893.35
SO011824,2023-11-27,C0140,D01,E07,5,1858.6
SO011825,2023-12-10,C0140,D01,E07,6,4776.4
SO011826,2023-12-27,C0140,D01,E07,3,1845.0
SO011827,2024-01-12,C0140,D01,E07,4,2948.75
SO011828,2024-01-29,C0140,D01,E07,6,4895.0
SO011829,2024-02-14,C0140,D01,E07,6,3430.7
SO011830,2024-03-01,C0140,D01,E07,7,2185.0
SO011831,2024-03-15,C0140,D01,E07,7,2367.05
SO011832,2024-04-01,C0140,D01,E07,3,745.0
SO011833,2024-04-14,C0140,D01,E07,6,2970.25
SO011834,2024-04-28,C0140,D01,E07,7,2514.75
SO011835,2024-05-14,C0140,D01,E07,4,1090.0
SO011836,2024-05-30,C0140,D01,E07,6,1956.5
SO011837,2024-06-13,C0140,D01,E07,5,3432.45
SO011838,2024-06-26,C0140,D01,E07,3,1099.2
SO011839,2024-07-10,C0140,D01,E07,4,1666.6
SO011840,2024-07-23,C0140,D01,E07,3,1524.75
SO011841,2024-08-09,C0140,D01,E07,5,2255.0
SO011842,2024-08-25,C0140,D01,E07,5,2517.6
SO011843,2024-09-09,C0140,D01,E07,4,1952.1
SO011844,2024-09-22,C0140,D01,E07,7,3589.25
SO011845,2024-10-05,C0140,D01,E07,4,2617.1
SO011846,2024-10-21,C0140,D01,E07,7,3041.5
SO011847,2024-11-04,C0140,D01,E07,4,2277.45
SO011848,2024-11-17,C0140,D01,E07,7,4730.0
SO011849,2024-11-30,C0140,D01,E07,6,3527.0
SO011850,2024-12-13,C0140,D01,E07,4,4307.5
SO011851,2024-12-27,C0140,D01,E07,4,2525.7
SO011852,2022-01-04,C0141,D01,E08,3,1736.5
SO011853,2022-01-18,C0141,D01,E08,3,2189.2
SO011854,2022-01-31,C0141,D01,E08,6,4320.0
SO011855,2022-02-13,C0141,D01,E08,7,7040.0
SO011856,2022-02-26,C0141,D01,E08,4,2543.65
SO011857,2022-03-08,C0141,D01,E08,5,3128.75
SO011858,2022-03-19,C0141,D01,E08,5,1975.0
SO011859,2022-03-30,C0141,D01,E08,3,1210.0
SO011860,2022-04-09,C0141,D01,E08,5,2742.4
SO011861,2022-04-22,C0141,D01,E08,4,1630.6
SO011862,2022-05-03,C0141,D01,E08,4,2235.0
SO011863,2022-05-17,C0141,D01,E08,4,1870.0
SO011864,2022-05-29,C0141,D01,E08,6,3483.95
SO011865,2022-06-09,C0141,D01,E08,6,4950.0
SO011866,2022-06-21,C0141,D01,E08,3,1660.0
SO011867,2022-07-04,C0141,D01,E08,6,2898.6
SO011868,2022-07-18,C0141,D01,E08,3,2200.0
SO011869,2022-07-31,C0141,D01,E08,4,2030.0
SO011870,2022-08-14,C0141,D01,E08,6,2826.5
SO011871,2022-08-27,C0141,D01,E08,4,2952.0
SO011872,2022-09-10,C0141,D01,E08,7,4449.7
SO011873,2022-09-20,C0141,D01,E08,5,3392.2
SO011874,2022-10-02,C0141,D01,E08,4,2534.55
SO011875,2022-10-14,C0141,D01,E08,5,4314.2
SO011876,2022-10-27,C0141,D01,E08,7,5841.1
SO011877,2022-11-06,C0141,D01,E08,3,2572.4
SO011878,2022-11-19,C0141,D01,E08,6,3930.0
SO011879,2022-12-01,C0141,D01,E08,6,7821.6
SO011880,2022-12-12,C0141,D01,E08,6,3540.0
SO011881,2022-12-26,C0141,D01,E08,6,8297.4
SO011882,2023-01-08,C0141,D01,E08,4,4955.0
SO011883,2023-01-22,C0141,D01,E08,6,8382.6
SO011884,2023-02-04,C0141,D01,E08,6,6240.0
SO011885,2023-02-17,C0141,D01,E08,7,10415.0
SO011886,2023-02-27,C0141,D01,E08,5,4934.55
SO011887,2023-03-11,C0141,D01,E08,4,2430.0
SO011888,2023-03-25,C0141,D01,E08,6,3920.0
SO011889,2023-04-07,C0141,D01,E08,3,2265.7
SO011890,2023-04-20,C0141,D01,E08,3,1585.3
SO011891,2023-05-02,C0141,D01,E08,3,1505.0
SO011892,2023-05-13,C0141,D01,E08,6,4391.2
SO011893,2023-05-24,C0141,D01,E08,7,4183.4
SO011894,2023-06-03,C0141,D01,E08,3,2180.0
SO011895,2023-06-17,C0141,D01,E08,4,4118.7
SO011896,2023-06-30,C0141,D01,E08,5,3640.0
SO011897,2023-07-12,C0141,D01,E08,5,3925.0
SO011898,2023-07-26,C0141,D01,E08,4,3080.0
SO011899,2023-08-09,C0141,D01,E08,4,2930.0
SO011900,2023-08-21,C0141,D01,E08,5,3095.0
SO011901,2023-09-03,C0141,D01,E08,6,3760.0
SO011902,2023-09-15,C0141,D01,E08,5,3792.5
SO011903,2023-09-29,C0141,D01,E08,7,4775.0
SO011904,2023-10-11,C0141,D01,E08,3,2810.0
SO011905,2023-10-22,C0141,D01,E08,3,2502.4
SO011906,2023-11-04,C0141,D01,E08,3,4161.0
SO011907,2023-11-15,C0141,D01,E08,5,6791.35
SO011908,2023-11-25,C0141,D01,E08,3,2562.75
SO011909,2023-12-07,C0141,D01,E08,6,6060.2
SO011910,2023-12-19,C0141,D01,E08,4,3790.25
SO011911,2023-12-29,C0141,D01,E08,6,4549.4
SO011912,2024-01-09,C0141,D01,E08,4,4387.5
SO011913,2024-01-23,C0141,D01,E08,7,8540.0
SO011914,2024-02-05,C0141,D01,E08,5,4965.15
SO011915,2024-02-15,C0141,D01,E08,6,8338.9
SO011916,2024-02-27,C0141,D01,E08,7,7601.7
SO011917,2024-03-12,C0141,D01,E08,3,1530.0
SO011918,2024-03-22,C0141,D01,E08,7,5478.4
SO011919,2024-04-05,C0141,D01,E08,6,2549.3
SO011920,2024-04-17,C0141,D01,E08,5,2423.8
SO011921,2024-04-30,C0141,D01,E08,6,3502.5
SO011922,2024-05-11,C0141,D01,E08,3,1695.0
SO011923,2024-05-25,C0141,D01,E08,4,2130.0
SO011924,2024-06-05,C0141,D01,E08,5,4010.0
SO011925,2024-06-15,C0141,D01,E08,4,3699.4
SO011926,2024-06-28,C0141,D01,E08,5,5215.0
SO011927,2024-07-11,C0141,D01,E08,5,6300.0
SO011928,2024-07-21,C0141,D01,E08,3,1860.0
SO011929,2024-08-03,C0141,D01,E08,6,4690.0
SO011930,2024-08-14,C0141,D01,E08,4,3203.6
SO011931,2024-08-27,C0141,D01,E08,3,2086.6
SO011932,2024-09-08,C0141,D01,E08,3,3466.6
SO011933,2024-09-19,C0141,D01,E08,7,6794.0
SO011934,2024-10-03,C0141,D01,E08,7,5800.95
SO011935,2024-10-13,C0141,D01,E08,4,3912.6
SO011936,2024-10-27,C0141,D01,E08,7,8297.7
SO011937,2024-11-08,C0141,D01,E08,5,4850.3
SO011938,2024-11-21,C0141,D01,E08,7,9602.2
SO011939,2024-12-04,C0141,D01,E08,3,3288.3
SO011940,2024-12-16,C0141,D01,E08,7,9300.0
SO011941,2024-12-26,C0141,D01,E08,5,6822.6
SO011942,2022-01-14,C0142,D02,E09,5,1457.5
SO011943,2022-01-27,C0142,D02,E09,7,5579.4
SO011944,2022-02-12,C0142,D02,E09,5,2723.6
SO011945,2022-03-01,C0142,D02,E09,4,1005.0
SO011946,2022-03-17,C0142,D02,E09,3,622.9
SO011947,2022-03-31,C0142,D02,E09,4,1290.0
SO011948,2022-04-13,C0142,D02,E09,5,1390.5
SO011949,2022-04-30,C0142,D02,E09,4,1250.0
SO011950,2022-05-13,C0142,D02,E09,5,1665.0
SO011951,2022-05-26,C0142,D02,E09,4,1295.0
SO011952,2022-06-10,C0142,D02,E09,7,2733.5
SO011953,2022-06-23,C0142,D02,E09,3,1043.6
SO011954,2022-07-08,C0142,D02,E09,4,956.45
SO011955,2022-07-22,C0142,D02,E09,6,2716.6
SO011956,2022-08-04,C0142,D02,E09,6,1800.0
SO011957,2022-08-18,C0142,D02,E09,4,1564.2
SO011958,2022-09-04,C0142,D02,E09,3,1780.1
SO011959,2022-09-19,C0142,D02,E09,3,1220.0
SO011960,2022-10-04,C0142,D02,E09,7,3222.75
SO011961,2022-10-18,C0142,D02,E09,6,2706.45
SO011962,2022-11-02,C0142,D02,E09,6,2945.1
SO011963,2022-11-16,C0142,D02,E09,5,2912.2
SO011964,2022-11-30,C0142,D02,E09,4,3176.5
SO011965,2022-12-17,C0142,D02,E09,5,3575.0
SO011966,2022-12-31,C0142,D02,E09,7,3945.0
SO011967,2023-01-16,C0142,D02,E09,3,760.0
SO011968,2023-01-31,C0142,D02,E09,6,2954.45
SO011969,2023-02-16,C0142,D02,E09,7,3989.1
SO011970,2023-03-04,C0142,D02,E09,3,1111.25
SO011971,2023-03-21,C0142,D02,E09,3,1305.0
SO011972,2023-04-04,C0142,D02,E09,4,1215.8
SO011973,2023-04-17,C0142,D02,E09,4,1195.25
SO011974,2023-04-30,C0142,D02,E09,3,652.8
SO011975,2023-05-13,C0142,D02,E09,3,850.0
SO011976,2023-05-27,C0142,D02,E09,7,1973.4
SO011977,2023-06-11,C0142,D02,E09,7,2812.35
SO011978,2023-06-24,C0142,D02,E09,7,3028.35
SO011979,2023-07-08,C0142,D02,E09,4,2173.5
SO011980,2023-07-22,C0142,D02,E09,6,2148.75
SO011981,2023-08-07,C0142,D02,E09,5,1697.85
SO011982,2023-08-22,C0142,D02,E09,7,3209.6
SO011983,2023-09-05,C0142,D02,E09,6,2816.1
SO011984,2023-09-19,C0142,D02,E09,5,1862.4
SO011985,2023-10-03,C0142,D02,E09,3,1180.0
SO011986,2023-10-17,C0142,D02,E09,5,2516.0
SO011987,2023-10-31,C0142,D02,E09,4,2055.0
SO011988,2023-11-13,C0142,D02,E09,7,5099.8
SO011989,2023-11-29,C0142,D02,E09,4,1490.0
SO011990,2023-12-13,C0142,D02,E09,4,2432.25
SO011991,2023-12-26,C0142,D02,E09,3,1950.0
SO011992,2024-01-08,C0142,D02,E09,3,1657.9
SO011993,2024-01-24,C0142,D02,E09,4,2413.55
SO011994,2024-02-07,C0142,D02,E09,6,2667.2
SO011995,2024-02-23,C0142,D02,E09,3,1415.0
SO011996,2024-03-10,C0142,D02,E09,5,1637.75
SO011997,2024-03-25,C0142,D02,E09,3,1240.0
SO011998,2024-04-09,C0142,D02,E09,5,2285.0
SO011999,2024-04-24,C0142,D02,E09,7,2317.1
SO012000,2024-05-10,C0142,D02,E09,6,1935.6
SO012001,2024-05-24,C0142,D02,E09,5,2005.0
SO012002,2024-06-07,C0142,D02,E09,6,3169.4
SO012003,2024-06-24,C0142,D02,E09,7,3416.65
SO012004,2024-07-10,C0142,D02,E09,6,2704.2
SO012005,2024-07-26,C0142,D02,E09,4,2352.6
SO012006,2024-08-09,C0142,D02,E09,4,2344.2
SO012007,2024-08-22,C0142,D02,E09,6,2810.0
SO012008,2024-09-05,C0142,D02,E09,3,1261.6
SO012009,2024-09-19,C0142,D02,E09,4,2445.0
SO012010,2024-10-06,C0142,D02,E09,4,1397.0
SO012011,2024-10-19,C0142,D02,E09,6,4570.25
SO012012,2024-11-01,C0142,D02,E09,7,4428.2
SO012013,2024-11-14,C0142,D02,E09,4,1805.0
SO012014,2024-12-01,C0142,D02,E09,4,3707.6
SO012015,2024-12-14,C0142,D02,E09,4,1230.0
SO012016,2024-12-31,C0142,D02,E09,4,3502.2
SO012017,2022-01-05,C0143,D02,E10,3,3272.0
SO012018,2022-01-16,C0143,D02,E10,7,5240.0
SO012019,2022-01-27,C0143,D02,E10,4,3070.0
SO012020,2022-02-08,C0143,D02,E10,6,5435.1
SO012021,2022-02-18,C0143,D02,E10,3,1585.0
SO012022,2022-03-03,C0143,D02,E10,4,2461.6
SO012023,2022-03-17,C0143,D02,E10,4,2260.0
SO012024,2022-03-31,C0143,D02,E10,3,1605.0
SO012025,2022-04-14,C0143,D02,E10,4,3385.0
SO012026,2022-04-26,C0143,D02,E10,4,2660.0
SO012027,2022-05-10,C0143,D02,E10,3,1505.0
SO012028,2022-05-20,C0143,D02,E10,4,2810.0
SO012029,2022-06-03,C0143,D02,E10,4,3395.0
SO012030,2022-06-14,C0143,D02,E10,5,3740.85
SO012031,2022-06-27,C0143,D02,E10,6,3605.8
SO012032,2022-07-09,C0143,D02,E10,7,4794.1
SO012033,2022-07-20,C0143,D02,E10,4,3263.3
SO012034,2022-07-30,C0143,D02,E10,5,2648.4
SO012035,2022-08-10,C0143,D02,E10,6,4040.0
SO012036,2022-08-24,C0143,D02,E10,3,2120.75
SO012037,2022-09-03,C0143,D02,E10,3,2634.75
SO012038,2022-09-13,C0143,D02,E10,5,2910.0
SO012039,2022-09-23,C0143,D02,E10,6,4059.8
SO012040,2022-10-06,C0143,D02,E10,7,4513.6
SO012041,2022-10-19,C0143,D02,E10,7,5433.75
SO012042,2022-11-01,C0143,D02,E10,3,5446.8
SO012043,2022-11-13,C0143,D02,E10,7,5688.7
SO012044,2022-11-27,C0143,D02,E10,7,7998.4
SO012045,2022-12-10,C0143,D02,E10,4,2866.1
SO012046,2022-12-23,C0143,D02,E10,5,4390.0
SO012047,2023-01-02,C0143,D02,E10,3,1845.0
SO012048,2023-01-16,C0143,D02,E10,5,3913.75
SO012049,2023-01-27,C0143,D02,E10,3,3090.0
SO012050,2023-02-08,C0143,D02,E10,4,2270.0
SO012051,2023-02-18,C0143,D02,E10,6,6735.7
SO012052,2023-03-02,C0143,D02,E10,3,1550.0
SO012053,2023-03-16,C0143,D02,E10,5,3168.6
SO012054,2023-03-26,C0143,D02,E10,6,4281.9
SO012055,2023-04-05,C0143,D02,E10,4,2165.0
SO012056,2023-04-18,C0143,D02,E10,7,4067.5
SO012057,2023-04-28,C0143,D02,E10,3,1805.0
SO012058,2023-05-12,C0143,D02,E10,4,2996.5
SO012059,2023-05-25,C0143,D02,E10,7,4580.3
SO012060,2023-06-07,C0143,D02,E10,5,3730.5
SO012061,2023-06-20,C0143,D02,E10,7,7176.95
SO012062,2023-06-30,C0143,D02,E10,7,6366.65
SO012063,2023-07-14,C0143,D02,E10,5,3077.85
SO012064,2023-07-27,C0143,D02,E10,3,2651.8
SO012065,2023-08-08,C0143,D02,E10,3,2230.0
SO012066,2023-08-20,C0143,D02,E10,5,3135.0
SO012067,2023-08-30,C0143,D02,E10,5,3184.0
SO012068,2023-09-09,C0143,D02,E10,4,3147.25
SO012069,2023-09-20,C0143,D02,E10,4,2900.75
SO012070,2023-09-30,C0143,D02,E10,5,4245.0
SO012071,2023-10-13,C0143,D02,E10,4,3749.35
SO012072,2023-10-26,C0143,D02,E10,5,5325.0
SO012073,2023-11-06,C0143,D02,E10,3,6051.7
SO012074,2023-11-19,C0143,D02,E10,4,5860.0
SO012075,2023-12-02,C0143,D02,E10,6,6741.5
SO012076,2023-12-16,C0143,D02,E10,6,5575.0
SO012077,2023-12-26,C0143,D02,E10,6,8170.0
SO012078,2024-01-07,C0143,D02,E10,7,10260.0
SO012079,2024-01-20,C0143,D02,E10,7,12037.8
SO012080,2024-02-03,C0143,D02,E10,3,7453.9
SO012081,2024-02-16,C0143,D02,E10,7,7348.7
SO012082,2024-02-26,C0143,D02,E10,3,3405.0
SO012083,2024-03-08,C0143,D02,E10,4,1390.0
SO012084,2024-03-18,C0143,D02,E10,6,4993.4
SO012085,2024-03-29,C0143,D02,E10,4,2860.0
SO012086,2024-04-12,C0143,D02,E10,4,3003.6
SO012087,2024-04-26,C0143,D02,E10,6,4405.35
SO012088,2024-05-10,C0143,D02,E10,5,2610.75
SO012089,2024-05-24,C0143,D02,E10,6,3685.8
SO012090,2024-06-06,C0143,D02,E10,3,2397.2
SO012091,2024-06-19,C0143,D02,E10,6,4503.2
SO012092,2024-06-30,C0143,D02,E10,5,4696.35
SO012093,2024-07-11,C0143,D02,E10,3,2089.25
SO012094,2024-07-25,C0143,D02,E10,6,3998.8
SO012095,2024-08-05,C0143,D02,E10,4,2895.0
SO012096,2024-08-19,C0143,D02,E10,3,2225.0
SO012097,2024-09-01,C0143,D02,E10,4,3170.0
SO012098,2024-09-15,C0143,D02,E10,5,4227.7
SO012099,2024-09-29,C0143,D02,E10,7,6950.0
SO012100,2024-10-12,C0143,D02,E10,4,5337.8
SO012101,2024-10-23,C0143,D02,E10,5,6284.1
SO012102,2024-11-05,C0143,D02,E10,3,2207.75
SO012103,2024-11-17,C0143,D02,E10,7,7865.0
SO012104,2024-11-29,C0143,D02,E10,7,8740.0
SO012105,2024-12-09,C0143,D02,E10,4,6573.05
SO012106,2024-12-20,C0143,D02,E10,6,9200.0
SO012107,2022-01-08,C0144,D02,E11,7,13305.0
SO012108,2022-01-19,C0144,D02,E11,3,3830.5
SO012109,2022-01-29,C0144,D02,E11,4,5060.0
SO012110,2022-02-08,C0144,D02,E11,3,7630.0
SO012111,2022-02-16,C0144,D02,E11,6,10715.0
SO012112,2022-02-24,C0144,D02,E11,5,8480.0
SO012113,2022-03-05,C0144,D02,E11,7,6046.25
SO012114,2022-03-13,C0144,D02,E11,5,5120.6
SO012115,2022-03-24,C0144,D02,E11,7,5695.0
SO012116,2022-04-04,C0144,D02,E11,7,5285.0
SO012117,2022-04-11,C0144,D02,E11,3,1995.0
SO012118,2022-04-18,C0144,D02,E11,7,6445.0
SO012119,2022-04-29,C0144,D02,E11,3,3461.4
SO012120,2022-05-09,C0144,D02,E11,5,3410.9
SO012121,2022-05-18,C0144,D02,E11,6,5050.0
SO012122,2022-05-28,C0144,D02,E11,5,3931.25
SO012123,2022-06-05,C0144,D02,E11,5,6410.0
SO012124,2022-06-16,C0144,D02,E11,3,4765.4
SO012125,2022-06-24,C0144,D02,E11,4,5035.0
SO012126,2022-07-03,C0144,D02,E11,7,10213.9
SO012127,2022-07-12,C0144,D02,E11,4,3890.0
SO012128,2022-07-22,C0144,D02,E11,3,2370.0
SO012129,2022-07-31,C0144,D02,E11,4,3765.0
SO012130,2022-08-09,C0144,D02,E11,7,7052.7
SO012131,2022-08-16,C0144,D02,E11,5,4915.0
SO012132,2022-08-23,C0144,D02,E11,7,7010.45
SO012133,2022-09-01,C0144,D02,E11,5,4388.65
SO012134,2022-09-10,C0144,D02,E11,3,4105.0
SO012135,2022-09-18,C0144,D02,E11,4,2826.1
SO012136,2022-09-28,C0144,D02,E11,6,9543.6
SO012137,2022-10-09,C0144,D02,E11,5,6550.0
SO012138,2022-10-16,C0144,D02,E11,7,9135.1
SO012139,2022-10-26,C0144,D02,E11,7,11143.95
SO012140,2022-11-05,C0144,D02,E11,6,9923.2
SO012141,2022-11-14,C0144,D02,E11,6,13630.0
SO012142,2022-11-21,C0144,D02,E11,7,10245.0
SO012143,2022-11-28,C0144,D02,E11,4,9485.0
SO012144,2022-12-09,C0144,D02,E11,6,7641.25
SO012145,2022-12-17,C0144,D02,E11,6,5109.9
SO012146,2022-12-26,C0144,D02,E11,5,10290.0
SO012147,2023-01-05,C0144,D02,E11,3,4845.0
SO012148,2023-01-15,C0144,D02,E11,4,6935.0
SO012149,2023-01-26,C0144,D02,E11,7,10491.0
SO012150,2023-02-03,C0144,D02,E11,7,10416.0
SO012151,2023-02-12,C0144,D02,E11,7,11788.0
SO012152,2023-02-20,C0144,D02,E11,6,8989.2
SO012153,2023-03-02,C0144,D02,E11,4,4025.0
SO012154,2023-03-09,C0144,D02,E11,6,6843.4
SO012155,2023-03-19,C0144,D02,E11,7,6178.75
SO012156,2023-03-29,C0144,D02,E11,5,5290.0
SO012157,2023-04-08,C0144,D02,E11,4,4110.0
SO012158,2023-04-16,C0144,D02,E11,6,5776.85
SO012159,2023-04-23,C0144,D02,E11,5,6920.0
SO012160,2023-05-04,C0144,D02,E11,3,2220.0
SO012161,2023-05-14,C0144,D02,E11,4,3274.3
SO012162,2023-05-24,C0144,D02,E11,4,3045.0
SO012163,2023-06-03,C0144,D02,E11,7,10938.7
SO012164,2023-06-10,C0144,D02,E11,3,3465.0
SO012165,2023-06-18,C0144,D02,E11,3,2850.0
SO012166,2023-06-28,C0144,D02,E11,4,4860.0
SO012167,2023-07-07,C0144,D02,E11,6,6580.0
SO012168,2023-07-16,C0144,D02,E11,3,3260.0
SO012169,2023-07-24,C0144,D02,E11,5,4411.25
SO012170,2023-08-03,C0144,D02,E11,4,3796.9
SO012171,2023-08-13,C0144,D02,E11,6,7910.0
SO012172,2023-08-21,C0144,D02,E11,4,3105.0
SO012173,2023-08-30,C0144,D02,E11,7,9640.0
SO012174,2023-09-09,C0144,D02,E11,7,8637.1
SO012175,2023-09-20,C0144,D02,E11,6,7662.3
SO012176,2023-09-28,C0144,D02,E11,7,8336.0
SO012177,2023-10-06,C0144,D02,E11,3,3000.0
SO012178,2023-10-17,C0144,D02,E11,3,3940.05
SO012179,2023-10-24,C0144,D02,E11,3,3220.5
SO012180,2023-11-04,C0144,D02,E11,5,6649.8
SO012181,2023-11-12,C0144,D02,E11,3,7460.95
SO012182,2023-11-19,C0144,D02,E11,7,11944.0
SO012183,2023-11-26,C0144,D02,E11,5,7500.0
SO012184,2023-12-07,C0144,D02,E11,3,9545.0
SO012185,2023-12-15,C0144,D02,E11,5,7195.0
SO012186,2023-12-23,C0144,D02,E11,4,7585.0
SO012187,2023-12-30,C0144,D02,E11,6,8010.0
SO012188,2024-01-08,C0144,D02,E11,4,5323.0
SO012189,2024-01-19,C0144,D02,E11,5,9263.3
SO012190,2024-01-27,C0144,D02,E11,5,6744.3
SO012191,2024-02-06,C0144,D02,E11,7,12307.6
SO012192,2024-02-15,C0144,D02,E11,7,8274.85
SO012193,2024-02-25,C0144,D02,E11,4,7728.75
SO012194,2024-03-07,C0144,D02,E11,6,5320.0
SO012195,2024-03-14,C0144,D02,E11,3,2950.0
SO012196,2024-03-21,C0144,D02,E11,4,3685.0
SO012197,2024-03-29,C0144,D02,E11,6,5485.7
SO012198,2024-04-07,C0144,D02,E11,5,4700.0
SO012199,2024-04-14,C0144,D02,E11,5,6495.0
SO012200,2024-04-24,C0144,D02,E11,4,4045.75
SO012201,2024-05-03,C0144,D02,E11,4,4787.45
SO012202,2024-05-14,C0144,D02,E11,5,3480.0
SO012203,2024-05-22,C0144,D02,E11,4,6287.45
SO012204,2024-05-29,C0144,D02,E11,5,5605.0
SO012205,2024-06-07,C0144,D02,E11,4,6105.0
SO012206,2024-06-15,C0144,D02,E11,7,8762.5
SO012207,2024-06-23,C0144,D02,E11,7,9470.0
SO012208,2024-07-02,C0144,D02,E11,3,4815.0
SO012209,2024-07-11,C0144,D02,E11,6,10749.8
SO012210,2024-07-22,C0144,D02,E11,5,5411.75
SO012211,2024-08-01,C0144,D02,E11,3,2820.0
SO012212,2024-08-10,C0144,D02,E11,5,8415.0
SO012213,2024-08-18,C0144,D02,E11,6,7805.0
SO012214,2024-08-28,C0144,D02,E11,7,8281.6
SO012215,2024-09-04,C0144,D02,E11,7,8506.3
SO012216,2024-09-11,C0144,D02,E11,7,7814.5
SO012217,2024-09-19,C0144,D02,E11,5,7967.5
SO012218,2024-09-29,C0144,D02,E11,4,2920.0
SO012219,2024-10-10,C0144,D02,E11,4,8867.1
SO012220,2024-10-20,C0144,D02,E11,3,3670.0
SO012221,2024-10-31,C0144,D02,E11,3,3204.4
SO012222,2024-11-08,C0144,D02,E11,7,12910.3
SO012223,2024-11-19,C0144,D02,E11,5,14028.7
SO012224,2024-11-26,C0144,D02,E11,4,6095.0
SO012225,2024-12-03,C0144,D02,E11,6,10850.0
SO012226,2024-12-14,C0144,D02,E11,7,17150.0
SO012227,2024-12-22,C0144,D02,E11,5,14325.0
SO012228,2022-01-07,C0145,D01,E06,7,5170.0
SO012229,2022-01-18,C0145,D01,E06,7,8445.0
SO012230,2022-01-30,C0145,D01,E06,5,5500.0
SO012231,2022-02-13,C0145,D01,E06,4,2800.0
SO012232,2022-02-27,C0145,D01,E06,5,4102.6
SO012233,2022-03-10,C0145,D01,E06,5,2435.0
SO012234,2022-03-21,C0145,D01,E06,5,2261.25
SO012235,2022-04-02,C0145,D01,E06,5,2644.4
SO012236,2022-04-16,C0145,D01,E06,5,2112.1
SO012237,2022-04-29,C0145,D01,E06,6,4155.85
SO012238,2022-05-10,C0145,D01,E06,3,2040.0
SO012239,2022-05-23,C0145,D01,E06,3,1155.75
SO012240,2022-06-02,C0145,D01,E06,7,5370.0
SO012241,2022-06-12,C0145,D01,E06,6,4206.1
SO012242,2022-06-24,C0145,D01,E06,5,2115.0
SO012243,2022-07-04,C0145,D01,E06,6,3957.4
SO012244,2022-07-14,C0145,D01,E06,6,4710.0
SO012245,2022-07-26,C0145,D01,E06,7,6010.75
SO012246,2022-08-05,C0145,D01,E06,7,5513.8
SO012247,2022-08-16,C0145,D01,E06,7,4331.2
SO012248,2022-08-28,C0145,D01,E06,7,4988.8
SO012249,2022-09-07,C0145,D01,E06,4,3575.0
SO012250,2022-09-18,C0145,D01,E06,7,6240.0
SO012251,2022-09-29,C0145,D01,E06,5,4933.8
SO012252,2022-10-13,C0145,D01,E06,6,4935.0
SO012253,2022-10-24,C0145,D01,E06,3,2574.5
SO012254,2022-11-05,C0145,D01,E06,7,6025.0
SO012255,2022-11-15,C0145,D01,E06,4,4095.7
SO012256,2022-11-29,C0145,D01,E06,7,9900.0
SO012257,2022-12-10,C0145,D01,E06,3,3225.0
SO012258,2022-12-24,C0145,D01,E06,7,6670.5
SO012259,2023-01-03,C0145,D01,E06,4,4252.6
SO012260,2023-01-13,C0145,D01,E06,3,5145.0
SO012261,2023-01-27,C0145,D01,E06,6,8443.25
SO012262,2023-02-10,C0145,D01,E06,6,6970.0
SO012263,2023-02-20,C0145,D01,E06,7,5715.0
SO012264,2023-03-03,C0145,D01,E06,4,1960.6
SO012265,2023-03-14,C0145,D01,E06,6,3650.0
SO012266,2023-03-25,C0145,D01,E06,5,3625.0
SO012267,2023-04-04,C0145,D01,E06,3,1700.0
SO012268,2023-04-16,C0145,D01,E06,5,1990.0
SO012269,2023-04-27,C0145,D01,E06,5,2696.3
SO012270,2023-05-10,C0145,D01,E06,3,1700.0
SO012271,2023-05-21,C0145,D01,E06,5,2923.5
SO012272,2023-06-01,C0145,D01,E06,4,3020.0
SO012273,2023-06-13,C0145,D01,E06,5,4145.0
SO012274,2023-06-26,C0145,D01,E06,5,3185.0
SO012275,2023-07-06,C0145,D01,E06,4,2872.9
SO012276,2023-07-18,C0145,D01,E06,7,5842.35
SO012277,2023-07-30,C0145,D01,E06,3,3095.0
SO012278,2023-08-11,C0145,D01,E06,6,3780.0
SO012279,2023-08-24,C0145,D01,E06,6,4262.25
SO012280,2023-09-07,C0145,D01,E06,5,4874.0
SO012281,2023-09-18,C0145,D01,E06,4,4195.0
SO012282,2023-09-29,C0145,D01,E06,4,2710.0
SO012283,2023-10-12,C0145,D01,E06,3,2390.0
SO012284,2023-10-23,C0145,D01,E06,6,5018.05
SO012285,2023-11-06,C0145,D01,E06,7,9205.7
SO012286,2023-11-17,C0145,D01,E06,6,9195.0
SO012287,2023-12-01,C0145,D01,E06,4,4085.0
SO012288,2023-12-12,C0145,D01,E06,3,3320.0
SO012289,2023-12-22,C0145,D01,E06,5,4375.0
SO012290,2024-01-01,C0145,D01,E06,7,8986.85
SO012291,2024-01-14,C0145,D01,E06,4,4309.5
SO012292,2024-01-26,C0145,D01,E06,5,5515.0
SO012293,2024-02-07,C0145,D01,E06,3,4595.0
SO012294,2024-02-18,C0145,D01,E06,5,7011.2
SO012295,2024-02-29,C0145,D01,E06,4,3153.0
SO012296,2024-03-14,C0145,D01,E06,5,3443.3
SO012297,2024-03-24,C0145,D01,E06,4,2630.0
SO012298,2024-04-06,C0145,D01,E06,7,3803.7
SO012299,2024-04-19,C0145,D01,E06,4,2240.0
SO012300,2024-05-02,C0145,D01,E06,3,1920.0
SO012301,2024-05-13,C0145,D01,E06,3,1839.5
SO012302,2024-05-25,C0145,D01,E06,5,3730.0
SO012303,2024-06-05,C0145,D01,E06,7,5873.4
SO012304,2024-06-16,C0145,D01,E06,5,5272.2
SO012305,2024-06-29,C0145,D01,E06,4,3099.35
SO012306,2024-07-11,C0145,D01,E06,7,5714.1
SO012307,2024-07-24,C0145,D01,E06,7,6705.0
SO012308,2024-08-03,C0145,D01,E06,5,5010.7
SO012309,2024-08-16,C0145,D01,E06,5,4915.0
SO012310,2024-08-29,C0145,D01,E06,7,6660.2
SO012311,2024-09-11,C0145,D01,E06,3,2933.75
SO012312,2024-09-25,C0145,D01,E06,4,2560.0
SO012313,2024-10-08,C0145,D01,E06,6,8783.65
SO012314,2024-10-21,C0145,D01,E06,3,4335.0
SO012315,2024-11-01,C0145,D01,E06,7,10849.4
SO012316,2024-11-11,C0145,D01,E06,5,7360.0
SO012317,2024-11-21,C0145,D01,E06,3,3410.0
SO012318,2024-12-02,C0145,D01,E06,4,5750.0
SO012319,2024-12-14,C0145,D01,E06,5,3270.0
SO012320,2024-12-25,C0145,D01,E06,7,5827.85
SO012321,2022-01-10,C0146,D01,E07,7,3820.6
SO012322,2022-01-26,C0146,D01,E07,3,1150.0
SO012323,2022-02-11,C0146,D01,E07,3,1185.0
SO012324,2022-02-24,C0146,D01,E07,4,1514.15
SO012325,2022-03-11,C0146,D01,E07,6,2373.4
SO012326,2022-03-24,C0146,D01,E07,5,1247.0
SO012327,2022-04-07,C0146,D01,E07,5,1935.4
SO012328,2022-04-22,C0146,D01,E07,7,1895.0
SO012329,2022-05-06,C0146,D01,E07,5,1450.0
SO012330,2022-05-22,C0146,D01,E07,3,1300.2
SO012331,2022-06-06,C0146,D01,E07,3,1305.0
SO012332,2022-06-22,C0146,D01,E07,3,995.0
SO012333,2022-07-08,C0146,D01,E07,6,2162.05
SO012334,2022-07-21,C0146,D01,E07,6,3021.25
SO012335,2022-08-06,C0146,D01,E07,5,2055.6
SO012336,2022-08-22,C0146,D01,E07,6,2782.2
SO012337,2022-09-08,C0146,D01,E07,6,3083.1
SO012338,2022-09-23,C0146,D01,E07,6,2725.0
SO012339,2022-10-08,C0146,D01,E07,5,2900.0
SO012340,2022-10-25,C0146,D01,E07,3,1216.5
SO012341,2022-11-07,C0146,D01,E07,3,1580.0
SO012342,2022-11-24,C0146,D01,E07,3,565.0
SO012343,2022-12-10,C0146,D01,E07,3,1366.0
SO012344,2022-12-26,C0146,D01,E07,4,1490.2
SO012345,2023-01-10,C0146,D01,E07,3,2010.0
SO012346,2023-01-27,C0146,D01,E07,4,1874.4
SO012347,2023-02-09,C0146,D01,E07,5,3746.5
SO012348,2023-02-25,C0146,D01,E07,6,2747.1
SO012349,2023-03-11,C0146,D01,E07,4,1770.0
SO012350,2023-03-24,C0146,D01,E07,3,1220.0
SO012351,2023-04-06,C0146,D01,E07,7,2581.1
SO012352,2023-04-23,C0146,D01,E07,7,2495.0
SO012353,2023-05-10,C0146,D01,E07,3,665.0
SO012354,2023-05-23,C0146,D01,E07,3,1539.6
SO012355,2023-06-06,C0146,D01,E07,5,1657.65
SO012356,2023-06-19,C0146,D01,E07,5,1415.0
SO012357,2023-07-05,C0146,D01,E07,7,2954.15
SO012358,2023-07-22,C0146,D01,E07,7,3596.5
SO012359,2023-08-08,C0146,D01,E07,7,3630.0
SO012360,2023-08-25,C0146,D01,E07,3,1330.75
SO012361,2023-09-09,C0146,D01,E07,4,1695.0
SO012362,2023-09-26,C0146,D01,E07,7,2935.0
SO012363,2023-10-12,C0146,D01,E07,7,4385.4
SO012364,2023-10-28,C0146,D01,E07,4,2605.0
SO012365,2023-11-14,C0146,D01,E07,7,4183.8
SO012366,2023-11-27,C0146,D01,E07,3,2160.0
SO012367,2023-12-12,C0146,D01,E07,3,1519.45
SO012368,2023-12-26,C0146,D01,E07,7,4230.0
SO012369,2024-01-10,C0146,D01,E07,6,3810.7
SO012370,2024-01-25,C0146,D01,E07,3,1580.0
SO012371,2024-02-07,C0146,D01,E07,5,2940.0
SO012372,2024-02-24,C0146,D01,E07,5,4085.0
SO012373,2024-03-08,C0146,D01,E07,6,1685.0
SO012374,2024-03-22,C0146,D01,E07,7,2775.75
SO012375,2024-04-05,C0146,D01,E07,6,1465.0
SO012376,2024-04-18,C0146,D01,E07,3,1120.0
SO012377,2024-05-04,C0146,D01,E07,3,710.2
SO012378,2024-05-21,C0146,D01,E07,6,1700.0
SO012379,2024-06-03,C0146,D01,E07,6,3430.0
SO012380,2024-06-17,C0146,D01,E07,5,3285.0
SO012381,2024-07-04,C0146,D01,E07,3,880.0
SO012382,2024-07-20,C0146,D01,E07,6,2920.0
SO012383,2024-08-04,C0146,D01,E07,7,2927.1
SO012384,2024-08-20,C0146,D01,E07,3,1510.0
SO012385,2024-09-02,C0146,D01,E07,5,2185.75
SO012386,2024-09-18,C0146,D01,E07,7,2896.05
SO012387,2024-10-05,C0146,D01,E07,7,3537.75
SO012388,2024-10-19,C0146,D01,E07,4,2000.0
SO012389,2024-11-01,C0146,D01,E07,6,8440.1
SO012390,2024-11-16,C0146,D01,E07,3,1525.0
SO012391,2024-12-01,C0146,D01,E07,3,2295.0
SO012392,2024-12-15,C0146,D01,E07,6,4735.0
SO012393,2024-12-29,C0146,D01,E07,4,2715.0
SO012394,2022-01-03,C0147,D01,E08,5,10225.6
SO012395,2022-01-11,C0147,D01,E08,3,7027.95
SO012396,2022-01-21,C0147,D01,E08,6,5798.0
SO012397,2022-01-28,C0147,D01,E08,5,6723.4
SO012398,2022-02-06,C0147,D01,E08,6,10201.6
SO012399,2022-02-17,C0147,D01,E08,5,9609.35
SO012400,2022-02-28,C0147,D01,E08,6,8995.0
SO012401,2022-03-08,C0147,D01,E08,4,2905.0
SO012402,2022-03-16,C0147,D01,E08,5,2922.75
SO012403,2022-03-25,C0147,D01,E08,7,5516.5
SO012404,2022-04-03,C0147,D01,E08,3,3300.0
SO012405,2022-04-11,C0147,D01,E08,4,4820.0
SO012406,2022-04-22,C0147,D01,E08,4,2670.6
SO012407,2022-04-29,C0147,D01,E08,4,4633.2
SO012408,2022-05-06,C0147,D01,E08,6,4400.0
SO012409,2022-05-14,C0147,D01,E08,5,3200.0
SO012410,2022-05-21,C0147,D01,E08,7,5462.9
SO012411,2022-05-31,C0147,D01,E08,5,3971.0
SO012412,2022-06-11,C0147,D01,E08,5,4026.65
SO012413,2022-06-20,C0147,D01,E08,4,3865.0
SO012414,2022-06-27,C0147,D01,E08,7,6621.2
SO012415,2022-07-08,C0147,D01,E08,6,8340.0
SO012416,2022-07-16,C0147,D01,E08,5,3595.6
SO012417,2022-07-24,C0147,D01,E08,5,5765.0
SO012418,2022-07-31,C0147,D01,E08,6,6345.75
SO012419,2022-08-07,C0147,D01,E08,3,2040.0
SO012420,2022-08-17,C0147,D01,E08,4,3624.5
SO012421,2022-08-26,C0147,D01,E08,5,7555.0
SO012422,2022-09-05,C0147,D01,E08,3,4790.0
SO012423,2022-09-13,C0147,D01,E08,6,6382.6
SO012424,2022-09-21,C0147,D01,E08,3,4198.4
SO012425,2022-10-02,C0147,D01,E08,6,7002.1
SO012426,2022-10-11,C0147,D01,E08,7,8831.8
SO012427,2022-10-22,C0147,D01,E08,3,5504.5
SO012428,2022-10-31,C0147,D01,E08,7,8840.0
SO012429,2022-11-09,C0147,D01,E08,7,13046.2
SO012430,2022-11-16,C0147,D01,E08,6,8536.65
SO012431,2022-11-25,C0147,D01,E08,4,6035.0
SO012432,2022-12-06,C0147,D01,E08,4,10807.25
SO012433,2022-12-14,C0147,D01,E08,6,7650.0
SO012434,2022-12-24,C0147,D01,E08,7,10768.4
SO012435,2023-01-01,C0147,D01,E08,4,4385.0
SO012436,2023-01-08,C0147,D01,E08,6,11896.7
SO012437,2023-01-18,C0147,D01,E08,3,3755.0
SO012438,2023-01-29,C0147,D01,E08,5,5855.0
SO012439,2023-02-06,C0147,D01,E08,6,9510.7
SO012440,2023-02-14,C0147,D01,E08,4,8760.6
SO012441,2023-02-21,C0147,D01,E08,7,15537.1
SO012442,2023-02-28,C0147,D01,E08,5,13025.0
SO012443,2023-03-11,C0147,D01,E08,6,4168.2
SO012444,2023-03-18,C0147,D01,E08,5,3825.0
SO012445,2023-03-28,C0147,D01,E08,7,6551.65
SO012446,2023-04-05,C0147,D01,E08,5,5851.0
SO012447,2023-04-13,C0147,D01,E08,4,2686.65
SO012448,2023-04-23,C0147,D01,E08,5,4199.8
SO012449,2023-05-02,C0147,D01,E08,6,6670.0
SO012450,2023-05-12,C0147,D01,E08,5,4110.0
SO012451,2023-05-19,C0147,D01,E08,6,5990.25
SO012452,2023-05-28,C0147,D01,E08,4,3865.0
SO012453,2023-06-04,C0147,D01,E08,4,3681.5
SO012454,2023-06-14,C0147,D01,E08,7,6496.4
SO012455,2023-06-25,C0147,D01,E08,7,7595.0
SO012456,2023-07-03,C0147,D01,E08,4,5400.0
SO012457,2023-07-13,C0147,D01,E08,6,5150.0
SO012458,2023-07-20,C0147,D01,E08,7,9148.65
SO012459,2023-07-29,C0147,D01,E08,6,8260.0
SO012460,2023-08-09,C0147,D01,E08,5,6165.0
SO012461,2023-08-16,C0147,D01,E08,7,10223.5
SO012462,2023-08-27,C0147,D01,E08,6,8188.0
SO012463,2023-09-03,C0147,D01,E08,3,2560.0
SO012464,2023-09-10,C0147,D01,E08,4,4914.0
SO012465,2023-09-19,C0147,D01,E08,6,7413.85
SO012466,2023-09-28,C0147,D01,E08,5,5814.75
SO012467,2023-10-09,C0147,D01,E08,3,3366.65
SO012468,2023-10-18,C0147,D01,E08,4,6645.7
SO012469,2023-10-27,C0147,D01,E08,6,7171.15
SO012470,2023-11-03,C0147,D01,E08,3,5595.5
SO012471,2023-11-14,C0147,D01,E08,6,14506.85
SO012472,2023-11-23,C0147,D01,E08,7,9893.0
SO012473,2023-12-01,C0147,D01,E08,3,5144.0
SO012474,2023-12-11,C0147,D01,E08,7,8866.6
SO012475,2023-12-20,C0147,D01,E08,3,6594.5
SO012476,2023-12-30,C0147,D01,E08,6,10485.0
SO012477,2024-01-08,C0147,D01,E08,7,11845.0
SO012478,2024-01-16,C0147,D01,E08,5,10069.7
SO012479,2024-01-26,C0147,D01,E08,6,6406.05
SO012480,2024-02-02,C0147,D01,E08,7,12220.9
SO012481,2024-02-10,C0147,D01,E08,5,12104.15
SO012482,2024-02-17,C0147,D01,E08,3,2374.2
SO012483,2024-02-25,C0147,D01,E08,7,17175.0
SO012484,2024-03-05,C0147,D01,E08,6,3965.25
SO012485,2024-03-13,C0147,D01,E08,7,5777.25
SO012486,2024-03-22,C0147,D01,E08,7,6191.5
SO012487,2024-04-01,C0147,D01,E08,4,4025.0
SO012488,2024-04-08,C0147,D01,E08,4,3045.0
SO012489,2024-04-15,C0147,D01,E08,7,8311.25
SO012490,2024-04-26,C0147,D01,E08,6,4906.8
SO012491,2024-05-06,C0147,D01,E08,7,8165.0
SO012492,2024-05-13,C0147,D01,E08,7,8916.8
SO012493,2024-05-24,C0147,D01,E08,5,5030.0
SO012494,2024-06-02,C0147,D01,E08,5,8198.2
SO012495,2024-06-12,C0147,D01,E08,5,8916.35
SO012496,2024-06-20,C0147,D01,E08,7,8970.0
SO012497,2024-06-28,C0147,D01,E08,3,2865.0
SO012498,2024-07-06,C0147,D01,E08,7,10815.0
SO012499,2024-07-17,C0147,D01,E08,5,9030.0
SO012500,2024-07-25,C0147,D01,E08,4,3675.0
SO012501,2024-08-04,C0147,D01,E08,3,4290.0
SO012502,2024-08-14,C0147,D01,E08,4,7520.0
SO012503,2024-08-22,C0147,D01,E08,6,9525.0
SO012504,2024-09-02,C0147,D01,E08,4,4510.0
SO012505,2024-09-13,C0147,D01,E08,5,5755.0
SO012506,2024-09-23,C0147,D01,E08,5,6720.0
SO012507,2024-10-02,C0147,D01,E08,3,5104.25
SO012508,2024-10-13,C0147,D01,E08,7,10436.3
SO012509,2024-10-24,C0147,D01,E08,7,11352.15
SO012510,2024-10-31,C0147,D01,E08,4,7243.75
SO012511,2024-11-10,C0147,D01,E08,4,8665.0
SO012512,2024-11-17,C0147,D01,E08,3,3440.0
SO012513,2024-11-28,C0147,D01,E08,6,13404.2
SO012514,2024-12-08,C0147,D01,E08,5,7644.2
SO012515,2024-12-19,C0147,D01,E08,4,8455.0
SO012516,2024-12-26,C0147,D01,E08,4,5763.4
SO012517,2022-01-10,C0148,D02,E09,3,3535.0
SO012518,2022-01-23,C0148,D02,E09,4,3600.0
SO012519,2022-02-04,C0148,D02,E09,7,6495.0
SO012520,2022-02-18,C0148,D02,E09,3,2840.0
SO012521,2022-03-03,C0148,D02,E09,5,2760.7
SO012522,2022-03-15,C0148,D02,E09,7,3127.8
SO012523,2022-03-27,C0148,D02,E09,6,3235.45
SO012524,2022-04-10,C0148,D02,E09,6,3105.0
SO012525,2022-04-23,C0148,D02,E09,7,2980.0
SO012526,2022-05-06,C0148,D02,E09,7,3135.0
SO012527,2022-05-16,C0148,D02,E09,6,2650.6
SO012528,2022-05-29,C0148,D02,E09,5,2925.0
SO012529,2022-06-10,C0148,D02,E09,4,2920.0
SO012530,2022-06-20,C0148,D02,E09,5,3478.4
SO012531,2022-07-03,C0148,D02,E09,7,5370.0
SO012532,2022-07-13,C0148,D02,E09,4,2676.3
SO012533,2022-07-24,C0148,D02,E09,7,5030.0
SO012534,2022-08-03,C0148,D02,E09,5,4130.0
SO012535,2022-08-16,C0148,D02,E09,3,3015.0
SO012536,2022-08-29,C0148,D02,E09,4,2190.0
SO012537,2022-09-12,C0148,D02,E09,4,2130.0
SO012538,2022-09-24,C0148,D02,E09,3,2758.1
SO012539,2022-10-04,C0148,D02,E09,7,7177.25
SO012540,2022-10-18,C0148,D02,E09,7,8255.05
SO012541,2022-11-01,C0148,D02,E09,4,5295.0
SO012542,2022-11-11,C0148,D02,E09,4,4500.0
SO012543,2022-11-22,C0148,D02,E09,4,3574.25
SO012544,2022-12-06,C0148,D02,E09,6,8160.6
SO012545,2022-12-16,C0148,D02,E09,3,4095.6
SO012546,2022-12-26,C0148,D02,E09,6,6505.0
SO012547,2023-01-06,C0148,D02,E09,5,4815.0
SO012548,2023-01-19,C0148,D02,E09,7,8060.0
SO012549,2023-01-30,C0148,D02,E09,7,5345.0
SO012550,2023-02-09,C0148,D02,E09,4,5880.0
SO012551,2023-02-20,C0148,D02,E09,3,4465.0
SO012552,2023-03-06,C0148,D02,E09,7,3745.0
SO012553,2023-03-16,C0148,D02,E09,5,2765.0
SO012554,2023-03-27,C0148,D02,E09,3,1325.0
SO012555,2023-04-09,C0148,D02,E09,7,3545.0
SO012556,2023-04-22,C0148,D02,E09,7,4830.0
SO012557,2023-05-02,C0148,D02,E09,6,4650.0
SO012558,2023-05-16,C0148,D02,E09,6,3830.0
SO012559,2023-05-30,C0148,D02,E09,6,4427.4
SO012560,2023-06-10,C0148,D02,E09,5,3934.2
SO012561,2023-06-22,C0148,D02,E09,3,2120.0
SO012562,2023-07-02,C0148,D02,E09,3,2514.5
SO012563,2023-07-16,C0148,D02,E09,7,5036.45
SO012564,2023-07-30,C0148,D02,E09,4,2500.0
SO012565,2023-08-11,C0148,D02,E09,6,4250.0
SO012566,2023-08-22,C0148,D02,E09,7,5530.0
SO012567,2023-09-02,C0148,D02,E09,3,1980.0
SO012568,2023-09-15,C0148,D02,E09,5,3475.0
SO012569,2023-09-26,C0148,D02,E09,3,3020.0
SO012570,2023-10-08,C0148,D02,E09,7,6290.3
SO012571,2023-10-19,C0148,D02,E09,6,6787.2
SO012572,2023-10-30,C0148,D02,E09,4,4345.0
SO012573,2023-11-10,C0148,D02,E09,3,4665.2
SO012574,2023-11-24,C0148,D02,E09,3,2905.0
SO012575,2023-12-06,C0148,D02,E09,3,3250.0
SO012576,2023-12-16,C0148,D02,E09,5,5733.2
SO012577,2023-12-29,C0148,D02,E09,7,6717.75
SO012578,2024-01-09,C0148,D02,E09,5,4210.0
SO012579,2024-01-21,C0148,D02,E09,7,6147.75
SO012580,2024-02-03,C0148,D02,E09,6,9168.65
SO012581,2024-02-16,C0148,D02,E09,3,2669.2
SO012582,2024-02-26,C0148,D02,E09,3,5035.0
SO012583,2024-03-07,C0148,D02,E09,4,3230.0
SO012584,2024-03-21,C0148,D02,E09,4,3060.0
SO012585,2024-04-04,C0148,D02,E09,4,4040.0
SO012586,2024-04-16,C0148,D02,E09,6,5047.4
SO012587,2024-04-30,C0148,D02,E09,4,3020.0
SO012588,2024-05-14,C0148,D02,E09,3,1987.4
SO012589,2024-05-28,C0148,D02,E09,5,2659.2
SO012590,2024-06-09,C0148,D02,E09,5,3341.0
SO012591,2024-06-19,C0148,D02,E09,6,5815.5
SO012592,2024-07-01,C0148,D02,E09,4,3260.0
SO012593,2024-07-15,C0148,D02,E09,6,3903.35
SO012594,2024-07-28,C0148,D02,E09,6,4418.5
SO012595,2024-08-09,C0148,D02,E09,3,3190.0
SO012596,2024-08-23,C0148,D02,E09,3,2470.0
SO012597,2024-09-05,C0148,D02,E09,4,2996.25
SO012598,2024-09-18,C0148,D02,E09,4,5124.5
SO012599,2024-09-29,C0148,D02,E09,3,2705.0
SO012600,2024-10-10,C0148,D02,E09,6,5271.9
SO012601,2024-10-21,C0148,D02,E09,3,2603.4
SO012602,2024-11-04,C0148,D02,E09,5,8909.6
SO012603,2024-11-17,C0148,D02,E09,7,10326.5
SO012604,2024-11-27,C0148,D02,E09,7,8608.2
SO012605,2024-12-11,C0148,D02,E09,5,6300.0
SO012606,2024-12-25,C0148,D02,E09,3,1720.0
SO012607,2022-01-10,C0149,D02,E10,5,2978.4
SO012608,2022-01-24,C0149,D02,E10,7,3785.0
SO012609,2022-02-06,C0149,D02,E10,3,1315.0
SO012610,2022-02-19,C0149,D02,E10,6,3937.0
SO012611,2022-03-07,C0149,D02,E10,4,1229.85
SO012612,2022-03-20,C0149,D02,E10,5,2018.6
SO012613,2022-04-06,C0149,D02,E10,6,1359.8
SO012614,2022-04-23,C0149,D02,E10,7,2690.0
SO012615,2022-05-10,C0149,D02,E10,6,1583.75
SO012616,2022-05-26,C0149,D02,E10,5,1875.65
SO012617,2022-06-09,C0149,D02,E10,5,2575.0
SO012618,2022-06-23,C0149,D02,E10,5,1919.2
SO012619,2022-07-07,C0149,D02,E10,6,2650.0
SO012620,2022-07-24,C0149,D02,E10,3,1960.0
SO012621,2022-08-07,C0149,D02,E10,4,1535.25
SO012622,2022-08-23,C0149,D02,E10,5,1795.0
SO012623,2022-09-05,C0149,D02,E10,4,1840.0
SO012624,2022-09-21,C0149,D02,E10,4,1550.0
SO012625,2022-10-06,C0149,D02,E10,6,2516.8
SO012626,2022-10-22,C0149,D02,E10,6,3845.7
SO012627,2022-11-08,C0149,D02,E10,7,4115.0
SO012628,2022-11-22,C0149,D02,E10,7,4424.1
SO012629,2022-12-08,C0149,D02,E10,7,3415.0
SO012630,2022-12-23,C0149,D02,E10,3,1540.0
SO012631,2023-01-08,C0149,D02,E10,6,3961.05
SO012632,2023-01-21,C0149,D02,E10,5,2359.8
SO012633,2023-02-03,C0149,D02,E10,4,2970.0
SO012634,2023-02-19,C0149,D02,E10,3,2175.0
SO012635,2023-03-07,C0149,D02,E10,5,1095.0
SO012636,2023-03-23,C0149,D02,E10,4,1129.9
SO012637,2023-04-05,C0149,D02,E10,6,2044.3
SO012638,2023-04-20,C0149,D02,E10,4,1150.1
SO012639,2023-05-07,C0149,D02,E10,5,1455.6
SO012640,2023-05-22,C0149,D02,E10,3,750.0
SO012641,2023-06-04,C0149,D02,E10,3,1014.25
SO012642,2023-06-17,C0149,D02,E10,5,2005.0
SO012643,2023-07-03,C0149,D02,E10,3,1355.0
SO012644,2023-07-20,C0149,D02,E10,7,4253.1
SO012645,2023-08-03,C0149,D02,E10,4,1530.0
SO012646,2023-08-16,C0149,D02,E10,5,1850.0
SO012647,2023-08-30,C0149,D02,E10,4,2003.6
SO012648,2023-09-16,C0149,D02,E10,5,2295.0
SO012649,2023-10-03,C0149,D02,E10,5,2410.0
SO012650,2023-10-16,C0149,D02,E10,5,3298.9
SO012651,2023-11-01,C0149,D02,E10,5,3250.0
SO012652,2023-11-14,C0149,D02,E10,7,6251.75
SO012653,2023-12-01,C0149,D02,E10,7,5074.85
SO012654,2023-12-17,C0149,D02,E10,5,2595.0
SO012655,2024-01-02,C0149,D02,E10,4,3900.05
SO012656,2024-01-17,C0149,D02,E10,6,4040.0
SO012657,2024-02-01,C0149,D02,E10,4,1950.55
SO012658,2024-02-14,C0149,D02,E10,4,3185.55
SO012659,2024-02-29,C0149,D02,E10,6,3306.9
SO012660,2024-03-13,C0149,D02,E10,3,980.0
SO012661,2024-03-27,C0149,D02,E10,3,1125.0
SO012662,2024-04-10,C0149,D02,E10,7,2158.0
SO012663,2024-04-23,C0149,D02,E10,7,2055.0
SO012664,2024-05-10,C0149,D02,E10,6,1787.65
SO012665,2024-05-27,C0149,D02,E10,7,2640.0
SO012666,2024-06-12,C0149,D02,E10,6,1763.4
SO012667,2024-06-27,C0149,D02,E10,6,2687.7
SO012668,2024-07-13,C0149,D02,E10,4,1993.6
SO012669,2024-07-28,C0149,D02,E10,4,1910.7
SO012670,2024-08-13,C0149,D02,E10,7,2773.3
SO012671,2024-08-27,C0149,D02,E10,7,3429.75
SO012672,2024-09-13,C0149,D02,E10,3,1565.0
SO012673,2024-09-27,C0149,D02,E10,4,1714.3
SO012674,2024-10-11,C0149,D02,E10,4,2435.95
SO012675,2024-10-27,C0149,D02,E10,4,2235.55
SO012676,2024-11-12,C0149,D02,E10,5,4930.0
SO012677,2024-11-27,C0149,D02,E10,5,3185.0
SO012678,2024-12-14,C0149,D02,E10,7,3585.2
SO012679,2024-12-27,C0149,D02,E10,7,6220.0
SO012680,2022-01-04,C0150,D02,E11,3,5197.3
SO012681,2022-01-14,C0150,D02,E11,6,10155.0
SO012682,2022-01-23,C0150,D02,E11,6,11368.1
SO012683,2022-02-01,C0150,D02,E11,7,11250.0
SO012684,2022-02-11,C0150,D02,E11,7,7517.9
SO012685,2022-02-19,C0150,D02,E11,7,9280.0
SO012686,2022-02-28,C0150,D02,E11,7,7015.0
SO012687,2022-03-11,C0150,D02,E11,6,5647.0
SO012688,2022-03-20,C0150,D02,E11,5,2940.0
SO012689,2022-03-29,C0150,D02,E11,7,5887.0
SO012690,2022-04-06,C0150,D02,E11,7,5680.0
SO012691,2022-04-14,C0150,D02,E11,4,4710.0
SO012692,2022-04-25,C0150,D02,E11,3,3157.5
SO012693,2022-05-03,C0150,D02,E11,3,1700.0
SO012694,2022-05-11,C0150,D02,E11,4,6036.2
SO012695,2022-05-20,C0150,D02,E11,3,1967.7
SO012696,2022-05-28,C0150,D02,E11,7,4990.4
SO012697,2022-06-04,C0150,D02,E11,3,2515.0
SO012698,2022-06-11,C0150,D02,E11,5,7220.0
SO012699,2022-06-19,C0150,D02,E11,4,2908.5
SO012700,2022-06-30,C0150,D02,E11,3,2965.0
SO012701,2022-07-11,C0150,D02,E11,3,3849.15
SO012702,2022-07-20,C0150,D02,E11,7,7291.5
SO012703,2022-07-28,C0150,D02,E11,4,6105.0
SO012704,2022-08-05,C0150,D02,E11,4,4065.5
SO012705,2022-08-14,C0150,D02,E11,7,9568.75
SO012706,2022-08-24,C0150,D02,E11,6,6765.1
SO012707,2022-09-04,C0150,D02,E11,3,2870.0
SO012708,2022-09-13,C0150,D02,E11,5,8170.0
SO012709,2022-09-23,C0150,D02,E11,4,3051.6
SO012710,2022-10-04,C0150,D02,E11,6,8447.85
SO012711,2022-10-12,C0150,D02,E11,4,5055.0
SO012712,2022-10-19,C0150,D02,E11,6,11963.35
SO012713,2022-10-30,C0150,D02,E11,5,5720.0
SO012714,2022-11-07,C0150,D02,E11,4,7586.6
SO012715,2022-11-15,C0150,D02,E11,5,9562.2
SO012716,2022-11-26,C0150,D02,E11,4,8430.0
SO012717,2022-12-05,C0150,D02,E11,6,9230.6
SO012718,2022-12-16,C0150,D02,E11,5,7575.0
SO012719,2022-12-23,C0150,D02,E11,3,3840.0
SO012720,2023-01-02,C0150,D02,E11,3,5510.0
SO012721,2023-01-09,C0150,D02,E11,4,7642.7
SO012722,2023-01-18,C0150,D02,E11,4,4953.55
SO012723,2023-01-27,C0150,D02,E11,4,4375.85
SO012724,2023-02-03,C0150,D02,E11,3,9454.6
SO012725,2023-02-14,C0150,D02,E11,4,3000.0
SO012726,2023-02-24,C0150,D02,E11,4,9203.3
SO012727,2023-03-04,C0150,D02,E11,3,2985.0
SO012728,2023-03-14,C0150,D02,E11,3,2415.0
SO012729,2023-03-25,C0150,D02,E11,3,3665.0
SO012730,2023-04-02,C0150,D02,E11,4,3000.0
SO012731,2023-04-11,C0150,D02,E11,3,4640.0
SO012732,2023-04-18,C0150,D02,E11,3,4392.75
SO012733,2023-04-29,C0150,D02,E11,5,4363.8
SO012734,2023-05-08,C0150,D02,E11,7,5770.0
SO012735,2023-05-19,C0150,D02,E11,7,7860.0
SO012736,2023-05-28,C0150,D02,E11,6,5640.25
SO012737,2023-06-04,C0150,D02,E11,6,8266.0
SO012738,2023-06-12,C0150,D02,E11,5,7515.0
SO012739,2023-06-21,C0150,D02,E11,4,5355.0
SO012740,2023-07-01,C0150,D02,E11,6,5481.0
SO012741,2023-07-10,C0150,D02,E11,4,3420.6
SO012742,2023-07-17,C0150,D02,E11,4,6865.0
SO012743,2023-07-27,C0150,D02,E11,5,5498.0
SO012744,2023-08-03,C0150,D02,E11,4,4740.9
SO012745,2023-08-14,C0150,D02,E11,3,3786.25
SO012746,2023-08-24,C0150,D02,E11,7,6880.35
SO012747,2023-09-03,C0150,D02,E11,3,3370.0
SO012748,2023-09-14,C0150,D02,E11,3,4290.0
SO012749,2023-09-21,C0150,D02,E11,3,3705.0
SO012750,2023-09-30,C0150,D02,E11,3,2332.0
SO012751,2023-10-07,C0150,D02,E11,3,5530.0
SO012752,2023-10-17,C0150,D02,E11,4,6240.9
SO012753,2023-10-25,C0150,D02,E11,3,4130.0
SO012754,2023-11-01,C0150,D02,E11,4,6970.0
SO012755,2023-11-12,C0150,D02,E11,3,4434.75
SO012756,2023-11-23,C0150,D02,E11,7,15528.0
SO012757,2023-12-01,C0150,D02,E11,4,6881.3
SO012758,2023-12-08,C0150,D02,E11,3,2610.0
SO012759,2023-12-18,C0150,D02,E11,4,3896.75
SO012760,2023-12-27,C0150,D02,E11,4,6000.0
SO012761,2024-01-05,C0150,D02,E11,4,8420.3
SO012762,2024-01-16,C0150,D02,E11,7,13925.7
SO012763,2024-01-24,C0150,D02,E11,3,8660.0
SO012764,2024-02-02,C0150,D02,E11,5,8993.1
SO012765,2024-02-13,C0150,D02,E11,7,9435.0
SO012766,2024-02-24,C0150,D02,E11,5,6985.0
SO012767,2024-03-05,C0150,D02,E11,3,2880.0
SO012768,2024-03-14,C0150,D02,E11,3,3110.0
SO012769,2024-03-23,C0150,D02,E11,5,4672.25
SO012770,2024-03-31,C0150,D02,E11,5,5436.75
SO012771,2024-04-09,C0150,D02,E11,5,4080.0
SO012772,2024-04-16,C0150,D02,E11,3,2690.0
SO012773,2024-04-25,C0150,D02,E11,7,6493.2
SO012774,2024-05-06,C0150,D02,E11,6,5850.0
SO012775,2024-05-16,C0150,D02,E11,4,3295.0
SO012776,2024-05-25,C0150,D02,E11,4,5700.0
SO012777,2024-06-05,C0150,D02,E11,5,6010.0
SO012778,2024-06-12,C0150,D02,E11,3,1670.0
SO012779,2024-06-21,C0150,D02,E11,6,8148.25
SO012780,2024-07-01,C0150,D02,E11,7,6940.0
SO012781,2024-07-10,C0150,D02,E11,5,7805.0
SO012782,2024-07-17,C0150,D02,E11,5,5792.4
SO012783,2024-07-24,C0150,D02,E11,5,4110.0
SO012784,2024-08-02,C0150,D02,E11,5,5960.0
SO012785,2024-08-11,C0150,D02,E11,3,2775.0
SO012786,2024-08-19,C0150,D02,E11,5,4567.5
SO012787,2024-08-26,C0150,D02,E11,5,5353.4
SO012788,2024-09-02,C0150,D02,E11,7,12324.25
SO012789,2024-09-10,C0150,D02,E11,3,4213.2
SO012790,2024-09-17,C0150,D02,E11,6,7313.7
SO012791,2024-09-27,C0150,D02,E11,7,11576.2
SO012792,2024-10-08,C0150,D02,E11,5,7833.6
SO012793,2024-10-15,C0150,D02,E11,7,8737.4
SO012794,2024-10-22,C0150,D02,E11,7,13812.35
SO012795,2024-11-02,C0150,D02,E11,7,15114.2
SO012796,2024-11-11,C0150,D02,E11,6,7490.0
SO012797,2024-11-18,C0150,D02,E11,7,15501.1
SO012798,2024-11-28,C0150,D02,E11,7,16657.7
SO012799,2024-12-05,C0150,D02,E11,4,7240.0
SO012800,2024-12-12,C0150,D02,E11,3,4310.0
SO012801,2024-12-19,C0150,D02,E11,5,9140.0
SO012802,2024-12-30,C0150,D02,E11,4,8330.0
SO012803,2022-09-26,C0151,D01,E07,5,1427.75
SO012804,2022-10-12,C0151,D01,E07,3,1140.0
SO012805,2022-10-25,C0151,D01,E07,3,1284.2
SO012806,2022-11-10,C0151,D01,E07,6,2425.0
SO012807,2022-11-27,C0151,D01,E07,6,4425.0
SO012808,2022-12-14,C0151,D01,E07,3,2375.0
SO012809,2022-12-27,C0151,D01,E07,6,2464.8
SO012810,2023-01-12,C0151,D01,E07,7,3747.1
SO012811,2023-01-29,C0151,D01,E07,3,3385.0
SO012812,2023-02-12,C0151,D01,E07,6,2675.0
SO012813,2023-02-25,C0151,D01,E07,7,4735.1
SO012814,2023-03-12,C0151,D01,E07,6,1555.0
SO012815,2023-03-27,C0151,D01,E07,4,1461.5
SO012816,2023-04-10,C0151,D01,E07,5,1555.0
SO012817,2023-04-25,C0151,D01,E07,5,1454.15
SO012818,2023-05-12,C0151,D01,E07,7,2275.0
SO012819,2023-05-26,C0151,D01,E07,7,2305.0
SO012820,2023-06-08,C0151,D01,E07,7,2811.9
SO012821,2023-06-24,C0151,D01,E07,6,2255.0
SO012822,2023-07-09,C0151,D01,E07,6,2335.0
SO012823,2023-07-23,C0151,D01,E07,7,3040.0
SO012824,2023-08-05,C0151,D01,E07,7,2313.85
SO012825,2023-08-20,C0151,D01,E07,4,1630.0
SO012826,2023-09-03,C0151,D01,E07,6,2391.25
SO012827,2023-09-16,C0151,D01,E07,7,3024.8
SO012828,2023-10-02,C0151,D01,E07,7,4140.0
SO012829,2023-10-16,C0151,D01,E07,5,4252.5
SO012830,2023-10-29,C0151,D01,E07,7,3543.45
SO012831,2023-11-13,C0151,D01,E07,5,3230.45
SO012832,2023-11-30,C0151,D01,E07,5,2918.8
SO012833,2023-12-13,C0151,D01,E07,6,4263.7
SO012834,2023-12-30,C0151,D01,E07,6,3355.0
SO012835,2024-01-12,C0151,D01,E07,3,1788.8
SO012836,2024-01-29,C0151,D01,E07,4,1942.2
SO012837,2024-02-12,C0151,D01,E07,6,4765.4
SO012838,2024-02-29,C0151,D01,E07,5,3905.0
SO012839,2024-03-13,C0151,D01,E07,4,1100.0
SO012840,2024-03-27,C0151,D01,E07,5,2154.45
SO012841,2024-04-10,C0151,D01,E07,7,2400.0
SO012842,2024-04-24,C0151,D01,E07,3,891.9
SO012843,2024-05-11,C0151,D01,E07,6,2570.0
SO012844,2024-05-28,C0151,D01,E07,5,2488.8
SO012845,2024-06-14,C0151,D01,E07,7,3150.0
SO012846,2024-07-01,C0151,D01,E07,6,3100.0
SO012847,2024-07-17,C0151,D01,E07,6,2565.0
SO012848,2024-07-31,C0151,D01,E07,3,1453.6
SO012849,2024-08-17,C0151,D01,E07,3,1085.0
SO012850,2024-09-01,C0151,D01,E07,3,1083.7
SO012851,2024-09-18,C0151,D01,E07,7,4040.0
SO012852,2024-10-01,C0151,D01,E07,4,2364.75
SO012853,2024-10-15,C0151,D01,E07,4,1820.0
SO012854,2024-10-31,C0151,D01,E07,5,3768.35
SO012855,2024-11-13,C0151,D01,E07,3,3793.0
SO012856,2024-11-28,C0151,D01,E07,5,3360.0
SO012857,2024-12-12,C0151,D01,E07,4,2641.2
SO012858,2024-12-27,C0151,D01,E07,4,4674.0
SO012859,2022-07-04,C0152,D01,E08,6,3350.0
SO012860,2022-07-17,C0152,D01,E08,5,3790.1
SO012861,2022-07-31,C0152,D01,E08,4,2469.2
SO012862,2022-08-11,C0152,D01,E08,3,2649.75
SO012863,2022-08-25,C0152,D01,E08,6,3438.8
SO012864,2022-09-07,C0152,D01,E08,4,2930.0
SO012865,2022-09-19,C0152,D01,E08,4,3153.2
SO012866,2022-10-02,C0152,D01,E08,4,3160.25
SO012867,2022-10-15,C0152,D01,E08,3,2599.2
SO012868,2022-10-27,C0152,D01,E08,3,1885.5
SO012869,2022-11-09,C0152,D01,E08,5,3270.0
SO012870,2022-11-21,C0152,D01,E08,5,6220.0
SO012871,2022-12-01,C0152,D01,E08,4,3435.0
SO012872,2022-12-13,C0152,D01,E08,6,4674.4
SO012873,2022-12-25,C0152,D01,E08,4,4740.0
SO012874,2023-01-05,C0152,D01,E08,6,4249.4
SO012875,2023-01-15,C0152,D01,E08,4,3390.0
SO012876,2023-01-26,C0152,D01,E08,5,6744.3
SO012877,2023-02-06,C0152,D01,E08,3,2310.0
SO012878,2023-02-16,C0152,D01,E08,4,3756.8
SO012879,2023-03-01,C0152,D01,E08,6,2676.4
SO012880,2023-03-11,C0152,D01,E08,6,3790.0
SO012881,2023-03-21,C0152,D01,E08,3,1949.3
SO012882,2023-04-01,C0152,D01,E08,3,1480.0
SO012883,2023-04-15,C0152,D01,E08,6,2910.0
SO012884,2023-04-25,C0152,D01,E08,5,3330.6
SO012885,2023-05-09,C0152,D01,E08,3,1935.8
SO012886,2023-05-22,C0152,D01,E08,5,3620.0
SO012887,2023-06-04,C0152,D01,E08,6,4595.0
SO012888,2023-06-14,C0152,D01,E08,4,3083.55
SO012889,2023-06-28,C0152,D01,E08,3,1890.0
SO012890,2023-07-09,C0152,D01,E08,5,2837.85
SO012891,2023-07-21,C0152,D01,E08,7,4380.2
SO012892,2023-08-03,C0152,D01,E08,7,6995.0
SO012893,2023-08-16,C0152,D01,E08,4,3415.0
SO012894,2023-08-29,C0152,D01,E08,4,2365.8
SO012895,2023-09-11,C0152,D01,E08,4,2050.0
SO012896,2023-09-21,C0152,D01,E08,3,2265.0
SO012897,2023-10-02,C0152,D01,E08,4,2970.0
SO012898,2023-10-16,C0152,D01,E08,7,9509.25
SO012899,2023-10-30,C0152,D01,E08,5,3685.0
SO012900,2023-11-11,C0152,D01,E08,7,11016.4
SO012901,2023-11-25,C0152,D01,E08,5,4099.5
SO012902,2023-12-08,C0152,D01,E08,5,4966.4
SO012903,2023-12-20,C0152,D01,E08,7,6395.0
SO012904,2024-01-03,C0152,D01,E08,4,4174.0
SO012905,2024-01-13,C0152,D01,E08,3,3310.7
SO012906,2024-01-23,C0152,D01,E08,5,5298.2
SO012907,2024-02-06,C0152,D01,E08,6,8690.0
SO012908,2024-02-20,C0152,D01,E08,4,5120.0
SO012909,2024-03-02,C0152,D01,E08,4,2280.0
SO012910,2024-03-13,C0152,D01,E08,5,3430.5
SO012911,2024-03-23,C0152,D01,E08,3,915.6
SO012912,2024-04-04,C0152,D01,E08,3,1450.0
SO012913,2024-04-17,C0152,D01,E08,3,1379.4
SO012914,2024-04-30,C0152,D01,E08,4,2756.0
SO012915,2024-05-14,C0152,D01,E08,5,3540.5
SO012916,2024-05-28,C0152,D01,E08,3,1980.0
SO012917,2024-06-11,C0152,D01,E08,5,3925.0
SO012918,2024-06-24,C0152,D01,E08,6,3687.4
SO012919,2024-07-08,C0152,D01,E08,7,5111.95
SO012920,2024-07-21,C0152,D01,E08,7,5032.0
SO012921,2024-07-31,C0152,D01,E08,6,5118.2
SO012922,2024-08-14,C0152,D01,E08,6,3940.0
SO012923,2024-08-25,C0152,D01,E08,5,3525.0
SO012924,2024-09-07,C0152,D01,E08,3,2255.0
SO012925,2024-09-21,C0152,D01,E08,4,2770.0
SO012926,2024-10-01,C0152,D01,E08,4,2901.1
SO012927,2024-10-14,C0152,D01,E08,5,4285.75
SO012928,2024-10-27,C0152,D01,E08,4,5690.7
SO012929,2024-11-10,C0152,D01,E08,4,6290.0
SO012930,2024-11-23,C0152,D01,E08,7,9597.4
SO012931,2024-12-06,C0152,D01,E08,4,5505.3
SO012932,2024-12-20,C0152,D01,E08,5,6550.45
SO012933,2022-04-12,C0153,D02,E11,5,1480.0
SO012934,2022-04-28,C0153,D02,E11,7,2350.0
SO012935,2022-05-14,C0153,D02,E11,4,920.0
SO012936,2022-05-31,C0153,D02,E11,5,1551.1
SO012937,2022-06-17,C0153,D02,E11,7,3119.4
SO012938,2022-06-30,C0153,D02,E11,7,3261.6
SO012939,2022-07-13,C0153,D02,E11,5,1883.6
SO012940,2022-07-26,C0153,D02,E11,3,1725.0
SO012941,2022-08-10,C0153,D02,E11,6,2254.3
SO012942,2022-08-25,C0153,D02,E11,7,3265.0
SO012943,2022-09-09,C0153,D02,E11,3,1285.0
SO012944,2022-09-23,C0153,D02,E11,4,1580.0
SO012945,2022-10-09,C0153,D02,E11,4,1505.0
SO012946,2022-10-24,C0153,D02,E11,6,3652.5
SO012947,2022-11-08,C0153,D02,E11,5,1875.05
SO012948,2022-11-21,C0153,D02,E11,3,2085.0
SO012949,2022-12-04,C0153,D02,E11,5,2266.2
SO012950,2022-12-19,C0153,D02,E11,6,3410.0
SO012951,2023-01-01,C0153,D02,E11,7,3120.0
SO012952,2023-01-18,C0153,D02,E11,4,1170.0
SO012953,2023-02-01,C0153,D02,E11,6,3027.5
SO012954,2023-02-14,C0153,D02,E11,5,2135.0
SO012955,2023-03-03,C0153,D02,E11,7,2332.25
SO012956,2023-03-16,C0153,D02,E11,7,1889.2
SO012957,2023-03-29,C0153,D02,E11,7,1525.0
SO012958,2023-04-14,C0153,D02,E11,3,805.0
SO012959,2023-05-01,C0153,D02,E11,3,704.9
SO012960,2023-05-18,C0153,D02,E11,6,2196.25
SO012961,2023-06-04,C0153,D02,E11,4,2321.4
SO012962,2023-06-18,C0153,D02,E11,3,1246.4
SO012963,2023-07-04,C0153,D02,E11,5,2172.05
SO012964,2023-07-19,C0153,D02,E11,4,2236.0
SO012965,2023-08-05,C0153,D02,E11,3,1164.15
SO012966,2023-08-19,C0153,D02,E11,6,2881.9
SO012967,2023-09-02,C0153,D02,E11,6,1565.2
SO012968,2023-09-16,C0153,D02,E11,7,3845.0
SO012969,2023-09-30,C0153,D02,E11,3,2027.2
SO012970,2023-10-16,C0153,D02,E11,7,3361.9
SO012971,2023-11-01,C0153,D02,E11,4,2636.6
SO012972,2023-11-14,C0153,D02,E11,6,4459.55
SO012973,2023-11-30,C0153,D02,E11,3,2435.0
SO012974,2023-12-16,C0153,D02,E11,3,1140.0
SO012975,2023-12-31,C0153,D02,E11,6,3435.0
SO012976,2024-01-13,C0153,D02,E11,7,4746.4
SO012977,2024-01-30,C0153,D02,E11,5,4195.8
SO012978,2024-02-13,C0153,D02,E11,5,4127.4
SO012979,2024-03-01,C0153,D02,E11,3,1260.0
SO012980,2024-03-18,C0153,D02,E11,6,1535.0
SO012981,2024-04-04,C0153,D02,E11,4,1515.0
SO012982,2024-04-18,C0153,D02,E11,3,750.0
SO012983,2024-05-01,C0153,D02,E11,7,2178.15
SO012984,2024-05-16,C0153,D02,E11,6,1748.25
SO012985,2024-05-30,C0153,D02,E11,3,745.0
SO012986,2024-06-12,C0153,D02,E11,7,4110.0
SO012987,2024-06-25,C0153,D02,E11,4,1865.0
SO012988,2024-07-12,C0153,D02,E11,4,2430.0
SO012989,2024-07-27,C0153,D02,E11,7,3648.6
SO012990,2024-08-13,C0153,D02,E11,7,3370.0
SO012991,2024-08-26,C0153,D02,E11,3,1397.5
SO012992,2024-09-11,C0153,D02,E11,4,2000.0
SO012993,2024-09-24,C0153,D02,E11,3,1245.0
SO012994,2024-10-08,C0153,D02,E11,6,3127.75
SO012995,2024-10-22,C0153,D02,E11,3,2189.6
SO012996,2024-11-04,C0153,D02,E11,4,2768.8
SO012997,2024-11-17,C0153,D02,E11,3,1764.0
SO012998,2024-12-03,C0153,D02,E11,6,2865.0
SO012999,2024-12-18,C0153,D02,E11,5,2664.0
SO013000,2024-12-31,C0153,D02,E11,7,3340.0
SO013001,2022-05-06,C0154,D01,E07,3,2614.4
SO013002,2022-05-14,C0154,D01,E07,4,3547.9
SO013003,2022-05-22,C0154,D01,E07,7,5472.2
SO013004,2022-05-30,C0154,D01,E07,6,5630.05
SO013005,2022-06-07,C0154,D01,E07,7,6656.5
SO013006,2022-06-17,C0154,D01,E07,6,7415.3
SO013007,2022-06-28,C0154,D01,E07,3,2155.0
SO013008,2022-07-07,C0154,D01,E07,5,5378.7
SO013009,2022-07-18,C0154,D01,E07,3,2930.0
SO013010,2022-07-26,C0154,D01,E07,6,6857.5
SO013011,2022-08-05,C0154,D01,E07,6,9003.85
SO013012,2022-08-13,C0154,D01,E07,5,6543.05
SO013013,2022-08-23,C0154,D01,E07,4,3715.0
SO013014,2022-09-03,C0154,D01,E07,4,4394.0
SO013015,2022-09-14,C0154,D01,E07,6,6205.75
SO013016,2022-09-22,C0154,D01,E07,7,7140.0
SO013017,2022-09-30,C0154,D01,E07,5,5752.5
SO013018,2022-10-09,C0154,D01,E07,7,8754.7
SO013019,2022-10-20,C0154,D01,E07,3,5890.0
SO013020,2022-10-31,C0154,D01,E07,4,5077.0
SO013021,2022-11-08,C0154,D01,E07,6,10205.0
SO013022,2022-11-18,C0154,D01,E07,5,6500.0
SO013023,2022-11-29,C0154,D01,E07,4,9875.0
SO013024,2022-12-06,C0154,D01,E07,4,5361.35
SO013025,2022-12-16,C0154,D01,E07,4,3934.65
SO013026,2022-12-24,C0154,D01,E07,7,13185.45
SO013027,2023-01-03,C0154,D01,E07,3,3175.0
SO013028,2023-01-13,C0154,D01,E07,3,5450.0
SO013029,2023-01-21,C0154,D01,E07,5,7413.05
SO013030,2023-01-29,C0154,D01,E07,7,9201.7
SO013031,2023-02-06,C0154,D01,E07,3,3648.5
SO013032,2023-02-16,C0154,D01,E07,6,9385.0
SO013033,2023-02-26,C0154,D01,E07,3,4483.3
SO013034,2023-03-07,C0154,D01,E07,6,6173.6
SO013035,2023-03-16,C0154,D01,E07,3,2745.0
SO013036,2023-03-24,C0154,D01,E07,5,5158.35
SO013037,2023-04-01,C0154,D01,E07,4,4995.0
SO013038,2023-04-12,C0154,D01,E07,3,2485.0
SO013039,2023-04-21,C0154,D01,E07,4,4323.4
SO013040,2023-04-30,C0154,D01,E07,6,5295.0
SO013041,2023-05-09,C0154,D01,E07,7,7073.55
SO013042,2023-05-17,C0154,D01,E07,5,3356.65
SO013043,2023-05-25,C0154,D01,E07,3,4744.2
SO013044,2023-06-03,C0154,D01,E07,4,3232.6
SO013045,2023-06-11,C0154,D01,E07,6,7020.75
SO013046,2023-06-19,C0154,D01,E07,3,2814.75
SO013047,2023-06-29,C0154,D01,E07,7,5742.0
SO013048,2023-07-10,C0154,D01,E07,6,5609.75
SO013049,2023-07-19,C0154,D01,E07,3,3390.0
SO013050,2023-07-29,C0154,D01,E07,7,6427.2
SO013051,2023-08-07,C0154,D01,E07,3,2840.0
SO013052,2023-08-15,C0154,D01,E07,7,6617.2
SO013053,2023-08-25,C0154,D01,E07,6,7283.5
SO013054,2023-09-03,C0154,D01,E07,7,8581.0
SO013055,2023-09-12,C0154,D01,E07,7,8485.0
SO013056,2023-09-20,C0154,D01,E07,4,5493.2
SO013057,2023-09-30,C0154,D01,E07,5,5795.0
SO013058,2023-10-11,C0154,D01,E07,5,7180.0
SO013059,2023-10-22,C0154,D01,E07,3,4623.0
SO013060,2023-11-01,C0154,D01,E07,7,10627.75
SO013061,2023-11-11,C0154,D01,E07,5,10713.6
SO013062,2023-11-21,C0154,D01,E07,6,8229.85
SO013063,2023-11-28,C0154,D01,E07,5,7815.0
SO013064,2023-12-08,C0154,D01,E07,6,9770.0
SO013065,2023-12-19,C0154,D01,E07,3,9620.0
SO013066,2023-12-29,C0154,D01,E07,5,6880.25
SO013067,2024-01-06,C0154,D01,E07,6,11020.0
SO013068,2024-01-16,C0154,D01,E07,3,10020.0
SO013069,2024-01-23,C0154,D01,E07,3,6088.45
SO013070,2024-01-31,C0154,D01,E07,5,8942.25
SO013071,2024-02-07,C0154,D01,E07,6,11693.0
SO013072,2024-02-18,C0154,D01,E07,4,5810.0
SO013073,2024-02-29,C0154,D01,E07,7,9175.0
SO013074,2024-03-09,C0154,D01,E07,7,5948.25
SO013075,2024-03-18,C0154,D01,E07,6,7225.8
SO013076,2024-03-29,C0154,D01,E07,3,2322.15
SO013077,2024-04-05,C0154,D01,E07,4,3425.0
SO013078,2024-04-14,C0154,D01,E07,7,7786.8
SO013079,2024-04-22,C0154,D01,E07,4,4285.0
SO013080,2024-05-03,C0154,D01,E07,6,5865.75
SO013081,2024-05-11,C0154,D01,E07,4,5705.8
SO013082,2024-05-20,C0154,D01,E07,3,3660.0
SO013083,2024-05-29,C0154,D01,E07,6,5578.4
SO013084,2024-06-07,C0154,D01,E07,3,2820.0
SO013085,2024-06-16,C0154,D01,E07,7,8475.7
SO013086,2024-06-24,C0154,D01,E07,7,10789.8
SO013087,2024-07-05,C0154,D01,E07,4,5096.75
SO013088,2024-07-12,C0154,D01,E07,4,6360.0
SO013089,2024-07-22,C0154,D01,E07,7,9585.0
SO013090,2024-08-01,C0154,D01,E07,6,9755.0
SO013091,2024-08-12,C0154,D01,E07,5,6214.15
SO013092,2024-08-23,C0154,D01,E07,7,7796.0
SO013093,2024-08-31,C0154,D01,E07,4,3658.0
SO013094,2024-09-08,C0154,D01,E07,7,9478.95
SO013095,2024-09-18,C0154,D01,E07,7,8430.2
SO013096,2024-09-27,C0154,D01,E07,4,5140.0
SO013097,2024-10-05,C0154,D01,E07,5,9893.3
SO013098,2024-10-16,C0154,D01,E07,3,4097.6
SO013099,2024-10-27,C0154,D01,E07,3,2384.1
SO013100,2024-11-05,C0154,D01,E07,4,6671.1
SO013101,2024-11-14,C0154,D01,E07,7,18930.0
SO013102,2024-11-24,C0154,D01,E07,5,13186.9
SO013103,2024-12-02,C0154,D01,E07,3,8347.8
SO013104,2024-12-12,C0154,D01,E07,3,5067.2
SO013105,2024-12-20,C0154,D01,E07,3,5831.9
SO013106,2024-12-28,C0154,D01,E07,5,8210.0
SO013107,2022-05-12,C0155,D02,E11,5,1904.65
SO013108,2022-05-28,C0155,D02,E11,6,2411.8
SO013109,2022-06-10,C0155,D02,E11,5,2200.0
SO013110,2022-06-24,C0155,D02,E11,3,1780.0
SO013111,2022-07-08,C0155,D02,E11,6,3308.6
SO013112,2022-07-22,C0155,D02,E11,5,1575.0
SO013113,2022-08-06,C0155,D02,E11,5,2895.0
SO013114,2022-08-22,C0155,D02,E11,5,1888.6
SO013115,2022-09-07,C0155,D02,E11,3,999.15
SO013116,2022-09-20,C0155,D02,E11,4,1346.1
SO013117,2022-10-04,C0155,D02,E11,5,2072.65
SO013118,2022-10-20,C0155,D02,E11,7,4060.9
SO013119,2022-11-03,C0155,D02,E11,6,4207.5
SO013120,2022-11-20,C0155,D02,E11,6,3040.0
SO013121,2022-12-04,C0155,D02,E11,7,4865.8
SO013122,2022-12-19,C0155,D02,E11,5,2985.0
SO013123,2023-01-03,C0155,D02,E11,4,1760.5
SO013124,2023-01-19,C0155,D02,E11,5,2466.1
SO013125,2023-02-01,C0155,D02,E11,6,4365.0
SO013126,2023-02-14,C0155,D02,E11,7,5005.1
SO013127,2023-03-03,C0155,D02,E11,6,1745.0
SO013128,2023-03-19,C0155,D02,E11,3,1355.0
SO013129,2023-04-03,C0155,D02,E11,6,1775.6
SO013130,2023-04-20,C0155,D02,E11,3,816.4
SO013131,2023-05-03,C0155,D02,E11,5,1950.0
SO013132,2023-05-18,C0155,D02,E11,6,1610.0
SO013133,2023-06-03,C0155,D02,E11,6,1844.2
SO013134,2023-06-18,C0155,D02,E11,5,1763.1
SO013135,2023-07-03,C0155,D02,E11,7,3434.2
SO013136,2023-07-18,C0155,D02,E11,4,2511.35
SO013137,2023-08-04,C0155,D02,E11,3,700.0
SO013138,2023-08-19,C0155,D02,E11,6,2596.5
SO013139,2023-09-04,C0155,D02,E11,4,1374.9
SO013140,2023-09-19,C0155,D02,E11,5,2381.9
SO013141,2023-10-03,C0155,D02,E11,5,2048.8
SO013142,2023-10-20,C0155,D02,E11,7,4809.9
SO013143,2023-11-04,C0155,D02,E11,6,4122.75
SO013144,2023-11-18,C0155,D02,E11,7,5090.6
SO013145,2023-12-03,C0155,D02,E11,7,4365.0
SO013146,2023-12-19,C0155,D02,E11,5,3750.0
SO013147,2024-01-01,C0155,D02,E11,4,1845.0
SO013148,2024-01-14,C0155,D02,E11,4,3305.7
SO013149,2024-01-27,C0155,D02,E11,3,1335.0
SO013150,2024-02-13,C0155,D02,E11,7,4968.45
SO013151,2024-02-28,C0155,D02,E11,7,6081.1
SO013152,2024-03-14,C0155,D02,E11,7,2759.2
SO013153,2024-03-29,C0155,D02,E11,5,1827.8
SO013154,2024-04-13,C0155,D02,E11,7,2510.25
SO013155,2024-04-30,C0155,D02,E11,5,1483.6
SO013156,2024-05-16,C0155,D02,E11,6,2064.2
SO013157,2024-05-30,C0155,D02,E11,5,1708.7
SO013158,2024-06-14,C0155,D02,E11,3,1235.0
SO013159,2024-07-01,C0155,D02,E11,3,1750.0
SO013160,2024-07-18,C0155,D02,E11,4,2322.6
SO013161,2024-08-02,C0155,D02,E11,6,2510.4
SO013162,2024-08-15,C0155,D02,E11,4,1738.6
SO013163,2024-08-29,C0155,D02,E11,4,1600.75
SO013164,2024-09-12,C0155,D02,E11,7,2859.2
SO013165,2024-09-26,C0155,D02,E11,7,2636.0
SO013166,2024-10-10,C0155,D02,E11,6,3621.6
SO013167,2024-10-24,C0155,D02,E11,4,2176.35
SO013168,2024-11-08,C0155,D02,E11,7,4341.6
SO013169,2024-11-24,C0155,D02,E11,7,2604.6
SO013170,2024-12-07,C0155,D02,E11,3,1359.2
SO013171,2024-12-24,C0155,D02,E11,6,4920.0
SO013172,2022-09-11,C0156,D01,E06,5,4495.0
SO013173,2022-09-22,C0156,D01,E06,7,5691.9
SO013174,2022-10-02,C0156,D01,E06,4,3059.0
SO013175,2022-10-14,C0156,D01,E06,6,4696.3
SO013176,2022-10-24,C0156,D01,E06,3,2182.4
SO013177,2022-11-07,C0156,D01,E06,3,4035.0
SO013178,2022-11-19,C0156,D01,E06,6,7961.1
SO013179,2022-11-29,C0156,D01,E06,5,5714.25
SO013180,2022-12-10,C0156,D01,E06,4,3580.0
SO013181,2022-12-24,C0156,D01,E06,7,7548.6
SO013182,2023-01-05,C0156,D01,E06,4,2670.0
SO013183,2023-01-19,C0156,D01,E06,6,6741.6
SO013184,2023-01-31,C0156,D01,E06,4,3518.7
SO013185,2023-02-12,C0156,D01,E06,7,5950.0
SO013186,2023-02-22,C0156,D01,E06,4,3600.0
SO013187,2023-03-06,C0156,D01,E06,5,4140.0
SO013188,2023-03-20,C0156,D01,E06,7,4570.45
SO013189,2023-04-03,C0156,D01,E06,4,2355.0
SO013190,2023-04-13,C0156,D01,E06,7,4191.8
SO013191,2023-04-26,C0156,D01,E06,7,4540.0
SO013192,2023-05-09,C0156,D01,E06,6,3550.0
SO013193,2023-05-20,C0156,D01,E06,3,1825.6
SO013194,2023-06-01,C0156,D01,E06,6,5169.5
SO013195,2023-06-15,C0156,D01,E06,3,2352.6
SO013196,2023-06-27,C0156,D01,E06,3,3105.6
SO013197,2023-07-07,C0156,D01,E06,4,2578.8
SO013198,2023-07-17,C0156,D01,E06,6,3560.0
SO013199,2023-07-30,C0156,D01,E06,6,5125.0
SO013200,2023-08-09,C0156,D01,E06,3,2975.0
SO013201,2023-08-23,C0156,D01,E06,5,3070.0
SO013202,2023-09-05,C0156,D01,E06,3,2484.5
SO013203,2023-09-18,C0156,D01,E06,7,4261.8
SO013204,2023-10-02,C0156,D01,E06,3,2069.2
SO013205,2023-10-16,C0156,D01,E06,4,4102.65
SO013206,2023-10-27,C0156,D01,E06,6,6324.4
SO013207,2023-11-08,C0156,D01,E06,5,8863.5
SO013208,2023-11-21,C0156,D01,E06,7,5415.8
SO013209,2023-12-02,C0156,D01,E06,5,3010.0
SO013210,2023-12-14,C0156,D01,E06,7,7855.15
SO013211,2023-12-28,C0156,D01,E06,3,3246.0
SO013212,2024-01-07,C0156,D01,E06,6,4829.55
SO013213,2024-01-21,C0156,D01,E06,5,6175.05
SO013214,2024-02-04,C0156,D01,E06,5,5765.0
SO013215,2024-02-15,C0156,D01,E06,3,3001.55
SO013216,2024-02-26,C0156,D01,E06,6,6650.0
SO013217,2024-03-11,C0156,D01,E06,3,2335.1
SO013218,2024-03-21,C0156,D01,E06,5,3235.0
SO013219,2024-04-01,C0156,D01,E06,6,3033.8
SO013220,2024-04-15,C0156,D01,E06,6,2400.2
SO013221,2024-04-28,C0156,D01,E06,6,3957.5
SO013222,2024-05-10,C0156,D01,E06,3,1888.3
SO013223,2024-05-24,C0156,D01,E06,5,4373.6
SO013224,2024-06-04,C0156,D01,E06,3,3120.0
SO013225,2024-06-15,C0156,D01,E06,7,4334.3
SO013226,2024-06-29,C0156,D01,E06,5,5165.0
SO013227,2024-07-13,C0156,D01,E06,4,1860.0
SO013228,2024-07-27,C0156,D01,E06,4,2779.95
SO013229,2024-08-07,C0156,D01,E06,4,3230.0
SO013230,2024-08-17,C0156,D01,E06,7,5325.0
SO013231,2024-08-28,C0156,D01,E06,5,4646.2
SO013232,2024-09-10,C0156,D01,E06,5,4464.45
SO013233,2024-09-22,C0156,D01,E06,5,3925.0
SO013234,2024-10-04,C0156,D01,E06,3,2181.9
SO013235,2024-10-16,C0156,D01,E06,4,3949.1
SO013236,2024-10-26,C0156,D01,E06,4,4162.65
SO013237,2024-11-05,C0156,D01,E06,4,4885.0
SO013238,2024-11-19,C0156,D01,E06,5,4113.5
SO013239,2024-11-30,C0156,D01,E06,5,6120.0
SO013240,2024-12-13,C0156,D01,E06,4,7070.8
SO013241,2024-12-26,C0156,D01,E06,3,2105.0
SO013242,2022-09-18,C0157,D01,E07,3,2970.0
SO013243,2022-09-29,C0157,D01,E07,4,5386.5
SO013244,2022-10-10,C0157,D01,E07,5,3855.0
SO013245,2022-10-21,C0157,D01,E07,7,13887.2
SO013246,2022-10-30,C0157,D01,E07,6,6238.55
SO013247,2022-11-08,C0157,D01,E07,3,4447.6
SO013248,2022-11-19,C0157,D01,E07,4,7915.0
SO013249,2022-11-28,C0157,D01,E07,4,4221.4
SO013250,2022-12-06,C0157,D01,E07,6,7280.0
SO013251,2022-12-13,C0157,D01,E07,7,10410.0
SO013252,2022-12-23,C0157,D01,E07,5,7117.0
SO013253,2022-12-31,C0157,D01,E07,7,9400.5
SO013254,2023-01-11,C0157,D01,E07,5,8775.0
SO013255,2023-01-20,C0157,D01,E07,3,2529.0
SO013256,2023-01-28,C0157,D01,E07,7,11135.0
SO013257,2023-02-04,C0157,D01,E07,7,12646.5
SO013258,2023-02-13,C0157,D01,E07,6,11940.0
SO013259,2023-02-23,C0157,D01,E07,6,10336.5
SO013260,2023-03-05,C0157,D01,E07,5,3127.05
SO013261,2023-03-13,C0157,D01,E07,4,3552.05
SO013262,2023-03-20,C0157,D01,E07,3,2760.0
SO013263,2023-03-27,C0157,D01,E07,4,3463.65
SO013264,2023-04-06,C0157,D01,E07,7,5690.0
SO013265,2023-04-17,C0157,D01,E07,4,3925.0
SO013266,2023-04-27,C0157,D01,E07,3,3420.0
SO013267,2023-05-05,C0157,D01,E07,5,3544.2
SO013268,2023-05-16,C0157,D01,E07,4,3551.1
SO013269,2023-05-26,C0157,D01,E07,3,2081.9
SO013270,2023-06-02,C0157,D01,E07,3,3545.0
SO013271,2023-06-11,C0157,D01,E07,4,3587.7
SO013272,2023-06-21,C0157,D01,E07,4,5427.95
SO013273,2023-07-02,C0157,D01,E07,5,7134.8
SO013274,2023-07-12,C0157,D01,E07,7,7075.0
SO013275,2023-07-20,C0157,D01,E07,5,5389.8
SO013276,2023-07-28,C0157,D01,E07,6,7609.0
SO013277,2023-08-07,C0157,D01,E07,5,4270.0
SO013278,2023-08-18,C0157,D01,E07,6,6141.1
SO013279,2023-08-29,C0157,D01,E07,5,5535.0
SO013280,2023-09-05,C0157,D01,E07,4,4978.65
SO013281,2023-09-15,C0157,D01,E07,7,9594.05
SO013282,2023-09-26,C0157,D01,E07,7,10690.8
SO013283,2023-10-03,C0157,D01,E07,6,10623.7
SO013284,2023-10-12,C0157,D01,E07,4,4880.0
SO013285,2023-10-20,C0157,D01,E07,7,8840.0
SO013286,2023-10-31,C0157,D01,E07,7,10240.0
SO013287,2023-11-07,C0157,D01,E07,3,5951.75
SO013288,2023-11-14,C0157,D01,E07,3,8244.7
SO013289,2023-11-23,C0157,D01,E07,6,7562.0
SO013290,2023-12-03,C0157,D01,E07,7,10689.0
SO013291,2023-12-11,C0157,D01,E07,4,6650.0
SO013292,2023-12-21,C0157,D01,E07,4,5490.0
SO013293,2023-12-28,C0157,D01,E07,5,11232.0
SO013294,2024-01-07,C0157,D01,E07,6,9376.2
SO013295,2024-01-14,C0157,D01,E07,4,6098.8
SO013296,2024-01-24,C0157,D01,E07,3,2714.5
SO013297,2024-02-02,C0157,D01,E07,6,6225.0
SO013298,2024-02-09,C0157,D01,E07,5,11619.8
SO013299,2024-02-18,C0157,D01,E07,3,5085.0
SO013300,2024-02-27,C0157,D01,E07,6,6036.25
SO013301,2024-03-09,C0157,D01,E07,3,2405.0
SO013302,2024-03-17,C0157,D01,E07,7,8900.0
SO013303,2024-03-27,C0157,D01,E07,7,6335.05
SO013304,2024-04-03,C0157,D01,E07,3,1672.2
SO013305,2024-04-12,C0157,D01,E07,4,3030.0
SO013306,2024-04-22,C0157,D01,E07,7,7131.3
SO013307,2024-05-03,C0157,D01,E07,3,2214.8
SO013308,2024-05-12,C0157,D01,E07,4,3815.75
SO013309,2024-05-20,C0157,D01,E07,5,8201.8
SO013310,2024-05-31,C0157,D01,E07,5,4632.5
SO013311,2024-06-07,C0157,D01,E07,4,6604.05
SO013312,2024-06-18,C0157,D01,E07,4,3950.0
SO013313,2024-06-28,C0157,D01,E07,6,7306.8
SO013314,2024-07-09,C0157,D01,E07,7,10587.9
SO013315,2024-07-18,C0157,D01,E07,3,3720.0
SO013316,2024-07-26,C0157,D01,E07,6,6934.8
SO013317,2024-08-02,C0157,D01,E07,6,6094.35
SO013318,2024-08-10,C0157,D01,E07,5,6630.0
SO013319,2024-08-20,C0157,D01,E07,3,2953.8
SO013320,2024-08-30,C0157,D01,E07,4,3461.65
SO013321,2024-09-10,C0157,D01,E07,7,9032.7
SO013322,2024-09-18,C0157,D01,E07,7,10335.0
SO013323,2024-09-25,C0157,D01,E07,5,6617.5
SO013324,2024-10-06,C0157,D01,E07,7,9941.35
SO013325,2024-10-13,C0157,D01,E07,3,5068.55
SO013326,2024-10-21,C0157,D01,E07,6,7316.6
SO013327,2024-11-01,C0157,D01,E07,3,5643.5
SO013328,2024-11-09,C0157,D01,E07,6,12614.2
SO013329,2024-11-17,C0157,D01,E07,7,19020.0
SO013330,2024-11-27,C0157,D01,E07,6,14913.8
SO013331,2024-12-08,C0157,D01,E07,4,9874.2
SO013332,2024-12-15,C0157,D01,E07,6,10655.0
SO013333,2024-12-25,C0157,D01,E07,6,15871.15
SO013334,2022-11-25,C0158,D01,E08,4,6655.0
SO013335,2022-12-05,C0158,D01,E08,3,3100.0
SO013336,2022-12-15,C0158,D01,E08,3,4600.0
SO013337,2022-12-24,C0158,D01,E08,5,7403.7
SO013338,2022-12-31,C0158,D01,E08,6,13565.0
SO013339,2023-01-09,C0158,D01,E08,7,11818.2
SO013340,2023-01-17,C0158,D01,E08,3,6330.0
SO013341,2023-01-27,C0158,D01,E08,4,3847.05
SO013342,2023-02-03,C0158,D01,E08,3,5257.2
SO013343,2023-02-13,C0158,D01,E08,5,7045.0
SO013344,2023-02-22,C0158,D01,E08,6,9742.75
SO013345,2023-03-05,C0158,D01,E08,7,7920.0
SO013346,2023-03-12,C0158,D01,E08,3,3330.0
SO013347,2023-03-22,C0158,D01,E08,4,3130.0
SO013348,2023-03-31,C0158,D01,E08,5,4075.0
SO013349,2023-04-11,C0158,D01,E08,4,4033.65
SO013350,2023-04-20,C0158,D01,E08,4,3524.7
SO013351,2023-04-30,C0158,D01,E08,4,3860.0
SO013352,2023-05-09,C0158,D01,E08,4,3387.6
SO013353,2023-05-18,C0158,D01,E08,6,4770.4
SO013354,2023-05-27,C0158,D01,E08,3,3180.4
SO013355,2023-06-05,C0158,D01,E08,7,9559.7
SO013356,2023-06-12,C0158,D01,E08,7,5594.75
SO013357,2023-06-20,C0158,D01,E08,3,3220.0
SO013358,2023-06-30,C0158,D01,E08,5,6980.0
SO013359,2023-07-08,C0158,D01,E08,5,5910.95
SO013360,2023-07-15,C0158,D01,E08,6,8405.0
SO013361,2023-07-22,C0158,D01,E08,7,7435.0
SO013362,2023-07-29,C0158,D01,E08,7,10653.2
SO013363,2023-08-05,C0158,D01,E08,3,2675.0
SO013364,2023-08-13,C0158,D01,E08,4,4515.0
SO013365,2023-08-20,C0158,D01,E08,7,6715.6
SO013366,2023-08-31,C0158,D01,E08,3,2093.5
SO013367,2023-09-10,C0158,D01,E08,4,5125.0
SO013368,2023-09-19,C0158,D01,E08,7,10632.4
SO013369,2023-09-28,C0158,D01,E08,5,6842.4
SO013370,2023-10-05,C0158,D01,E08,3,3260.0
SO013371,2023-10-13,C0158,D01,E08,6,10405.0
SO013372,2023-10-22,C0158,D01,E08,7,11960.05
SO013373,2023-10-30,C0158,D01,E08,3,5145.0
SO013374,2023-11-07,C0158,D01,E08,3,4602.05
SO013375,2023-11-15,C0158,D01,E08,5,11682.5
SO013376,2023-11-22,C0158,D01,E08,7,13282.5
SO013377,2023-11-29,C0158,D01,E08,6,12951.0
SO013378,2023-12-07,C0158,D01,E08,5,8122.25
SO013379,2023-12-17,C0158,D01,E08,4,6935.3
SO013380,2023-12-26,C0158,D01,E08,6,11412.25
SO013381,2024-01-06,C0158,D01,E08,5,10480.0
SO013382,2024-01-14,C0158,D01,E08,6,9678.4
SO013383,2024-01-21,C0158,D01,E08,4,11780.0
SO013384,2024-01-29,C0158,D01,E08,5,12190.0
SO013385,2024-02-09,C0158,D01,E08,3,4420.9
SO013386,2024-02-19,C0158,D01,E08,4,9120.0
SO013387,2024-02-26,C0158,D01,E08,3,3675.0
SO013388,2024-03-08,C0158,D01,E08,6,5640.0
SO013389,2024-03-16,C0158,D01,E08,4,4384.35
SO013390,2024-03-27,C0158,D01,E08,3,2700.0
SO013391,2024-04-03,C0158,D01,E08,7,7795.4
SO013392,2024-04-11,C0158,D01,E08,6,6345.0
SO013393,2024-04-21,C0158,D01,E08,6,5865.0
SO013394,2024-04-29,C0158,D01,E08,4,3465.0
SO013395,2024-05-08,C0158,D01,E08,7,8449.85
SO013396,2024-05-15,C0158,D01,E08,4,3694.5
SO013397,2024-05-24,C0158,D01,E08,6,6029.75
SO013398,2024-05-31,C0158,D01,E08,3,2590.0
SO013399,2024-06-11,C0158,D01,E08,6,7421.95
SO013400,2024-06-19,C0158,D01,E08,4,4925.0
SO013401,2024-06-26,C0158,D01,E08,7,11295.7
SO013402,2024-07-06,C0158,D01,E08,5,5224.35
SO013403,2024-07-16,C0158,D01,E08,6,6834.3
SO013404,2024-07-23,C0158,D01,E08,4,3960.0
SO013405,2024-07-30,C0158,D01,E08,5,5000.0
SO013406,2024-08-06,C0158,D01,E08,7,9059.5
SO013407,2024-08-16,C0158,D01,E08,5,4750.4
SO013408,2024-08-24,C0158,D01,E08,3,3861.5
SO013409,2024-08-31,C0158,D01,E08,5,7971.25
SO013410,2024-09-10,C0158,D01,E08,4,4932.6
SO013411,2024-09-19,C0158,D01,E08,4,7270.0
SO013412,2024-09-27,C0158,D01,E08,6,10080.0
SO013413,2024-10-04,C0158,D01,E08,3,3448.7
SO013414,2024-10-15,C0158,D01,E08,5,7514.75
SO013415,2024-10-22,C0158,D01,E08,6,11195.85
SO013416,2024-11-02,C0158,D01,E08,3,7282.8
SO013417,2024-11-13,C0158,D01,E08,4,6655.8
SO013418,2024-11-24,C0158,D01,E08,5,7730.0
SO013419,2024-12-01,C0158,D01,E08,5,9175.0
SO013420,2024-12-09,C0158,D01,E08,6,14040.0
SO013421,2024-12-20,C0158,D01,E08,4,4180.8
SO013422,2024-12-29,C0158,D01,E08,3,3695.0
SO013423,2022-05-04,C0159,D01,E07,5,981.9
SO013424,2022-05-19,C0159,D01,E07,5,1729.2
SO013425,2022-06-02,C0159,D01,E07,7,2034.2
SO013426,2022-06-16,C0159,D01,E07,7,2435.0
SO013427,2022-06-30,C0159,D01,E07,4,1495.0
SO013428,2022-07-13,C0159,D01,E07,4,1380.2
SO013429,2022-07-27,C0159,D01,E07,5,2450.0
SO013430,2022-08-13,C0159,D01,E07,7,2365.0
SO013431,2022-08-26,C0159,D01,E07,5,2232.4
SO013432,2022-09-11,C0159,D01,E07,3,805.0
SO013433,2022-09-24,C0159,D01,E07,6,2881.6
SO013434,2022-10-09,C0159,D01,E07,7,2820.0
SO013435,2022-10-26,C0159,D01,E07,7,2907.8
SO013436,2022-11-11,C0159,D01,E07,5,2340.0
SO013437,2022-11-28,C0159,D01,E07,6,4395.0
SO013438,2022-12-14,C0159,D01,E07,3,1696.9
SO013439,2022-12-29,C0159,D01,E07,4,2422.6
SO013440,2023-01-13,C0159,D01,E07,4,2010.1
SO013441,2023-01-27,C0159,D01,E07,5,1570.0
SO013442,2023-02-09,C0159,D01,E07,4,2787.6
SO013443,2023-02-25,C0159,D01,E07,6,3224.9
SO013444,2023-03-10,C0159,D01,E07,7,2015.0
SO013445,2023-03-24,C0159,D01,E07,6,2350.0
SO013446,2023-04-07,C0159,D01,E07,3,510.0
SO013447,2023-04-21,C0159,D01,E07,6,1990.6
SO013448,2023-05-06,C0159,D01,E07,3,1010.0
SO013449,2023-05-21,C0159,D01,E07,4,1010.0
SO013450,2023-06-07,C0159,D01,E07,5,2125.0
SO013451,2023-06-20,C0159,D01,E07,6,2268.1
SO013452,2023-07-04,C0159,D01,E07,3,1181.45
SO013453,2023-07-19,C0159,D01,E07,5,1820.0
SO013454,2023-08-03,C0159,D01,E07,5,2983.75
SO013455,2023-08-16,C0159,D01,E07,4,1578.5
SO013456,2023-08-31,C0159,D01,E07,3,1984.5
SO013457,2023-09-16,C0159,D01,E07,3,1815.0
SO013458,2023-09-30,C0159,D01,E07,6,2537.25
SO013459,2023-10-14,C0159,D01,E07,7,3228.75
SO013460,2023-10-28,C0159,D01,E07,3,1509.75
SO013461,2023-11-10,C0159,D01,E07,3,1366.2
SO013462,2023-11-25,C0159,D01,E07,7,4388.9
SO013463,2023-12-12,C0159,D01,E07,3,1035.6
SO013464,2023-12-27,C0159,D01,E07,7,3652.8
SO013465,2024-01-12,C0159,D01,E07,7,4527.55
SO013466,2024-01-25,C0159,D01,E07,4,2944.4
SO013467,2024-02-07,C0159,D01,E07,6,3896.1
SO013468,2024-02-20,C0159,D01,E07,5,3606.5
SO013469,2024-03-05,C0159,D01,E07,3,1280.0
SO013470,2024-03-20,C0159,D01,E07,5,1530.65
SO013471,2024-04-06,C0159,D01,E07,6,2282.0
SO013472,2024-04-19,C0159,D01,E07,3,892.8
SO013473,2024-05-03,C0159,D01,E07,4,1416.45
SO013474,2024-05-18,C0159,D01,E07,3,815.0
SO013475,2024-05-31,C0159,D01,E07,7,2610.0
SO013476,2024-06-13,C0159,D01,E07,6,3010.0
SO013477,2024-06-27,C0159,D01,E07,5,1687.9
SO013478,2024-07-14,C0159,D01,E07,5,1770.0
SO013479,2024-07-29,C0159,D01,E07,7,2388.5
SO013480,2024-08-15,C0159,D01,E07,6,2470.0
SO013481,2024-08-28,C0159,D01,E07,5,2133.4
SO013482,2024-09-13,C0159,D01,E07,6,2489.2
SO013483,2024-09-26,C0159,D01,E07,6,3025.0
SO013484,2024-10-10,C0159,D01,E07,4,2442.25
SO013485,2024-10-24,C0159,D01,E07,7,4939.15
SO013486,2024-11-10,C0159,D01,E07,5,3283.2
SO013487,2024-11-23,C0159,D01,E07,3,1030.4
SO013488,2024-12-07,C0159,D01,E07,7,7005.3
SO013489,2024-12-20,C0159,D01,E07,7,5250.0
SO013490,2022-11-01,C0160,D01,E08,5,8560.0
SO013491,2022-11-10,C0160,D01,E08,4,4342.05
SO013492,2022-11-18,C0160,D01,E08,3,3560.0
SO013493,2022-11-29,C0160,D01,E08,5,6790.0
SO013494,2022-12-09,C0160,D01,E08,6,11680.0
SO013495,2022-12-18,C0160,D01,E08,3,3560.0
SO013496,2022-12-29,C0160,D01,E08,5,6665.0
SO013497,2023-01-09,C0160,D01,E08,6,9489.4
SO013498,2023-01-20,C0160,D01,E08,5,8605.0
SO013499,2023-01-29,C0160,D01,E08,4,4860.0
SO013500,2023-02-08,C0160,D01,E08,5,4750.0
SO013501,2023-02-19,C0160,D01,E08,6,9393.5
SO013502,2023-03-01,C0160,D01,E08,6,5790.0
SO013503,2023-03-10,C0160,D01,E08,7,4457.9
SO013504,2023-03-18,C0160,D01,E08,4,3635.0
SO013505,2023-03-25,C0160,D01,E08,3,1633.8
SO013506,2023-04-04,C0160,D01,E08,6,5276.1
SO013507,2023-04-13,C0160,D01,E08,6,5566.25
SO013508,2023-04-20,C0160,D01,E08,5,4243.85
SO013509,2023-04-29,C0160,D01,E08,5,4340.0
SO013510,2023-05-09,C0160,D01,E08,3,1978.8
SO013511,2023-05-17,C0160,D01,E08,7,6065.2
SO013512,2023-05-26,C0160,D01,E08,6,5940.25
SO013513,2023-06-05,C0160,D01,E08,3,4930.0
SO013514,2023-06-12,C0160,D01,E08,7,8600.0
SO013515,2023-06-20,C0160,D01,E08,6,8215.0
SO013516,2023-06-27,C0160,D01,E08,5,4995.3
SO013517,2023-07-06,C0160,D01,E08,3,2635.0
SO013518,2023-07-14,C0160,D01,E08,4,3758.4
SO013519,2023-07-25,C0160,D01,E08,4,3161.1
SO013520,2023-08-04,C0160,D01,E08,7,6951.0
SO013521,2023-08-11,C0160,D01,E08,5,7744.8
SO013522,2023-08-22,C0160,D01,E08,5,5093.85
SO013523,2023-08-31,C0160,D01,E08,5,5095.0
SO013524,2023-09-07,C0160,D01,E08,7,9566.75
SO013525,2023-09-18,C0160,D01,E08,7,9106.3
SO013526,2023-09-28,C0160,D01,E08,7,8012.5
SO013527,2023-10-07,C0160,D01,E08,7,9719.2
SO013528,2023-10-17,C0160,D01,E08,4,8654.95
SO013529,2023-10-28,C0160,D01,E08,7,7891.2
SO013530,2023-11-07,C0160,D01,E08,6,12382.7
SO013531,2023-11-15,C0160,D01,E08,6,9038.85
SO013532,2023-11-22,C0160,D01,E08,5,13153.6
SO013533,2023-11-29,C0160,D01,E08,7,9889.4
SO013534,2023-12-07,C0160,D01,E08,7,11020.0
SO013535,2023-12-18,C0160,D01,E08,5,10795.9
SO013536,2023-12-26,C0160,D01,E08,3,7630.0
SO013537,2024-01-05,C0160,D01,E08,3,5954.7
SO013538,2024-01-15,C0160,D01,E08,3,3310.0
SO013539,2024-01-26,C0160,D01,E08,5,11795.0
SO013540,2024-02-06,C0160,D01,E08,3,7200.0
SO013541,2024-02-14,C0160,D01,E08,7,11262.5
SO013542,2024-02-24,C0160,D01,E08,6,17400.0
SO013543,2024-03-06,C0160,D01,E08,6,5940.0
SO013544,2024-03-14,C0160,D01,E08,4,4045.0
SO013545,2024-03-25,C0160,D01,E08,3,4880.0
SO013546,2024-04-01,C0160,D01,E08,5,4364.4
SO013547,2024-04-10,C0160,D01,E08,7,7057.0
SO013548,2024-04-20,C0160,D01,E08,5,4535.0
SO013549,2024-04-28,C0160,D01,E08,7,7016.05
SO013550,2024-05-07,C0160,D01,E08,4,3760.0
SO013551,2024-05-15,C0160,D01,E08,3,3274.05
SO013552,2024-05-26,C0160,D01,E08,7,6884.6
SO013553,2024-06-03,C0160,D01,E08,4,4375.0
SO013554,2024-06-13,C0160,D01,E08,5,7743.0
SO013555,2024-06-21,C0160,D01,E08,4,5766.35
SO013556,2024-07-02,C0160,D01,E08,5,6615.0
SO013557,2024-07-12,C0160,D01,E08,7,11340.7
SO013558,2024-07-20,C0160,D01,E08,5,5635.0
SO013559,2024-07-31,C0160,D01,E08,6,8515.0
SO013560,2024-08-09,C0160,D01,E08,5,5120.5
SO013561,2024-08-19,C0160,D01,E08,7,7476.4
SO013562,2024-08-28,C0160,D01,E08,4,5124.4
SO013563,2024-09-08,C0160,D01,E08,5,7253.15
SO013564,2024-09-16,C0160,D01,E08,4,5794.4
SO013565,2024-09-25,C0160,D01,E08,3,2565.0
SO013566,2024-10-04,C0160,D01,E08,5,8062.25
SO013567,2024-10-11,C0160,D01,E08,4,6437.2
SO013568,2024-10-22,C0160,D01,E08,5,11784.2
SO013569,2024-10-30,C0160,D01,E08,7,15508.5
SO013570,2024-11-06,C0160,D01,E08,4,5725.0
SO013571,2024-11-17,C0160,D01,E08,4,8992.1
SO013572,2024-11-28,C0160,D01,E08,6,10579.8
SO013573,2024-12-09,C0160,D01,E08,5,13374.1
SO013574,2024-12-19,C0160,D01,E08,6,10065.0
SO013575,2024-12-30,C0160,D01,E08,5,10855.0
SO013576,2022-09-27,C0161,D01,E07,7,5914.9
SO013577,2022-10-10,C0161,D01,E07,6,3248.5
SO013578,2022-10-20,C0161,D01,E07,7,6740.1
SO013579,2022-11-03,C0161,D01,E07,6,8280.0
SO013580,2022-11-17,C0161,D01,E07,7,6880.0
SO013581,2022-11-30,C0161,D01,E07,4,5532.3
SO013582,2022-12-14,C0161,D01,E07,4,3340.0
SO013583,2022-12-28,C0161,D01,E07,6,5908.2
SO013584,2023-01-08,C0161,D01,E07,6,5004.25
SO013585,2023-01-21,C0161,D01,E07,4,3714.0
SO013586,2023-01-31,C0161,D01,E07,6,5825.0
SO013587,2023-02-10,C0161,D01,E07,6,5900.0
SO013588,2023-02-21,C0161,D01,E07,6,5441.4
SO013589,2023-03-06,C0161,D01,E07,3,1015.0
SO013590,2023-03-16,C0161,D01,E07,7,4104.8
SO013591,2023-03-30,C0161,D01,E07,5,3010.0
SO013592,2023-04-09,C0161,D01,E07,5,3125.0
SO013593,2023-04-20,C0161,D01,E07,7,3834.8
SO013594,2023-05-03,C0161,D01,E07,7,3581.2
SO013595,2023-05-15,C0161,D01,E07,6,4522.6
SO013596,2023-05-27,C0161,D01,E07,7,4153.5
SO013597,2023-06-10,C0161,D01,E07,4,3915.0
SO013598,2023-06-23,C0161,D01,E07,3,3230.0
SO013599,2023-07-06,C0161,D01,E07,4,3710.75
SO013600,2023-07-18,C0161,D01,E07,3,3735.6
SO013601,2023-08-01,C0161,D01,E07,3,2831.25
SO013602,2023-08-11,C0161,D01,E07,4,2935.0
SO013603,2023-08-23,C0161,D01,E07,5,4458.1
SO013604,2023-09-02,C0161,D01,E07,4,2846.5
SO013605,2023-09-15,C0161,D01,E07,3,2576.5
SO013606,2023-09-29,C0161,D01,E07,3,2015.0
SO013607,2023-10-09,C0161,D01,E07,5,5591.7
SO013608,2023-10-23,C0161,D01,E07,3,4404.1
SO013609,2023-11-04,C0161,D01,E07,5,4321.05
SO013610,2023-11-16,C0161,D01,E07,6,8552.75
SO013611,2023-11-28,C0161,D01,E07,5,6173.85
SO013612,2023-12-10,C0161,D01,E07,7,8616.65
SO013613,2023-12-21,C0161,D01,E07,3,2543.95
SO013614,2023-12-31,C0161,D01,E07,6,8645.0
SO013615,2024-01-13,C0161,D01,E07,6,3880.0
SO013616,2024-01-23,C0161,D01,E07,5,6281.9
SO013617,2024-02-02,C0161,D01,E07,5,6729.75
SO013618,2024-02-12,C0161,D01,E07,7,8585.9
SO013619,2024-02-25,C0161,D01,E07,7,7720.9
SO013620,2024-03-10,C0161,D01,E07,4,2113.8
SO013621,2024-03-21,C0161,D01,E07,7,2878.35
SO013622,2024-04-03,C0161,D01,E07,3,1680.0
SO013623,2024-04-13,C0161,D01,E07,4,1498.6
SO013624,2024-04-25,C0161,D01,E07,4,3868.4
SO013625,2024-05-07,C0161,D01,E07,7,4428.7
SO013626,2024-05-19,C0161,D01,E07,3,2675.0
SO013627,2024-05-31,C0161,D01,E07,3,1915.0
SO013628,2024-06-13,C0161,D01,E07,6,4115.0
SO013629,2024-06-23,C0161,D01,E07,3,2980.0
SO013630,2024-07-07,C0161,D01,E07,3,1160.0
SO013631,2024-07-19,C0161,D01,E07,7,7600.0
SO013632,2024-07-30,C0161,D01,E07,4,3770.0
SO013633,2024-08-12,C0161,D01,E07,5,3401.6
SO013634,2024-08-25,C0161,D01,E07,7,6758.0
SO013635,2024-09-08,C0161,D01,E07,4,3560.0
SO013636,2024-09-19,C0161,D01,E07,7,7822.2
SO013637,2024-10-03,C0161,D01,E07,5,7402.2
SO013638,2024-10-15,C0161,D01,E07,3,3045.0
SO013639,2024-10-27,C0161,D01,E07,7,8435.55
SO013640,2024-11-06,C0161,D01,E07,3,6180.0
SO013641,2024-11-16,C0161,D01,E07,4,6341.65
SO013642,2024-11-27,C0161,D01,E07,6,6150.0
SO013643,2024-12-09,C0161,D01,E07,3,4552.1
SO013644,2024-12-21,C0161,D01,E07,3,1950.0
SO013645,2022-04-04,C0162,D01,E08,6,4995.4
SO013646,2022-04-15,C0162,D01,E08,4,3090.0
SO013647,2022-04-22,C0162,D01,E08,4,2800.0
SO013648,2022-05-03,C0162,D01,E08,6,4660.0
SO013649,2022-05-14,C0162,D01,E08,6,4275.0
SO013650,2022-05-22,C0162,D01,E08,3,1910.0
SO013651,2022-06-02,C0162,D01,E08,6,6360.0
SO013652,2022-06-11,C0162,D01,E08,6,6206.25
SO013653,2022-06-18,C0162,D01,E08,3,4450.0
SO013654,2022-06-29,C0162,D01,E08,7,7294.3
SO013655,2022-07-10,C0162,D01,E08,3,3375.0
SO013656,2022-07-20,C0162,D01,E08,5,6720.0
SO013657,2022-07-27,C0162,D01,E08,3,6390.0
SO013658,2022-08-06,C0162,D01,E08,7,6917.1
SO013659,2022-08-16,C0162,D01,E08,7,7625.15
SO013660,2022-08-27,C0162,D01,E08,3,3530.0
SO013661,2022-09-06,C0162,D01,E08,6,6675.0
SO013662,2022-09-13,C0162,D01,E08,7,9730.0
SO013663,2022-09-20,C0162,D01,E08,7,10315.2
SO013664,2022-09-27,C0162,D01,E08,6,8419.9
SO013665,2022-10-04,C0162,D01,E08,4,5966.9
SO013666,2022-10-11,C0162,D01,E08,5,7780.0
SO013667,2022-10-22,C0162,D01,E08,5,5517.45
SO013668,2022-11-01,C0162,D01,E08,7,9380.0
SO013669,2022-11-12,C0162,D01,E08,3,3015.0
SO013670,2022-11-22,C0162,D01,E08,7,9625.5
SO013671,2022-11-29,C0162,D01,E08,7,8340.0
SO013672,2022-12-10,C0162,D01,E08,6,8505.0
SO013673,2022-12-19,C0162,D01,E08,4,5670.0
SO013674,2022-12-26,C0162,D01,E08,3,5305.0
SO013675,2023-01-06,C0162,D01,E08,6,10403.3
SO013676,2023-01-13,C0162,D01,E08,7,13042.8
SO013677,2023-01-20,C0162,D01,E08,6,5925.15
SO013678,2023-01-31,C0162,D01,E08,6,11090.0
SO013679,2023-02-11,C0162,D01,E08,4,5505.25
SO013680,2023-02-22,C0162,D01,E08,3,7040.0
SO013681,2023-03-04,C0162,D01,E08,4,3165.0
SO013682,2023-03-14,C0162,D01,E08,4,4035.0
SO013683,2023-03-21,C0162,D01,E08,7,6030.0
SO013684,2023-03-28,C0162,D01,E08,5,5100.0
SO013685,2023-04-06,C0162,D01,E08,6,5892.1
SO013686,2023-04-13,C0162,D01,E08,5,3071.0
SO013687,2023-04-21,C0162,D01,E08,4,4020.0
SO013688,2023-05-01,C0162,D01,E08,3,2895.0
SO013689,2023-05-12,C0162,D01,E08,6,3978.2
SO013690,2023-05-20,C0162,D01,E08,6,5520.0
SO013691,2023-05-31,C0162,D01,E08,7,6670.0
SO013692,2023-06-11,C0162,D01,E08,5,6315.0
SO013693,2023-06-22,C0162,D01,E08,3,3225.0
SO013694,2023-06-30,C0162,D01,E08,4,4245.0
SO013695,2023-07-11,C0162,D01,E08,5,5047.5
SO013696,2023-07-22,C0162,D01,E08,6,7606.0
SO013697,2023-08-02,C0162,D01,E08,3,2995.0
SO013698,2023-08-10,C0162,D01,E08,7,9600.0
SO013699,2023-08-18,C0162,D01,E08,4,4661.4
SO013700,2023-08-25,C0162,D01,E08,4,7011.6
SO013701,2023-09-03,C0162,D01,E08,6,9160.0
SO013702,2023-09-10,C0162,D01,E08,4,4860.0
SO013703,2023-09-17,C0162,D01,E08,3,3875.0
SO013704,2023-09-26,C0162,D01,E08,7,10953.8
SO013705,2023-10-04,C0162,D01,E08,3,3460.0
SO013706,2023-10-12,C0162,D01,E08,3,3314.0
SO013707,2023-10-20,C0162,D01,E08,5,6170.65
SO013708,2023-10-31,C0162,D01,E08,7,12473.9
SO013709,2023-11-07,C0162,D01,E08,3,4880.85
SO013710,2023-11-14,C0162,D01,E08,3,7552.1
SO013711,2023-11-23,C0162,D01,E08,5,7960.0
SO013712,2023-12-01,C0162,D01,E08,3,7850.0
SO013713,2023-12-08,C0162,D01,E08,3,5565.0
SO013714,2023-12-16,C0162,D01,E08,7,12285.85
SO013715,2023-12-25,C0162,D01,E08,7,9244.7
SO013716,2024-01-04,C0162,D01,E08,4,9529.8
SO013717,2024-01-14,C0162,D01,E08,6,8562.4
SO013718,2024-01-23,C0162,D01,E08,5,11491.8
SO013719,2024-02-01,C0162,D01,E08,7,15064.0
SO013720,2024-02-10,C0162,D01,E08,6,7880.0
SO013721,2024-02-18,C0162,D01,E08,6,10392.95
SO013722,2024-02-28,C0162,D01,E08,6,12525.0
SO013723,2024-03-08,C0162,D01,E08,3,1730.0
SO013724,2024-03-16,C0162,D01,E08,6,7875.0
SO013725,2024-03-23,C0162,D01,E08,4,4190.0
SO013726,2024-04-02,C0162,D01,E08,5,5200.0
SO013727,2024-04-11,C0162,D01,E08,7,8059.1
SO013728,2024-04-22,C0162,D01,E08,7,7165.0
SO013729,2024-05-02,C0162,D01,E08,3,2470.0
SO013730,2024-05-13,C0162,D01,E08,4,4815.0
SO013731,2024-05-21,C0162,D01,E08,6,5166.5
SO013732,2024-05-29,C0162,D01,E08,5,4405.0
SO013733,2024-06-07,C0162,D01,E08,6,8150.3
SO013734,2024-06-16,C0162,D01,E08,3,5025.0
SO013735,2024-06-24,C0162,D01,E08,5,5690.0
SO013736,2024-07-01,C0162,D01,E08,4,4825.0
SO013737,2024-07-11,C0162,D01,E08,5,8160.0
SO013738,2024-07-18,C0162,D01,E08,3,5050.0
SO013739,2024-07-27,C0162,D01,E08,3,4065.0
SO013740,2024-08-07,C0162,D01,E08,3,4200.0
SO013741,2024-08-17,C0162,D01,E08,7,7721.6
SO013742,2024-08-27,C0162,D01,E08,4,4381.7
SO013743,2024-09-04,C0162,D01,E08,4,7370.0
SO013744,2024-09-14,C0162,D01,E08,7,8661.3
SO013745,2024-09-22,C0162,D01,E08,7,9774.5
SO013746,2024-09-29,C0162,D01,E08,6,6630.0
SO013747,2024-10-07,C0162,D01,E08,6,13366.5
SO013748,2024-10-16,C0162,D01,E08,7,8641.7
SO013749,2024-10-23,C0162,D01,E08,7,12514.35
SO013750,2024-10-31,C0162,D01,E08,5,7783.75
SO013751,2024-11-07,C0162,D01,E08,4,9000.9
SO013752,2024-11-15,C0162,D01,E08,7,9609.6
SO013753,2024-11-26,C0162,D01,E08,3,10275.0
SO013754,2024-12-05,C0162,D01,E08,7,16075.0
SO013755,2024-12-12,C0162,D01,E08,3,4981.6
SO013756,2024-12-20,C0162,D01,E08,6,11560.0
SO013757,2024-12-27,C0162,D01,E08,6,11135.0
SO013758,2023-03-17,C0163,D01,E06,4,2842.5
SO013759,2023-03-27,C0163,D01,E06,6,3430.0
SO013760,2023-04-08,C0163,D01,E06,6,4630.0
SO013761,2023-04-18,C0163,D01,E06,3,2555.0
SO013762,2023-05-02,C0163,D01,E06,4,2431.8
SO013763,2023-05-13,C0163,D01,E06,6,3989.75
SO013764,2023-05-26,C0163,D01,E06,6,2638.7
SO013765,2023-06-07,C0163,D01,E06,6,4281.1
SO013766,2023-06-21,C0163,D01,E06,6,4018.0
SO013767,2023-07-04,C0163,D01,E06,5,3535.0
SO013768,2023-07-18,C0163,D01,E06,5,4045.0
SO013769,2023-07-28,C0163,D01,E06,7,5440.0
SO013770,2023-08-11,C0163,D01,E06,4,3590.0
SO013771,2023-08-23,C0163,D01,E06,7,5825.0
SO013772,2023-09-05,C0163,D01,E06,6,5865.0
SO013773,2023-09-18,C0163,D01,E06,5,3927.15
SO013774,2023-09-29,C0163,D01,E06,6,5782.05
SO013775,2023-10-12,C0163,D01,E06,4,2910.0
SO013776,2023-10-22,C0163,D01,E06,4,4659.75
SO013777,2023-11-01,C0163,D01,E06,5,7165.0
SO013778,2023-11-14,C0163,D01,E06,5,10818.6
SO013779,2023-11-27,C0163,D01,E06,7,8349.05
SO013780,2023-12-09,C0163,D01,E06,4,4407.4
SO013781,2023-12-19,C0163,D01,E06,7,8613.2
SO013782,2024-01-02,C0163,D01,E06,6,8126.1
SO013783,2024-01-15,C0163,D01,E06,3,3303.75
SO013784,2024-01-27,C0163,D01,E06,3,4715.0
SO013785,2024-02-10,C0163,D01,E06,5,5492.2
SO013786,2024-02-23,C0163,D01,E06,5,5565.0
SO013787,2024-03-04,C0163,D01,E06,5,3230.1
SO013788,2024-03-17,C0163,D01,E06,5,3205.0
SO013789,2024-03-29,C0163,D01,E06,7,3478.8
SO013790,2024-04-09,C0163,D01,E06,5,3654.8
SO013791,2024-04-20,C0163,D01,E06,7,5160.0
SO013792,2024-05-01,C0163,D01,E06,4,1715.0
SO013793,2024-05-14,C0163,D01,E06,3,2551.2
SO013794,2024-05-24,C0163,D01,E06,3,1395.0
SO013795,2024-06-07,C0163,D01,E06,5,3932.95
SO013796,2024-06-17,C0163,D01,E06,3,3387.6
SO013797,2024-06-29,C0163,D01,E06,7,6466.8
SO013798,2024-07-10,C0163,D01,E06,6,4152.95
SO013799,2024-07-20,C0163,D01,E06,5,5895.0
SO013800,2024-07-30,C0163,D01,E06,6,4078.8
SO013801,2024-08-12,C0163,D01,E06,4,2305.0
SO013802,2024-08-24,C0163,D01,E06,6,4218.2
SO013803,2024-09-07,C0163,D01,E06,5,4250.0
SO013804,2024-09-20,C0163,D01,E06,4,4715.0
SO013805,2024-09-30,C0163,D01,E06,7,5890.0
SO013806,2024-10-12,C0163,D01,E06,6,6044.8
SO013807,2024-10-23,C0163,D01,E06,3,2821.5
SO013808,2024-11-06,C0163,D01,E06,7,12050.05
SO013809,2024-11-18,C0163,D01,E06,4,3625.0
SO013810,2024-12-02,C0163,D01,E06,4,4813.7
SO013811,2024-12-15,C0163,D01,E06,6,10705.8
SO013812,2024-12-28,C0163,D01,E06,5,5926.4
SO013813,2023-11-08,C0164,D02,E11,6,6426.85
SO013814,2023-11-21,C0164,D02,E11,3,2183.5
SO013815,2023-12-04,C0164,D02,E11,3,1955.0
SO013816,2023-12-19,C0164,D02,E11,5,3230.1
SO013817,2024-01-04,C0164,D02,E11,7,3740.0
SO013818,2024-01-19,C0164,D02,E11,6,4185.85
SO013819,2024-02-03,C0164,D02,E11,6,4833.7
SO013820,2024-02-18,C0164,D02,E11,7,3860.0
SO013821,2024-03-06,C0164,D02,E11,7,2499.8
SO013822,2024-03-21,C0164,D02,E11,6,2252.8
SO013823,2024-04-05,C0164,D02,E11,5,1602.7
SO013824,2024-04-18,C0164,D02,E11,4,1305.0
SO013825,2024-05-03,C0164,D02,E11,4,1400.0
SO013826,2024-05-18,C0164,D02,E11,6,2197.8
SO013827,2024-06-02,C0164,D02,E11,4,1494.6
SO013828,2024-06-16,C0164,D02,E11,5,1732.7
SO013829,2024-07-03,C0164,D02,E11,3,1195.0
SO013830,2024-07-17,C0164,D02,E11,6,3280.0
SO013831,2024-08-03,C0164,D02,E11,4,1834.75
SO013832,2024-08-16,C0164,D02,E11,4,1685.0
SO013833,2024-09-02,C0164,D02,E11,7,3469.2
SO013834,2024-09-18,C0164,D02,E11,3,1500.0
SO013835,2024-10-02,C0164,D02,E11,3,1900.0
SO013836,2024-10-16,C0164,D02,E11,7,3540.0
SO013837,2024-10-30,C0164,D02,E11,4,3044.4
SO013838,2024-11-13,C0164,D02,E11,4,2005.0
SO013839,2024-11-30,C0164,D02,E11,3,2095.0
SO013840,2024-12-13,C0164,D02,E11,6,4280.0
SO013841,2024-12-29,C0164,D02,E11,7,3438.75
SO013842,2023-09-26,C0165,D02,E10,3,2080.0
SO013843,2023-10-10,C0165,D02,E10,3,3740.0
SO013844,2023-10-24,C0165,D02,E10,4,3514.9
SO013845,2023-11-03,C0165,D02,E10,7,10954.3
SO013846,2023-11-16,C0165,D02,E10,6,6292.6
SO013847,2023-11-30,C0165,D02,E10,6,9175.0
SO013848,2023-12-10,C0165,D02,E10,7,8637.6
SO013849,2023-12-23,C0165,D02,E10,5,5940.0
SO013850,2024-01-03,C0165,D02,E10,4,3495.0
SO013851,2024-01-14,C0165,D02,E10,5,4661.5
SO013852,2024-01-28,C0165,D02,E10,4,3925.0
SO013853,2024-02-10,C0165,D02,E10,5,6631.9
SO013854,2024-02-23,C0165,D02,E10,7,8257.45
SO013855,2024-03-08,C0165,D02,E10,3,1320.0
SO013856,2024-03-20,C0165,D02,E10,7,4240.0
SO013857,2024-04-02,C0165,D02,E10,5,2440.0
SO013858,2024-04-12,C0165,D02,E10,4,3235.75
SO013859,2024-04-24,C0165,D02,E10,3,2811.5
SO013860,2024-05-08,C0165,D02,E10,6,4312.4
SO013861,2024-05-22,C0165,D02,E10,3,1890.0
SO013862,2024-06-02,C0165,D02,E10,6,4780.8
SO013863,2024-06-13,C0165,D02,E10,7,5776.4
SO013864,2024-06-23,C0165,D02,E10,5,4623.8
SO013865,2024-07-04,C0165,D02,E10,7,6133.2
SO013866,2024-07-16,C0165,D02,E10,7,4315.4
SO013867,2024-07-29,C0165,D02,E10,3,2705.7
SO013868,2024-08-10,C0165,D02,E10,7,8010.0
SO013869,2024-08-22,C0165,D02,E10,6,5082.4
SO013870,2024-09-01,C0165,D02,E10,3,1945.0
SO013871,2024-09-14,C0165,D02,E10,7,5630.0
SO013872,2024-09-28,C0165,D02,E10,5,5699.7
SO013873,2024-10-09,C0165,D02,E10,5,5924.8
SO013874,2024-10-22,C0165,D02,E10,4,5045.2
SO013875,2024-11-03,C0165,D02,E10,5,7191.5
SO013876,2024-11-15,C0165,D02,E10,4,9275.0
SO013877,2024-11-25,C0165,D02,E10,5,5313.7
SO013878,2024-12-07,C0165,D02,E10,5,8038.8
SO013879,2024-12-20,C0165,D02,E10,7,6275.0
SO013880,2024-12-31,C0165,D02,E10,6,5492.0
SO013881,2023-09-11,C0166,D02,E11,5,2500.0
SO013882,2023-09-28,C0166,D02,E11,5,2225.0
SO013883,2023-10-13,C0166,D02,E11,6,2095.0
SO013884,2023-10-29,C0166,D02,E11,5,2888.7
SO013885,2023-11-11,C0166,D02,E11,7,3869.6
SO013886,2023-11-25,C0166,D02,E11,3,2730.0
SO013887,2023-12-12,C0166,D02,E11,5,2640.0
SO013888,2023-12-28,C0166,D02,E11,6,4390.0
SO013889,2024-01-11,C0166,D02,E11,3,1975.0
SO013890,2024-01-26,C0166,D02,E11,3,1825.0
SO013891,2024-02-11,C0166,D02,E11,3,2160.0
SO013892,2024-02-27,C0166,D02,E11,3,3417.7
SO013893,2024-03-15,C0166,D02,E11,6,2333.7
SO013894,2024-03-28,C0166,D02,E11,5,1625.0
SO013895,2024-04-14,C0166,D02,E11,5,2601.25
SO013896,2024-04-27,C0166,D02,E11,7,2100.4
SO013897,2024-05-14,C0166,D02,E11,7,2970.0
SO013898,2024-05-27,C0166,D02,E11,6,2152.8
SO013899,2024-06-12,C0166,D02,E11,6,2649.2
SO013900,2024-06-27,C0166,D02,E11,6,3530.0
SO013901,2024-07-12,C0166,D02,E11,6,2397.95
SO013902,2024-07-26,C0166,D02,E11,5,2044.75
SO013903,2024-08-09,C0166,D02,E11,7,2975.0
SO013904,2024-08-22,C0166,D02,E11,5,2060.0
SO013905,2024-09-08,C0166,D02,E11,7,3565.0
SO013906,2024-09-22,C0166,D02,E11,4,2292.0
SO013907,2024-10-05,C0166,D02,E11,6,2246.0
SO013908,2024-10-20,C0166,D02,E11,5,2675.85
SO013909,2024-11-05,C0166,D02,E11,7,4690.3
SO013910,2024-11-21,C0166,D02,E11,5,3746.0
SO013911,2024-12-05,C0166,D02,E11,3,3490.0
SO013912,2024-12-18,C0166,D02,E11,6,3218.2
SO013913,2023-07-07,C0167,D01,E08,5,3095.0
SO013914,2023-07-17,C0167,D01,E08,7,5227.45
SO013915,2023-07-29,C0167,D01,E08,6,4310.0
SO013916,2023-08-11,C0167,D01,E08,5,3136.0
SO013917,2023-08-24,C0167,D01,E08,6,4835.0
SO013918,2023-09-04,C0167,D01,E08,6,3369.2
SO013919,2023-09-15,C0167,D01,E08,6,5675.2
SO013920,2023-09-25,C0167,D01,E08,6,4825.75
SO013921,2023-10-06,C0167,D01,E08,3,3005.25
SO013922,2023-10-19,C0167,D01,E08,5,6055.3
SO013923,2023-11-02,C0167,D01,E08,6,6319.85
SO013924,2023-11-13,C0167,D01,E08,4,3497.0
SO013925,2023-11-23,C0167,D01,E08,5,6425.0
SO013926,2023-12-06,C0167,D01,E08,7,7842.35
SO013927,2023-12-16,C0167,D01,E08,6,5098.8
SO013928,2023-12-26,C0167,D01,E08,4,5955.7
SO013929,2024-01-06,C0167,D01,E08,6,3963.75
SO013930,2024-01-20,C0167,D01,E08,7,5204.55
SO013931,2024-02-03,C0167,D01,E08,6,6680.85
SO013932,2024-02-16,C0167,D01,E08,4,4255.0
SO013933,2024-02-27,C0167,D01,E08,7,8919.0
SO013934,2024-03-11,C0167,D01,E08,4,3010.0
SO013935,2024-03-22,C0167,D01,E08,7,5790.2
SO013936,2024-04-04,C0167,D01,E08,6,3650.35
SO013937,2024-04-15,C0167,D01,E08,5,2275.0
SO013938,2024-04-27,C0167,D01,E08,5,2907.85
SO013939,2024-05-09,C0167,D01,E08,3,1394.2
SO013940,2024-05-23,C0167,D01,E08,4,2670.0
SO013941,2024-06-06,C0167,D01,E08,3,2660.0
SO013942,2024-06-19,C0167,D01,E08,5,4513.8
SO013943,2024-06-29,C0167,D01,E08,4,3030.0
SO013944,2024-07-10,C0167,D01,E08,5,3839.4
SO013945,2024-07-23,C0167,D01,E08,4,4187.2
SO013946,2024-08-03,C0167,D01,E08,5,3485.6
SO013947,2024-08-14,C0167,D01,E08,3,3940.0
SO013948,2024-08-25,C0167,D01,E08,3,2160.0
SO013949,2024-09-05,C0167,D01,E08,7,6731.0
SO013950,2024-09-15,C0167,D01,E08,5,4715.5
SO013951,2024-09-28,C0167,D01,E08,6,5499.0
SO013952,2024-10-11,C0167,D01,E08,5,3731.55
SO013953,2024-10-23,C0167,D01,E08,4,5339.15
SO013954,2024-11-02,C0167,D01,E08,3,5066.6
SO013955,2024-11-15,C0167,D01,E08,3,2450.0
SO013956,2024-11-28,C0167,D01,E08,6,9910.0
SO013957,2024-12-09,C0167,D01,E08,4,3885.0
SO013958,2024-12-22,C0167,D01,E08,7,9788.1
SO013959,2023-09-18,C0168,D02,E11,4,2138.3
SO013960,2023-10-02,C0168,D02,E11,3,3291.1
SO013961,2023-10-16,C0168,D02,E11,3,2650.5
SO013962,2023-10-30,C0168,D02,E11,7,5024.2
SO013963,2023-11-09,C0168,D02,E11,3,3415.4
SO013964,2023-11-22,C0168,D02,E11,6,6835.0
SO013965,2023-12-06,C0168,D02,E11,3,3455.0
SO013966,2023-12-17,C0168,D02,E11,7,8845.0
SO013967,2023-12-29,C0168,D02,E11,6,7584.0
SO013968,2024-01-09,C0168,D02,E11,6,7020.0
SO013969,2024-01-21,C0168,D02,E11,4,3600.0
SO013970,2024-02-04,C0168,D02,E11,5,5250.0
SO013971,2024-02-17,C0168,D02,E11,6,6710.0
SO013972,2024-02-28,C0168,D02,E11,7,10460.0
SO013973,2024-03-12,C0168,D02,E11,7,4110.5
SO013974,2024-03-26,C0168,D02,E11,3,2356.45
SO013975,2024-04-09,C0168,D02,E11,3,2161.9
SO013976,2024-04-23,C0168,D02,E11,5,4430.0
SO013977,2024-05-07,C0168,D02,E11,4,1645.0
SO013978,2024-05-18,C0168,D02,E11,3,2403.0
SO013979,2024-05-29,C0168,D02,E11,4,3220.0
SO013980,2024-06-12,C0168,D02,E11,7,6672.9
SO013981,2024-06-26,C0168,D02,E11,7,4908.4
SO013982,2024-07-08,C0168,D02,E11,3,3005.0
SO013983,2024-07-19,C0168,D02,E11,5,3870.0
SO013984,2024-08-01,C0168,D02,E11,4,3580.0
SO013985,2024-08-13,C0168,D02,E11,6,3916.6
SO013986,2024-08-27,C0168,D02,E11,6,5320.0
SO013987,2024-09-07,C0168,D02,E11,4,2515.0
SO013988,2024-09-19,C0168,D02,E11,6,4141.0
SO013989,2024-10-01,C0168,D02,E11,7,5250.0
SO013990,2024-10-14,C0168,D02,E11,7,7475.0
SO013991,2024-10-27,C0168,D02,E11,6,6279.4
SO013992,2024-11-07,C0168,D02,E11,5,7677.15
SO013993,2024-11-17,C0168,D02,E11,4,3010.5
SO013994,2024-11-27,C0168,D02,E11,3,3880.0
SO013995,2024-12-10,C0168,D02,E11,7,8610.0
SO013996,2024-12-24,C0168,D02,E11,3,3340.0
SO013997,2023-10-27,C0169,D02,E11,4,2285.0
SO013998,2023-11-11,C0169,D02,E11,3,1882.55
SO013999,2023-11-27,C0169,D02,E11,7,3425.0
SO014000,2023-12-11,C0169,D02,E11,3,980.0
SO014001,2023-12-27,C0169,D02,E11,6,4456.5
SO014002,2024-01-11,C0169,D02,E11,5,4985.0
SO014003,2024-01-25,C0169,D02,E11,5,2895.0
SO014004,2024-02-11,C0169,D02,E11,7,3265.0
SO014005,2024-02-27,C0169,D02,E11,5,4295.0
SO014006,2024-03-12,C0169,D02,E11,7,2995.0
SO014007,2024-03-26,C0169,D02,E11,3,622.8
SO014008,2024-04-10,C0169,D02,E11,6,2233.75
SO014009,2024-04-25,C0169,D02,E11,6,2130.0
SO014010,2024-05-09,C0169,D02,E11,6,1895.0
SO014011,2024-05-22,C0169,D02,E11,6,2425.5
SO014012,2024-06-04,C0169,D02,E11,7,3155.0
SO014013,2024-06-17,C0169,D02,E11,4,1645.0
SO014014,2024-06-30,C0169,D02,E11,5,3065.0
SO014015,2024-07-13,C0169,D02,E11,5,2648.4
SO014016,2024-07-27,C0169,D02,E11,7,3667.7
SO014017,2024-08-13,C0169,D02,E11,3,743.7
SO014018,2024-08-27,C0169,D02,E11,7,2907.2
SO014019,2024-09-10,C0169,D02,E11,5,2416.25
SO014020,2024-09-25,C0169,D02,E11,4,2629.75
SO014021,2024-10-09,C0169,D02,E11,3,1638.75
SO014022,2024-10-23,C0169,D02,E11,7,2640.3
SO014023,2024-11-07,C0169,D02,E11,4,2820.2
SO014024,2024-11-24,C0169,D02,E11,3,1432.95
SO014025,2024-12-08,C0169,D02,E11,5,3423.75
SO014026,2024-12-21,C0169,D02,E11,3,2774.7
SO014027,2023-03-12,C0170,D01,E06,4,1875.0
SO014028,2023-03-26,C0170,D01,E06,6,3164.7
SO014029,2023-04-07,C0170,D01,E06,7,3923.8
SO014030,2023-04-17,C0170,D01,E06,5,4523.55
SO014031,2023-05-01,C0170,D01,E06,7,3739.15
SO014032,2023-05-14,C0170,D01,E06,7,4052.0
SO014033,2023-05-27,C0170,D01,E06,4,3300.0
SO014034,2023-06-10,C0170,D01,E06,4,3985.2
SO014035,2023-06-20,C0170,D01,E06,5,3169.5
SO014036,2023-06-30,C0170,D01,E06,7,5450.7
SO014037,2023-07-12,C0170,D01,E06,4,3760.0
SO014038,2023-07-23,C0170,D01,E06,4,2889.35
SO014039,2023-08-04,C0170,D01,E06,7,6032.5
SO014040,2023-08-17,C0170,D01,E06,4,4870.0
SO014041,2023-08-28,C0170,D01,E06,6,5586.0
SO014042,2023-09-11,C0170,D01,E06,7,5077.0
SO014043,2023-09-25,C0170,D01,E06,4,3485.0
SO014044,2023-10-08,C0170,D01,E06,4,2469.4
SO014045,2023-10-20,C0170,D01,E06,4,3761.35
SO014046,2023-11-02,C0170,D01,E06,4,6759.0
SO014047,2023-11-13,C0170,D01,E06,6,7830.8
SO014048,2023-11-26,C0170,D01,E06,4,4460.0
SO014049,2023-12-07,C0170,D01,E06,7,10860.2
SO014050,2023-12-19,C0170,D01,E06,4,5870.0
SO014051,2024-01-02,C0170,D01,E06,3,4350.0
SO014052,2024-01-15,C0170,D01,E06,3,6508.0
SO014053,2024-01-28,C0170,D01,E06,3,6149.3
SO014054,2024-02-10,C0170,D01,E06,6,9373.9
SO014055,2024-02-22,C0170,D01,E06,4,3520.0
SO014056,2024-03-04,C0170,D01,E06,6,3855.8
SO014057,2024-03-16,C0170,D01,E06,5,3474.8
SO014058,2024-03-28,C0170,D01,E06,4,1655.0
SO014059,2024-04-07,C0170,D01,E06,6,5615.0
SO014060,2024-04-17,C0170,D01,E06,5,2475.0
SO014061,2024-04-28,C0170,D01,E06,4,2780.2
SO014062,2024-05-11,C0170,D01,E06,4,3231.6
SO014063,2024-05-21,C0170,D01,E06,3,1457.9
SO014064,2024-06-03,C0170,D01,E06,4,4715.0
SO014065,2024-06-15,C0170,D01,E06,3,3295.0
SO014066,2024-06-28,C0170,D01,E06,3,1140.0
SO014067,2024-07-09,C0170,D01,E06,7,5725.0
SO014068,2024-07-19,C0170,D01,E06,7,6993.8
SO014069,2024-08-01,C0170,D01,E06,6,5564.8
SO014070,2024-08-13,C0170,D01,E06,4,3151.35
SO014071,2024-08-23,C0170,D01,E06,5,4717.4
SO014072,2024-09-05,C0170,D01,E06,4,3291.0
SO014073,2024-09-17,C0170,D01,E06,7,4786.65
SO014074,2024-09-30,C0170,D01,E06,6,3963.4
SO014075,2024-10-10,C0170,D01,E06,3,4659.8
SO014076,2024-10-24,C0170,D01,E06,7,7562.4
SO014077,2024-11-06,C0170,D01,E06,7,10441.2
SO014078,2024-11-19,C0170,D01,E06,5,7390.0
SO014079,2024-12-01,C0170,D01,E06,4,4050.0
SO014080,2024-12-13,C0170,D01,E06,7,8688.15
SO014081,2024-12-25,C0170,D01,E06,5,8865.0
SO014082,2023-01-03,C0171,D01,E07,5,3759.4
SO014083,2023-01-13,C0171,D01,E07,6,4114.25
SO014084,2023-01-27,C0171,D01,E07,4,4045.0
SO014085,2023-02-09,C0171,D01,E07,6,8166.0
SO014086,2023-02-22,C0171,D01,E07,3,2450.0
SO014087,2023-03-05,C0171,D01,E07,3,1731.25
SO014088,2023-03-19,C0171,D01,E07,3,2070.0
SO014089,2023-03-29,C0171,D01,E07,4,2130.0
SO014090,2023-04-09,C0171,D01,E07,6,4725.0
SO014091,2023-04-19,C0171,D01,E07,7,3379.75
SO014092,2023-05-03,C0171,D01,E07,3,1651.8
SO014093,2023-05-13,C0171,D01,E07,3,2637.5
SO014094,2023-05-25,C0171,D01,E07,3,1604.6
SO014095,2023-06-06,C0171,D01,E07,3,3000.0
SO014096,2023-06-18,C0171,D01,E07,5,4073.7
SO014097,2023-07-02,C0171,D01,E07,4,2501.6
SO014098,2023-07-12,C0171,D01,E07,4,3585.0
SO014099,2023-07-24,C0171,D01,E07,5,3111.0
SO014100,2023-08-07,C0171,D01,E07,3,1874.75
SO014101,2023-08-20,C0171,D01,E07,7,5712.4
SO014102,2023-08-30,C0171,D01,E07,6,3595.4
SO014103,2023-09-09,C0171,D01,E07,5,4311.6
SO014104,2023-09-23,C0171,D01,E07,7,5270.0
SO014105,2023-10-06,C0171,D01,E07,3,2440.0
SO014106,2023-10-20,C0171,D01,E07,3,3158.85
SO014107,2023-10-31,C0171,D01,E07,5,3495.05
SO014108,2023-11-11,C0171,D01,E07,4,2730.3
SO014109,2023-11-25,C0171,D01,E07,3,3070.0
SO014110,2023-12-06,C0171,D01,E07,5,8497.2
SO014111,2023-12-18,C0171,D01,E07,7,8958.85
SO014112,2024-01-01,C0171,D01,E07,3,2970.0
SO014113,2024-01-11,C0171,D01,E07,6,7510.0
SO014114,2024-01-24,C0171,D01,E07,3,3625.0
SO014115,2024-02-07,C0171,D01,E07,3,3487.7
SO014116,2024-02-18,C0171,D01,E07,5,6665.0
SO014117,2024-03-03,C0171,D01,E07,3,2183.5
SO014118,2024-03-15,C0171,D01,E07,6,3884.7
SO014119,2024-03-25,C0171,D01,E07,7,4220.0
SO014120,2024-04-06,C0171,D01,E07,6,3670.0
SO014121,2024-04-17,C0171,D01,E07,4,2735.5
SO014122,2024-04-30,C0171,D01,E07,6,4290.0
SO014123,2024-05-12,C0171,D01,E07,7,4092.3
SO014124,2024-05-26,C0171,D01,E07,6,5489.3
SO014125,2024-06-05,C0171,D01,E07,4,2496.35
SO014126,2024-06-19,C0171,D01,E07,3,2445.0
SO014127,2024-06-30,C0171,D01,E07,4,2530.0
SO014128,2024-07-11,C0171,D01,E07,5,4007.55
SO014129,2024-07-21,C0171,D01,E07,7,6383.5
SO014130,2024-08-04,C0171,D01,E07,3,2736.0
SO014131,2024-08-18,C0171,D01,E07,6,6374.4
SO014132,2024-08-30,C0171,D01,E07,6,5870.0
SO014133,2024-09-10,C0171,D01,E07,5,3825.0
SO014134,2024-09-23,C0171,D01,E07,4,3335.0
SO014135,2024-10-04,C0171,D01,E07,7,6715.05
SO014136,2024-10-17,C0171,D01,E07,7,6298.5
SO014137,2024-10-28,C0171,D01,E07,7,9068.55
SO014138,2024-11-09,C0171,D01,E07,4,3755.0
SO014139,2024-11-22,C0171,D01,E07,5,5445.1
SO014140,2024-12-06,C0171,D01,E07,3,3530.0
SO014141,2024-12-17,C0171,D01,E07,4,5286.95
SO014142,2024-12-30,C0171,D01,E07,7,6520.0
SO014143,2023-11-06,C0172,D02,E09,6,13452.7
SO014144,2023-11-14,C0172,D02,E09,6,14319.9
SO014145,2023-11-24,C0172,D02,E09,5,6325.0
SO014146,2023-12-05,C0172,D02,E09,3,5232.0
SO014147,2023-12-14,C0172,D02,E09,6,8986.5
SO014148,2023-12-25,C0172,D02,E09,5,6900.4
SO014149,2024-01-01,C0172,D02,E09,6,9285.0
SO014150,2024-01-10,C0172,D02,E09,6,13481.2
SO014151,2024-01-20,C0172,D02,E09,5,14320.0
SO014152,2024-01-28,C0172,D02,E09,4,6550.0
SO014153,2024-02-05,C0172,D02,E09,6,7363.15
SO014154,2024-02-14,C0172,D02,E09,4,7945.0
SO014155,2024-02-25,C0172,D02,E09,5,7995.0
SO014156,2024-03-04,C0172,D02,E09,6,5568.2
SO014157,2024-03-11,C0172,D02,E09,5,4414.15
SO014158,2024-03-22,C0172,D02,E09,7,8109.75
SO014159,2024-03-31,C0172,D02,E09,4,3857.15
SO014160,2024-04-07,C0172,D02,E09,4,5446.0
SO014161,2024-04-17,C0172,D02,E09,7,9216.25
SO014162,2024-04-25,C0172,D02,E09,5,6369.6
SO014163,2024-05-06,C0172,D02,E09,5,3760.0
SO014164,2024-05-15,C0172,D02,E09,7,6915.0
SO014165,2024-05-23,C0172,D02,E09,6,5185.0
SO014166,2024-05-31,C0172,D02,E09,7,7360.8
SO014167,2024-06-07,C0172,D02,E09,4,5820.0
SO014168,2024-06-15,C0172,D02,E09,7,9215.0
SO014169,2024-06-22,C0172,D02,E09,3,5801.5
SO014170,2024-07-01,C0172,D02,E09,6,8385.75
SO014171,2024-07-11,C0172,D02,E09,7,8796.0
SO014172,2024-07-18,C0172,D02,E09,3,3215.7
SO014173,2024-07-28,C0172,D02,E09,7,7678.5
SO014174,2024-08-06,C0172,D02,E09,7,10757.95
SO014175,2024-08-16,C0172,D02,E09,5,8075.6
SO014176,2024-08-27,C0172,D02,E09,7,7305.0
SO014177,2024-09-07,C0172,D02,E09,5,8352.5
SO014178,2024-09-16,C0172,D02,E09,6,5425.0
SO014179,2024-09-26,C0172,D02,E09,4,5934.6
SO014180,2024-10-04,C0172,D02,E09,3,6120.5
SO014181,2024-10-13,C0172,D02,E09,3,5080.0
SO014182,2024-10-24,C0172,D02,E09,7,13710.5
SO014183,2024-11-01,C0172,D02,E09,3,5858.5
SO014184,2024-11-10,C0172,D02,E09,5,7805.0
SO014185,2024-11-18,C0172,D02,E09,5,7103.4
SO014186,2024-11-27,C0172,D02,E09,3,4725.0
SO014187,2024-12-07,C0172,D02,E09,5,8515.0
SO014188,2024-12-17,C0172,D02,E09,6,11283.8
SO014189,2024-12-25,C0172,D02,E09,4,6530.0
SO014190,2023-03-05,C0173,D02,E10,4,1955.0
SO014191,2023-03-22,C0173,D02,E10,7,2407.15
SO014192,2023-04-04,C0173,D02,E10,6,1535.0
SO014193,2023-04-17,C0173,D02,E10,5,1962.45
SO014194,2023-04-30,C0173,D02,E10,5,1943.8
SO014195,2023-05-15,C0173,D02,E10,6,1994.3
SO014196,2023-05-29,C0173,D02,E10,7,2397.4
SO014197,2023-06-12,C0173,D02,E10,4,1340.0
SO014198,2023-06-27,C0173,D02,E10,6,2209.5
SO014199,2023-07-11,C0173,D02,E10,6,2940.0
SO014200,2023-07-28,C0173,D02,E10,3,955.8
SO014201,2023-08-13,C0173,D02,E10,7,3955.0
SO014202,2023-08-29,C0173,D02,E10,5,2353.6
SO014203,2023-09-14,C0173,D02,E10,5,1184.6
SO014204,2023-09-29,C0173,D02,E10,7,3325.0
SO014205,2023-10-12,C0173,D02,E10,3,1440.0
SO014206,2023-10-28,C0173,D02,E10,6,2700.0
SO014207,2023-11-13,C0173,D02,E10,3,1300.25
SO014208,2023-11-29,C0173,D02,E10,4,2365.5
SO014209,2023-12-14,C0173,D02,E10,6,3065.3
SO014210,2023-12-31,C0173,D02,E10,5,2690.3
SO014211,2024-01-14,C0173,D02,E10,7,4590.0
SO014212,2024-01-27,C0173,D02,E10,7,6055.35
SO014213,2024-02-13,C0173,D02,E10,3,2455.0
SO014214,2024-02-27,C0173,D02,E10,6,4040.5
SO014215,2024-03-12,C0173,D02,E10,5,860.0
SO014216,2024-03-26,C0173,D02,E10,7,3210.0
SO014217,2024-04-11,C0173,D02,E10,5,2286.8
SO014218,2024-04-24,C0173,D02,E10,3,1135.0
SO014219,2024-05-11,C0173,D02,E10,4,1465.0
SO014220,2024-05-25,C0173,D02,E10,7,2509.6
SO014221,2024-06-07,C0173,D02,E10,3,1480.0
SO014222,2024-06-22,C0173,D02,E10,6,2625.0
SO014223,2024-07-06,C0173,D02,E10,7,3224.4
SO014224,2024-07-21,C0173,D02,E10,7,3062.5
SO014225,2024-08-04,C0173,D02,E10,3,1950.0
SO014226,2024-08-18,C0173,D02,E10,3,1560.0
SO014227,2024-09-01,C0173,D02,E10,5,1749.2
SO014228,2024-09-14,C0173,D02,E10,4,1460.2
SO014229,2024-09-29,C0173,D02,E10,5,2795.0
SO014230,2024-10-12,C0173,D02,E10,3,1534.75
SO014231,2024-10-26,C0173,D02,E10,3,1493.4
SO014232,2024-11-10,C0173,D02,E10,6,3368.0
SO014233,2024-11-27,C0173,D02,E10,7,4762.9
SO014234,2024-12-11,C0173,D02,E10,7,5421.8
SO014235,2024-12-24,C0173,D02,E10,7,5265.0
SO014236,2023-05-22,C0174,D01,E07,4,1620.0
SO014237,2023-06-02,C0174,D01,E07,7,5670.1
SO014238,2023-06-12,C0174,D01,E07,5,5035.1
SO014239,2023-06-26,C0174,D01,E07,5,2670.0
SO014240,2023-07-06,C0174,D01,E07,4,2864.0
SO014241,2023-07-20,C0174,D01,E07,4,4735.0
SO014242,2023-08-03,C0174,D01,E07,6,5670.75
SO014243,2023-08-16,C0174,D01,E07,6,4544.2
SO014244,2023-08-26,C0174,D01,E07,3,2090.0
SO014245,2023-09-06,C0174,D01,E07,7,7142.0
SO014246,2023-09-17,C0174,D01,E07,4,2845.0
SO014247,2023-10-01,C0174,D01,E07,4,4755.4
SO014248,2023-10-12,C0174,D01,E07,7,5811.35
SO014249,2023-10-26,C0174,D01,E07,5,3960.0
SO014250,2023-11-08,C0174,D01,E07,4,4470.6
SO014251,2023-11-22,C0174,D01,E07,3,4175.0
SO014252,2023-12-05,C0174,D01,E07,4,4345.0
SO014253,2023-12-18,C0174,D01,E07,6,6623.2
SO014254,2024-01-01,C0174,D01,E07,4,4747.35
SO014255,2024-01-12,C0174,D01,E07,7,8450.9
SO014256,2024-01-26,C0174,D01,E07,3,2627.0
SO014257,2024-02-08,C0174,D01,E07,3,5480.45
SO014258,2024-02-18,C0174,D01,E07,6,6789.1
SO014259,2024-02-28,C0174,D01,E07,3,3640.0
SO014260,2024-03-10,C0174,D01,E07,6,5120.9
SO014261,2024-03-21,C0174,D01,E07,3,1773.5
SO014262,2024-04-04,C0174,D01,E07,4,2275.0
SO014263,2024-04-14,C0174,D01,E07,4,2000.0
SO014264,2024-04-24,C0174,D01,E07,6,3670.7
SO014265,2024-05-04,C0174,D01,E07,3,2255.0
SO014266,2024-05-17,C0174,D01,E07,5,3420.0
SO014267,2024-05-28,C0174,D01,E07,7,3872.6
SO014268,2024-06-11,C0174,D01,E07,6,5215.0
SO014269,2024-06-24,C0174,D01,E07,5,2863.6
SO014270,2024-07-06,C0174,D01,E07,3,3008.4
SO014271,2024-07-16,C0174,D01,E07,7,7067.8
SO014272,2024-07-27,C0174,D01,E07,7,6941.6
SO014273,2024-08-06,C0174,D01,E07,5,2983.4
SO014274,2024-08-16,C0174,D01,E07,5,4935.0
SO014275,2024-08-30,C0174,D01,E07,7,7867.7
SO014276,2024-09-09,C0174,D01,E07,6,6555.0
SO014277,2024-09-20,C0174,D01,E07,7,9480.45
SO014278,2024-10-04,C0174,D01,E07,5,3363.1
SO014279,2024-10-17,C0174,D01,E07,3,2185.0
SO014280,2024-10-28,C0174,D01,E07,7,5803.4
SO014281,2024-11-10,C0174,D01,E07,7,10820.0
SO014282,2024-11-23,C0174,D01,E07,5,8782.4
SO014283,2024-12-07,C0174,D01,E07,3,4175.6
SO014284,2024-12-20,C0174,D01,E07,6,5080.0
SO014285,2023-07-04,C0175,D02,E11,7,3737.25
SO014286,2023-07-19,C0175,D02,E11,3,1877.6
SO014287,2023-08-05,C0175,D02,E11,7,3863.75
SO014288,2023-08-19,C0175,D02,E11,5,2150.0
SO014289,2023-09-04,C0175,D02,E11,4,1333.1
SO014290,2023-09-17,C0175,D02,E11,7,2915.0
SO014291,2023-10-03,C0175,D02,E11,7,2545.55
SO014292,2023-10-18,C0175,D02,E11,5,2838.6
SO014293,2023-11-01,C0175,D02,E11,7,5870.0
SO014294,2023-11-17,C0175,D02,E11,4,4385.0
SO014295,2023-12-01,C0175,D02,E11,3,2285.0
SO014296,2023-12-15,C0175,D02,E11,6,4431.65
SO014297,2023-12-28,C0175,D02,E11,4,1920.0
SO014298,2024-01-11,C0175,D02,E11,4,3079.35
SO014299,2024-01-28,C0175,D02,E11,5,3235.0
SO014300,2024-02-14,C0175,D02,E11,6,4664.75
SO014301,2024-02-28,C0175,D02,E11,3,2192.7
SO014302,2024-03-16,C0175,D02,E11,5,1862.85
SO014303,2024-03-31,C0175,D02,E11,4,2481.1
SO014304,2024-04-14,C0175,D02,E11,7,2883.95
SO014305,2024-04-29,C0175,D02,E11,5,1792.1
SO014306,2024-05-14,C0175,D02,E11,7,1835.0
SO014307,2024-05-30,C0175,D02,E11,4,1470.0
SO014308,2024-06-16,C0175,D02,E11,6,3515.7
SO014309,2024-07-02,C0175,D02,E11,7,3330.0
SO014310,2024-07-19,C0175,D02,E11,7,2792.15
SO014311,2024-08-05,C0175,D02,E11,3,1045.0
SO014312,2024-08-21,C0175,D02,E11,6,2949.15
SO014313,2024-09-07,C0175,D02,E11,4,2145.0
SO014314,2024-09-24,C0175,D02,E11,3,1295.0
SO014315,2024-10-11,C0175,D02,E11,5,2642.9
SO014316,2024-10-28,C0175,D02,E11,3,2561.0
SO014317,2024-11-13,C0175,D02,E11,4,2920.0
SO014318,2024-11-27,C0175,D02,E11,3,1500.0
SO014319,2024-12-12,C0175,D02,E11,7,5188.6
SO014320,2024-12-25,C0175,D02,E11,3,2028.6
SO014321,2023-10-12,C0176,D02,E09,3,1470.0
SO014322,2023-10-25,C0176,D02,E09,5,2450.8
SO014323,2023-11-09,C0176,D02,E09,3,2080.5
SO014324,2023-11-25,C0176,D02,E09,4,2040.0
SO014325,2023-12-11,C0176,D02,E09,6,4274.4
SO014326,2023-12-24,C0176,D02,E09,5,4288.75
SO014327,2024-01-07,C0176,D02,E09,7,4651.1
SO014328,2024-01-22,C0176,D02,E09,6,2865.0
SO014329,2024-02-08,C0176,D02,E09,3,1083.75
SO014330,2024-02-25,C0176,D02,E09,3,2921.6
SO014331,2024-03-09,C0176,D02,E09,3,689.8
SO014332,2024-03-25,C0176,D02,E09,4,1540.0
SO014333,2024-04-07,C0176,D02,E09,4,1087.8
SO014334,2024-04-24,C0176,D02,E09,3,895.55
SO014335,2024-05-07,C0176,D02,E09,3,935.0
SO014336,2024-05-24,C0176,D02,E09,4,1480.2
SO014337,2024-06-09,C0176,D02,E09,7,3155.0
SO014338,2024-06-22,C0176,D02,E09,4,1950.0
SO014339,2024-07-05,C0176,D02,E09,7,3556.5
SO014340,2024-07-22,C0176,D02,E09,4,1293.7
SO014341,2024-08-05,C0176,D02,E09,4,1809.0
SO014342,2024-08-18,C0176,D02,E09,7,3679.3
SO014343,2024-09-04,C0176,D02,E09,7,2879.2
SO014344,2024-09-18,C0176,D02,E09,7,3060.0
SO014345,2024-10-03,C0176,D02,E09,3,1927.75
SO014346,2024-10-20,C0176,D02,E09,4,2813.2
SO014347,2024-11-05,C0176,D02,E09,5,5183.0
SO014348,2024-11-20,C0176,D02,E09,5,2818.8
SO014349,2024-12-04,C0176,D02,E09,5,2520.7
SO014350,2024-12-18,C0176,D02,E09,4,2896.0
SO014351,2023-10-20,C0177,D01,E06,5,5597.0
SO014352,2023-10-30,C0177,D01,E06,5,3773.4
SO014353,2023-11-12,C0177,D01,E06,7,8481.9
SO014354,2023-11-23,C0177,D01,E06,6,5109.0
SO014355,2023-12-06,C0177,D01,E06,5,5526.4
SO014356,2023-12-16,C0177,D01,E06,7,7885.0
SO014357,2023-12-27,C0177,D01,E06,6,6275.3
SO014358,2024-01-07,C0177,D01,E06,7,5791.4
SO014359,2024-01-19,C0177,D01,E06,3,2480.0
SO014360,2024-01-30,C0177,D01,E06,7,8248.0
SO014361,2024-02-10,C0177,D01,E06,7,8780.0
SO014362,2024-02-21,C0177,D01,E06,3,5017.0
SO014363,2024-03-06,C0177,D01,E06,5,2905.0
SO014364,2024-03-18,C0177,D01,E06,6,4705.0
SO014365,2024-03-31,C0177,D01,E06,7,4595.0
SO014366,2024-04-11,C0177,D01,E06,7,4355.0
SO014367,2024-04-24,C0177,D01,E06,7,3830.5
SO014368,2024-05-07,C0177,D01,E06,3,2196.8
SO014369,2024-05-21,C0177,D01,E06,3,2735.0
SO014370,2024-06-01,C0177,D01,E06,5,3234.8
SO014371,2024-06-12,C0177,D01,E06,7,6728.55
SO014372,2024-06-22,C0177,D01,E06,5,3616.2
SO014373,2024-07-06,C0177,D01,E06,5,5078.85
SO014374,2024-07-18,C0177,D01,E06,7,6867.2
SO014375,2024-07-30,C0177,D01,E06,5,4358.55
SO014376,2024-08-13,C0177,D01,E06,6,4848.4
SO014377,2024-08-26,C0177,D01,E06,6,5176.95
SO014378,2024-09-07,C0177,D01,E06,7,7831.55
SO014379,2024-09-21,C0177,D01,E06,7,8320.0
SO014380,2024-10-01,C0177,D01,E06,7,7130.0
SO014381,2024-10-12,C0177,D01,E06,5,5377.1
SO014382,2024-10-26,C0177,D01,E06,4,5352.25
SO014383,2024-11-07,C0177,D01,E06,3,3535.0
SO014384,2024-11-19,C0177,D01,E06,4,7559.7
SO014385,2024-12-03,C0177,D01,E06,3,3250.0
SO014386,2024-12-13,C0177,D01,E06,4,4740.0
SO014387,2024-12-26,C0177,D01,E06,7,10950.0
SO014388,2024-07-01,C0178,D01,E06,4,4905.0
SO014389,2024-07-12,C0178,D01,E06,6,7145.3
SO014390,2024-07-22,C0178,D01,E06,3,5126.4
SO014391,2024-08-02,C0178,D01,E06,6,9992.4
SO014392,2024-08-12,C0178,D01,E06,6,7560.0
SO014393,2024-08-19,C0178,D01,E06,7,7830.0
SO014394,2024-08-29,C0178,D01,E06,4,6139.4
SO014395,2024-09-05,C0178,D01,E06,7,9708.6
SO014396,2024-09-15,C0178,D01,E06,7,8430.0
SO014397,2024-09-25,C0178,D01,E06,7,9075.0
SO014398,2024-10-06,C0178,D01,E06,6,9609.9
SO014399,2024-10-13,C0178,D01,E06,5,6731.1
SO014400,2024-10-20,C0178,D01,E06,6,7078.95
SO014401,2024-10-30,C0178,D01,E06,3,3986.1
SO014402,2024-11-10,C0178,D01,E06,4,11842.0
SO014403,2024-11-17,C0178,D01,E06,7,15560.0
SO014404,2024-11-25,C0178,D01,E06,4,7373.45
SO014405,2024-12-05,C0178,D01,E06,5,10670.0
SO014406,2024-12-16,C0178,D01,E06,7,13018.8
SO014407,2024-12-27,C0178,D01,E06,6,9520.0
SO014408,2024-06-21,C0179,D02,E10,6,4867.4
SO014409,2024-07-02,C0179,D02,E10,5,4919.0
SO014410,2024-07-09,C0179,D02,E10,4,5845.6
SO014411,2024-07-18,C0179,D02,E10,7,11379.3
SO014412,2024-07-29,C0179,D02,E10,7,8037.8
SO014413,2024-08-05,C0179,D02,E10,3,4725.0
SO014414,2024-08-16,C0179,D02,E10,7,9089.9
SO014415,2024-08-27,C0179,D02,E10,3,6273.6
SO014416,2024-09-06,C0179,D02,E10,4,3922.6
SO014417,2024-09-17,C0179,D02,E10,4,5442.6
SO014418,2024-09-26,C0179,D02,E10,3,5302.95
SO014419,2024-10-06,C0179,D02,E10,3,5543.25
SO014420,2024-10-13,C0179,D02,E10,5,6760.05
SO014421,2024-10-22,C0179,D02,E10,6,9395.3
SO014422,2024-10-31,C0179,D02,E10,3,4370.0
SO014423,2024-11-10,C0179,D02,E10,4,9415.65
SO014424,2024-11-17,C0179,D02,E10,6,10600.0
SO014425,2024-11-24,C0179,D02,E10,4,6658.6
SO014426,2024-12-03,C0179,D02,E10,5,8252.8
SO014427,2024-12-11,C0179,D02,E10,3,9060.0
SO014428,2024-12-19,C0179,D02,E10,5,7386.2
SO014429,2024-12-30,C0179,D02,E10,7,12852.4
SO014430,2024-04-29,C0180,D02,E11,6,3604.3
SO014431,2024-05-09,C0180,D02,E11,3,1210.2
SO014432,2024-05-22,C0180,D02,E11,5,3562.5
SO014433,2024-06-01,C0180,D02,E11,7,5291.8
SO014434,2024-06-12,C0180,D02,E11,4,3490.0
SO014435,2024-06-25,C0180,D02,E11,4,2694.65
SO014436,2024-07-05,C0180,D02,E11,4,2735.0
SO014437,2024-07-16,C0180,D02,E11,6,5315.0
SO014438,2024-07-30,C0180,D02,E11,5,3660.0
SO014439,2024-08-10,C0180,D02,E11,6,3265.8
SO014440,2024-08-22,C0180,D02,E11,6,6618.75
SO014441,2024-09-05,C0180,D02,E11,7,5310.0
SO014442,2024-09-18,C0180,D02,E11,6,5043.6
SO014443,2024-09-28,C0180,D02,E11,4,4090.6
SO014444,2024-10-09,C0180,D02,E11,3,2425.8
SO014445,2024-10-22,C0180,D02,E11,4,3197.4
SO014446,2024-11-01,C0180,D02,E11,7,8191.65
SO014447,2024-11-12,C0180,D02,E11,5,5645.0
SO014448,2024-11-25,C0180,D02,E11,7,7440.0
SO014449,2024-12-07,C0180,D02,E11,5,7180.0
SO014450,2024-12-18,C0180,D02,E11,3,3715.0
SO014451,2024-12-29,C0180,D02,E11,3,4260.0
SO014452,2024-03-09,C0181,D02,E10,5,5350.0
SO014453,2024-03-17,C0181,D02,E10,3,3475.0
SO014454,2024-03-26,C0181,D02,E10,4,3645.0
SO014455,2024-04-04,C0181,D02,E10,4,4250.0
SO014456,2024-04-14,C0181,D02,E10,4,4108.8
SO014457,2024-04-22,C0181,D02,E10,3,3350.0
SO014458,2024-05-02,C0181,D02,E10,3,2894.5
SO014459,2024-05-09,C0181,D02,E10,7,7890.55
SO014460,2024-05-18,C0181,D02,E10,5,7750.0
SO014461,2024-05-29,C0181,D02,E10,3,2757.55
SO014462,2024-06-06,C0181,D02,E10,3,3640.0
SO014463,2024-06-15,C0181,D02,E10,5,5437.35
SO014464,2024-06-25,C0181,D02,E10,6,9849.8
SO014465,2024-07-03,C0181,D02,E10,4,7357.2
SO014466,2024-07-11,C0181,D02,E10,7,8960.0
SO014467,2024-07-19,C0181,D02,E10,4,5592.25
SO014468,2024-07-26,C0181,D02,E10,5,4010.0
SO014469,2024-08-05,C0181,D02,E10,3,3278.9
SO014470,2024-08-12,C0181,D02,E10,5,4190.0
SO014471,2024-08-19,C0181,D02,E10,3,4150.0
SO014472,2024-08-26,C0181,D02,E10,3,3480.0
SO014473,2024-09-04,C0181,D02,E10,4,5985.0
SO014474,2024-09-15,C0181,D02,E10,3,3690.0
SO014475,2024-09-23,C0181,D02,E10,4,6852.25
SO014476,2024-09-30,C0181,D02,E10,5,8005.0
SO014477,2024-10-08,C0181,D02,E10,7,11050.6
SO014478,2024-10-17,C0181,D02,E10,4,5651.7
SO014479,2024-10-26,C0181,D02,E10,4,5873.7
SO014480,2024-11-05,C0181,D02,E10,5,10433.0
SO014481,2024-11-13,C0181,D02,E10,5,9505.0
SO014482,2024-11-23,C0181,D02,E10,3,3310.0
SO014483,2024-12-01,C0181,D02,E10,5,9675.0
SO014484,2024-12-10,C0181,D02,E10,7,10130.0
SO014485,2024-12-18,C0181,D02,E10,4,5725.0
SO014486,2024-12-27,C0181,D02,E10,4,8620.0
SO014487,2024-03-20,C0182,D01,E08,6,1910.0
SO014488,2024-04-06,C0182,D01,E08,3,760.0
SO014489,2024-04-21,C0182,D01,E08,3,1038.3
SO014490,2024-05-05,C0182,D01,E08,3,1110.6
SO014491,2024-05-20,C0182,D01,E08,5,1847.2
SO014492,2024-06-04,C0182,D01,E08,4,1725.0
SO014493,2024-06-18,C0182,D01,E08,7,2825.0
SO014494,2024-07-01,C0182,D01,E08,7,3286.0
SO014495,2024-07-16,C0182,D01,E08,3,930.0
SO014496,2024-08-01,C0182,D01,E08,7,2625.0
SO014497,2024-08-15,C0182,D01,E08,6,3393.8
SO014498,2024-09-01,C0182,D01,E08,4,1412.2
SO014499,2024-09-17,C0182,D01,E08,5,2270.0
SO014500,2024-10-01,C0182,D01,E08,7,4265.1
SO014501,2024-10-16,C0182,D01,E08,7,3019.55
SO014502,2024-10-31,C0182,D01,E08,4,3334.6
SO014503,2024-11-16,C0182,D01,E08,6,4545.0
SO014504,2024-11-29,C0182,D01,E08,4,3410.0
SO014505,2024-12-13,C0182,D01,E08,6,5145.0
SO014506,2024-12-30,C0182,D01,E08,7,3781.7
SO014507,2024-03-26,C0183,D02,E10,3,920.0
SO014508,2024-04-10,C0183,D02,E10,6,1688.1
SO014509,2024-04-23,C0183,D02,E10,7,2652.95
SO014510,2024-05-07,C0183,D02,E10,3,775.5
SO014511,2024-05-20,C0183,D02,E10,7,2275.0
SO014512,2024-06-03,C0183,D02,E10,5,1702.85
SO014513,2024-06-17,C0183,D02,E10,7,3895.0
SO014514,2024-07-01,C0183,D02,E10,4,1870.35
SO014515,2024-07-14,C0183,D02,E10,3,1135.0
SO014516,2024-07-28,C0183,D02,E10,4,1440.6
SO014517,2024-08-11,C0183,D02,E10,7,2897.5
SO014518,2024-08-28,C0183,D02,E10,7,3717.6
SO014519,2024-09-14,C0183,D02,E10,4,1745.0
SO014520,2024-09-28,C0183,D02,E10,6,3032.9
SO014521,2024-10-12,C0183,D02,E10,7,4085.75
SO014522,2024-10-25,C0183,D02,E10,5,3942.95
SO014523,2024-11-07,C0183,D02,E10,5,3080.0
SO014524,2024-11-21,C0183,D02,E10,6,4372.4
SO014525,2024-12-05,C0183,D02,E10,5,5003.0
SO014526,2024-12-21,C0183,D02,E10,4,3119.6
SO014527,2024-01-17,C0184,D02,E09,5,3855.0
SO014528,2024-02-02,C0184,D02,E09,6,3954.85
SO014529,2024-02-18,C0184,D02,E09,6,5180.2
SO014530,2024-03-06,C0184,D02,E09,5,1315.0
SO014531,2024-03-19,C0184,D02,E09,6,1726.45
SO014532,2024-04-01,C0184,D02,E09,4,1250.0
SO014533,2024-04-15,C0184,D02,E09,6,1845.6
SO014534,2024-04-28,C0184,D02,E09,3,1142.35
SO014535,2024-05-15,C0184,D02,E09,4,1065.0
SO014536,2024-05-30,C0184,D02,E09,7,2641.45
SO014537,2024-06-12,C0184,D02,E09,3,1950.0
SO014538,2024-06-29,C0184,D02,E09,4,2240.0
SO014539,2024-07-12,C0184,D02,E09,3,1090.0
SO014540,2024-07-25,C0184,D02,E09,3,891.0
SO014541,2024-08-09,C0184,D02,E09,4,1935.0
SO014542,2024-08-22,C0184,D02,E09,6,2887.5
SO014543,2024-09-04,C0184,D02,E09,3,1246.2
SO014544,2024-09-20,C0184,D02,E09,3,1850.2
SO014545,2024-10-05,C0184,D02,E09,7,3170.55
SO014546,2024-10-18,C0184,D02,E09,3,1110.0
SO014547,2024-10-31,C0184,D02,E09,6,3908.8
SO014548,2024-11-13,C0184,D02,E09,7,3834.6
SO014549,2024-11-29,C0184,D02,E09,7,3865.05
SO014550,2024-12-15,C0184,D02,E09,3,1715.0
SO014551,2024-09-12,C0185,D01,E07,6,2956.25
SO014552,2024-09-27,C0185,D01,E07,6,1608.75
SO014553,2024-10-13,C0185,D01,E07,6,2628.75
SO014554,2024-10-26,C0185,D01,E07,6,3151.85
SO014555,2024-11-12,C0185,D01,E07,7,5645.0
SO014556,2024-11-25,C0185,D01,E07,6,4617.5
SO014557,2024-12-10,C0185,D01,E07,3,3420.0
SO014558,2024-12-27,C0185,D01,E07,3,1755.0
SO014559,2024-11-22,C0186,D01,E07,7,3652.8
SO014560,2024-12-06,C0186,D01,E07,4,3007.4
SO014561,2024-12-19,C0186,D01,E07,7,5588.6
SO014562,2024-01-24,C0187,D02,E10,6,4719.6
SO014563,2024-02-06,C0187,D02,E10,5,2880.0
SO014564,2024-02-22,C0187,D02,E10,6,4425.8
SO014565,2024-03-06,C0187,D02,E10,6,2870.0
SO014566,2024-03-19,C0187,D02,E10,6,2468.7
SO014567,2024-04-05,C0187,D02,E10,5,2011.3
SO014568,2024-04-19,C0187,D02,E10,7,2277.85
SO014569,2024-05-04,C0187,D02,E10,4,1410.0
SO014570,2024-05-19,C0187,D02,E10,6,1467.8
SO014571,2024-06-01,C0187,D02,E10,4,1455.0
SO014572,2024-06-18,C0187,D02,E10,4,2465.0
SO014573,2024-07-01,C0187,D02,E10,4,1863.8
SO014574,2024-07-16,C0187,D02,E10,4,1990.0
SO014575,2024-07-30,C0187,D02,E10,6,2835.0
SO014576,2024-08-15,C0187,D02,E10,6,2736.9
SO014577,2024-08-30,C0187,D02,E10,3,1265.0
SO014578,2024-09-14,C0187,D02,E10,6,3758.25
SO014579,2024-09-27,C0187,D02,E10,4,1970.0
SO014580,2024-10-12,C0187,D02,E10,6,2492.0
SO014581,2024-10-25,C0187,D02,E10,4,2271.05
SO014582,2024-11-08,C0187,D02,E10,5,3013.75
SO014583,2024-11-22,C0187,D02,E10,5,3410.0
SO014584,2024-12-09,C0187,D02,E10,6,5098.9
SO014585,2024-12-26,C0187,D02,E10,7,5780.0
SO014586,2024-01-22,C0188,D01,E07,5,8345.0
SO014587,2024-01-30,C0188,D01,E07,3,5203.3
SO014588,2024-02-10,C0188,D01,E07,5,13480.0
SO014589,2024-02-17,C0188,D01,E07,3,5050.0
SO014590,2024-02-24,C0188,D01,E07,5,7615.0
SO014591,2024-03-06,C0188,D01,E07,4,3668.8
SO014592,2024-03-15,C0188,D01,E07,4,3820.0
SO014593,2024-03-24,C0188,D01,E07,5,5320.0
SO014594,2024-04-04,C0188,D01,E07,3,4015.0
SO014595,2024-04-13,C0188,D01,E07,3,4340.0
SO014596,2024-04-20,C0188,D01,E07,7,8527.1
SO014597,2024-04-27,C0188,D01,E07,4,5550.0
SO014598,2024-05-07,C0188,D01,E07,5,5265.0
SO014599,2024-05-16,C0188,D01,E07,5,4274.5
SO014600,2024-05-26,C0188,D01,E07,4,3880.85
SO014601,2024-06-04,C0188,D01,E07,3,3322.4
SO014602,2024-06-11,C0188,D01,E07,4,4995.0
SO014603,2024-06-22,C0188,D01,E07,4,3420.0
SO014604,2024-07-01,C0188,D01,E07,5,5283.2
SO014605,2024-07-10,C0188,D01,E07,7,8624.5
SO014606,2024-07-19,C0188,D01,E07,3,4186.7
SO014607,2024-07-28,C0188,D01,E07,7,7689.45
SO014608,2024-08-04,C0188,D01,E07,3,3961.5
SO014609,2024-08-13,C0188,D01,E07,5,8290.0
SO014610,2024-08-20,C0188,D01,E07,6,8254.5
SO014611,2024-08-27,C0188,D01,E07,3,5252.55
SO014612,2024-09-07,C0188,D01,E07,3,6565.8
SO014613,2024-09-18,C0188,D01,E07,6,8470.0
SO014614,2024-09-27,C0188,D01,E07,4,5080.0
SO014615,2024-10-05,C0188,D01,E07,4,9414.5
SO014616,2024-10-15,C0188,D01,E07,5,7015.0
SO014617,2024-10-23,C0188,D01,E07,7,10970.35
SO014618,2024-11-02,C0188,D01,E07,3,3983.6
SO014619,2024-11-09,C0188,D01,E07,5,12970.2
SO014620,2024-11-17,C0188,D01,E07,6,9460.0
SO014621,2024-11-28,C0188,D01,E07,4,6727.3
SO014622,2024-12-07,C0188,D01,E07,4,8335.0
SO014623,2024-12-18,C0188,D01,E07,3,8901.6
SO014624,2024-12-25,C0188,D01,E07,3,3710.0
SO014625,2024-12-13,C0189,D02,E09,4,8087.1
SO014626,2024-12-23,C0189,D02,E09,4,3850.0
SO014627,2024-01-25,C0190,D02,E10,6,8792.95
SO014628,2024-02-05,C0190,D02,E10,5,6975.0
SO014629,2024-02-15,C0190,D02,E10,4,11064.7
SO014630,2024-02-24,C0190,D02,E10,4,6734.2
SO014631,2024-03-05,C0190,D02,E10,5,5160.0
SO014632,2024-03-16,C0190,D02,E10,6,5095.0
SO014633,2024-03-23,C0190,D02,E10,3,2667.6
SO014634,2024-04-03,C0190,D02,E10,7,6867.4
SO014635,2024-04-12,C0190,D02,E10,6,6090.0
SO014636,2024-04-21,C0190,D02,E10,3,3915.0
SO014637,2024-04-28,C0190,D02,E10,7,7472.6
SO014638,2024-05-08,C0190,D02,E10,5,3735.0
SO014639,2024-05-17,C0190,D02,E10,4,2087.0
SO014640,2024-05-28,C0190,D02,E10,7,7396.8
SO014641,2024-06-06,C0190,D02,E10,4,5470.0
SO014642,2024-06-16,C0190,D02,E10,6,8070.0
SO014643,2024-06-25,C0190,D02,E10,7,9970.0
SO014644,2024-07-06,C0190,D02,E10,7,7903.5
SO014645,2024-07-17,C0190,D02,E10,5,7570.0
SO014646,2024-07-26,C0190,D02,E10,4,4449.0
SO014647,2024-08-06,C0190,D02,E10,6,6980.0
SO014648,2024-08-16,C0190,D02,E10,5,5430.0
SO014649,2024-08-27,C0190,D02,E10,6,7489.8
SO014650,2024-09-06,C0190,D02,E10,5,4042.25
SO014651,2024-09-14,C0190,D02,E10,5,7845.8
SO014652,2024-09-21,C0190,D02,E10,3,3200.0
SO014653,2024-09-28,C0190,D02,E10,6,9190.0
SO014654,2024-10-07,C0190,D02,E10,3,7756.0
SO014655,2024-10-18,C0190,D02,E10,5,6605.7
SO014656,2024-10-25,C0190,D02,E10,3,4529.05
SO014657,2024-11-02,C0190,D02,E10,3,5635.0
SO014658,2024-11-12,C0190,D02,E10,7,18070.0
SO014659,2024-11-22,C0190,D02,E10,6,6996.5
SO014660,2024-12-02,C0190,D02,E10,7,9550.0
SO014661,2024-12-11,C0190,D02,E10,6,13735.0
SO014662,2024-12-22,C0190,D02,E10,4,6525.0
SO014663,2024-12-30,C0190,D02,E10,4,8047.6
SO014664,2024-05-23,C0191,D01,E07,6,4093.6
SO014665,2024-06-04,C0191,D01,E07,4,3340.0
SO014666,2024-06-17,C0191,D01,E07,3,2535.0
SO014667,2024-06-27,C0191,D01,E07,3,2967.6
SO014668,2024-07-07,C0191,D01,E07,5,5508.75
SO014669,2024-07-19,C0191,D01,E07,7,7325.0
SO014670,2024-08-01,C0191,D01,E07,7,6525.0
SO014671,2024-08-14,C0191,D01,E07,3,2765.0
SO014672,2024-08-25,C0191,D01,E07,7,7645.0
SO014673,2024-09-08,C0191,D01,E07,5,3725.0
SO014674,2024-09-20,C0191,D01,E07,4,4315.0
SO014675,2024-10-03,C0191,D01,E07,5,6156.0
SO014676,2024-10-16,C0191,D01,E07,3,4560.0
SO014677,2024-10-27,C0191,D01,E07,7,8260.95
SO014678,2024-11-10,C0191,D01,E07,3,3363.8
SO014679,2024-11-24,C0191,D01,E07,3,5130.0
SO014680,2024-12-08,C0191,D01,E07,4,6810.0
SO014681,2024-12-20,C0191,D01,E07,7,7212.4
